uf,mes,Admissões,Desligamentos,Estoque,Saldos,date,taxa_liquida,estoque_ref
Acre,Janeiro/2020,2583.0,2396.0,73579.0,187.0,2020-01-01,0.00254148602182688,73579.0
Acre,Fevereiro/2020,2751.0,1883.0,74447.0,868.0,2020-02-01,0.01165930124786761,74447.0
Acre,Março/2020,2433.0,2365.0,74515.0,68.0,2020-03-01,0.0009125679393410722,74515.0
Acre,Abril/2020,1646.0,1927.0,74234.0,-281.0,2020-04-01,-0.0037853274779750517,74234.0
Acre,Maio/2020,1572.0,1460.0,74346.0,112.0,2020-05-01,0.0015064697495494042,74346.0
Acre,Junho/2020,1693.0,1506.0,74533.0,187.0,2020-06-01,0.0025089557645606646,74533.0
Acre,Julho/2020,2020.0,1600.0,74953.0,420.0,2020-07-01,0.005603511533894574,74953.0
Acre,Agosto/2020,2614.0,1718.0,75849.0,896.0,2020-08-01,0.01181294413901304,75849.0
Acre,Setembro/2020,2308.0,1735.0,76422.0,573.0,2020-09-01,0.007497840935856167,76422.0
Acre,Outubro/2020,2645.0,1848.0,77219.0,797.0,2020-10-01,0.01032129398205105,77219.0
Acre,Novembro/2020,2412.0,1618.0,78013.0,794.0,2020-11-01,0.010177790881007011,78013.0
Acre,Dezembro/2020,1785.0,1837.0,77961.0,-52.0,2020-12-01,-0.0006670001667500417,77961.0
Acre,Janeiro/2021,2485.0,1990.0,78456.0,495.0,2021-01-01,0.0063092688895686755,78456.0
Acre,Fevereiro/2021,3101.0,2032.0,79525.0,1069.0,2021-02-01,0.013442313737818297,79525.0
Acre,Março/2021,2551.0,2278.0,79798.0,273.0,2021-03-01,0.0034211383743953483,79798.0
Acre,Abril/2021,2720.0,2149.0,80369.0,571.0,2021-04-01,0.007104729435478854,80369.0
Acre,Maio/2021,3847.0,2233.0,81983.0,1614.0,2021-05-01,0.01968700828220485,81983.0
Acre,Junho/2021,3196.0,2169.0,83010.0,1027.0,2021-06-01,0.01237200337308758,83010.0
Acre,Julho/2021,3485.0,2613.0,83882.0,872.0,2021-07-01,0.010395555661524522,83882.0
Acre,Agosto/2021,3417.0,3030.0,84269.0,387.0,2021-08-01,0.0045924361271642,84269.0
Acre,Setembro/2021,4311.0,3194.0,85386.0,1117.0,2021-09-01,0.013081769845173681,85386.0
Acre,Outubro/2021,3834.0,2789.0,86431.0,1045.0,2021-10-01,0.012090569355902397,86431.0
Acre,Novembro/2021,3577.0,2612.0,87396.0,965.0,2021-11-01,0.011041695272094833,87396.0
Acre,Dezembro/2021,2633.0,2880.0,87149.0,-247.0,2021-12-01,-0.0028342264397755567,87149.0
Acre,Janeiro/2022,3356.0,3128.0,87377.0,228.0,2022-01-01,0.002609382331734896,87377.0
Acre,Fevereiro/2022,4025.0,3312.0,88090.0,713.0,2022-02-01,0.008093994778067885,88090.0
Acre,Março/2022,4161.0,3395.0,88856.0,766.0,2022-03-01,0.008620689655172414,88856.0
Acre,Abril/2022,3986.0,3186.0,89656.0,800.0,2022-04-01,0.00892299455697332,89656.0
Acre,Maio/2022,4830.0,3923.0,90563.0,907.0,2022-05-01,0.01001512759073794,90563.0
Acre,Junho/2022,4780.0,3596.0,91747.0,1184.0,2022-06-01,0.012905054116210884,91747.0
Acre,Julho/2022,4896.0,3870.0,92773.0,1026.0,2022-07-01,0.01105925215310489,92773.0
Acre,Agosto/2022,4477.0,3612.0,93638.0,865.0,2022-08-01,0.00923770264208975,93638.0
Acre,Setembro/2022,3799.0,3038.0,94399.0,761.0,2022-09-01,0.008061526075488087,94399.0
Acre,Outubro/2022,3850.0,3175.0,95074.0,675.0,2022-10-01,0.007099732839682773,95074.0
Acre,Novembro/2022,3540.0,3079.0,95535.0,461.0,2022-11-01,0.004825456638928142,95535.0
Acre,Dezembro/2022,2366.0,3167.0,94734.0,-801.0,2022-12-01,-0.008455253657609728,94734.0
Acre,Janeiro/2023,3641.0,4289.0,94086.0,-648.0,2023-01-01,-0.006887315859957911,94086.0
Acre,Fevereiro/2023,4176.0,3364.0,94898.0,812.0,2023-02-01,0.008556555459546039,94898.0
Acre,Março/2023,4738.0,4172.0,95464.0,566.0,2023-03-01,0.005928936562473812,95464.0
Acre,Abril/2023,3659.0,3503.0,95620.0,156.0,2023-04-01,0.0016314578540054382,95620.0
Acre,Maio/2023,4508.0,3946.0,96182.0,562.0,2023-05-01,0.005843089143498783,96182.0
Acre,Junho/2023,4401.0,3383.0,97200.0,1018.0,2023-06-01,0.010473251028806585,97200.0
Acre,Julho/2023,4213.0,3472.0,97941.0,741.0,2023-07-01,0.007565779397800717,97941.0
Acre,Agosto/2023,4406.0,3958.0,98389.0,448.0,2023-08-01,0.004553354541666243,98389.0
Acre,Setembro/2023,3804.0,3444.0,98749.0,360.0,2023-09-01,0.0036456065377877245,98749.0
Acre,Outubro/2023,3915.0,3788.0,98876.0,127.0,2023-10-01,0.0012844370726971155,98876.0
Acre,Novembro/2023,3790.0,3547.0,99119.0,243.0,2023-11-01,0.0024515985835208186,99119.0
Acre,Dezembro/2023,3461.0,3825.0,98755.0,-364.0,2023-12-01,-0.0036858893220596428,98755.0
Acre,Janeiro/2024,3939.0,3972.0,98722.0,-33.0,2024-01-01,-0.0003342719961102895,98722.0
Acre,Fevereiro/2024,4798.0,3945.0,99575.0,853.0,2024-02-01,0.008566407230730605,99575.0
Acre,Março/2024,5003.0,3820.0,100758.0,1183.0,2024-03-01,0.011741003195776019,100758.0
Acre,Abril/2024,5094.0,3827.0,102025.0,1267.0,2024-04-01,0.01241852487135506,102025.0
Acre,Maio/2024,4710.0,3786.0,102949.0,924.0,2024-05-01,0.008975317875841436,102949.0
Acre,Junho/2024,4413.0,3499.0,103863.0,914.0,2024-06-01,0.00880005391717936,103863.0
Acre,Julho/2024,4750.0,4206.0,104407.0,544.0,2024-07-01,0.005210378614460717,104407.0
Acre,Agosto/2024,4492.0,4140.0,104759.0,352.0,2024-08-01,0.003360093166219609,104759.0
Acre,Setembro/2024,4642.0,3687.0,105714.0,955.0,2024-09-01,0.00903380819948162,105714.0
Acre,Outubro/2024,4656.0,4509.0,105861.0,147.0,2024-10-01,0.0013886133703630231,105861.0
Acre,Novembro/2024,3905.0,4277.0,105489.0,-372.0,2024-11-01,-0.003526434035776242,105489.0
Acre,Dezembro/2024,3016.0,3751.0,104754.0,-735.0,2024-12-01,-0.007016438513087806,104754.0
Acre,Janeiro/2025,3905.0,4550.0,104109.0,-645.0,2025-01-01,-0.0061954297899317065,104109.0
Acre,Fevereiro/2025,5205.0,4776.0,104538.0,429.0,2025-02-01,0.004103770877575619,104538.0
Acre,Março/2025,4810.0,4456.0,104892.0,354.0,2025-03-01,0.0033748998970369523,104892.0
Acre,Abril/2025,4660.0,3900.0,105652.0,760.0,2025-04-01,0.007193427478892969,105652.0
Acre,Maio/2025,5783.0,4398.0,107037.0,1385.0,2025-05-01,0.012939450844100638,107037.0
Acre,Junho/2025,4821.0,4216.0,107642.0,605.0,2025-06-01,0.005620482711209379,107642.0
Acre,Julho/2025,4486.0,4374.0,107754.0,112.0,2025-07-01,0.0010394045696679474,107754.0
Acre,Agosto/2025,4963.0,4124.0,108593.0,839.0,2025-08-01,0.007726096525558738,108593.0
Acre,Setembro/2025,4568.0,3723.0,109438.0,845.0,2025-09-01,0.00772126683601674,109438.0
Acre,Outubro/2025,4200.0,4372.0,109266.0,-172.0,2025-10-01,-0.0015741401716911024,109266.0
Acre,Novembro/2025,4555.0,4629.0,109192.0,-74.0,2025-11-01,-0.0006777053263975382,109192.0
Acre,Dezembro/2025,3294.0,3755.0,,-461.0,2025-12-01,-0.0042219210198549345,109192.0
Acre,Janeiro/2026,3810.0,4702.0,107839.0,-892.0,2026-01-01,-0.008271590055545766,107839.0
Acre,Fevereiro/2026,5170.0,4894.0,108115.0,276.0,2026-02-01,0.0025528372566248902,108115.0
Acre,Março/2026,5725.0,4659.0,109181.0,1066.0,2026-03-01,0.009763603557395518,109181.0
Acre,Abril/2026,5212.0,4210.0,110183.0,1002.0,2026-04-01,0.00909396186344536,110183.0
Acre,Maio/2026,4780.0,3932.0,111031.0,848.0,2026-05-01,0.0076375066422890905,111031.0
Acre,Junho/2026,5298.0,4318.0,112011.0,980.0,2026-06-01,0.008749140709394613,112011.0
Alagoas,Janeiro/2020,8053.0,12299.0,345986.0,-4246.0,2020-01-01,-0.012272172862485765,345986.0
Alagoas,Fevereiro/2020,8418.0,16771.0,337633.0,-8353.0,2020-02-01,-0.024739880284213926,337633.0
Alagoas,Março/2020,7396.0,13041.0,331988.0,-5645.0,2020-03-01,-0.017003626637107364,331988.0
Alagoas,Abril/2020,2807.0,10529.0,324266.0,-7722.0,2020-04-01,-0.023813782511888388,324266.0
Alagoas,Maio/2020,5079.0,7573.0,321772.0,-2494.0,2020-05-01,-0.007750829780092737,321772.0
Alagoas,Junho/2020,5700.0,4879.0,322593.0,821.0,2020-06-01,0.002545002526403239,322593.0
Alagoas,Julho/2020,7377.0,5718.0,324252.0,1659.0,2020-07-01,0.005116390955183006,324252.0
Alagoas,Agosto/2020,9806.0,5956.0,328102.0,3850.0,2020-08-01,0.01173415584178091,328102.0
Alagoas,Setembro/2020,22879.0,6228.0,344753.0,16651.0,2020-09-01,0.048298346932441484,344753.0
Alagoas,Outubro/2020,10958.0,6242.0,349469.0,4716.0,2020-10-01,0.01349475919180242,349469.0
Alagoas,Novembro/2020,9578.0,5847.0,353200.0,3731.0,2020-11-01,0.010563420158550397,353200.0
Alagoas,Dezembro/2020,8317.0,6785.0,354732.0,1532.0,2020-12-01,0.004318753312359753,354732.0
Alagoas,Janeiro/2021,9443.0,9613.0,354562.0,-170.0,2021-01-01,-0.0004794648044629712,354562.0
Alagoas,Fevereiro/2021,9104.0,9629.0,354037.0,-525.0,2021-02-01,-0.0014828958555179262,354037.0
Alagoas,Março/2021,9993.0,18386.0,345644.0,-8393.0,2021-03-01,-0.024282209440927658,345644.0
Alagoas,Abril/2021,8656.0,11909.0,342391.0,-3253.0,2021-04-01,-0.009500833842011034,342391.0
Alagoas,Maio/2021,10307.0,7074.0,345624.0,3233.0,2021-05-01,0.009354095780385622,345624.0
Alagoas,Junho/2021,11828.0,6841.0,350611.0,4987.0,2021-06-01,0.014223740840989017,350611.0
Alagoas,Julho/2021,12073.0,7979.0,354705.0,4094.0,2021-07-01,0.01154198559366234,354705.0
Alagoas,Agosto/2021,14350.0,8863.0,360192.0,5487.0,2021-08-01,0.0152335421108742,360192.0
Alagoas,Setembro/2021,25628.0,8650.0,377170.0,16978.0,2021-09-01,0.04501418458520031,377170.0
Alagoas,Outubro/2021,12520.0,8964.0,380726.0,3556.0,2021-10-01,0.009340050324905575,380726.0
Alagoas,Novembro/2021,12200.0,8473.0,384453.0,3727.0,2021-11-01,0.009694292930475247,384453.0
Alagoas,Dezembro/2021,10231.0,9609.0,385075.0,622.0,2021-12-01,0.0016152697526455886,385075.0
Alagoas,Janeiro/2022,11448.0,11731.0,384792.0,-283.0,2022-01-01,-0.000735462275722988,384792.0
Alagoas,Fevereiro/2022,12526.0,13059.0,384259.0,-533.0,2022-02-01,-0.0013870852732141602,384259.0
Alagoas,Março/2022,11801.0,21880.0,374180.0,-10079.0,2022-03-01,-0.0269362338981239,374180.0
Alagoas,Abril/2022,13071.0,13305.0,373946.0,-234.0,2022-04-01,-0.0006257587993988437,373946.0
Alagoas,Maio/2022,15011.0,11583.0,377374.0,3428.0,2022-05-01,0.009083826654724491,377374.0
Alagoas,Junho/2022,13429.0,9925.0,380878.0,3504.0,2022-06-01,0.009199796260219807,380878.0
Alagoas,Julho/2022,12602.0,10684.0,382796.0,1918.0,2022-07-01,0.005010501677133512,382796.0
Alagoas,Agosto/2022,16114.0,11756.0,387154.0,4358.0,2022-08-01,0.011256502580368536,387154.0
Alagoas,Setembro/2022,26693.0,11054.0,402793.0,15639.0,2022-09-01,0.03882639469901413,402793.0
Alagoas,Outubro/2022,15410.0,11046.0,407157.0,4364.0,2022-10-01,0.01071822417396729,407157.0
Alagoas,Novembro/2022,13452.0,10788.0,409821.0,2664.0,2022-11-01,0.006500398954665573,409821.0
Alagoas,Dezembro/2022,9906.0,13816.0,405911.0,-3910.0,2022-12-01,-0.009632653463443957,405911.0
Alagoas,Janeiro/2023,13282.0,13415.0,405778.0,-133.0,2023-01-01,-0.0003277654283869505,405778.0
Alagoas,Fevereiro/2023,11656.0,11487.0,405947.0,169.0,2023-02-01,0.0004163105035879068,405947.0
Alagoas,Março/2023,14951.0,14824.0,406074.0,127.0,2023-03-01,0.00031275087791880296,406074.0
Alagoas,Abril/2023,12148.0,16211.0,402011.0,-4063.0,2023-04-01,-0.010106688622948128,402011.0
Alagoas,Maio/2023,13246.0,21434.0,393823.0,-8188.0,2023-05-01,-0.020791066037280707,393823.0
Alagoas,Junho/2023,13549.0,12084.0,395288.0,1465.0,2023-06-01,0.0037061585476918096,395288.0
Alagoas,Julho/2023,13605.0,11436.0,397457.0,2169.0,2023-07-01,0.00545719411156427,397457.0
Alagoas,Agosto/2023,16761.0,13378.0,400840.0,3383.0,2023-08-01,0.008439776469414231,400840.0
Alagoas,Setembro/2023,27443.0,11283.0,417000.0,16160.0,2023-09-01,0.038752997601918464,417000.0
Alagoas,Outubro/2023,15583.0,11420.0,421163.0,4163.0,2023-10-01,0.009884534016520919,421163.0
Alagoas,Novembro/2023,14582.0,11748.0,423997.0,2834.0,2023-11-01,0.006684009556671392,423997.0
Alagoas,Dezembro/2023,11015.0,10914.0,424098.0,101.0,2023-12-01,0.00023815250248763258,424098.0
Alagoas,Janeiro/2024,14097.0,13324.0,424871.0,773.0,2024-01-01,0.0018193757634670288,424871.0
Alagoas,Fevereiro/2024,13135.0,16021.0,421985.0,-2886.0,2024-02-01,-0.006839105655414292,421985.0
Alagoas,Março/2024,14865.0,24454.0,412396.0,-9589.0,2024-03-01,-0.023251922909048584,412396.0
Alagoas,Abril/2024,15678.0,17285.0,410789.0,-1607.0,2024-04-01,-0.003911984011256387,410789.0
Alagoas,Maio/2024,15370.0,13146.0,413013.0,2224.0,2024-05-01,0.005384818395546872,413013.0
Alagoas,Junho/2024,14601.0,11915.0,415699.0,2686.0,2024-06-01,0.006461405969222923,415699.0
Alagoas,Julho/2024,16625.0,13679.0,418645.0,2946.0,2024-07-01,0.007036988379175674,418645.0
Alagoas,Agosto/2024,20445.0,15274.0,423816.0,5171.0,2024-08-01,0.0122010495120524,423816.0
Alagoas,Setembro/2024,28968.0,13548.0,439236.0,15420.0,2024-09-01,0.03510641204272874,439236.0
Alagoas,Outubro/2024,17844.0,14399.0,442681.0,3445.0,2024-10-01,0.007782127536533079,442681.0
Alagoas,Novembro/2024,15216.0,13443.0,444454.0,1773.0,2024-11-01,0.003989164232968991,444454.0
Alagoas,Dezembro/2024,11369.0,14938.0,440885.0,-3569.0,2024-12-01,-0.008095081483833652,440885.0
Alagoas,Janeiro/2025,15760.0,16700.0,439945.0,-940.0,2025-01-01,-0.0021366307152030366,439945.0
Alagoas,Fevereiro/2025,16349.0,21820.0,434474.0,-5471.0,2025-02-01,-0.012592237970511469,434474.0
Alagoas,Março/2025,14042.0,22534.0,425982.0,-8492.0,2025-03-01,-0.019935114629256637,425982.0
Alagoas,Abril/2025,16246.0,15832.0,426396.0,414.0,2025-04-01,0.0009709284327245096,426396.0
Alagoas,Maio/2025,15820.0,15496.0,426720.0,324.0,2025-05-01,0.0007592800899887515,426720.0
Alagoas,Junho/2025,14882.0,12637.0,428965.0,2245.0,2025-06-01,0.005233527210844708,428965.0
Alagoas,Julho/2025,17395.0,14283.0,432077.0,3112.0,2025-07-01,0.0072024199390386436,432077.0
Alagoas,Agosto/2025,18488.0,15685.0,434880.0,2803.0,2025-08-01,0.006445456217807211,434880.0
Alagoas,Setembro/2025,27742.0,13859.0,448763.0,13883.0,2025-09-01,0.030936151153281355,448763.0
Alagoas,Outubro/2025,19504.0,14847.0,453420.0,4657.0,2025-10-01,0.010270830576507432,453420.0
Alagoas,Novembro/2025,16004.0,12958.0,456466.0,3046.0,2025-11-01,0.006673005218351421,456466.0
Alagoas,Dezembro/2025,11401.0,14350.0,,-2949.0,2025-12-01,-0.006460503082376344,456466.0
Alagoas,Janeiro/2026,14376.0,17298.0,450595.0,-2922.0,2026-01-01,-0.0064847590408238,450595.0
Alagoas,Fevereiro/2026,15531.0,18554.0,447572.0,-3023.0,2026-02-01,-0.006754220549989722,447572.0
Alagoas,Março/2026,17949.0,23192.0,442329.0,-5243.0,2026-03-01,-0.011853168116944627,442329.0
Alagoas,Abril/2026,16496.0,18001.0,440824.0,-1505.0,2026-04-01,-0.0034140609404206667,440824.0
Alagoas,Maio/2026,15254.0,15329.0,440749.0,-75.0,2026-05-01,-0.00017016487842286653,440749.0
Alagoas,Junho/2026,16539.0,13766.0,443522.0,2773.0,2026-06-01,0.0062522264960926405,443522.0
Amapá,Janeiro/2020,1781.0,1860.0,76473.0,-79.0,2020-01-01,-0.0010330443424476613,76473.0
Amapá,Fevereiro/2020,1932.0,1633.0,76772.0,299.0,2020-02-01,0.0038946490908143595,76772.0
Amapá,Março/2020,1430.0,1670.0,76532.0,-240.0,2020-03-01,-0.0031359431348978203,76532.0
Amapá,Abril/2020,551.0,1415.0,75668.0,-864.0,2020-04-01,-0.011418300999101337,75668.0
Amapá,Maio/2020,829.0,1092.0,75405.0,-263.0,2020-05-01,-0.00348783237185863,75405.0
Amapá,Junho/2020,1045.0,1056.0,75394.0,-11.0,2020-06-01,-0.00014590020426028595,75394.0
Amapá,Julho/2020,1590.0,1664.0,75320.0,-74.0,2020-07-01,-0.0009824747742963357,75320.0
Amapá,Agosto/2020,1821.0,1398.0,75743.0,423.0,2020-08-01,0.00558467449137214,75743.0
Amapá,Setembro/2020,1797.0,1324.0,76216.0,473.0,2020-09-01,0.00620604597459851,76216.0
Amapá,Outubro/2020,2096.0,1290.0,77022.0,806.0,2020-10-01,0.01046454259821869,77022.0
Amapá,Novembro/2020,1334.0,1089.0,77267.0,245.0,2020-11-01,0.003170823249252592,77267.0
Amapá,Dezembro/2020,1871.0,1591.0,77547.0,280.0,2020-12-01,0.0036107135027789597,77547.0
Amapá,Janeiro/2021,1803.0,1771.0,77579.0,32.0,2021-01-01,0.0004124827595096611,77579.0
Amapá,Fevereiro/2021,2005.0,1709.0,77875.0,296.0,2021-02-01,0.0038009630818619583,77875.0
Amapá,Março/2021,1992.0,1737.0,78130.0,255.0,2021-03-01,0.0032637911173684885,78130.0
Amapá,Abril/2021,1422.0,1486.0,78066.0,-64.0,2021-04-01,-0.0008198191274050163,78066.0
Amapá,Maio/2021,2125.0,1652.0,78539.0,473.0,2021-05-01,0.0060224856440749186,78539.0
Amapá,Junho/2021,2111.0,1730.0,78920.0,381.0,2021-06-01,0.004827673593512417,78920.0
Amapá,Julho/2021,2579.0,1736.0,79763.0,843.0,2021-07-01,0.010568810099921016,79763.0
Amapá,Agosto/2021,2695.0,1825.0,80633.0,870.0,2021-08-01,0.010789627075763026,80633.0
Amapá,Setembro/2021,2608.0,2318.0,80923.0,290.0,2021-09-01,0.0035836535966288943,80923.0
Amapá,Outubro/2021,2514.0,2613.0,80824.0,-99.0,2021-10-01,-0.0012248836979115115,80824.0
Amapá,Novembro/2021,3013.0,2041.0,81796.0,972.0,2021-11-01,0.011883221673431464,81796.0
Amapá,Dezembro/2021,2209.0,2534.0,81471.0,-325.0,2021-12-01,-0.003989149513323759,81471.0
Amapá,Janeiro/2022,2868.0,2404.0,81935.0,464.0,2022-01-01,0.005663025569048636,81935.0
Amapá,Fevereiro/2022,2764.0,2609.0,82090.0,155.0,2022-02-01,0.0018881715190644415,82090.0
Amapá,Março/2022,3844.0,2619.0,83315.0,1225.0,2022-03-01,0.01470323471163656,83315.0
Amapá,Abril/2022,3110.0,2355.0,84070.0,755.0,2022-04-01,0.008980611395265849,84070.0
Amapá,Maio/2022,3308.0,2978.0,84400.0,330.0,2022-05-01,0.003909952606635071,84400.0
Amapá,Junho/2022,3807.0,2941.0,85266.0,866.0,2022-06-01,0.010156451575070955,85266.0
Amapá,Julho/2022,3546.0,2783.0,86029.0,763.0,2022-07-01,0.008869102279463902,86029.0
Amapá,Agosto/2022,3926.0,2922.0,87033.0,1004.0,2022-08-01,0.011535854216216838,87033.0
Amapá,Setembro/2022,3578.0,2840.0,87771.0,738.0,2022-09-01,0.008408244180879789,87771.0
Amapá,Outubro/2022,3248.0,3747.0,87272.0,-499.0,2022-10-01,-0.005717755981299844,87272.0
Amapá,Novembro/2022,3134.0,3265.0,87141.0,-131.0,2022-11-01,-0.0015033107262941668,87141.0
Amapá,Dezembro/2022,2437.0,3416.0,86162.0,-979.0,2022-12-01,-0.01136231749495137,86162.0
Amapá,Janeiro/2023,3305.0,3239.0,86228.0,66.0,2023-01-01,0.0007654126269889131,86228.0
Amapá,Fevereiro/2023,2984.0,2835.0,86377.0,149.0,2023-02-01,0.0017249962374243143,86377.0
Amapá,Março/2023,3207.0,3248.0,86336.0,-41.0,2023-03-01,-0.0004748888065233506,86336.0
Amapá,Abril/2023,2820.0,2426.0,86730.0,394.0,2023-04-01,0.004542834082785657,86730.0
Amapá,Maio/2023,3056.0,2998.0,86788.0,58.0,2023-05-01,0.000668295156012352,86788.0
Amapá,Junho/2023,3270.0,2769.0,87289.0,501.0,2023-06-01,0.005739554812175646,87289.0
Amapá,Julho/2023,3809.0,2818.0,88280.0,991.0,2023-07-01,0.011225645672859086,88280.0
Amapá,Agosto/2023,4016.0,3027.0,89269.0,989.0,2023-08-01,0.011078873965206286,89269.0
Amapá,Setembro/2023,3852.0,2825.0,90296.0,1027.0,2023-09-01,0.011373704261539825,90296.0
Amapá,Outubro/2023,3713.0,3260.0,90749.0,453.0,2023-10-01,0.004991790543146481,90749.0
Amapá,Novembro/2023,3362.0,2948.0,91163.0,414.0,2023-11-01,0.004541316104121189,91163.0
Amapá,Dezembro/2023,2795.0,3582.0,90376.0,-787.0,2023-12-01,-0.008708064087810923,90376.0
Amapá,Janeiro/2024,4222.0,3019.0,91579.0,1203.0,2024-01-01,0.01313619934701187,91579.0
Amapá,Fevereiro/2024,3811.0,3659.0,91731.0,152.0,2024-02-01,0.001657018892195659,91731.0
Amapá,Março/2024,3516.0,3239.0,92008.0,277.0,2024-03-01,0.00301060777323711,92008.0
Amapá,Abril/2024,3778.0,2876.0,92910.0,902.0,2024-04-01,0.009708319879453234,92910.0
Amapá,Maio/2024,3595.0,3279.0,93226.0,316.0,2024-05-01,0.0033896123399051767,93226.0
Amapá,Junho/2024,5081.0,3107.0,95200.0,1974.0,2024-06-01,0.02073529411764706,95200.0
Amapá,Julho/2024,4153.0,3681.0,95672.0,472.0,2024-07-01,0.004933522869805168,95672.0
Amapá,Agosto/2024,4622.0,3272.0,97022.0,1350.0,2024-08-01,0.013914369936715383,97022.0
Amapá,Setembro/2024,4206.0,3250.0,97978.0,956.0,2024-09-01,0.009757292453407907,97978.0
Amapá,Outubro/2024,4086.0,3689.0,98375.0,397.0,2024-10-01,0.004035578144853875,98375.0
Amapá,Novembro/2024,3307.0,3083.0,98599.0,224.0,2024-11-01,0.00227182831468879,98599.0
Amapá,Dezembro/2024,2688.0,3775.0,97512.0,-1087.0,2024-12-01,-0.011147345967675774,97512.0
Amapá,Janeiro/2025,4299.0,3733.0,98078.0,566.0,2025-01-01,0.005770917025224821,98078.0
Amapá,Fevereiro/2025,4537.0,3850.0,98765.0,687.0,2025-02-01,0.006955905432086265,98765.0
Amapá,Março/2025,4046.0,3657.0,99154.0,389.0,2025-03-01,0.003923190188998931,99154.0
Amapá,Abril/2025,3881.0,3106.0,99929.0,775.0,2025-04-01,0.007755506409550781,99929.0
Amapá,Maio/2025,4125.0,3946.0,100108.0,179.0,2025-05-01,0.0017880688856035483,100108.0
Amapá,Junho/2025,4589.0,3316.0,101381.0,1273.0,2025-06-01,0.012556593444531026,101381.0
Amapá,Julho/2025,4465.0,3673.0,102173.0,792.0,2025-07-01,0.007751558630949468,102173.0
Amapá,Agosto/2025,4539.0,3749.0,102963.0,790.0,2025-08-01,0.007672659110554277,102963.0
Amapá,Setembro/2025,4444.0,3709.0,103698.0,735.0,2025-09-01,0.007087889833940867,103698.0
Amapá,Outubro/2025,4579.0,3835.0,104442.0,744.0,2025-10-01,0.0071235709771930835,104442.0
Amapá,Novembro/2025,3910.0,3534.0,104818.0,376.0,2025-11-01,0.003587170142532771,104818.0
Amapá,Dezembro/2025,3199.0,4336.0,,-1137.0,2025-12-01,-0.01084737354271213,104818.0
Amapá,Janeiro/2026,4502.0,4043.0,104140.0,459.0,2026-01-01,0.004407528327251777,104140.0
Amapá,Fevereiro/2026,4044.0,3806.0,104378.0,238.0,2026-02-01,0.0022801739830232426,104378.0
Amapá,Março/2026,5067.0,4249.0,105196.0,818.0,2026-03-01,0.007775961063158295,105196.0
Amapá,Abril/2026,4621.0,3723.0,106094.0,898.0,2026-04-01,0.008464192131506024,106094.0
Amapá,Maio/2026,4870.0,4303.0,106661.0,567.0,2026-05-01,0.005315907407581028,106661.0
Amapá,Junho/2026,5312.0,4201.0,107772.0,1111.0,2026-06-01,0.010308800059384627,107772.0
Amazonas,Janeiro/2020,13223.0,12322.0,405325.0,901.0,2020-01-01,0.002222907543329427,405325.0
Amazonas,Fevereiro/2020,12652.0,10765.0,407212.0,1887.0,2020-02-01,0.004633949883598715,407212.0
Amazonas,Março/2020,11294.0,13868.0,404638.0,-2574.0,2020-03-01,-0.006361241405898606,404638.0
Amazonas,Abril/2020,5850.0,14939.0,395549.0,-9089.0,2020-04-01,-0.022978189807078265,395549.0
Amazonas,Maio/2020,5663.0,10584.0,390628.0,-4921.0,2020-05-01,-0.012597663249946241,390628.0
Amazonas,Junho/2020,7947.0,8349.0,390226.0,-402.0,2020-06-01,-0.0010301722591523886,390226.0
Amazonas,Julho/2020,12863.0,9460.0,393629.0,3403.0,2020-07-01,0.008645196365105213,393629.0
Amazonas,Agosto/2020,15973.0,8787.0,400815.0,7186.0,2020-08-01,0.017928470740865485,400815.0
Amazonas,Setembro/2020,15919.0,10066.0,406668.0,5853.0,2020-09-01,0.014392575762046682,406668.0
Amazonas,Outubro/2020,16336.0,10594.0,412410.0,5742.0,2020-10-01,0.013923037753691714,412410.0
Amazonas,Novembro/2020,15686.0,10240.0,417856.0,5446.0,2020-11-01,0.013033198039516006,417856.0
Amazonas,Dezembro/2020,11565.0,13081.0,416340.0,-1516.0,2020-12-01,-0.003641254743719076,416340.0
Amazonas,Janeiro/2021,13712.0,11819.0,418233.0,1893.0,2021-01-01,0.004526185164728752,418233.0
Amazonas,Fevereiro/2021,10526.0,11262.0,417497.0,-736.0,2021-02-01,-0.0017628869189479205,417497.0
Amazonas,Março/2021,14895.0,13128.0,419264.0,1767.0,2021-03-01,0.004214528316287589,419264.0
Amazonas,Abril/2021,14523.0,12481.0,421306.0,2042.0,2021-04-01,0.004846833417990724,421306.0
Amazonas,Maio/2021,15673.0,11798.0,425181.0,3875.0,2021-05-01,0.009113765666857173,425181.0
Amazonas,Junho/2021,17683.0,12238.0,430626.0,5445.0,2021-06-01,0.01264438282871912,430626.0
Amazonas,Julho/2021,20979.0,13482.0,438123.0,7497.0,2021-07-01,0.017111633034558787,438123.0
Amazonas,Agosto/2021,20045.0,14145.0,444023.0,5900.0,2021-08-01,0.013287599966668394,444023.0
Amazonas,Setembro/2021,18401.0,14101.0,448323.0,4300.0,2021-09-01,0.009591299130314528,448323.0
Amazonas,Outubro/2021,17305.0,15206.0,450422.0,2099.0,2021-10-01,0.0046600743302947015,450422.0
Amazonas,Novembro/2021,17848.0,13061.0,455209.0,4787.0,2021-11-01,0.010516048672148398,455209.0
Amazonas,Dezembro/2021,13456.0,16611.0,452054.0,-3155.0,2021-12-01,-0.006979254690811274,452054.0
Amazonas,Janeiro/2022,17884.0,17259.0,452679.0,625.0,2022-01-01,0.0013806693042973056,452679.0
Amazonas,Fevereiro/2022,18819.0,15600.0,455898.0,3219.0,2022-02-01,0.00706078991353329,455898.0
Amazonas,Março/2022,18079.0,16406.0,457571.0,1673.0,2022-03-01,0.003656263181014531,457571.0
Amazonas,Abril/2022,19220.0,15520.0,461271.0,3700.0,2022-04-01,0.008021315018720014,461271.0
Amazonas,Maio/2022,19830.0,15655.0,465446.0,4175.0,2022-05-01,0.00896989124409706,465446.0
Amazonas,Junho/2022,21042.0,15805.0,470683.0,5237.0,2022-06-01,0.01112638442433655,470683.0
Amazonas,Julho/2022,21793.0,18171.0,474305.0,3622.0,2022-07-01,0.007636436470203772,474305.0
Amazonas,Agosto/2022,22537.0,18410.0,478432.0,4127.0,2022-08-01,0.008626095244465254,478432.0
Amazonas,Setembro/2022,21286.0,16075.0,483643.0,5211.0,2022-09-01,0.010774476214894043,483643.0
Amazonas,Outubro/2022,19796.0,16314.0,487125.0,3482.0,2022-10-01,0.007148062612265846,487125.0
Amazonas,Novembro/2022,18926.0,16812.0,489239.0,2114.0,2022-11-01,0.0043209964863798675,489239.0
Amazonas,Dezembro/2022,13300.0,18703.0,483836.0,-5403.0,2022-12-01,-0.011167007002372704,483836.0
Amazonas,Janeiro/2023,19391.0,18955.0,484272.0,436.0,2023-01-01,0.0009003204810519707,484272.0
Amazonas,Fevereiro/2023,18240.0,16674.0,485838.0,1566.0,2023-02-01,0.003223296654440369,485838.0
Amazonas,Março/2023,19634.0,18087.0,487385.0,1547.0,2023-03-01,0.003174082091159966,487385.0
Amazonas,Abril/2023,18497.0,16533.0,489349.0,1964.0,2023-04-01,0.004013495480730522,489349.0
Amazonas,Maio/2023,20191.0,18304.0,491236.0,1887.0,2023-05-01,0.003841330847087754,491236.0
Amazonas,Junho/2023,20129.0,17948.0,493417.0,2181.0,2023-06-01,0.004420196304545648,493417.0
Amazonas,Julho/2023,21211.0,17488.0,497140.0,3723.0,2023-07-01,0.0074888361427364524,497140.0
Amazonas,Agosto/2023,23053.0,18500.0,501693.0,4553.0,2023-08-01,0.009075271131947227,501693.0
Amazonas,Setembro/2023,19809.0,16836.0,504666.0,2973.0,2023-09-01,0.005891024955118831,504666.0
Amazonas,Outubro/2023,20125.0,17392.0,507399.0,2733.0,2023-10-01,0.005386293626909001,507399.0
Amazonas,Novembro/2023,19630.0,17046.0,509983.0,2584.0,2023-11-01,0.005066835561185373,509983.0
Amazonas,Dezembro/2023,15411.0,18247.0,507147.0,-2836.0,2023-12-01,-0.005592066994382299,507147.0
Amazonas,Janeiro/2024,21584.0,20528.0,508203.0,1056.0,2024-01-01,0.002077909811630392,508203.0
Amazonas,Fevereiro/2024,21421.0,18038.0,511586.0,3383.0,2024-02-01,0.006612768918617788,511586.0
Amazonas,Março/2024,22651.0,19451.0,514786.0,3200.0,2024-03-01,0.0062161752650615985,514786.0
Amazonas,Abril/2024,23687.0,20111.0,518362.0,3576.0,2024-04-01,0.0068986538365080775,518362.0
Amazonas,Maio/2024,23375.0,19908.0,521829.0,3467.0,2024-05-01,0.006643938914855249,521829.0
Amazonas,Junho/2024,23844.0,18808.0,526865.0,5036.0,2024-06-01,0.009558425782695758,526865.0
Amazonas,Julho/2024,26037.0,21298.0,531604.0,4739.0,2024-07-01,0.008914530364707565,531604.0
Amazonas,Agosto/2024,27276.0,21922.0,536958.0,5354.0,2024-08-01,0.009970984695264806,536958.0
Amazonas,Setembro/2024,24472.0,21809.0,539621.0,2663.0,2024-09-01,0.004934945081825948,539621.0
Amazonas,Outubro/2024,26221.0,23621.0,542221.0,2600.0,2024-10-01,0.00479509277582388,542221.0
Amazonas,Novembro/2024,25689.0,20256.0,547654.0,5433.0,2024-11-01,0.00992049724826259,547654.0
Amazonas,Dezembro/2024,18788.0,23088.0,543354.0,-4300.0,2024-12-01,-0.007913809413384276,543354.0
Amazonas,Janeiro/2025,27739.0,25339.0,545754.0,2400.0,2025-01-01,0.004397585725436735,545754.0
Amazonas,Fevereiro/2025,27922.0,24619.0,549057.0,3303.0,2025-02-01,0.006015768854599796,549057.0
Amazonas,Março/2025,24282.0,23430.0,549909.0,852.0,2025-03-01,0.0015493472556368417,549909.0
Amazonas,Abril/2025,25806.0,23128.0,552587.0,2678.0,2025-04-01,0.004846295696424274,552587.0
Amazonas,Maio/2025,26251.0,24192.0,554646.0,2059.0,2025-05-01,0.003712277741117758,554646.0
Amazonas,Junho/2025,24956.0,22334.0,557268.0,2622.0,2025-06-01,0.004705097008979521,557268.0
Amazonas,Julho/2025,26267.0,25256.0,558279.0,1011.0,2025-07-01,0.0018109224957413765,558279.0
Amazonas,Agosto/2025,26855.0,24218.0,560916.0,2637.0,2025-08-01,0.004701238688145819,560916.0
Amazonas,Setembro/2025,26617.0,22881.0,564652.0,3736.0,2025-09-01,0.006616464654335768,564652.0
Amazonas,Outubro/2025,25172.0,23974.0,565850.0,1198.0,2025-10-01,0.0021171688610055668,565850.0
Amazonas,Novembro/2025,24434.0,20632.0,569652.0,3802.0,2025-11-01,0.006674250244008623,569652.0
Amazonas,Dezembro/2025,17538.0,24208.0,,-6670.0,2025-12-01,-0.01170890297936284,569652.0
Amazonas,Janeiro/2026,25622.0,24311.0,564293.0,1311.0,2026-01-01,0.0023232611427042335,564293.0
Amazonas,Fevereiro/2026,24787.0,22727.0,566353.0,2060.0,2026-02-01,0.003637307474313723,566353.0
Amazonas,Março/2026,26925.0,24849.0,568429.0,2076.0,2026-03-01,0.003652171159458789,568429.0
Amazonas,Abril/2026,25264.0,23554.0,570139.0,1710.0,2026-04-01,0.0029992685994117223,570139.0
Amazonas,Maio/2026,24932.0,23455.0,571616.0,1477.0,2026-05-01,0.0025839024799865643,571616.0
Amazonas,Junho/2026,25975.0,22999.0,574592.0,2976.0,2026-06-01,0.005179327244375139,574592.0
Bahia,Janeiro/2020,48826.0,46576.0,1638094.0,2250.0,2020-01-01,0.0013735475497743108,1638094.0
Bahia,Fevereiro/2020,49978.0,42936.0,1645136.0,7042.0,2020-02-01,0.004280497174701666,1645136.0
Bahia,Março/2020,47279.0,60672.0,1631743.0,-13393.0,2020-03-01,-0.008207787623418639,1631743.0
Bahia,Abril/2020,24185.0,59160.0,1596768.0,-34975.0,2020-04-01,-0.021903620313032324,1596768.0
Bahia,Maio/2020,26009.0,43848.0,1578929.0,-17839.0,2020-05-01,-0.011298164768650141,1578929.0
Bahia,Junho/2020,30998.0,33868.0,1576059.0,-2870.0,2020-06-01,-0.0018209978179750885,1576059.0
Bahia,Julho/2020,37528.0,33358.0,1580229.0,4170.0,2020-07-01,0.002638858038929801,1580229.0
Bahia,Agosto/2020,45140.0,35979.0,1589390.0,9161.0,2020-08-01,0.005763846507150542,1589390.0
Bahia,Setembro/2020,52410.0,35580.0,1606220.0,16830.0,2020-09-01,0.010478016710039721,1606220.0
Bahia,Outubro/2020,56248.0,39818.0,1622650.0,16430.0,2020-10-01,0.01012541213447139,1622650.0
Bahia,Novembro/2020,55100.0,41079.0,1636671.0,14021.0,2020-11-01,0.008566779762090243,1636671.0
Bahia,Dezembro/2020,49854.0,49939.0,1636586.0,-85.0,2020-12-01,-5.193738673066982e-05,1636586.0
Bahia,Janeiro/2021,58816.0,43369.0,1652033.0,15447.0,2021-01-01,0.009350297481951026,1652033.0
Bahia,Fevereiro/2021,63353.0,43558.0,1671828.0,19795.0,2021-02-01,0.011840332857207798,1671828.0
Bahia,Março/2021,60544.0,49983.0,1682389.0,10561.0,2021-03-01,0.006277382935813299,1682389.0
Bahia,Abril/2021,55254.0,45303.0,1692340.0,9951.0,2021-04-01,0.005880024108630653,1692340.0
Bahia,Maio/2021,59030.0,47912.0,1703458.0,11118.0,2021-05-01,0.0065267238757867815,1703458.0
Bahia,Junho/2021,56833.0,48303.0,1711988.0,8530.0,2021-06-01,0.004982511559660465,1711988.0
Bahia,Julho/2021,59316.0,48361.0,1722943.0,10955.0,2021-07-01,0.006358306688033208,1722943.0
Bahia,Agosto/2021,65262.0,46957.0,1741248.0,18305.0,2021-08-01,0.01051257488881538,1741248.0
Bahia,Setembro/2021,63599.0,52121.0,1752726.0,11478.0,2021-09-01,0.0065486562075304415,1752726.0
Bahia,Outubro/2021,67157.0,54565.0,1765318.0,12592.0,2021-10-01,0.0071329924693454665,1765318.0
Bahia,Novembro/2021,67422.0,51432.0,1781308.0,15990.0,2021-11-01,0.008976549816202476,1781308.0
Bahia,Dezembro/2021,57636.0,63271.0,1775673.0,-5635.0,2021-12-01,-0.0031734446601373112,1775673.0
Bahia,Janeiro/2022,67117.0,55790.0,1787000.0,11327.0,2022-01-01,0.006338556239507555,1787000.0
Bahia,Fevereiro/2022,73197.0,60584.0,1799613.0,12613.0,2022-02-01,0.0070087290989785025,1799613.0
Bahia,Março/2022,74220.0,66268.0,1807565.0,7952.0,2022-03-01,0.004399288545640129,1807565.0
Bahia,Abril/2022,74882.0,58975.0,1823472.0,15907.0,2022-04-01,0.0087234681969342,1823472.0
Bahia,Maio/2022,77684.0,60633.0,1840523.0,17051.0,2022-05-01,0.00926421457379234,1840523.0
Bahia,Junho/2022,70096.0,56737.0,1853882.0,13359.0,2022-06-01,0.007205960249897243,1853882.0
Bahia,Julho/2022,73743.0,60632.0,1866993.0,13111.0,2022-07-01,0.007022522312617133,1866993.0
Bahia,Agosto/2022,81977.0,64892.0,1884078.0,17085.0,2022-08-01,0.00906809590685736,1884078.0
Bahia,Setembro/2022,74874.0,59274.0,1899678.0,15600.0,2022-09-01,0.008211918019790723,1899678.0
Bahia,Outubro/2022,70303.0,63572.0,1906409.0,6731.0,2022-10-01,0.003530721896508042,1906409.0
Bahia,Novembro/2022,65230.0,60987.0,1910652.0,4243.0,2022-11-01,0.002220707904945537,1910652.0
Bahia,Dezembro/2022,54958.0,71217.0,1894393.0,-16259.0,2022-12-01,-0.008582696409879048,1894393.0
Bahia,Janeiro/2023,69684.0,66040.0,1898037.0,3644.0,2023-01-01,0.001919878274238068,1898037.0
Bahia,Fevereiro/2023,69366.0,61265.0,1906138.0,8101.0,2023-02-01,0.004249954620284576,1906138.0
Bahia,Março/2023,82035.0,72707.0,1915466.0,9328.0,2023-03-01,0.004869833241623709,1915466.0
Bahia,Abril/2023,74386.0,63134.0,1926718.0,11252.0,2023-04-01,0.0058399828101465805,1926718.0
Bahia,Maio/2023,76189.0,66761.0,1936146.0,9428.0,2023-05-01,0.004869467488505515,1936146.0
Bahia,Junho/2023,71199.0,62880.0,1944465.0,8319.0,2023-06-01,0.00427829762942506,1944465.0
Bahia,Julho/2023,72577.0,67397.0,1949645.0,5180.0,2023-07-01,0.0026568939473596473,1949645.0
Bahia,Agosto/2023,82230.0,70712.0,1961163.0,11518.0,2023-08-01,0.005873045738676489,1961163.0
Bahia,Setembro/2023,72460.0,62606.0,1971017.0,9854.0,2023-09-01,0.004999449522759063,1971017.0
Bahia,Outubro/2023,71894.0,65989.0,1976922.0,5905.0,2023-10-01,0.00298696660768609,1976922.0
Bahia,Novembro/2023,70975.0,63601.0,1984296.0,7374.0,2023-11-01,0.0037161794409705006,1984296.0
Bahia,Dezembro/2023,58434.0,75733.0,1966997.0,-17299.0,2023-12-01,-0.00879462449612277,1966997.0
Bahia,Janeiro/2024,73389.0,68568.0,1971818.0,4821.0,2024-01-01,0.002444951816039817,1971818.0
Bahia,Fevereiro/2024,79199.0,72950.0,1978067.0,6249.0,2024-02-01,0.0031591447610217448,1978067.0
Bahia,Março/2024,86774.0,74292.0,1990549.0,12482.0,2024-03-01,0.006270631870905966,1990549.0
Bahia,Abril/2024,84239.0,73590.0,2001198.0,10649.0,2024-04-01,0.005321312533792259,2001198.0
Bahia,Maio/2024,82982.0,74197.0,2009983.0,8785.0,2024-05-01,0.0043706837321509685,2009983.0
Bahia,Junho/2024,77192.0,68293.0,2018882.0,8899.0,2024-06-01,0.004407885156239939,2018882.0
Bahia,Julho/2024,83823.0,74209.0,2028496.0,9614.0,2024-07-01,0.004739472002902643,2028496.0
Bahia,Agosto/2024,89778.0,73629.0,2044645.0,16149.0,2024-08-01,0.007898192595780685,2044645.0
Bahia,Setembro/2024,83366.0,68480.0,2059531.0,14886.0,2024-09-01,0.007227859158225829,2059531.0
Bahia,Outubro/2024,82210.0,82789.0,2058952.0,-579.0,2024-10-01,-0.00028121102386068254,2058952.0
Bahia,Novembro/2024,76694.0,69503.0,2066143.0,7191.0,2024-11-01,0.0034803980169814,2066143.0
Bahia,Dezembro/2024,61748.0,80409.0,2047482.0,-18661.0,2024-12-01,-0.009114121638187783,2047482.0
Bahia,Janeiro/2025,87155.0,80223.0,2054414.0,6932.0,2025-01-01,0.003374198189848784,2054414.0
Bahia,Fevereiro/2025,99593.0,79461.0,2074546.0,20132.0,2025-02-01,0.009704291927004751,2074546.0
Bahia,Março/2025,83957.0,80959.0,2077544.0,2998.0,2025-03-01,0.0014430500629589553,2077544.0
Bahia,Abril/2025,90186.0,75833.0,2091897.0,14353.0,2025-04-01,0.006861236475792068,2091897.0
Bahia,Maio/2025,90611.0,77753.0,2104755.0,12858.0,2025-05-01,0.006109024565804571,2104755.0
Bahia,Junho/2025,78450.0,70466.0,2112739.0,7984.0,2025-06-01,0.00377898074490034,2112739.0
Bahia,Julho/2025,88709.0,79273.0,2122175.0,9436.0,2025-07-01,0.0044463816603249025,2122175.0
Bahia,Agosto/2025,89751.0,78736.0,2133190.0,11015.0,2025-08-01,0.005163628181268429,2133190.0
Bahia,Setembro/2025,87368.0,76018.0,2144540.0,11350.0,2025-09-01,0.005292510281925261,2144540.0
Bahia,Outubro/2025,89834.0,85385.0,2148989.0,4449.0,2025-10-01,0.0020702758366841338,2148989.0
Bahia,Novembro/2025,80433.0,71670.0,2157752.0,8763.0,2025-11-01,0.004061171070632769,2157752.0
Bahia,Dezembro/2025,63901.0,83399.0,,-19498.0,2025-12-01,-0.009036256251876953,2157752.0
Bahia,Janeiro/2026,84539.0,78415.0,2144378.0,6124.0,2026-01-01,0.0028558397819787367,2144378.0
Bahia,Fevereiro/2026,86927.0,80037.0,2151268.0,6890.0,2026-02-01,0.003202762277875188,2151268.0
Bahia,Março/2026,97206.0,83198.0,2165276.0,14008.0,2026-03-01,0.006469383117902752,2165276.0
Bahia,Abril/2026,90824.0,82363.0,2173737.0,8461.0,2026-04-01,0.003892375204544064,2173737.0
Bahia,Maio/2026,90175.0,83016.0,2180896.0,7159.0,2026-05-01,0.0032825957771484746,2180896.0
Bahia,Junho/2026,87327.0,78342.0,2189881.0,8985.0,2026-06-01,0.0041029626724009205,2189881.0
Brasil,Janeiro/2020,1384986.0,1292308.0,37756445.0,92678.0,2020-01-01,0.002454627282838731,37756445.0
Brasil,Fevereiro/2020,1483832.0,1285464.0,37954813.0,198368.0,2020-02-01,0.005226425433844187,37954813.0
Brasil,Março/2020,1347665.0,1579981.0,37722497.0,-232316.0,2020-03-01,-0.006158553077756226,37722497.0
Brasil,Abril/2020,617644.0,1519961.0,36820180.0,-902317.0,2020-04-01,-0.02450604532623143,36820180.0
Brasil,Maio/2020,716330.0,1069120.0,36467390.0,-352790.0,2020-05-01,-0.009674122551682476,36467390.0
Brasil,Junho/2020,910176.0,933287.0,36444279.0,-23111.0,2020-06-01,-0.0006341461714745407,36444279.0
Brasil,Julho/2020,1061898.0,938601.0,36567576.0,123297.0,2020-07-01,0.0033717575373330734,36567576.0
Brasil,Agosto/2020,1257362.0,1019237.0,36805701.0,238125.0,2020-08-01,0.0064697857541145595,36805701.0
Brasil,Setembro/2020,1406746.0,1093182.0,37119265.0,313564.0,2020-09-01,0.008447473299915825,37119265.0
Brasil,Outubro/2020,1571402.0,1182464.0,37508203.0,388938.0,2020-10-01,0.010369411725749698,37508203.0
Brasil,Novembro/2020,1552837.0,1143889.0,37917151.0,408948.0,2020-11-01,0.010785303990798254,37917151.0
Brasil,Dezembro/2020,1256247.0,1338365.0,37835033.0,-82118.0,2020-12-01,-0.002170422317326907,37835033.0
Brasil,Janeiro/2021,1550075.0,1293016.0,38092092.0,257059.0,2021-01-01,0.006748356062985462,38092092.0
Brasil,Fevereiro/2021,1715425.0,1317510.0,38490007.0,397915.0,2021-02-01,0.010338137896415555,38490007.0
Brasil,Março/2021,1626885.0,1450555.0,38666337.0,176330.0,2021-03-01,0.004560297501157143,38666337.0
Brasil,Abril/2021,1396311.0,1282389.0,38780259.0,113922.0,2021-04-01,0.0029376286527637682,38780259.0
Brasil,Maio/2021,1558316.0,1279611.0,39058964.0,278705.0,2021-05-01,0.007135493916326096,39058964.0
Brasil,Junho/2021,1609748.0,1299712.0,39369000.0,310036.0,2021-06-01,0.007875130178566893,39369000.0
Brasil,Julho/2021,1666051.0,1349326.0,39685725.0,316725.0,2021-07-01,0.007980829378825762,39685725.0
Brasil,Agosto/2021,1819411.0,1446067.0,40059069.0,373344.0,2021-08-01,0.009319837163464783,40059069.0
Brasil,Setembro/2021,1789967.0,1472974.0,40376062.0,316993.0,2021-09-01,0.007851013305854346,40376062.0
Brasil,Outubro/2021,1760739.0,1507656.0,40629145.0,253083.0,2021-10-01,0.0062290998247686484,40629145.0
Brasil,Novembro/2021,1772766.0,1448654.0,40953257.0,324112.0,2021-11-01,0.007914193491374812,40953257.0
Brasil,Dezembro/2021,1437910.0,1703721.0,40687446.0,-265811.0,2021-12-01,-0.0065329979178344105,40687446.0
Brasil,Janeiro/2022,1777646.0,1622468.0,40842624.0,155178.0,2022-01-01,0.003799413083743101,40842624.0
Brasil,Fevereiro/2022,2013143.0,1684636.0,41171131.0,328507.0,2022-02-01,0.007979061833399718,41171131.0
Brasil,Março/2022,1953071.0,1816882.0,41307320.0,136189.0,2022-03-01,0.003296970125391819,41307320.0
Brasil,Abril/2022,1854557.0,1657591.0,41504286.0,196966.0,2022-04-01,0.004745678554740106,41504286.0
Brasil,Maio/2022,1960960.0,1683942.0,41781304.0,277018.0,2022-05-01,0.0066301903837180385,41781304.0
Brasil,Junho/2022,1898876.0,1620932.0,42059248.0,277944.0,2022-06-01,0.006608392047332848,42059248.0
Brasil,Julho/2022,1886537.0,1667635.0,42278150.0,218902.0,2022-07-01,0.005177662693377076,42278150.0
Brasil,Agosto/2022,2051800.0,1773161.0,42556789.0,278639.0,2022-08-01,0.00654746296765952,42556789.0
Brasil,Setembro/2022,1926572.0,1648487.0,42834874.0,278085.0,2022-09-01,0.006492023298586101,42834874.0
Brasil,Outubro/2022,1789462.0,1630008.0,42994328.0,159454.0,2022-10-01,0.003708721764415064,42994328.0
Brasil,Novembro/2022,1747894.0,1612399.0,43129823.0,135495.0,2022-11-01,0.0031415616985026812,43129823.0
Brasil,Dezembro/2022,1382923.0,1813934.0,42698812.0,-431011.0,2022-12-01,-0.010094215267628524,42698812.0
Brasil,Janeiro/2023,1874226.0,1790929.0,42782109.0,83297.0,2023-01-01,0.00194700546436362,42782109.0
Brasil,Fevereiro/2023,1949844.0,1708059.0,43023894.0,241785.0,2023-02-01,0.005619784206422599,43023894.0
Brasil,Março/2023,2168418.0,1973247.0,43219065.0,195171.0,2023-03-01,0.004515854287916687,43219065.0
Brasil,Abril/2023,1865279.0,1685274.0,43399070.0,180005.0,2023-04-01,0.004147669523793943,43399070.0
Brasil,Maio/2023,2000202.0,1844932.0,43554340.0,155270.0,2023-05-01,0.003564971940798552,43554340.0
Brasil,Junho/2023,1914130.0,1756932.0,43711538.0,157198.0,2023-06-01,0.0035962587269292605,43711538.0
Brasil,Julho/2023,1883198.0,1740496.0,43854240.0,142702.0,2023-07-01,0.003254006910164217,43854240.0
Brasil,Agosto/2023,2099211.0,1878367.0,44075084.0,220844.0,2023-08-01,0.005010631403447807,44075084.0
Brasil,Setembro/2023,1917057.0,1705293.0,44286848.0,211764.0,2023-09-01,0.00478164533181499,44286848.0
Brasil,Outubro/2023,1941281.0,1750915.0,44477214.0,190366.0,2023-10-01,0.00428007923338004,44477214.0
Brasil,Novembro/2023,1866752.0,1736655.0,44607311.0,130097.0,2023-11-01,0.0029164950113222472,44607311.0
Brasil,Dezembro/2023,1502563.0,1932722.0,44177152.0,-430159.0,2023-12-01,-0.009737137423435535,44177152.0
Brasil,Janeiro/2024,2067817.0,1887422.0,44357547.0,180395.0,2024-01-01,0.004066838953019652,44357547.0
Brasil,Fevereiro/2024,2249070.0,1942959.0,44663658.0,306111.0,2024-02-01,0.006853692995768506,44663658.0
Brasil,Março/2024,2262420.0,2018105.0,44907973.0,244315.0,2024-03-01,0.00544034797562562,44907973.0
Brasil,Abril/2024,2260439.0,2020406.0,45148006.0,240033.0,2024-04-01,0.005316580315861569,45148006.0
Brasil,Maio/2024,2116326.0,1984515.0,45279817.0,131811.0,2024-05-01,0.00291103208301394,45279817.0
Brasil,Junho/2024,2071649.0,1869944.0,45481522.0,201705.0,2024-06-01,0.004434877970882329,45481522.0
Brasil,Julho/2024,2187633.0,1999612.0,45669543.0,188021.0,2024-07-01,0.0041169888649860145,45669543.0
Brasil,Agosto/2024,2231410.0,1998897.0,45902056.0,232513.0,2024-08-01,0.005065415806211382,45902056.0
Brasil,Setembro/2024,2163929.0,1916111.0,46149874.0,247818.0,2024-09-01,0.00536985214737531,46149874.0
Brasil,Outubro/2024,2222962.0,2090248.0,46282588.0,132714.0,2024-10-01,0.002867471456004146,46282588.0
Brasil,Novembro/2024,1978371.0,1871746.0,46389213.0,106625.0,2024-11-01,0.0022984869348829005,46389213.0
Brasil,Dezembro/2024,1524251.0,2059798.0,45853666.0,-535547.0,2024-12-01,-0.011679480545786677,45853666.0
Brasil,Janeiro/2025,2271611.0,2134308.0,45990969.0,137303.0,2025-01-01,0.002985433944651177,45990969.0
Brasil,Fevereiro/2025,2579192.0,2147197.0,46422964.0,431995.0,2025-02-01,0.009305631583541283,46422964.0
Brasil,Março/2025,2234662.0,2163086.0,46494540.0,71576.0,2025-03-01,0.0015394495783806013,46494540.0
Brasil,Abril/2025,2282187.0,2024659.0,46752068.0,257528.0,2025-04-01,0.005508376656194118,46752068.0
Brasil,Maio/2025,2256225.0,2107233.0,46901060.0,148992.0,2025-05-01,0.003176729907596971,46901060.0
Brasil,Junho/2025,2139182.0,1972561.0,47067681.0,166621.0,2025-06-01,0.003540029941139441,47067681.0
Brasil,Julho/2025,2251440.0,2121665.0,47197456.0,129775.0,2025-07-01,0.0027496185387619197,47197456.0
Brasil,Agosto/2025,2239895.0,2092537.0,47344814.0,147358.0,2025-08-01,0.0031124422624197023,47344814.0
Brasil,Setembro/2025,2292492.0,2079490.0,47557816.0,213002.0,2025-09-01,0.004478801129135114,47557816.0
Brasil,Outubro/2025,2271460.0,2186313.0,47642963.0,85147.0,2025-10-01,0.0017871894323617111,47642963.0
Brasil,Novembro/2025,1979902.0,1894038.0,47728827.0,85864.0,2025-11-01,0.0017989966524842524,47728827.0
Brasil,Dezembro/2025,1523309.0,2141473.0,,-618164.0,2025-12-01,-0.012951585841403561,47728827.0
Brasil,Janeiro/2026,2208030.0,2095696.0,47222997.0,112334.0,2026-01-01,0.002378798617969969,47222997.0
Brasil,Fevereiro/2026,2381767.0,2126446.0,47478318.0,255321.0,2026-02-01,0.00537763363900128,47478318.0
Brasil,Março/2026,2526660.0,2298452.0,47706526.0,228208.0,2026-03-01,0.004783580342865461,47706526.0
Brasil,Abril/2026,2268655.0,2182767.0,47792414.0,85888.0,2026-04-01,0.001797105289554949,47792414.0
Brasil,Maio/2026,2207303.0,2134343.0,47865374.0,72960.0,2026-05-01,0.0015242751472076663,47865374.0
Brasil,Junho/2026,2220131.0,2074970.0,48010535.0,145161.0,2026-06-01,0.003023523899494142,48010535.0
Ceará,Janeiro/2020,32509.0,30807.0,1016298.0,1702.0,2020-01-01,0.0016747056473593374,1016298.0
Ceará,Fevereiro/2020,33864.0,27424.0,1022738.0,6440.0,2020-02-01,0.006296822842213744,1022738.0
Ceará,Março/2020,30745.0,33427.0,1020056.0,-2682.0,2020-03-01,-0.002629267412769495,1020056.0
Ceará,Abril/2020,12622.0,43683.0,988995.0,-31061.0,2020-04-01,-0.031406629962739956,988995.0
Ceará,Maio/2020,14503.0,24332.0,979166.0,-9829.0,2020-05-01,-0.010038134494049018,979166.0
Ceará,Junho/2020,18794.0,20597.0,977363.0,-1803.0,2020-06-01,-0.0018447598282316806,977363.0
Ceará,Julho/2020,27111.0,20155.0,984319.0,6956.0,2020-07-01,0.0070668147216501965,984319.0
Ceará,Agosto/2020,34352.0,21852.0,996819.0,12500.0,2020-08-01,0.012539889388143686,996819.0
Ceará,Setembro/2020,37177.0,24276.0,1009720.0,12901.0,2020-09-01,0.0127768094125104,1009720.0
Ceará,Outubro/2020,43310.0,26536.0,1026494.0,16774.0,2020-10-01,0.016341059957486356,1026494.0
Ceará,Novembro/2020,40033.0,23478.0,1043049.0,16555.0,2020-11-01,0.015871737569375936,1043049.0
Ceará,Dezembro/2020,30101.0,26378.0,1046772.0,3723.0,2020-12-01,0.0035566484392016598,1046772.0
Ceará,Janeiro/2021,39468.0,31415.0,1054825.0,8053.0,2021-01-01,0.00763444173204086,1054825.0
Ceará,Fevereiro/2021,43549.0,31040.0,1067334.0,12509.0,2021-02-01,0.01171985526554949,1067334.0
Ceará,Março/2021,34955.0,36231.0,1066058.0,-1276.0,2021-03-01,-0.001196932999893064,1066058.0
Ceará,Abril/2021,30606.0,27198.0,1069466.0,3408.0,2021-04-01,0.003186637069341148,1069466.0
Ceará,Maio/2021,31868.0,27293.0,1074041.0,4575.0,2021-05-01,0.0042596139253529425,1074041.0
Ceará,Junho/2021,38319.0,28390.0,1083970.0,9929.0,2021-06-01,0.009159847597258226,1083970.0
Ceará,Julho/2021,43355.0,29677.0,1097648.0,13678.0,2021-07-01,0.012461189743888752,1097648.0
Ceará,Agosto/2021,48557.0,31784.0,1114421.0,16773.0,2021-08-01,0.015050864978316094,1114421.0
Ceará,Setembro/2021,47532.0,33428.0,1128525.0,14104.0,2021-09-01,0.012497729336966395,1128525.0
Ceará,Outubro/2021,43860.0,35898.0,1136487.0,7962.0,2021-10-01,0.007005799450411663,1136487.0
Ceará,Novembro/2021,43190.0,30597.0,1149080.0,12593.0,2021-11-01,0.010959202144324155,1149080.0
Ceará,Dezembro/2021,33542.0,35029.0,1147593.0,-1487.0,2021-12-01,-0.0012957555509662399,1147593.0
Ceará,Janeiro/2022,40679.0,42183.0,1146089.0,-1504.0,2022-01-01,-0.0013122890107138277,1146089.0
Ceará,Fevereiro/2022,46076.0,38023.0,1154142.0,8053.0,2022-02-01,0.006977477641399412,1154142.0
Ceará,Março/2022,44540.0,41154.0,1157528.0,3386.0,2022-03-01,0.002925199217643115,1157528.0
Ceará,Abril/2022,40931.0,35618.0,1162841.0,5313.0,2022-04-01,0.0045689823458237196,1162841.0
Ceará,Maio/2022,45434.0,37962.0,1170313.0,7472.0,2022-05-01,0.006384616764916736,1170313.0
Ceará,Junho/2022,46233.0,36636.0,1179910.0,9597.0,2022-06-01,0.008133671212211101,1179910.0
Ceará,Julho/2022,48261.0,38164.0,1190007.0,10097.0,2022-07-01,0.008484824038850192,1190007.0
Ceará,Agosto/2022,50829.0,42122.0,1198714.0,8707.0,2022-08-01,0.007263617510098322,1198714.0
Ceará,Setembro/2022,50487.0,38396.0,1210805.0,12091.0,2022-09-01,0.009985918459206891,1210805.0
Ceará,Outubro/2022,44194.0,39184.0,1215815.0,5010.0,2022-10-01,0.004120692704070932,1215815.0
Ceará,Novembro/2022,43542.0,36985.0,1222372.0,6557.0,2022-11-01,0.0053641608282912236,1222372.0
Ceará,Dezembro/2022,30570.0,37539.0,1215403.0,-6969.0,2022-12-01,-0.005733900607452836,1215403.0
Ceará,Janeiro/2023,44657.0,47638.0,1212422.0,-2981.0,2023-01-01,-0.002458714869905033,1212422.0
Ceará,Fevereiro/2023,43169.0,38821.0,1216770.0,4348.0,2023-02-01,0.003573395136303492,1216770.0
Ceará,Março/2023,47553.0,42808.0,1221515.0,4745.0,2023-03-01,0.0038845204520615794,1221515.0
Ceará,Abril/2023,42883.0,38395.0,1226003.0,4488.0,2023-04-01,0.0036606761973665644,1226003.0
Ceará,Maio/2023,46216.0,42781.0,1229438.0,3435.0,2023-05-01,0.0027939595164619933,1229438.0
Ceará,Junho/2023,48059.0,41488.0,1236009.0,6571.0,2023-06-01,0.00531630433111733,1236009.0
Ceará,Julho/2023,47597.0,41107.0,1242499.0,6490.0,2023-07-01,0.005223344244140237,1242499.0
Ceará,Agosto/2023,54276.0,43344.0,1253431.0,10932.0,2023-08-01,0.008721660785476025,1253431.0
Ceará,Setembro/2023,50402.0,39919.0,1263914.0,10483.0,2023-09-01,0.008294076970426785,1263914.0
Ceará,Outubro/2023,47610.0,41480.0,1270044.0,6130.0,2023-10-01,0.004826604432602335,1270044.0
Ceará,Novembro/2023,45220.0,40546.0,1274718.0,4674.0,2023-11-01,0.0036666933392326775,1274718.0
Ceará,Dezembro/2023,35081.0,38806.0,1270993.0,-3725.0,2023-12-01,-0.0029307793197916906,1270993.0
Ceará,Janeiro/2024,47820.0,46556.0,1272257.0,1264.0,2024-01-01,0.0009935099590727345,1272257.0
Ceará,Fevereiro/2024,48488.0,44591.0,1276154.0,3897.0,2024-02-01,0.0030537066843029917,1276154.0
Ceará,Março/2024,49129.0,42944.0,1282339.0,6185.0,2024-03-01,0.004823217573512152,1282339.0
Ceará,Abril/2024,50529.0,44851.0,1288017.0,5678.0,2024-04-01,0.004408326908728689,1288017.0
Ceará,Maio/2024,52255.0,45299.0,1294973.0,6956.0,2024-05-01,0.00537154056493842,1294973.0
Ceará,Junho/2024,53016.0,45396.0,1302593.0,7620.0,2024-06-01,0.00584987022039885,1302593.0
Ceará,Julho/2024,54863.0,51375.0,1306081.0,3488.0,2024-07-01,0.002670584749337905,1306081.0
Ceará,Agosto/2024,57431.0,48137.0,1315375.0,9294.0,2024-08-01,0.007065665684690678,1315375.0
Ceará,Setembro/2024,54899.0,45377.0,1324897.0,9522.0,2024-09-01,0.007186973779848547,1324897.0
Ceará,Outubro/2024,53756.0,50569.0,1328084.0,3187.0,2024-10-01,0.0023996976094885565,1328084.0
Ceará,Novembro/2024,49349.0,44906.0,1332527.0,4443.0,2024-11-01,0.003334266397603951,1332527.0
Ceará,Dezembro/2024,36586.0,42808.0,1326305.0,-6222.0,2024-12-01,-0.0046912286389631346,1326305.0
Ceará,Janeiro/2025,53040.0,54265.0,1325080.0,-1225.0,2025-01-01,-0.0009244724846801702,1325080.0
Ceará,Fevereiro/2025,60215.0,53727.0,1331568.0,6488.0,2025-02-01,0.004872451125289884,1331568.0
Ceará,Março/2025,47958.0,50579.0,1328947.0,-2621.0,2025-03-01,-0.001972238170521473,1328947.0
Ceará,Abril/2025,56152.0,46931.0,1338168.0,9221.0,2025-04-01,0.006890764089411793,1338168.0
Ceará,Maio/2025,56207.0,50438.0,1343937.0,5769.0,2025-05-01,0.004292611930469955,1343937.0
Ceará,Junho/2025,55969.0,48649.0,1351257.0,7320.0,2025-06-01,0.005417178227383836,1351257.0
Ceará,Julho/2025,60395.0,52971.0,1358681.0,7424.0,2025-07-01,0.005464122925101625,1358681.0
Ceará,Agosto/2025,60773.0,53840.0,1365614.0,6933.0,2025-08-01,0.005076837232190062,1365614.0
Ceará,Setembro/2025,62868.0,52307.0,1376175.0,10561.0,2025-09-01,0.00767416934619507,1376175.0
Ceará,Outubro/2025,58667.0,55288.0,1379554.0,3379.0,2025-10-01,0.002449342323678522,1379554.0
Ceará,Novembro/2025,51158.0,45284.0,1385428.0,5874.0,2025-11-01,0.004239845015403182,1385428.0
Ceará,Dezembro/2025,36728.0,47528.0,,-10800.0,2025-12-01,-0.0077954249517116735,1385428.0
Ceará,Janeiro/2026,52725.0,54016.0,1373337.0,-1291.0,2026-01-01,-0.0009400460338576766,1373337.0
Ceará,Fevereiro/2026,54784.0,50468.0,1377653.0,4316.0,2026-02-01,0.003132864371507194,1377653.0
Ceará,Março/2026,60148.0,53519.0,1384282.0,6629.0,2026-03-01,0.004788764139098825,1384282.0
Ceará,Abril/2026,56557.0,53048.0,1387791.0,3509.0,2026-04-01,0.0025284787118521447,1387791.0
Ceará,Maio/2026,57914.0,54493.0,1391212.0,3421.0,2026-05-01,0.002459006966587407,1391212.0
Ceará,Junho/2026,60372.0,55081.0,1396503.0,5291.0,2026-06-01,0.0037887494692098764,1396503.0
Centro-Oeste,Janeiro/2020,135653.0,115113.0,3186741.0,20540.0,2020-01-01,0.0064454563455266685,3186741.0
Centro-Oeste,Fevereiro/2020,134733.0,110799.0,3210675.0,23934.0,2020-02-01,0.007454507229788129,3210675.0
Centro-Oeste,Março/2020,121036.0,133762.0,3197949.0,-12726.0,2020-03-01,-0.003979425563071831,3197949.0
Centro-Oeste,Abril/2020,62562.0,120035.0,3140476.0,-57473.0,2020-04-01,-0.01830072893408515,3140476.0
Centro-Oeste,Maio/2020,76583.0,90457.0,3126602.0,-13874.0,2020-05-01,-0.004437405208593866,3126602.0
Centro-Oeste,Junho/2020,97495.0,86966.0,3137131.0,10529.0,2020-06-01,0.003356251300949817,3137131.0
Centro-Oeste,Julho/2020,108907.0,91490.0,3154548.0,17417.0,2020-07-01,0.005521234737908569,3154548.0
Centro-Oeste,Agosto/2020,114050.0,96656.0,3171942.0,17394.0,2020-08-01,0.005483706826921804,3171942.0
Centro-Oeste,Setembro/2020,122371.0,103181.0,3191132.0,19190.0,2020-09-01,0.006013540022788152,3191132.0
Centro-Oeste,Outubro/2020,134700.0,109747.0,3216085.0,24953.0,2020-10-01,0.007758812344822976,3216085.0
Centro-Oeste,Novembro/2020,127149.0,110155.0,3233079.0,16994.0,2020-11-01,0.005256289747327548,3233079.0
Centro-Oeste,Dezembro/2020,107522.0,116310.0,3224291.0,-8788.0,2020-12-01,-0.002725560441039596,3224291.0
Centro-Oeste,Janeiro/2021,149356.0,109129.0,3264518.0,40227.0,2021-01-01,0.012322492937701676,3264518.0
Centro-Oeste,Fevereiro/2021,157074.0,112789.0,3308803.0,44285.0,2021-02-01,0.013383994151359269,3308803.0
Centro-Oeste,Março/2021,142682.0,126678.0,3324807.0,16004.0,2021-03-01,0.0048135124835817535,3324807.0
Centro-Oeste,Abril/2021,136568.0,115525.0,3345850.0,21043.0,2021-04-01,0.00628928373955796,3345850.0
Centro-Oeste,Maio/2021,147305.0,117682.0,3375473.0,29623.0,2021-05-01,0.008775955251308483,3375473.0
Centro-Oeste,Junho/2021,159562.0,119862.0,3415173.0,39700.0,2021-06-01,0.011624594127442446,3415173.0
Centro-Oeste,Julho/2021,163419.0,125092.0,3453500.0,38327.0,2021-07-01,0.011098016504994934,3453500.0
Centro-Oeste,Agosto/2021,167291.0,137032.0,3483759.0,30259.0,2021-08-01,0.008685732853506802,3483759.0
Centro-Oeste,Setembro/2021,165842.0,143510.0,3506091.0,22332.0,2021-09-01,0.0063694867018568545,3506091.0
Centro-Oeste,Outubro/2021,163476.0,147285.0,3522282.0,16191.0,2021-10-01,0.004596735866123155,3522282.0
Centro-Oeste,Novembro/2021,159673.0,145475.0,3536480.0,14198.0,2021-11-01,0.004014726507713885,3536480.0
Centro-Oeste,Dezembro/2021,134308.0,157717.0,3513071.0,-23409.0,2021-12-01,-0.006663400768159824,3513071.0
Centro-Oeste,Janeiro/2022,187294.0,151897.0,3548468.0,35397.0,2022-01-01,0.009975290745189191,3548468.0
Centro-Oeste,Fevereiro/2022,195495.0,154660.0,3589303.0,40835.0,2022-02-01,0.011376860632830384,3589303.0
Centro-Oeste,Março/2022,193097.0,173465.0,3608935.0,19632.0,2022-03-01,0.005439831972590251,3608935.0
Centro-Oeste,Abril/2022,187263.0,161465.0,3634733.0,25798.0,2022-04-01,0.0070976327559685954,3634733.0
Centro-Oeste,Maio/2022,197765.0,162919.0,3669579.0,34846.0,2022-05-01,0.00949591220137242,3669579.0
Centro-Oeste,Junho/2022,196484.0,161462.0,3704601.0,35022.0,2022-06-01,0.009453649664295832,3704601.0
Centro-Oeste,Julho/2022,191467.0,166168.0,3729900.0,25299.0,2022-07-01,0.006782755569854419,3729900.0
Centro-Oeste,Agosto/2022,199931.0,178610.0,3751221.0,21321.0,2022-08-01,0.0056837493712047354,3751221.0
Centro-Oeste,Setembro/2022,191628.0,166054.0,3776795.0,25574.0,2022-09-01,0.006771349782024177,3776795.0
Centro-Oeste,Outubro/2022,175322.0,167110.0,3785007.0,8212.0,2022-10-01,0.0021696128963565983,3785007.0
Centro-Oeste,Novembro/2022,163737.0,164942.0,3783802.0,-1205.0,2022-11-01,-0.0003184627525436056,3783802.0
Centro-Oeste,Dezembro/2022,137797.0,173889.0,3747710.0,-36092.0,2022-12-01,-0.009630414306336403,3747710.0
Centro-Oeste,Janeiro/2023,203409.0,173948.0,3777171.0,29461.0,2023-01-01,0.007799752777938833,3777171.0
Centro-Oeste,Fevereiro/2023,198060.0,168014.0,3807217.0,30046.0,2023-02-01,0.00789185381342855,3807217.0
Centro-Oeste,Março/2023,212365.0,189948.0,3829634.0,22417.0,2023-03-01,0.005853561985296767,3829634.0
Centro-Oeste,Abril/2023,190032.0,165036.0,3854630.0,24996.0,2023-04-01,0.006484669086267683,3854630.0
Centro-Oeste,Maio/2023,198439.0,183966.0,3869103.0,14473.0,2023-05-01,0.0037406603029177562,3869103.0
Centro-Oeste,Junho/2023,197500.0,175953.0,3890650.0,21547.0,2023-06-01,0.0055381491524552455,3890650.0
Centro-Oeste,Julho/2023,194058.0,175748.0,3908960.0,18310.0,2023-07-01,0.004684110351602472,3908960.0
Centro-Oeste,Agosto/2023,208192.0,190315.0,3926837.0,17877.0,2023-08-01,0.004552518986655163,3926837.0
Centro-Oeste,Setembro/2023,191781.0,176988.0,3941630.0,14793.0,2023-09-01,0.003753015884291524,3941630.0
Centro-Oeste,Outubro/2023,191766.0,181753.0,3951643.0,10013.0,2023-10-01,0.0025338827419379736,3951643.0
Centro-Oeste,Novembro/2023,178725.0,184006.0,3946362.0,-5281.0,2023-11-01,-0.0013381945194080017,3946362.0
Centro-Oeste,Dezembro/2023,145820.0,188431.0,3903751.0,-42611.0,2023-12-01,-0.010915399061056917,3903751.0
Centro-Oeste,Janeiro/2024,224353.0,184327.0,3943777.0,40026.0,2024-01-01,0.010149153970926856,3943777.0
Centro-Oeste,Fevereiro/2024,224260.0,190216.0,3977821.0,34044.0,2024-02-01,0.008558454490536401,3977821.0
Centro-Oeste,Março/2024,225279.0,197232.0,4005868.0,28047.0,2024-03-01,0.007001478830555575,4005868.0
Centro-Oeste,Abril/2024,224531.0,200123.0,4030276.0,24408.0,2024-04-01,0.00605616091801157,4030276.0
Centro-Oeste,Maio/2024,208794.0,199517.0,4039553.0,9277.0,2024-05-01,0.002296541226219832,4039553.0
Centro-Oeste,Junho/2024,208318.0,185218.0,4062653.0,23100.0,2024-06-01,0.005685939704916959,4062653.0
Centro-Oeste,Julho/2024,214165.0,198818.0,4078000.0,15347.0,2024-07-01,0.0037633643943109367,4078000.0
Centro-Oeste,Agosto/2024,211598.0,197059.0,4092539.0,14539.0,2024-08-01,0.003552562357988525,4092539.0
Centro-Oeste,Setembro/2024,204218.0,188856.0,4107901.0,15362.0,2024-09-01,0.003739622741638613,4107901.0
Centro-Oeste,Outubro/2024,208566.0,204109.0,4112358.0,4457.0,2024-10-01,0.0010838064195772838,4112358.0
Centro-Oeste,Novembro/2024,181871.0,189831.0,4104398.0,-7960.0,2024-11-01,-0.00193938307152474,4104398.0
Centro-Oeste,Dezembro/2024,150210.0,212396.0,4042212.0,-62186.0,2024-12-01,-0.015384151053927899,4042212.0
Centro-Oeste,Janeiro/2025,245512.0,201149.0,4086575.0,44363.0,2025-01-01,0.010855789995289454,4086575.0
Centro-Oeste,Fevereiro/2025,245826.0,200169.0,4132232.0,45657.0,2025-02-01,0.011048992408945094,4132232.0
Centro-Oeste,Março/2025,217530.0,210568.0,4139194.0,6962.0,2025-03-01,0.0016819699680662467,4139194.0
Centro-Oeste,Abril/2025,224505.0,193144.0,4170555.0,31361.0,2025-04-01,0.007519622688107458,4170555.0
Centro-Oeste,Maio/2025,217694.0,207190.0,4181059.0,10504.0,2025-05-01,0.002512282175401017,4181059.0
Centro-Oeste,Junho/2025,213731.0,189855.0,4204935.0,23876.0,2025-06-01,0.005678090148837021,4204935.0
Centro-Oeste,Julho/2025,225927.0,204664.0,4226198.0,21263.0,2025-07-01,0.005031236113405004,4226198.0
Centro-Oeste,Agosto/2025,216595.0,205066.0,4237727.0,11529.0,2025-08-01,0.0027205622259291362,4237727.0
Centro-Oeste,Setembro/2025,219206.0,204637.0,4252296.0,14569.0,2025-09-01,0.003426149073347669,4252296.0
Centro-Oeste,Outubro/2025,225657.0,213488.0,4264465.0,12169.0,2025-10-01,0.0028535818678310176,4264465.0
Centro-Oeste,Novembro/2025,181864.0,192683.0,4253646.0,-10819.0,2025-11-01,-0.002543465065028919,4253646.0
Centro-Oeste,Dezembro/2025,151338.0,211870.0,,-60532.0,2025-12-01,-0.014230615335643822,4253646.0
Centro-Oeste,Janeiro/2026,235269.0,199857.0,4228526.0,35412.0,2026-01-01,0.008374549429281031,4228526.0
Centro-Oeste,Fevereiro/2026,232652.0,200324.0,4260854.0,32328.0,2026-02-01,0.007587211390017118,4260854.0
Centro-Oeste,Março/2026,241191.0,220961.0,4281084.0,20230.0,2026-03-01,0.004725438697301899,4281084.0
Centro-Oeste,Abril/2026,221420.0,210530.0,4291974.0,10890.0,2026-04-01,0.0025372940283422034,4291974.0
Centro-Oeste,Maio/2026,210650.0,208634.0,4293990.0,2016.0,2026-05-01,0.00046949340822871036,4293990.0
Centro-Oeste,Junho/2026,216690.0,197073.0,4313607.0,19617.0,2026-06-01,0.004547702189837878,4313607.0
Distrito Federal,Janeiro/2020,25269.0,24582.0,820925.0,687.0,2020-01-01,0.0008368608581782745,820925.0
Distrito Federal,Fevereiro/2020,26864.0,22245.0,825544.0,4619.0,2020-02-01,0.005595098504743539,825544.0
Distrito Federal,Março/2020,23507.0,31806.0,817245.0,-8299.0,2020-03-01,-0.010154849524928265,817245.0
Distrito Federal,Abril/2020,10051.0,26382.0,800914.0,-16331.0,2020-04-01,-0.020390453906411924,800914.0
Distrito Federal,Maio/2020,12090.0,17793.0,795211.0,-5703.0,2020-05-01,-0.0071716814782491695,795211.0
Distrito Federal,Junho/2020,15497.0,18470.0,792238.0,-2973.0,2020-06-01,-0.0037526601854493222,792238.0
Distrito Federal,Julho/2020,19568.0,18227.0,793579.0,1341.0,2020-07-01,0.0016898128604713582,793579.0
Distrito Federal,Agosto/2020,21510.0,18214.0,796875.0,3296.0,2020-08-01,0.004136156862745098,796875.0
Distrito Federal,Setembro/2020,21112.0,18695.0,799292.0,2417.0,2020-09-01,0.003023926174664578,799292.0
Distrito Federal,Outubro/2020,24057.0,19450.0,803899.0,4607.0,2020-10-01,0.005730819418857344,803899.0
Distrito Federal,Novembro/2020,23406.0,19213.0,808092.0,4193.0,2020-11-01,0.005188765635595947,808092.0
Distrito Federal,Dezembro/2020,20450.0,21408.0,807134.0,-958.0,2020-12-01,-0.0011869156794286947,807134.0
Distrito Federal,Janeiro/2021,24485.0,20664.0,810955.0,3821.0,2021-01-01,0.004711728764234761,810955.0
Distrito Federal,Fevereiro/2021,25299.0,21928.0,814326.0,3371.0,2021-02-01,0.004139619759162792,814326.0
Distrito Federal,Março/2021,23638.0,21519.0,816445.0,2119.0,2021-03-01,0.0025953983428154987,816445.0
Distrito Federal,Abril/2021,23046.0,19471.0,820020.0,3575.0,2021-04-01,0.004359649764639887,820020.0
Distrito Federal,Maio/2021,24577.0,21021.0,823576.0,3556.0,2021-05-01,0.004317755738389657,823576.0
Distrito Federal,Junho/2021,27406.0,22656.0,828326.0,4750.0,2021-06-01,0.00573445720646219,828326.0
Distrito Federal,Julho/2021,29292.0,21558.0,836060.0,7734.0,2021-07-01,0.00925053225845035,836060.0
Distrito Federal,Agosto/2021,31878.0,22524.0,845414.0,9354.0,2021-08-01,0.011064401583129685,845414.0
Distrito Federal,Setembro/2021,30269.0,23723.0,851960.0,6546.0,2021-09-01,0.007683459317338842,851960.0
Distrito Federal,Outubro/2021,29996.0,24595.0,857361.0,5401.0,2021-10-01,0.006299563427774298,857361.0
Distrito Federal,Novembro/2021,31796.0,23894.0,865263.0,7902.0,2021-11-01,0.00913248341833639,865263.0
Distrito Federal,Dezembro/2021,26850.0,30051.0,862062.0,-3201.0,2021-12-01,-0.0037131900025752207,862062.0
Distrito Federal,Janeiro/2022,31723.0,28631.0,865154.0,3092.0,2022-01-01,0.0035739301904632007,865154.0
Distrito Federal,Fevereiro/2022,35872.0,28672.0,872354.0,7200.0,2022-02-01,0.00825353010360473,872354.0
Distrito Federal,Março/2022,33701.0,29123.0,876932.0,4578.0,2022-03-01,0.005220473195185031,876932.0
Distrito Federal,Abril/2022,32349.0,26863.0,882418.0,5486.0,2022-04-01,0.006217008265923859,882418.0
Distrito Federal,Maio/2022,34095.0,29638.0,886875.0,4457.0,2022-05-01,0.005025510923185342,886875.0
Distrito Federal,Junho/2022,33269.0,28928.0,891216.0,4341.0,2022-06-01,0.004870873054343728,891216.0
Distrito Federal,Julho/2022,34215.0,29999.0,895432.0,4216.0,2022-07-01,0.004708341895308633,895432.0
Distrito Federal,Agosto/2022,35994.0,30655.0,900771.0,5339.0,2022-08-01,0.0059271446349849185,900771.0
Distrito Federal,Setembro/2022,35461.0,28653.0,907579.0,6808.0,2022-09-01,0.0075012753710696255,907579.0
Distrito Federal,Outubro/2022,33231.0,28431.0,912379.0,4800.0,2022-10-01,0.00526097159184944,912379.0
Distrito Federal,Novembro/2022,31818.0,27684.0,916513.0,4134.0,2022-11-01,0.004510574318094779,916513.0
Distrito Federal,Dezembro/2022,26494.0,34756.0,908251.0,-8262.0,2022-12-01,-0.009096604352761516,908251.0
Distrito Federal,Janeiro/2023,31903.0,32972.0,907182.0,-1069.0,2023-01-01,-0.0011783743504610981,907182.0
Distrito Federal,Fevereiro/2023,36792.0,29275.0,914699.0,7517.0,2023-02-01,0.008218003955399535,914699.0
Distrito Federal,Março/2023,36276.0,31177.0,919798.0,5099.0,2023-03-01,0.005543608487950615,919798.0
Distrito Federal,Abril/2023,31807.0,26039.0,925566.0,5768.0,2023-04-01,0.006231862449571398,925566.0
Distrito Federal,Maio/2023,33418.0,31842.0,927142.0,1576.0,2023-05-01,0.0016998474883027626,927142.0
Distrito Federal,Junho/2023,33300.0,30557.0,929885.0,2743.0,2023-06-01,0.0029498271291611327,929885.0
Distrito Federal,Julho/2023,35042.0,30767.0,934160.0,4275.0,2023-07-01,0.00457630384516571,934160.0
Distrito Federal,Agosto/2023,37207.0,33340.0,938027.0,3867.0,2023-08-01,0.004122482615105962,938027.0
Distrito Federal,Setembro/2023,34061.0,29968.0,942120.0,4093.0,2023-09-01,0.00434445718167537,942120.0
Distrito Federal,Outubro/2023,35858.0,30679.0,947299.0,5179.0,2023-10-01,0.005467122840834837,947299.0
Distrito Federal,Novembro/2023,33194.0,29142.0,951351.0,4052.0,2023-11-01,0.004259206118456805,951351.0
Distrito Federal,Dezembro/2023,27519.0,33250.0,945620.0,-5731.0,2023-12-01,-0.006060574014932003,945620.0
Distrito Federal,Janeiro/2024,35508.0,32650.0,948478.0,2858.0,2024-01-01,0.003013248594063331,948478.0
Distrito Federal,Fevereiro/2024,38813.0,32302.0,954989.0,6511.0,2024-02-01,0.006817879577670528,954989.0
Distrito Federal,Março/2024,39878.0,32855.0,962012.0,7023.0,2024-03-01,0.007300324736073978,962012.0
Distrito Federal,Abril/2024,38284.0,33026.0,967270.0,5258.0,2024-04-01,0.005435917582474387,967270.0
Distrito Federal,Maio/2024,37001.0,34508.0,969763.0,2493.0,2024-05-01,0.0025707311992723995,969763.0
Distrito Federal,Junho/2024,35542.0,32366.0,972939.0,3176.0,2024-06-01,0.003264336201961274,972939.0
Distrito Federal,Julho/2024,38171.0,35190.0,975920.0,2981.0,2024-07-01,0.0030545536519386834,975920.0
Distrito Federal,Agosto/2024,39671.0,35575.0,980016.0,4096.0,2024-08-01,0.0041795235996147,980016.0
Distrito Federal,Setembro/2024,39539.0,33328.0,986227.0,6211.0,2024-09-01,0.006297738755884802,986227.0
Distrito Federal,Outubro/2024,40436.0,36597.0,990066.0,3839.0,2024-10-01,0.0038775192764926784,990066.0
Distrito Federal,Novembro/2024,34863.0,31647.0,993282.0,3216.0,2024-11-01,0.0032377512126465597,993282.0
Distrito Federal,Dezembro/2024,32965.0,38833.0,987414.0,-5868.0,2024-12-01,-0.005942796030844205,987414.0
Distrito Federal,Janeiro/2025,43191.0,35706.0,994899.0,7485.0,2025-01-01,0.0075233767447750975,994899.0
Distrito Federal,Fevereiro/2025,43723.0,36693.0,1001929.0,7030.0,2025-02-01,0.007016465238554827,1001929.0
Distrito Federal,Março/2025,38667.0,35615.0,1004981.0,3052.0,2025-03-01,0.0030368733339237257,1004981.0
Distrito Federal,Abril/2025,38820.0,32082.0,1011719.0,6738.0,2025-04-01,0.0066599520222512375,1011719.0
Distrito Federal,Maio/2025,40089.0,37132.0,1014676.0,2957.0,2025-05-01,0.002914230749520044,1014676.0
Distrito Federal,Junho/2025,38730.0,34865.0,1018541.0,3865.0,2025-06-01,0.003794643514595878,1018541.0
Distrito Federal,Julho/2025,39542.0,37793.0,1020290.0,1749.0,2025-07-01,0.001714218506503053,1020290.0
Distrito Federal,Agosto/2025,40423.0,37378.0,1023335.0,3045.0,2025-08-01,0.002975565186375918,1023335.0
Distrito Federal,Setembro/2025,42171.0,38455.0,1027051.0,3716.0,2025-09-01,0.00361812607163617,1027051.0
Distrito Federal,Outubro/2025,53430.0,37963.0,1042518.0,15467.0,2025-10-01,0.014836194674816167,1042518.0
Distrito Federal,Novembro/2025,36452.0,32115.0,1046855.0,4337.0,2025-11-01,0.004142885117805236,1046855.0
Distrito Federal,Dezembro/2025,31064.0,38445.0,,-7381.0,2025-12-01,-0.0070506421615218915,1046855.0
Distrito Federal,Janeiro/2026,39381.0,37369.0,1041486.0,2012.0,2026-01-01,0.0019318550609417698,1041486.0
Distrito Federal,Fevereiro/2026,43391.0,36527.0,1048350.0,6864.0,2026-02-01,0.006547431678351695,1048350.0
Distrito Federal,Março/2026,45739.0,39028.0,1055061.0,6711.0,2026-03-01,0.006360769661659374,1055061.0
Distrito Federal,Abril/2026,40845.0,36646.0,1059260.0,4199.0,2026-04-01,0.003964088137001303,1059260.0
Distrito Federal,Maio/2026,40567.0,38657.0,1061170.0,1910.0,2026-05-01,0.0017999001102556613,1061170.0
Distrito Federal,Junho/2026,42184.0,36680.0,1066674.0,5504.0,2026-06-01,0.005159964525243889,1066674.0
Espírito Santo,Janeiro/2020,26623.0,26309.0,724483.0,314.0,2020-01-01,0.0004334125162357157,724483.0
Espírito Santo,Fevereiro/2020,29939.0,26223.0,728199.0,3716.0,2020-02-01,0.00510300069074525,728199.0
Espírito Santo,Março/2020,27126.0,31114.0,724211.0,-3988.0,2020-03-01,-0.0055066824447571215,724211.0
Espírito Santo,Abril/2020,11442.0,29626.0,706027.0,-18184.0,2020-04-01,-0.025755388958212645,706027.0
Espírito Santo,Maio/2020,17066.0,22845.0,700248.0,-5779.0,2020-05-01,-0.008252790439958415,700248.0
Espírito Santo,Junho/2020,18573.0,19696.0,699125.0,-1123.0,2020-06-01,-0.0016062935812622922,699125.0
Espírito Santo,Julho/2020,21964.0,20047.0,701042.0,1917.0,2020-07-01,0.002734500928617686,701042.0
Espírito Santo,Agosto/2020,25284.0,19792.0,706534.0,5492.0,2020-08-01,0.007773157413514424,706534.0
Espírito Santo,Setembro/2020,28017.0,21235.0,713316.0,6782.0,2020-09-01,0.009507707663924544,713316.0
Espírito Santo,Outubro/2020,31982.0,22830.0,722468.0,9152.0,2020-10-01,0.012667689087959606,722468.0
Espírito Santo,Novembro/2020,32994.0,21865.0,733597.0,11129.0,2020-11-01,0.015170454622906037,733597.0
Espírito Santo,Dezembro/2020,27580.0,29469.0,731708.0,-1889.0,2020-12-01,-0.002581630923811138,731708.0
Espírito Santo,Janeiro/2021,30799.0,25607.0,736900.0,5192.0,2021-01-01,0.007045732121047632,736900.0
Espírito Santo,Fevereiro/2021,33407.0,26012.0,744295.0,7395.0,2021-02-01,0.009935576619485553,744295.0
Espírito Santo,Março/2021,34742.0,30204.0,748833.0,4538.0,2021-03-01,0.006060096176317016,748833.0
Espírito Santo,Abril/2021,27453.0,25330.0,750956.0,2123.0,2021-04-01,0.0028270631035639906,750956.0
Espírito Santo,Maio/2021,37781.0,27109.0,761628.0,10672.0,2021-05-01,0.014012089891653144,761628.0
Espírito Santo,Junho/2021,34708.0,29998.0,766338.0,4710.0,2021-06-01,0.006146113072821653,766338.0
Espírito Santo,Julho/2021,33856.0,31362.0,768832.0,2494.0,2021-07-01,0.0032438816282360774,768832.0
Espírito Santo,Agosto/2021,37763.0,32679.0,773916.0,5084.0,2021-08-01,0.0065691883873702055,773916.0
Espírito Santo,Setembro/2021,34612.0,28545.0,779983.0,6067.0,2021-09-01,0.007778374656883548,779983.0
Espírito Santo,Outubro/2021,34406.0,31071.0,783318.0,3335.0,2021-10-01,0.00425753014739863,783318.0
Espírito Santo,Novembro/2021,35989.0,27494.0,791813.0,8495.0,2021-11-01,0.010728543229272568,791813.0
Espírito Santo,Dezembro/2021,30580.0,35560.0,786833.0,-4980.0,2021-12-01,-0.006329170230531765,786833.0
Espírito Santo,Janeiro/2022,36563.0,32889.0,790507.0,3674.0,2022-01-01,0.004647650178935797,790507.0
Espírito Santo,Fevereiro/2022,41628.0,34549.0,797586.0,7079.0,2022-02-01,0.008875531917561241,797586.0
Espírito Santo,Março/2022,38862.0,35915.0,800533.0,2947.0,2022-03-01,0.003681297335650123,800533.0
Espírito Santo,Abril/2022,39260.0,33833.0,805960.0,5427.0,2022-04-01,0.006733584793289989,805960.0
Espírito Santo,Maio/2022,49503.0,36237.0,819226.0,13266.0,2022-05-01,0.016193333707670413,819226.0
Espírito Santo,Junho/2022,39380.0,37062.0,821544.0,2318.0,2022-06-01,0.002821516559064396,821544.0
Espírito Santo,Julho/2022,37051.0,37565.0,821030.0,-514.0,2022-07-01,-0.0006260428973362727,821030.0
Espírito Santo,Agosto/2022,42474.0,38129.0,825375.0,4345.0,2022-08-01,0.0052642738149326065,825375.0
Espírito Santo,Setembro/2022,41062.0,33327.0,833110.0,7735.0,2022-09-01,0.009284488242849083,833110.0
Espírito Santo,Outubro/2022,37514.0,34342.0,836282.0,3172.0,2022-10-01,0.003792978923377521,836282.0
Espírito Santo,Novembro/2022,36505.0,32804.0,839983.0,3701.0,2022-11-01,0.00440604155084091,839983.0
Espírito Santo,Dezembro/2022,30276.0,37359.0,832900.0,-7083.0,2022-12-01,-0.008504022091487573,832900.0
Espírito Santo,Janeiro/2023,39760.0,38125.0,834535.0,1635.0,2023-01-01,0.0019591748698376942,834535.0
Espírito Santo,Fevereiro/2023,39368.0,35802.0,838101.0,3566.0,2023-02-01,0.004254857111493722,838101.0
Espírito Santo,Março/2023,46457.0,42009.0,842549.0,4448.0,2023-03-01,0.005279218181969239,842549.0
Espírito Santo,Abril/2023,40150.0,34361.0,848338.0,5789.0,2023-04-01,0.006823931027491401,848338.0
Espírito Santo,Maio/2023,53928.0,40335.0,861931.0,13593.0,2023-05-01,0.015770403895439426,861931.0
Espírito Santo,Junho/2023,42581.0,41945.0,862567.0,636.0,2023-06-01,0.0007373340273856987,862567.0
Espírito Santo,Julho/2023,41987.0,40176.0,864378.0,1811.0,2023-07-01,0.0020951481874827912,864378.0
Espírito Santo,Agosto/2023,43789.0,43474.0,864693.0,315.0,2023-08-01,0.000364291141480271,864693.0
Espírito Santo,Setembro/2023,40325.0,35910.0,869108.0,4415.0,2023-09-01,0.005079921022473617,869108.0
Espírito Santo,Outubro/2023,41141.0,37717.0,872532.0,3424.0,2023-10-01,0.00392421137562863,872532.0
Espírito Santo,Novembro/2023,39677.0,37905.0,874304.0,1772.0,2023-11-01,0.0020267549959739404,874304.0
Espírito Santo,Dezembro/2023,34300.0,41170.0,867434.0,-6870.0,2023-12-01,-0.007919910909648458,867434.0
Espírito Santo,Janeiro/2024,43899.0,40283.0,871050.0,3616.0,2024-01-01,0.004151311635382585,871050.0
Espírito Santo,Fevereiro/2024,45858.0,41104.0,875804.0,4754.0,2024-02-01,0.005428155158003389,875804.0
Espírito Santo,Março/2024,49167.0,43066.0,881905.0,6101.0,2024-03-01,0.006917978693850245,881905.0
Espírito Santo,Abril/2024,51972.0,43805.0,890072.0,8167.0,2024-04-01,0.009175662193620291,890072.0
Espírito Santo,Maio/2024,52900.0,45623.0,897349.0,7277.0,2024-05-01,0.008109442368576775,897349.0
Espírito Santo,Junho/2024,45337.0,45196.0,897490.0,141.0,2024-06-01,0.00015710481453832354,897490.0
Espírito Santo,Julho/2024,48876.0,49905.0,896461.0,-1029.0,2024-07-01,-0.0011478469225097356,896461.0
Espírito Santo,Agosto/2024,48666.0,46151.0,898976.0,2515.0,2024-08-01,0.002797627522870466,898976.0
Espírito Santo,Setembro/2024,46307.0,40672.0,904611.0,5635.0,2024-09-01,0.006229196859202464,904611.0
Espírito Santo,Outubro/2024,48747.0,44451.0,908907.0,4296.0,2024-10-01,0.004726556182315682,908907.0
Espírito Santo,Novembro/2024,41923.0,41728.0,909102.0,195.0,2024-11-01,0.00021449738313192578,909102.0
Espírito Santo,Dezembro/2024,34766.0,41856.0,902012.0,-7090.0,2024-12-01,-0.007860205850919944,902012.0
Espírito Santo,Janeiro/2025,47282.0,46731.0,902563.0,551.0,2025-01-01,0.000610483700306793,902563.0
Espírito Santo,Fevereiro/2025,54914.0,48640.0,908837.0,6274.0,2025-02-01,0.006903328099538201,908837.0
Espírito Santo,Março/2025,48232.0,46421.0,910648.0,1811.0,2025-03-01,0.001988693765318762,910648.0
Espírito Santo,Abril/2025,52854.0,44301.0,919201.0,8553.0,2025-04-01,0.009304820164468925,919201.0
Espírito Santo,Maio/2025,55835.0,48541.0,926495.0,7294.0,2025-05-01,0.007872681449980842,926495.0
Espírito Santo,Junho/2025,46033.0,49381.0,923147.0,-3348.0,2025-06-01,-0.0036267246711520484,923147.0
Espírito Santo,Julho/2025,49576.0,51957.0,920766.0,-2381.0,2025-07-01,-0.002585890443391698,920766.0
Espírito Santo,Agosto/2025,47949.0,47043.0,921672.0,906.0,2025-08-01,0.0009829961200947842,921672.0
Espírito Santo,Setembro/2025,48619.0,44826.0,925465.0,3793.0,2025-09-01,0.004098480223455236,925465.0
Espírito Santo,Outubro/2025,49017.0,49313.0,925169.0,-296.0,2025-10-01,-0.00031994154581487276,925169.0
Espírito Santo,Novembro/2025,41395.0,40386.0,926178.0,1009.0,2025-11-01,0.0010894234153693999,926178.0
Espírito Santo,Dezembro/2025,34437.0,44409.0,,-9972.0,2025-12-01,-0.010766828838517001,926178.0
Espírito Santo,Janeiro/2026,48349.0,45915.0,918640.0,2434.0,2026-01-01,0.002649568927980493,918640.0
Espírito Santo,Fevereiro/2026,49789.0,46943.0,921486.0,2846.0,2026-02-01,0.003088489678627782,921486.0
Espírito Santo,Março/2026,56440.0,49048.0,928878.0,7392.0,2026-03-01,0.007957988024261528,928878.0
Espírito Santo,Abril/2026,50634.0,47023.0,932489.0,3611.0,2026-04-01,0.003872431739141159,932489.0
Espírito Santo,Maio/2026,58688.0,49156.0,942021.0,9532.0,2026-05-01,0.010118670390575157,942021.0
Espírito Santo,Junho/2026,48527.0,50786.0,939762.0,-2259.0,2026-06-01,-0.0024038001110919575,939762.0
Goiás,Janeiro/2020,51664.0,44491.0,1154528.0,7173.0,2020-01-01,0.006212928573408354,1154528.0
Goiás,Fevereiro/2020,51623.0,41507.0,1164644.0,10116.0,2020-02-01,0.008685916039579477,1164644.0
Goiás,Março/2020,46120.0,46854.0,1163910.0,-734.0,2020-03-01,-0.000630632952719712,1163910.0
Goiás,Abril/2020,25778.0,46758.0,1142930.0,-20980.0,2020-04-01,-0.01835632978397627,1142930.0
Goiás,Maio/2020,29323.0,34299.0,1137954.0,-4976.0,2020-05-01,-0.0043727602345964775,1137954.0
Goiás,Junho/2020,37090.0,32635.0,1142409.0,4455.0,2020-06-01,0.0038996541518843074,1142409.0
Goiás,Julho/2020,40277.0,34018.0,1148668.0,6259.0,2020-07-01,0.005448919966430683,1148668.0
Goiás,Agosto/2020,44291.0,36596.0,1156363.0,7695.0,2020-08-01,0.006654484794134714,1156363.0
Goiás,Setembro/2020,47474.0,39631.0,1164206.0,7843.0,2020-09-01,0.006736780260538084,1164206.0
Goiás,Outubro/2020,52452.0,44011.0,1172647.0,8441.0,2020-10-01,0.007198244655041116,1172647.0
Goiás,Novembro/2020,50791.0,45670.0,1177768.0,5121.0,2020-11-01,0.004348054964984615,1177768.0
Goiás,Dezembro/2020,44043.0,45247.0,1176564.0,-1204.0,2020-12-01,-0.0010233187484913699,1176564.0
Goiás,Janeiro/2021,59075.0,42193.0,1193446.0,16882.0,2021-01-01,0.014145591840770341,1193446.0
Goiás,Fevereiro/2021,61991.0,42431.0,1213006.0,19560.0,2021-02-01,0.01612522938880764,1213006.0
Goiás,Março/2021,54609.0,48237.0,1219378.0,6372.0,2021-03-01,0.0052256150266775355,1219378.0
Goiás,Abril/2021,56092.0,44778.0,1230692.0,11314.0,2021-04-01,0.009193201873417557,1230692.0
Goiás,Maio/2021,59203.0,46255.0,1243640.0,12948.0,2021-05-01,0.010411373066160625,1243640.0
Goiás,Junho/2021,62773.0,46284.0,1260129.0,16489.0,2021-06-01,0.01308516826451895,1260129.0
Goiás,Julho/2021,63143.0,49464.0,1273808.0,13679.0,2021-07-01,0.010738667051863389,1273808.0
Goiás,Agosto/2021,65715.0,53792.0,1285731.0,11923.0,2021-08-01,0.00927332389123386,1285731.0
Goiás,Setembro/2021,64396.0,57487.0,1292640.0,6909.0,2021-09-01,0.005344875603416265,1292640.0
Goiás,Outubro/2021,64469.0,60828.0,1296281.0,3641.0,2021-10-01,0.0028088045724653835,1296281.0
Goiás,Novembro/2021,63052.0,60222.0,1299111.0,2830.0,2021-11-01,0.002178412776121517,1299111.0
Goiás,Dezembro/2021,54144.0,61604.0,1291651.0,-7460.0,2021-12-01,-0.005775553922847581,1291651.0
Goiás,Janeiro/2022,72051.0,59276.0,1304426.0,12775.0,2022-01-01,0.009793579704789694,1304426.0
Goiás,Fevereiro/2022,76911.0,59232.0,1322105.0,17679.0,2022-02-01,0.013371857757137293,1322105.0
Goiás,Março/2022,75579.0,67169.0,1330515.0,8410.0,2022-03-01,0.0063208607193455165,1330515.0
Goiás,Abril/2022,77674.0,64360.0,1343829.0,13314.0,2022-04-01,0.009907510553798139,1343829.0
Goiás,Maio/2022,78989.0,63935.0,1358883.0,15054.0,2022-05-01,0.011078216446890572,1358883.0
Goiás,Junho/2022,77677.0,65320.0,1371240.0,12357.0,2022-06-01,0.009011551588343398,1371240.0
Goiás,Julho/2022,73512.0,64440.0,1380312.0,9072.0,2022-07-01,0.006572427103437484,1380312.0
Goiás,Agosto/2022,78259.0,70670.0,1387901.0,7589.0,2022-08-01,0.005467969257173242,1387901.0
Goiás,Setembro/2022,74262.0,65885.0,1396278.0,8377.0,2022-09-01,0.0059995215852430535,1396278.0
Goiás,Outubro/2022,68868.0,67922.0,1397224.0,946.0,2022-10-01,0.0006770567926116356,1397224.0
Goiás,Novembro/2022,63656.0,66168.0,1394712.0,-2512.0,2022-11-01,-0.001801088683541835,1394712.0
Goiás,Dezembro/2022,53659.0,65881.0,1382490.0,-12222.0,2022-12-01,-0.008840570275372698,1382490.0
Goiás,Janeiro/2023,78243.0,67629.0,1393104.0,10614.0,2023-01-01,0.007618957378630741,1393104.0
Goiás,Fevereiro/2023,75453.0,63918.0,1404639.0,11535.0,2023-02-01,0.008212074419121211,1404639.0
Goiás,Março/2023,86222.0,72552.0,1418309.0,13670.0,2023-03-01,0.009638238211842412,1418309.0
Goiás,Abril/2023,77787.0,65862.0,1430234.0,11925.0,2023-04-01,0.008337796472465344,1430234.0
Goiás,Maio/2023,78198.0,71901.0,1436531.0,6297.0,2023-05-01,0.004383476583519604,1436531.0
Goiás,Junho/2023,76905.0,71814.0,1441622.0,5091.0,2023-06-01,0.003531438893135649,1441622.0
Goiás,Julho/2023,74011.0,68576.0,1447057.0,5435.0,2023-07-01,0.003755899041986598,1447057.0
Goiás,Agosto/2023,80421.0,74270.0,1453208.0,6151.0,2023-08-01,0.004232704471761785,1453208.0
Goiás,Setembro/2023,74409.0,69920.0,1457697.0,4489.0,2023-09-01,0.0030795151530119084,1457697.0
Goiás,Outubro/2023,74489.0,73807.0,1458379.0,682.0,2023-10-01,0.00046764249896631807,1458379.0
Goiás,Novembro/2023,69259.0,76332.0,1451306.0,-7073.0,2023-11-01,-0.0048735414860821905,1451306.0
Goiás,Dezembro/2023,56825.0,73053.0,1435078.0,-16228.0,2023-12-01,-0.011308096145296632,1435078.0
Goiás,Janeiro/2024,86239.0,71313.0,1450004.0,14926.0,2024-01-01,0.01029376470685598,1450004.0
Goiás,Fevereiro/2024,86855.0,72749.0,1464110.0,14106.0,2024-02-01,0.009634521996298093,1464110.0
Goiás,Março/2024,90833.0,75091.0,1479852.0,15742.0,2024-03-01,0.010637550241510637,1479852.0
Goiás,Abril/2024,91738.0,78154.0,1493436.0,13584.0,2024-04-01,0.009095803234956169,1493436.0
Goiás,Maio/2024,83129.0,81377.0,1495188.0,1752.0,2024-05-01,0.001171759002881243,1495188.0
Goiás,Junho/2024,82140.0,73535.0,1503793.0,8605.0,2024-06-01,0.005722197137504962,1503793.0
Goiás,Julho/2024,83246.0,77705.0,1509334.0,5541.0,2024-07-01,0.0036711556222810858,1509334.0
Goiás,Agosto/2024,82772.0,78037.0,1514069.0,4735.0,2024-08-01,0.00312733435530349,1514069.0
Goiás,Setembro/2024,79654.0,74138.0,1519585.0,5516.0,2024-09-01,0.003629938437139087,1519585.0
Goiás,Outubro/2024,82261.0,82306.0,1519540.0,-45.0,2024-10-01,-2.961422535767403e-05,1519540.0
Goiás,Novembro/2024,72689.0,75834.0,1516395.0,-3145.0,2024-11-01,-0.0020739978699481337,1516395.0
Goiás,Dezembro/2024,59063.0,81400.0,1494058.0,-22337.0,2024-12-01,-0.01495055747501101,1494058.0
Goiás,Janeiro/2025,94858.0,80663.0,1508253.0,14195.0,2025-01-01,0.009411550979842241,1508253.0
Goiás,Fevereiro/2025,98124.0,77540.0,1528837.0,20584.0,2025-02-01,0.013463829041290863,1528837.0
Goiás,Março/2025,87970.0,81630.0,1535177.0,6340.0,2025-03-01,0.004129816952703174,1535177.0
Goiás,Abril/2025,92435.0,77655.0,1549957.0,14780.0,2025-04-01,0.009535748411084953,1549957.0
Goiás,Maio/2025,85993.0,84546.0,1551404.0,1447.0,2025-05-01,0.0009327035382144174,1551404.0
Goiás,Junho/2025,82776.0,74862.0,1559318.0,7914.0,2025-06-01,0.005075295738265062,1559318.0
Goiás,Julho/2025,87908.0,80957.0,1566269.0,6951.0,2025-07-01,0.004437934990732754,1566269.0
Goiás,Agosto/2025,84643.0,81694.0,1569218.0,2949.0,2025-08-01,0.0018792799980627292,1569218.0
Goiás,Setembro/2025,85461.0,79724.0,1574955.0,5737.0,2025-09-01,0.0036426437580756275,1574955.0
Goiás,Outubro/2025,83885.0,86212.0,1572628.0,-2327.0,2025-10-01,-0.001479688775730815,1572628.0
Goiás,Novembro/2025,71221.0,79634.0,1564215.0,-8413.0,2025-11-01,-0.005378416649885086,1564215.0
Goiás,Dezembro/2025,60204.0,83044.0,,-22840.0,2025-12-01,-0.014601573313131506,1564215.0
Goiás,Janeiro/2026,88714.0,77981.0,1552108.0,10733.0,2026-01-01,0.006915111577287148,1552108.0
Goiás,Fevereiro/2026,90284.0,75726.0,1566666.0,14558.0,2026-02-01,0.009292344379721013,1566666.0
Goiás,Março/2026,96367.0,84686.0,1578347.0,11681.0,2026-03-01,0.007400780690177762,1578347.0
Goiás,Abril/2026,89617.0,83695.0,1584269.0,5922.0,2026-04-01,0.003738001564128314,1584269.0
Goiás,Maio/2026,81327.0,84069.0,1581527.0,-2742.0,2026-05-01,-0.001733767428567454,1581527.0
Goiás,Junho/2026,81728.0,77948.0,1585307.0,3780.0,2026-06-01,0.002384396208431553,1585307.0
Maranhão,Janeiro/2020,11806.0,11770.0,463173.0,36.0,2020-01-01,7.772473784093633e-05,463173.0
Maranhão,Fevereiro/2020,12178.0,10299.0,465052.0,1879.0,2020-02-01,0.00404040838443873,465052.0
Maranhão,Março/2020,11559.0,12637.0,463974.0,-1078.0,2020-03-01,-0.0023234060529253794,463974.0
Maranhão,Abril/2020,7102.0,13045.0,458031.0,-5943.0,2020-04-01,-0.012975104305167117,458031.0
Maranhão,Maio/2020,9473.0,10703.0,456801.0,-1230.0,2020-05-01,-0.002692638588794683,456801.0
Maranhão,Junho/2020,12115.0,8346.0,460570.0,3769.0,2020-06-01,0.008183338037649,460570.0
Maranhão,Julho/2020,14455.0,9083.0,465942.0,5372.0,2020-07-01,0.011529331976941335,465942.0
Maranhão,Agosto/2020,15837.0,9802.0,471977.0,6035.0,2020-08-01,0.012786640026950466,471977.0
Maranhão,Setembro/2020,15693.0,10436.0,477234.0,5257.0,2020-09-01,0.011015560500718726,477234.0
Maranhão,Outubro/2020,17142.0,10930.0,483446.0,6212.0,2020-10-01,0.012849418549331259,483446.0
Maranhão,Novembro/2020,15422.0,11002.0,487866.0,4420.0,2020-11-01,0.009059864798940692,487866.0
Maranhão,Dezembro/2020,11171.0,14188.0,484849.0,-3017.0,2020-12-01,-0.006222555888534369,484849.0
Maranhão,Janeiro/2021,15332.0,15163.0,485018.0,169.0,2021-01-01,0.0003484406764285037,485018.0
Maranhão,Fevereiro/2021,16464.0,12857.0,488625.0,3607.0,2021-02-01,0.007381939114863136,488625.0
Maranhão,Março/2021,16158.0,12469.0,492314.0,3689.0,2021-03-01,0.007493185243564067,492314.0
Maranhão,Abril/2021,15286.0,12186.0,495414.0,3100.0,2021-04-01,0.006257392806824191,495414.0
Maranhão,Maio/2021,15803.0,12102.0,499115.0,3701.0,2021-05-01,0.007415124770844395,499115.0
Maranhão,Junho/2021,18986.0,11943.0,506158.0,7043.0,2021-06-01,0.013914627448346168,506158.0
Maranhão,Julho/2021,18427.0,13306.0,511279.0,5121.0,2021-07-01,0.010016057768850275,511279.0
Maranhão,Agosto/2021,18092.0,13417.0,515954.0,4675.0,2021-08-01,0.00906088527271811,515954.0
Maranhão,Setembro/2021,17610.0,14344.0,519220.0,3266.0,2021-09-01,0.006290204537575594,519220.0
Maranhão,Outubro/2021,18679.0,13491.0,524408.0,5188.0,2021-10-01,0.00989306036521182,524408.0
Maranhão,Novembro/2021,17321.0,14475.0,527254.0,2846.0,2021-11-01,0.005397777921077886,527254.0
Maranhão,Dezembro/2021,15163.0,16250.0,526167.0,-1087.0,2021-12-01,-0.0020658840254139843,526167.0
Maranhão,Janeiro/2022,18164.0,17467.0,526864.0,697.0,2022-01-01,0.0013229220443985545,526864.0
Maranhão,Fevereiro/2022,19824.0,16300.0,530388.0,3524.0,2022-02-01,0.006644192553376019,530388.0
Maranhão,Março/2022,19008.0,17397.0,531999.0,1611.0,2022-03-01,0.003028201180829287,531999.0
Maranhão,Abril/2022,20212.0,16800.0,535411.0,3412.0,2022-04-01,0.006372674450095347,535411.0
Maranhão,Maio/2022,22121.0,17157.0,540375.0,4964.0,2022-05-01,0.009186213277816331,540375.0
Maranhão,Junho/2022,23248.0,16515.0,547108.0,6733.0,2022-06-01,0.012306528144351755,547108.0
Maranhão,Julho/2022,22862.0,17554.0,552416.0,5308.0,2022-07-01,0.009608700689335573,552416.0
Maranhão,Agosto/2022,24761.0,19219.0,557958.0,5542.0,2022-08-01,0.009932647260188042,557958.0
Maranhão,Setembro/2022,23412.0,16330.0,565040.0,7082.0,2022-09-01,0.012533625937986691,565040.0
Maranhão,Outubro/2022,20068.0,16941.0,568167.0,3127.0,2022-10-01,0.005503663535545007,568167.0
Maranhão,Novembro/2022,19670.0,17935.0,569902.0,1735.0,2022-11-01,0.0030443830693698214,569902.0
Maranhão,Dezembro/2022,15024.0,19935.0,564991.0,-4911.0,2022-12-01,-0.008692173857636671,564991.0
Maranhão,Janeiro/2023,19660.0,18603.0,566048.0,1057.0,2023-01-01,0.0018673328056984567,566048.0
Maranhão,Fevereiro/2023,18068.0,17237.0,566879.0,831.0,2023-02-01,0.0014659212989015292,566879.0
Maranhão,Março/2023,21582.0,18824.0,569637.0,2758.0,2023-03-01,0.004841679876833843,569637.0
Maranhão,Abril/2023,18503.0,16302.0,571838.0,2201.0,2023-04-01,0.0038489921970907845,571838.0
Maranhão,Maio/2023,20303.0,17881.0,574260.0,2422.0,2023-05-01,0.00421760178316442,574260.0
Maranhão,Junho/2023,23574.0,18685.0,579149.0,4889.0,2023-06-01,0.008441696351025384,579149.0
Maranhão,Julho/2023,20932.0,18346.0,581735.0,2586.0,2023-07-01,0.004445323042278701,581735.0
Maranhão,Agosto/2023,22916.0,20507.0,584144.0,2409.0,2023-08-01,0.004123983127448026,584144.0
Maranhão,Setembro/2023,21453.0,18603.0,586994.0,2850.0,2023-09-01,0.004855245539136686,586994.0
Maranhão,Outubro/2023,20936.0,18579.0,589351.0,2357.0,2023-10-01,0.003999314500187494,589351.0
Maranhão,Novembro/2023,19829.0,18400.0,590780.0,1429.0,2023-11-01,0.0024188361149666544,590780.0
Maranhão,Dezembro/2023,14815.0,18501.0,587094.0,-3686.0,2023-12-01,-0.0062783813154281935,587094.0
Maranhão,Janeiro/2024,19946.0,20777.0,586263.0,-831.0,2024-01-01,-0.0014174525767445669,586263.0
Maranhão,Fevereiro/2024,19392.0,20612.0,585043.0,-1220.0,2024-02-01,-0.002085316805773251,585043.0
Maranhão,Março/2024,22112.0,19335.0,587820.0,2777.0,2024-03-01,0.004724235310128951,587820.0
Maranhão,Abril/2024,22216.0,19238.0,590798.0,2978.0,2024-04-01,0.005040639948002532,590798.0
Maranhão,Maio/2024,22623.0,20207.0,593214.0,2416.0,2024-05-01,0.004072729234306675,593214.0
Maranhão,Junho/2024,24822.0,18797.0,599239.0,6025.0,2024-06-01,0.010054419021458883,599239.0
Maranhão,Julho/2024,22983.0,20410.0,601812.0,2573.0,2024-07-01,0.0042754215602214644,601812.0
Maranhão,Agosto/2024,23368.0,20852.0,604328.0,2516.0,2024-08-01,0.004163302047894521,604328.0
Maranhão,Setembro/2024,22936.0,18699.0,608565.0,4237.0,2024-09-01,0.006962280117982467,608565.0
Maranhão,Outubro/2024,22079.0,21656.0,608988.0,423.0,2024-10-01,0.00069459496738852,608988.0
Maranhão,Novembro/2024,21308.0,19889.0,610407.0,1419.0,2024-11-01,0.0023246784522457965,610407.0
Maranhão,Dezembro/2024,15800.0,22803.0,603404.0,-7003.0,2024-12-01,-0.011605822964382072,603404.0
Maranhão,Janeiro/2025,24102.0,23083.0,604423.0,1019.0,2025-01-01,0.0016859054006879287,604423.0
Maranhão,Fevereiro/2025,24263.0,22793.0,605893.0,1470.0,2025-02-01,0.0024261709575783184,605893.0
Maranhão,Março/2025,21711.0,20605.0,606999.0,1106.0,2025-03-01,0.0018220787843143068,606999.0
Maranhão,Abril/2025,22816.0,19234.0,610581.0,3582.0,2025-04-01,0.005866543505284311,610581.0
Maranhão,Maio/2025,24074.0,20514.0,614141.0,3560.0,2025-05-01,0.005796714435284405,614141.0
Maranhão,Junho/2025,26415.0,20168.0,620388.0,6247.0,2025-06-01,0.010069504890487888,620388.0
Maranhão,Julho/2025,24208.0,21310.0,623286.0,2898.0,2025-07-01,0.0046495509284662255,623286.0
Maranhão,Agosto/2025,25262.0,22113.0,626435.0,3149.0,2025-08-01,0.005026858333266819,626435.0
Maranhão,Setembro/2025,25141.0,21871.0,629705.0,3270.0,2025-09-01,0.0051929077901557074,629705.0
Maranhão,Outubro/2025,25002.0,21709.0,632998.0,3293.0,2025-10-01,0.005202228127103087,632998.0
Maranhão,Novembro/2025,21754.0,19340.0,635412.0,2414.0,2025-11-01,0.0037991098688724798,635412.0
Maranhão,Dezembro/2025,17310.0,21394.0,,-4084.0,2025-12-01,-0.0064273258924918,635412.0
Maranhão,Janeiro/2026,24323.0,21807.0,633844.0,2516.0,2026-01-01,0.0039694309640858,633844.0
Maranhão,Fevereiro/2026,24102.0,22061.0,635885.0,2041.0,2026-02-01,0.003209699867114337,635885.0
Maranhão,Março/2026,25972.0,24542.0,637315.0,1430.0,2026-03-01,0.002243788393494583,637315.0
Maranhão,Abril/2026,23401.0,22126.0,638590.0,1275.0,2026-04-01,0.0019965862290358444,638590.0
Maranhão,Maio/2026,24452.0,22497.0,640545.0,1955.0,2026-05-01,0.003052088455924252,640545.0
Maranhão,Junho/2026,25756.0,20808.0,645493.0,4948.0,2026-06-01,0.007665458804355741,645493.0
Mato Grosso,Janeiro/2020,39722.0,28717.0,701339.0,11005.0,2020-01-01,0.01569141313972273,701339.0
Mato Grosso,Fevereiro/2020,32900.0,29677.0,704562.0,3223.0,2020-02-01,0.004574473218822474,704562.0
Mato Grosso,Março/2020,29746.0,33177.0,701131.0,-3431.0,2020-03-01,-0.004893522037964375,701131.0
Mato Grosso,Abril/2020,16252.0,28847.0,688536.0,-12595.0,2020-04-01,-0.0182924349634587,688536.0
Mato Grosso,Maio/2020,23146.0,24271.0,687411.0,-1125.0,2020-05-01,-0.001636575498500897,687411.0
Mato Grosso,Junho/2020,30014.0,22475.0,694950.0,7539.0,2020-06-01,0.010848262464925535,694950.0
Mato Grosso,Julho/2020,31349.0,24794.0,701505.0,6555.0,2020-07-01,0.009344195693544593,701505.0
Mato Grosso,Agosto/2020,30900.0,26966.0,705439.0,3934.0,2020-08-01,0.0055766692796967565,705439.0
Mato Grosso,Setembro/2020,34807.0,28842.0,711404.0,5965.0,2020-09-01,0.008384827749070851,711404.0
Mato Grosso,Outubro/2020,36402.0,29278.0,718528.0,7124.0,2020-10-01,0.009914714527478401,718528.0
Mato Grosso,Novembro/2020,32084.0,29841.0,720771.0,2243.0,2020-11-01,0.0031119454029088296,720771.0
Mato Grosso,Dezembro/2020,27169.0,31211.0,716729.0,-4042.0,2020-12-01,-0.005639509493825421,716729.0
Mato Grosso,Janeiro/2021,44806.0,29155.0,732380.0,15651.0,2021-01-01,0.0213700537972091,732380.0
Mato Grosso,Fevereiro/2021,44300.0,30767.0,745913.0,13533.0,2021-02-01,0.018142866527329594,745913.0
Mato Grosso,Março/2021,38965.0,36681.0,748197.0,2284.0,2021-03-01,0.0030526719567172816,748197.0
Mato Grosso,Abril/2021,34793.0,33130.0,749860.0,1663.0,2021-04-01,0.002217747312831729,749860.0
Mato Grosso,Maio/2021,40060.0,31887.0,758033.0,8173.0,2021-05-01,0.01078185250510202,758033.0
Mato Grosso,Junho/2021,47040.0,32775.0,772298.0,14265.0,2021-06-01,0.018470849335360185,772298.0
Mato Grosso,Julho/2021,47113.0,34481.0,784930.0,12632.0,2021-07-01,0.01609315480361306,784930.0
Mato Grosso,Agosto/2021,44636.0,38613.0,790953.0,6023.0,2021-08-01,0.007614864600045767,790953.0
Mato Grosso,Setembro/2021,45644.0,39726.0,796871.0,5918.0,2021-09-01,0.0074265470822755504,796871.0
Mato Grosso,Outubro/2021,43380.0,39638.0,800613.0,3742.0,2021-10-01,0.0046739186098651905,800613.0
Mato Grosso,Novembro/2021,39962.0,38546.0,802029.0,1416.0,2021-11-01,0.0017655221943346188,802029.0
Mato Grosso,Dezembro/2021,33526.0,41480.0,794075.0,-7954.0,2021-12-01,-0.01001668608128955,794075.0
Mato Grosso,Janeiro/2022,55012.0,39189.0,809898.0,15823.0,2022-01-01,0.019537028119590367,809898.0
Mato Grosso,Fevereiro/2022,50363.0,41832.0,818429.0,8531.0,2022-02-01,0.010423628683734325,818429.0
Mato Grosso,Março/2022,49394.0,48750.0,819073.0,644.0,2022-03-01,0.000786254705014083,819073.0
Mato Grosso,Abril/2022,47676.0,43338.0,823411.0,4338.0,2022-04-01,0.005268328939011017,823411.0
Mato Grosso,Maio/2022,52059.0,43503.0,831967.0,8556.0,2022-05-01,0.010284061747641434,831967.0
Mato Grosso,Junho/2022,55291.0,41285.0,845973.0,14006.0,2022-06-01,0.016556083941213252,845973.0
Mato Grosso,Julho/2022,52481.0,44442.0,854012.0,8039.0,2022-07-01,0.00941321667611228,854012.0
Mato Grosso,Agosto/2022,52571.0,48515.0,858068.0,4056.0,2022-08-01,0.004726898101315979,858068.0
Mato Grosso,Setembro/2022,50826.0,44494.0,864400.0,6332.0,2022-09-01,0.007325312355391023,864400.0
Mato Grosso,Outubro/2022,46136.0,45327.0,865209.0,809.0,2022-10-01,0.0009350341940502236,865209.0
Mato Grosso,Novembro/2022,40732.0,45191.0,860750.0,-4459.0,2022-11-01,-0.005180365959918676,860750.0
Mato Grosso,Dezembro/2022,35801.0,44665.0,851886.0,-8864.0,2022-12-01,-0.01040514810667155,851886.0
Mato Grosso,Janeiro/2023,59378.0,44251.0,867013.0,15127.0,2023-01-01,0.017447258576284323,867013.0
Mato Grosso,Fevereiro/2023,51249.0,46180.0,872082.0,5069.0,2023-02-01,0.005812526803672132,872082.0
Mato Grosso,Março/2023,52803.0,52823.0,872062.0,-20.0,2023-03-01,-2.293414917746674e-05,872062.0
Mato Grosso,Abril/2023,48036.0,44365.0,875733.0,3671.0,2023-04-01,0.004191916942721126,875733.0
Mato Grosso,Maio/2023,52570.0,49220.0,879083.0,3350.0,2023-05-01,0.003810789197379542,879083.0
Mato Grosso,Junho/2023,55344.0,44661.0,889766.0,10683.0,2023-06-01,0.012006527558931225,889766.0
Mato Grosso,Julho/2023,52869.0,46655.0,895980.0,6214.0,2023-07-01,0.0069354226656845016,895980.0
Mato Grosso,Agosto/2023,54870.0,50237.0,900613.0,4633.0,2023-08-01,0.005144273955628,900613.0
Mato Grosso,Setembro/2023,51655.0,47245.0,905023.0,4410.0,2023-09-01,0.004872804337569321,905023.0
Mato Grosso,Outubro/2023,50197.0,48310.0,906910.0,1887.0,2023-10-01,0.0020806915790982567,906910.0
Mato Grosso,Novembro/2023,44735.0,48913.0,902732.0,-4178.0,2023-11-01,-0.004628173145518271,902732.0
Mato Grosso,Dezembro/2023,38326.0,50577.0,890481.0,-12251.0,2023-12-01,-0.01375773318015769,890481.0
Mato Grosso,Janeiro/2024,65806.0,48553.0,907734.0,17253.0,2024-01-01,0.019006669354678794,907734.0
Mato Grosso,Fevereiro/2024,59538.0,52109.0,915163.0,7429.0,2024-02-01,0.008117679582762853,915163.0
Mato Grosso,Março/2024,55237.0,54152.0,916248.0,1085.0,2024-03-01,0.0011841772096637592,916248.0
Mato Grosso,Abril/2024,56677.0,53678.0,919247.0,2999.0,2024-04-01,0.0032624528554349376,919247.0
Mato Grosso,Maio/2024,54776.0,51676.0,922347.0,3100.0,2024-05-01,0.0033609910369958376,922347.0
Mato Grosso,Junho/2024,57703.0,48029.0,932021.0,9674.0,2024-06-01,0.010379594451197988,932021.0
Mato Grosso,Julho/2024,58082.0,52270.0,937833.0,5812.0,2024-07-01,0.006197265397997298,937833.0
Mato Grosso,Agosto/2024,54779.0,51046.0,941566.0,3733.0,2024-08-01,0.003964671621532638,941566.0
Mato Grosso,Setembro/2024,51753.0,50030.0,943289.0,1723.0,2024-09-01,0.0018265876099477466,943289.0
Mato Grosso,Outubro/2024,52473.0,52645.0,943117.0,-172.0,2024-10-01,-0.0001823739790503193,943117.0
Mato Grosso,Novembro/2024,43825.0,51677.0,935265.0,-7852.0,2024-11-01,-0.008395481494549674,935265.0
Mato Grosso,Dezembro/2024,35451.0,54967.0,915749.0,-19516.0,2024-12-01,-0.021311516583692694,915749.0
Mato Grosso,Janeiro/2025,70600.0,51093.0,935256.0,19507.0,2025-01-01,0.020857390917566956,935256.0
Mato Grosso,Fevereiro/2025,62641.0,52931.0,944966.0,9710.0,2025-02-01,0.01027550197573246,944966.0
Mato Grosso,Março/2025,53810.0,57354.0,941422.0,-3544.0,2025-03-01,-0.00376451793138465,941422.0
Mato Grosso,Abril/2025,55636.0,51494.0,945564.0,4142.0,2025-04-01,0.004380454416623306,945564.0
Mato Grosso,Maio/2025,55940.0,52927.0,948577.0,3013.0,2025-05-01,0.0031763367654918896,948577.0
Mato Grosso,Junho/2025,58566.0,49178.0,957965.0,9388.0,2025-06-01,0.009799940498870001,957965.0
Mato Grosso,Julho/2025,62082.0,52542.0,967505.0,9540.0,2025-07-01,0.009860414158066367,967505.0
Mato Grosso,Agosto/2025,55963.0,53146.0,970322.0,2817.0,2025-08-01,0.002903159981944138,970322.0
Mato Grosso,Setembro/2025,56798.0,53061.0,974059.0,3737.0,2025-09-01,0.0038365232496183495,974059.0
Mato Grosso,Outubro/2025,53702.0,55553.0,972208.0,-1851.0,2025-10-01,-0.0019039135658213057,972208.0
Mato Grosso,Novembro/2025,45018.0,50820.0,966406.0,-5802.0,2025-11-01,-0.0060036878910106105,966406.0
Mato Grosso,Dezembro/2025,37983.0,57013.0,,-19030.0,2025-12-01,-0.019691516815913808,966406.0
Mato Grosso,Janeiro/2026,69821.0,51090.0,966107.0,18731.0,2026-01-01,0.01938812160557785,966107.0
Mato Grosso,Fevereiro/2026,58904.0,54155.0,970856.0,4749.0,2026-02-01,0.004891559613372117,970856.0
Mato Grosso,Março/2026,58387.0,60103.0,969140.0,-1716.0,2026-03-01,-0.0017706420125059331,969140.0
Mato Grosso,Abril/2026,55180.0,54994.0,969326.0,186.0,2026-04-01,0.00019188590835281423,969326.0
Mato Grosso,Maio/2026,53961.0,52892.0,970395.0,1069.0,2026-05-01,0.0011016132605794547,970395.0
Mato Grosso,Junho/2026,58747.0,50489.0,978653.0,8258.0,2026-06-01,0.008438128734086545,978653.0
Mato Grosso do Sul,Janeiro/2020,18998.0,17323.0,509949.0,1675.0,2020-01-01,0.003284642189709167,509949.0
Mato Grosso do Sul,Fevereiro/2020,23346.0,17370.0,515925.0,5976.0,2020-02-01,0.011583078935891845,515925.0
Mato Grosso do Sul,Março/2020,21663.0,21925.0,515663.0,-262.0,2020-03-01,-0.0005080837678871666,515663.0
Mato Grosso do Sul,Abril/2020,10481.0,18048.0,508096.0,-7567.0,2020-04-01,-0.014892854893563422,508096.0
Mato Grosso do Sul,Maio/2020,12024.0,14094.0,506026.0,-2070.0,2020-05-01,-0.004090698896894626,506026.0
Mato Grosso do Sul,Junho/2020,14894.0,13386.0,507534.0,1508.0,2020-06-01,0.002971229513687753,507534.0
Mato Grosso do Sul,Julho/2020,17713.0,14451.0,510796.0,3262.0,2020-07-01,0.00638611108935857,510796.0
Mato Grosso do Sul,Agosto/2020,17349.0,14880.0,513265.0,2469.0,2020-08-01,0.004810380602612686,513265.0
Mato Grosso do Sul,Setembro/2020,18978.0,16013.0,516230.0,2965.0,2020-09-01,0.005743563915309067,516230.0
Mato Grosso do Sul,Outubro/2020,21789.0,17008.0,521011.0,4781.0,2020-10-01,0.009176389749928505,521011.0
Mato Grosso do Sul,Novembro/2020,20868.0,15431.0,526448.0,5437.0,2020-11-01,0.0103277056803331,526448.0
Mato Grosso do Sul,Dezembro/2020,15860.0,18444.0,523864.0,-2584.0,2020-12-01,-0.0049325779209871265,523864.0
Mato Grosso do Sul,Janeiro/2021,20990.0,17117.0,527737.0,3873.0,2021-01-01,0.00733888281473537,527737.0
Mato Grosso do Sul,Fevereiro/2021,25484.0,17663.0,535558.0,7821.0,2021-02-01,0.014603460316156234,535558.0
Mato Grosso do Sul,Março/2021,25470.0,20241.0,540787.0,5229.0,2021-03-01,0.009669241309424967,540787.0
Mato Grosso do Sul,Abril/2021,22637.0,18146.0,545278.0,4491.0,2021-04-01,0.00823616577232164,545278.0
Mato Grosso do Sul,Maio/2021,23465.0,18519.0,550224.0,4946.0,2021-05-01,0.00898906627119137,550224.0
Mato Grosso do Sul,Junho/2021,22343.0,18147.0,554420.0,4196.0,2021-06-01,0.007568269542945781,554420.0
Mato Grosso do Sul,Julho/2021,23871.0,19589.0,558702.0,4282.0,2021-07-01,0.007664193076094233,558702.0
Mato Grosso do Sul,Agosto/2021,25062.0,22103.0,561661.0,2959.0,2021-08-01,0.005268302410172684,561661.0
Mato Grosso do Sul,Setembro/2021,25533.0,22574.0,564620.0,2959.0,2021-09-01,0.005240692855371754,564620.0
Mato Grosso do Sul,Outubro/2021,25631.0,22224.0,568027.0,3407.0,2021-10-01,0.00599795432259382,568027.0
Mato Grosso do Sul,Novembro/2021,24863.0,22813.0,570077.0,2050.0,2021-11-01,0.003596005451895095,570077.0
Mato Grosso do Sul,Dezembro/2021,19788.0,24582.0,565283.0,-4794.0,2021-12-01,-0.00848070789321455,565283.0
Mato Grosso do Sul,Janeiro/2022,28508.0,24801.0,568990.0,3707.0,2022-01-01,0.006515052988628974,568990.0
Mato Grosso do Sul,Fevereiro/2022,32349.0,24924.0,576415.0,7425.0,2022-02-01,0.012881344170432761,576415.0
Mato Grosso do Sul,Março/2022,34423.0,28423.0,582415.0,6000.0,2022-03-01,0.010301932470832654,582415.0
Mato Grosso do Sul,Abril/2022,29564.0,26904.0,585075.0,2660.0,2022-04-01,0.004546425671922403,585075.0
Mato Grosso do Sul,Maio/2022,32622.0,25843.0,591854.0,6779.0,2022-05-01,0.011453838277683348,591854.0
Mato Grosso do Sul,Junho/2022,30247.0,25929.0,596172.0,4318.0,2022-06-01,0.007242876216930684,596172.0
Mato Grosso do Sul,Julho/2022,31259.0,27287.0,600144.0,3972.0,2022-07-01,0.006618411581220507,600144.0
Mato Grosso do Sul,Agosto/2022,33107.0,28770.0,604481.0,4337.0,2022-08-01,0.007174749909426434,604481.0
Mato Grosso do Sul,Setembro/2022,31079.0,27022.0,608538.0,4057.0,2022-09-01,0.0066667981292869135,608538.0
Mato Grosso do Sul,Outubro/2022,27087.0,25430.0,610195.0,1657.0,2022-10-01,0.0027155253648423867,610195.0
Mato Grosso do Sul,Novembro/2022,27531.0,25899.0,611827.0,1632.0,2022-11-01,0.002667420692450644,611827.0
Mato Grosso do Sul,Dezembro/2022,21843.0,28587.0,605083.0,-6744.0,2022-12-01,-0.011145578375198114,605083.0
Mato Grosso do Sul,Janeiro/2023,33885.0,29096.0,609872.0,4789.0,2023-01-01,0.007852467402996038,609872.0
Mato Grosso do Sul,Fevereiro/2023,34566.0,28641.0,615797.0,5925.0,2023-02-01,0.009621677273517084,615797.0
Mato Grosso do Sul,Março/2023,37064.0,33396.0,619465.0,3668.0,2023-03-01,0.005921238488050172,619465.0
Mato Grosso do Sul,Abril/2023,32402.0,28770.0,623097.0,3632.0,2023-04-01,0.005828947980811976,623097.0
Mato Grosso do Sul,Maio/2023,34253.0,31003.0,626347.0,3250.0,2023-05-01,0.0051888170614691215,626347.0
Mato Grosso do Sul,Junho/2023,31951.0,28921.0,629377.0,3030.0,2023-06-01,0.00481428460207475,629377.0
Mato Grosso do Sul,Julho/2023,32136.0,29750.0,631763.0,2386.0,2023-07-01,0.003776732730470129,631763.0
Mato Grosso do Sul,Agosto/2023,35694.0,32468.0,634989.0,3226.0,2023-08-01,0.005080402967610463,634989.0
Mato Grosso do Sul,Setembro/2023,31656.0,29855.0,636790.0,1801.0,2023-09-01,0.0028282479310290675,636790.0
Mato Grosso do Sul,Outubro/2023,31222.0,28957.0,639055.0,2265.0,2023-10-01,0.00354429587437701,639055.0
Mato Grosso do Sul,Novembro/2023,31537.0,29619.0,640973.0,1918.0,2023-11-01,0.0029923257297889303,640973.0
Mato Grosso do Sul,Dezembro/2023,23150.0,31551.0,632572.0,-8401.0,2023-12-01,-0.013280701643449284,632572.0
Mato Grosso do Sul,Janeiro/2024,36800.0,31811.0,637561.0,4989.0,2024-01-01,0.007825133595059923,637561.0
Mato Grosso do Sul,Fevereiro/2024,39054.0,33056.0,643559.0,5998.0,2024-02-01,0.009320046802235693,643559.0
Mato Grosso do Sul,Março/2024,39331.0,35134.0,647756.0,4197.0,2024-03-01,0.006479291585103033,647756.0
Mato Grosso do Sul,Abril/2024,37832.0,35265.0,650323.0,2567.0,2024-04-01,0.0039472692800346905,650323.0
Mato Grosso do Sul,Maio/2024,33888.0,31956.0,652255.0,1932.0,2024-05-01,0.0029620317207227236,652255.0
Mato Grosso do Sul,Junho/2024,32933.0,31288.0,653900.0,1645.0,2024-06-01,0.0025156751796910843,653900.0
Mato Grosso do Sul,Julho/2024,34666.0,33653.0,654913.0,1013.0,2024-07-01,0.0015467703343802917,654913.0
Mato Grosso do Sul,Agosto/2024,34376.0,32401.0,656888.0,1975.0,2024-08-01,0.0030066008208400824,656888.0
Mato Grosso do Sul,Setembro/2024,33272.0,31360.0,658800.0,1912.0,2024-09-01,0.002902246508803886,658800.0
Mato Grosso do Sul,Outubro/2024,33396.0,32561.0,659635.0,835.0,2024-10-01,0.0012658515694285476,659635.0
Mato Grosso do Sul,Novembro/2024,30494.0,30673.0,659456.0,-179.0,2024-11-01,-0.0002714358501552795,659456.0
Mato Grosso do Sul,Dezembro/2024,22731.0,37196.0,644991.0,-14465.0,2024-12-01,-0.02242666951941965,644991.0
Mato Grosso do Sul,Janeiro/2025,36863.0,33687.0,648167.0,3176.0,2025-01-01,0.004899971766535476,648167.0
Mato Grosso do Sul,Fevereiro/2025,41338.0,33005.0,656500.0,8333.0,2025-02-01,0.012693069306930694,656500.0
Mato Grosso do Sul,Março/2025,37083.0,35969.0,657614.0,1114.0,2025-03-01,0.0016940028649025112,657614.0
Mato Grosso do Sul,Abril/2025,37614.0,31913.0,663315.0,5701.0,2025-04-01,0.008594709904042574,663315.0
Mato Grosso do Sul,Maio/2025,35672.0,32585.0,666402.0,3087.0,2025-05-01,0.004632339038598323,666402.0
Mato Grosso do Sul,Junho/2025,33659.0,30950.0,669111.0,2709.0,2025-06-01,0.0040486556042271015,669111.0
Mato Grosso do Sul,Julho/2025,36395.0,33372.0,672134.0,3023.0,2025-07-01,0.004497615058901945,672134.0
Mato Grosso do Sul,Agosto/2025,35566.0,32848.0,674852.0,2718.0,2025-08-01,0.004027549744240219,674852.0
Mato Grosso do Sul,Setembro/2025,34776.0,33397.0,676231.0,1379.0,2025-09-01,0.002039243986152661,676231.0
Mato Grosso do Sul,Outubro/2025,34640.0,33760.0,677111.0,880.0,2025-10-01,0.0012996392024350514,677111.0
Mato Grosso do Sul,Novembro/2025,29173.0,30114.0,676170.0,-941.0,2025-11-01,-0.00139166186018309,676170.0
Mato Grosso do Sul,Dezembro/2025,22087.0,33368.0,,-11281.0,2025-12-01,-0.016683674223937767,676170.0
Mato Grosso do Sul,Janeiro/2026,37353.0,33417.0,668825.0,3936.0,2026-01-01,0.005884947482525324,668825.0
Mato Grosso do Sul,Fevereiro/2026,40073.0,33916.0,674982.0,6157.0,2026-02-01,0.009121724727474214,674982.0
Mato Grosso do Sul,Março/2026,40698.0,37144.0,678536.0,3554.0,2026-03-01,0.005237747149745923,678536.0
Mato Grosso do Sul,Abril/2026,35778.0,35195.0,679119.0,583.0,2026-04-01,0.0008584651585362801,679119.0
Mato Grosso do Sul,Maio/2026,34795.0,33016.0,680898.0,1779.0,2026-05-01,0.002612726135192055,680898.0
Mato Grosso do Sul,Junho/2026,34031.0,31956.0,682973.0,2075.0,2026-06-01,0.00303818745396963,682973.0
Minas Gerais,Janeiro/2020,142711.0,137739.0,3948386.0,4972.0,2020-01-01,0.0012592487158043818,3948386.0
Minas Gerais,Fevereiro/2020,160375.0,133660.0,3975101.0,26715.0,2020-02-01,0.006720583954973723,3975101.0
Minas Gerais,Março/2020,152339.0,167493.0,3959947.0,-15154.0,2020-03-01,-0.0038268188942932823,3959947.0
Minas Gerais,Abril/2020,65377.0,159589.0,3865735.0,-94212.0,2020-04-01,-0.0243710445749644,3865735.0
Minas Gerais,Maio/2020,86693.0,120637.0,3831791.0,-33944.0,2020-05-01,-0.008858520728296506,3831791.0
Minas Gerais,Junho/2020,108199.0,103028.0,3836962.0,5171.0,2020-06-01,0.001347680795379261,3836962.0
Minas Gerais,Julho/2020,126173.0,105592.0,3857543.0,20581.0,2020-07-01,0.0053352613308523065,3857543.0
Minas Gerais,Agosto/2020,141143.0,113955.0,3884731.0,27188.0,2020-08-01,0.006998682791678497,3884731.0
Minas Gerais,Setembro/2020,156938.0,121986.0,3919683.0,34952.0,2020-09-01,0.008917047628596497,3919683.0
Minas Gerais,Outubro/2020,169733.0,130432.0,3958984.0,39301.0,2020-10-01,0.009927041887514575,3958984.0
Minas Gerais,Novembro/2020,161153.0,128949.0,3991188.0,32204.0,2020-11-01,0.008068775512453935,3991188.0
Minas Gerais,Dezembro/2020,133567.0,139592.0,3985163.0,-6025.0,2020-12-01,-0.0015118578587626152,3985163.0
Minas Gerais,Janeiro/2021,164006.0,138471.0,4010698.0,25535.0,2021-01-01,0.006366722201472163,4010698.0
Minas Gerais,Fevereiro/2021,191767.0,137618.0,4064847.0,54149.0,2021-02-01,0.013321288599546306,4064847.0
Minas Gerais,Março/2021,191506.0,153193.0,4103160.0,38313.0,2021-03-01,0.009337437487204983,4103160.0
Minas Gerais,Abril/2021,157458.0,142784.0,4117834.0,14674.0,2021-04-01,0.003563523930299279,4117834.0
Minas Gerais,Maio/2021,177042.0,140461.0,4154415.0,36581.0,2021-05-01,0.008805331195848273,4154415.0
Minas Gerais,Junho/2021,184238.0,145004.0,4193649.0,39234.0,2021-06-01,0.00935557553815305,4193649.0
Minas Gerais,Julho/2021,191474.0,154415.0,4230708.0,37059.0,2021-07-01,0.008759526774242042,4230708.0
Minas Gerais,Agosto/2021,203741.0,162413.0,4272036.0,41328.0,2021-08-01,0.009674075780260279,4272036.0
Minas Gerais,Setembro/2021,193441.0,167545.0,4297932.0,25896.0,2021-09-01,0.006025223293435075,4297932.0
Minas Gerais,Outubro/2021,191256.0,172139.0,4317049.0,19117.0,2021-10-01,0.004428256431650417,4317049.0
Minas Gerais,Novembro/2021,189427.0,166549.0,4339927.0,22878.0,2021-11-01,0.005271517239806107,4339927.0
Minas Gerais,Dezembro/2021,155121.0,180365.0,4314683.0,-25244.0,2021-12-01,-0.005850719508246608,4314683.0
Minas Gerais,Janeiro/2022,179519.0,180726.0,4313476.0,-1207.0,2022-01-01,-0.0002798207292679964,4313476.0
Minas Gerais,Fevereiro/2022,221380.0,184184.0,4350672.0,37196.0,2022-02-01,0.008549483849851242,4350672.0
Minas Gerais,Março/2022,223144.0,194776.0,4379040.0,28368.0,2022-03-01,0.006478132193357448,4379040.0
Minas Gerais,Abril/2022,205998.0,185103.0,4399935.0,20895.0,2022-04-01,0.004748933791067368,4399935.0
Minas Gerais,Maio/2022,221287.0,190688.0,4430534.0,30599.0,2022-05-01,0.006906390967770477,4430534.0
Minas Gerais,Junho/2022,215537.0,182165.0,4463906.0,33372.0,2022-06-01,0.007475963875583401,4463906.0
Minas Gerais,Julho/2022,209375.0,189835.0,4483446.0,19540.0,2022-07-01,0.004358254788838764,4483446.0
Minas Gerais,Agosto/2022,227914.0,201361.0,4509999.0,26553.0,2022-08-01,0.005887584454009857,4509999.0
Minas Gerais,Setembro/2022,213101.0,190576.0,4532524.0,22525.0,2022-09-01,0.004969637226410715,4532524.0
Minas Gerais,Outubro/2022,193513.0,186184.0,4539853.0,7329.0,2022-10-01,0.00161436945205054,4539853.0
Minas Gerais,Novembro/2022,187486.0,184202.0,4543137.0,3284.0,2022-11-01,0.0007228485515624997,4543137.0
Minas Gerais,Dezembro/2022,148079.0,195030.0,4496186.0,-46951.0,2022-12-01,-0.010442406074837651,4496186.0
Minas Gerais,Janeiro/2023,196282.0,197936.0,4494532.0,-1654.0,2023-01-01,-0.00036800271974924195,4494532.0
Minas Gerais,Fevereiro/2023,218271.0,191005.0,4521798.0,27266.0,2023-02-01,0.006029902264541671,4521798.0
Minas Gerais,Março/2023,255643.0,216953.0,4560488.0,38690.0,2023-03-01,0.008483741213659591,4560488.0
Minas Gerais,Abril/2023,213902.0,186472.0,4587918.0,27430.0,2023-04-01,0.005978746786668812,4587918.0
Minas Gerais,Maio/2023,236174.0,209548.0,4614544.0,26626.0,2023-05-01,0.005770017579201758,4614544.0
Minas Gerais,Junho/2023,221608.0,196071.0,4640081.0,25537.0,2023-06-01,0.005503567717891132,4640081.0
Minas Gerais,Julho/2023,212464.0,200111.0,4652434.0,12353.0,2023-07-01,0.0026551693156743332,4652434.0
Minas Gerais,Agosto/2023,233002.0,217765.0,4667671.0,15237.0,2023-08-01,0.0032643688897525127,4667671.0
Minas Gerais,Setembro/2023,208504.0,195873.0,4680302.0,12631.0,2023-09-01,0.0026987574733425322,4680302.0
Minas Gerais,Outubro/2023,208034.0,203127.0,4685209.0,4907.0,2023-10-01,0.0010473385498917978,4685209.0
Minas Gerais,Novembro/2023,199066.0,198258.0,4686017.0,808.0,2023-11-01,0.00017242788491804448,4686017.0
Minas Gerais,Dezembro/2023,162415.0,208925.0,4639507.0,-46510.0,2023-12-01,-0.010024772028579761,4639507.0
Minas Gerais,Janeiro/2024,222131.0,208347.0,4653291.0,13784.0,2024-01-01,0.002962204598852726,4653291.0
Minas Gerais,Fevereiro/2024,247414.0,211434.0,4689271.0,35980.0,2024-02-01,0.007672834434179641,4689271.0
Minas Gerais,Março/2024,258452.0,217656.0,4730067.0,40796.0,2024-03-01,0.008624824976052136,4730067.0
Minas Gerais,Abril/2024,251622.0,225754.0,4755935.0,25868.0,2024-04-01,0.005439098726117998,4755935.0
Minas Gerais,Maio/2024,244639.0,225209.0,4775365.0,19430.0,2024-05-01,0.004068798929505912,4775365.0
Minas Gerais,Junho/2024,231956.0,203602.0,4803719.0,28354.0,2024-06-01,0.005902510117681738,4803719.0
Minas Gerais,Julho/2024,241808.0,230675.0,4814852.0,11133.0,2024-07-01,0.0023122206040808732,4814852.0
Minas Gerais,Agosto/2024,239935.0,225579.0,4829208.0,14356.0,2024-08-01,0.0029727441849678043,4829208.0
Minas Gerais,Setembro/2024,229804.0,213964.0,4845048.0,15840.0,2024-09-01,0.0032693174556784575,4845048.0
Minas Gerais,Outubro/2024,232867.0,229691.0,4848224.0,3176.0,2024-10-01,0.000655085243586105,4848224.0
Minas Gerais,Novembro/2024,204592.0,203482.0,4849334.0,1110.0,2024-11-01,0.000228897411479597,4849334.0
Minas Gerais,Dezembro/2024,158611.0,227228.0,4780717.0,-68617.0,2024-12-01,-0.014352867990303546,4780717.0
Minas Gerais,Janeiro/2025,236381.0,232341.0,4784757.0,4040.0,2025-01-01,0.0008443479992818863,4784757.0
Minas Gerais,Fevereiro/2025,283184.0,230581.0,4837360.0,52603.0,2025-02-01,0.010874319876957679,4837360.0
Minas Gerais,Março/2025,245360.0,227191.0,4855529.0,18169.0,2025-03-01,0.0037419197784628617,4855529.0
Minas Gerais,Abril/2025,243508.0,214425.0,4884612.0,29083.0,2025-04-01,0.005954004125609158,4884612.0
Minas Gerais,Maio/2025,250299.0,230012.0,4904899.0,20287.0,2025-05-01,0.004136068856871467,4904899.0
Minas Gerais,Junho/2025,237555.0,213327.0,4929127.0,24228.0,2025-06-01,0.00491527201469956,4929127.0
Minas Gerais,Julho/2025,242337.0,238840.0,4932624.0,3497.0,2025-07-01,0.0007089532873375307,4932624.0
Minas Gerais,Agosto/2025,233144.0,231930.0,4933838.0,1214.0,2025-08-01,0.0002460559102264809,4933838.0
Minas Gerais,Setembro/2025,239811.0,228026.0,4945623.0,11785.0,2025-09-01,0.0023829151554819283,4945623.0
Minas Gerais,Outubro/2025,231026.0,235828.0,4940821.0,-4802.0,2025-10-01,-0.0009719032525161304,4940821.0
Minas Gerais,Novembro/2025,198677.0,207417.0,4932081.0,-8740.0,2025-11-01,-0.00177207146435754,4932081.0
Minas Gerais,Dezembro/2025,155688.0,228443.0,,-72755.0,2025-12-01,-0.014751379792829842,4932081.0
Minas Gerais,Janeiro/2026,225801.0,218376.0,4866751.0,7425.0,2026-01-01,0.001525658493726102,4866751.0
Minas Gerais,Fevereiro/2026,240712.0,217838.0,4889625.0,22874.0,2026-02-01,0.004678068359025488,4889625.0
Minas Gerais,Março/2026,274365.0,235520.0,4928470.0,38845.0,2026-03-01,0.007881756407160843,4928470.0
Minas Gerais,Abril/2026,238791.0,229800.0,4937461.0,8991.0,2026-04-01,0.0018209764087250512,4937461.0
Minas Gerais,Maio/2026,239653.0,230731.0,4946383.0,8922.0,2026-05-01,0.0018037422496397872,4946383.0
Minas Gerais,Junho/2026,239167.0,218362.0,4967188.0,20805.0,2026-06-01,0.004188486523964867,4967188.0
Nordeste,Janeiro/2020,166964.0,173040.0,5996426.0,-6076.0,2020-01-01,-0.0010132702379717518,5996426.0
Nordeste,Fevereiro/2020,171562.0,172844.0,5995144.0,-1282.0,2020-02-01,-0.00021383973429162,5995144.0
Nordeste,Março/2020,158920.0,211803.0,5942261.0,-52883.0,2020-03-01,-0.00889947445930093,5942261.0
Nordeste,Abril/2020,73155.0,207697.0,5807719.0,-134542.0,2020-04-01,-0.023166065713578772,5807719.0
Nordeste,Maio/2020,88974.0,141883.0,5754810.0,-52909.0,2020-05-01,-0.009193874341637692,5754810.0
Nordeste,Junho/2020,110500.0,112572.0,5752738.0,-2072.0,2020-06-01,-0.00036017631951950534,5752738.0
Nordeste,Julho/2020,144476.0,116367.0,5780847.0,28109.0,2020-07-01,0.004862436248528978,5780847.0
Nordeste,Agosto/2020,187222.0,124120.0,5843949.0,63102.0,2020-08-01,0.01079783550472463,5843949.0
Nordeste,Setembro/2020,220169.0,132904.0,5931214.0,87265.0,2020-09-01,0.014712839563704833,5931214.0
Nordeste,Outubro/2020,213998.0,142719.0,6002493.0,71279.0,2020-10-01,0.01187489931266892,6002493.0
Nordeste,Novembro/2020,208211.0,135071.0,6075633.0,73140.0,2020-11-01,0.012038251816724282,6075633.0
Nordeste,Dezembro/2020,166171.0,165787.0,6076017.0,384.0,2020-12-01,6.319929651283069e-05,6076017.0
Nordeste,Janeiro/2021,202152.0,173231.0,6104938.0,28921.0,2021-01-01,0.004737312647564971,6104938.0
Nordeste,Fevereiro/2021,218780.0,176553.0,6147165.0,42227.0,2021-02-01,0.00686934546250182,6147165.0
Nordeste,Março/2021,203306.0,197246.0,6153225.0,6060.0,2021-03-01,0.0009848494082371438,6153225.0
Nordeste,Abril/2021,181589.0,161162.0,6173652.0,20427.0,2021-04-01,0.0033087384906049125,6173652.0
Nordeste,Maio/2021,194679.0,154705.0,6213626.0,39974.0,2021-05-01,0.006433280664140391,6213626.0
Nordeste,Junho/2021,207588.0,155681.0,6265533.0,51907.0,2021-06-01,0.00828453062173641,6265533.0
Nordeste,Julho/2021,218556.0,163099.0,6320990.0,55457.0,2021-07-01,0.008773467447346065,6320990.0
Nordeste,Agosto/2021,254497.0,169034.0,6406453.0,85463.0,2021-08-01,0.013340143133805868,6406453.0
Nordeste,Setembro/2021,272945.0,178674.0,6500724.0,94271.0,2021-09-01,0.01450161551236447,6500724.0
Nordeste,Outubro/2021,237733.0,184856.0,6553601.0,52877.0,2021-10-01,0.008068388661439718,6553601.0
Nordeste,Novembro/2021,233267.0,176035.0,6610833.0,57232.0,2021-11-01,0.008657305365299652,6610833.0
Nordeste,Dezembro/2021,192668.0,210134.0,6593367.0,-17466.0,2021-12-01,-0.002649025907400574,6593367.0
Nordeste,Janeiro/2022,225180.0,220100.0,6598447.0,5080.0,2022-01-01,0.0007698781243525939,6598447.0
Nordeste,Fevereiro/2022,246298.0,218541.0,6626204.0,27757.0,2022-02-01,0.004188974562207864,6626204.0
Nordeste,Março/2022,241493.0,246741.0,6620956.0,-5248.0,2022-03-01,-0.0007926347796300111,6620956.0
Nordeste,Abril/2022,240563.0,210312.0,6651207.0,30251.0,2022-04-01,0.004548197041529455,6651207.0
Nordeste,Maio/2022,258941.0,209229.0,6700919.0,49712.0,2022-05-01,0.007418683914848098,6700919.0
Nordeste,Junho/2022,250439.0,197720.0,6753638.0,52719.0,2022-06-01,0.0078060150692115865,6753638.0
Nordeste,Julho/2022,261662.0,212634.0,6802666.0,49028.0,2022-07-01,0.007207174363697997,6802666.0
Nordeste,Agosto/2022,295584.0,228798.0,6869452.0,66786.0,2022-08-01,0.009722172889482305,6869452.0
Nordeste,Setembro/2022,294551.0,207286.0,6956717.0,87265.0,2022-09-01,0.01254399165583421,6956717.0
Nordeste,Outubro/2022,245204.0,212576.0,6989345.0,32628.0,2022-10-01,0.004668248598402282,6989345.0
Nordeste,Novembro/2022,236591.0,207588.0,7018348.0,29003.0,2022-11-01,0.004132453962100483,7018348.0
Nordeste,Dezembro/2022,185097.0,237267.0,6966178.0,-52170.0,2022-12-01,-0.0074890420543374,6966178.0
Nordeste,Janeiro/2023,242711.0,242698.0,6966191.0,13.0,2023-01-01,1.8661561246310932e-06,6966191.0
Nordeste,Fevereiro/2023,239483.0,216112.0,6989562.0,23371.0,2023-02-01,0.0033437002204143836,6989562.0
Nordeste,Março/2023,270681.0,256562.0,7003681.0,14119.0,2023-03-01,0.0020159399036021202,7003681.0
Nordeste,Abril/2023,241386.0,230223.0,7014844.0,11163.0,2023-04-01,0.001591339736136684,7014844.0
Nordeste,Maio/2023,259903.0,245220.0,7029527.0,14683.0,2023-05-01,0.00208876073738674,7029527.0
Nordeste,Junho/2023,258550.0,224926.0,7063151.0,33624.0,2023-06-01,0.00476048154711686,7063151.0
Nordeste,Julho/2023,260341.0,228286.0,7095206.0,32055.0,2023-07-01,0.004517839228346577,7095206.0
Nordeste,Agosto/2023,305809.0,242035.0,7158980.0,63774.0,2023-08-01,0.00890825229292441,7158980.0
Nordeste,Setembro/2023,293252.0,218144.0,7234088.0,75108.0,2023-09-01,0.010382511243988184,7234088.0
Nordeste,Outubro/2023,261639.0,224992.0,7270735.0,36647.0,2023-10-01,0.00504034323902604,7270735.0
Nordeste,Novembro/2023,257067.0,224478.0,7303324.0,32589.0,2023-11-01,0.0044622147394802695,7303324.0
Nordeste,Dezembro/2023,199895.0,241433.0,7261786.0,-41538.0,2023-12-01,-0.005720080432003918,7261786.0
Nordeste,Janeiro/2024,261862.0,250256.0,7273392.0,11606.0,2024-01-01,0.0015956791549252398,7273392.0
Nordeste,Fevereiro/2024,268930.0,258359.0,7283963.0,10571.0,2024-02-01,0.001451270414196228,7283963.0
Nordeste,Março/2024,290009.0,273972.0,7300000.0,16037.0,2024-03-01,0.0021968493150684933,7300000.0
Nordeste,Abril/2024,289300.0,265633.0,7323667.0,23667.0,2024-04-01,0.003231577842083754,7323667.0
Nordeste,Maio/2024,284823.0,253081.0,7355409.0,31742.0,2024-05-01,0.004315463626835707,7355409.0
Nordeste,Junho/2024,281987.0,236047.0,7401349.0,45940.0,2024-06-01,0.006206976593050808,7401349.0
Nordeste,Julho/2024,300619.0,261278.0,7440690.0,39341.0,2024-07-01,0.005287278464766037,7440690.0
Nordeste,Agosto/2024,331097.0,258725.0,7513062.0,72372.0,2024-08-01,0.009632823474636574,7513062.0
Nordeste,Setembro/2024,318955.0,241780.0,7590237.0,77175.0,2024-09-01,0.010167666701316441,7590237.0
Nordeste,Outubro/2024,294934.0,276589.0,7608582.0,18345.0,2024-10-01,0.0024110931577000813,7608582.0
Nordeste,Novembro/2024,272061.0,246504.0,7634139.0,25557.0,2024-11-01,0.003347725264106404,7634139.0
Nordeste,Dezembro/2024,211183.0,265110.0,7580212.0,-53927.0,2024-12-01,-0.007114180975413353,7580212.0
Nordeste,Janeiro/2025,299515.0,302186.0,7577541.0,-2671.0,2025-01-01,-0.00035248901985485793,7577541.0
Nordeste,Fevereiro/2025,334005.0,296915.0,7614631.0,37090.0,2025-02-01,0.004870886061320634,7614631.0
Nordeste,Março/2025,282493.0,295692.0,7601432.0,-13199.0,2025-03-01,-0.0017363833551362427,7601432.0
Nordeste,Abril/2025,314220.0,268578.0,7647074.0,45642.0,2025-04-01,0.005968557385478419,7647074.0
Nordeste,Maio/2025,322777.0,276889.0,7692962.0,45888.0,2025-05-01,0.005964932622831102,7692962.0
Nordeste,Junho/2025,295617.0,259212.0,7729367.0,36405.0,2025-06-01,0.004709958784464498,7729367.0
Nordeste,Julho/2025,322018.0,282980.0,7768405.0,39038.0,2025-07-01,0.0050252271862756895,7768405.0
Nordeste,Agosto/2025,338513.0,283169.0,7823749.0,55344.0,2025-08-01,0.007073846566396749,7823749.0
Nordeste,Setembro/2025,348856.0,276509.0,7896096.0,72347.0,2025-09-01,0.009162375938691729,7896096.0
Nordeste,Outubro/2025,328272.0,294441.0,7929927.0,33831.0,2025-10-01,0.004266243560627985,7929927.0
Nordeste,Novembro/2025,287137.0,251492.0,7965572.0,35645.0,2025-11-01,0.004474882657516623,7965572.0
Nordeste,Dezembro/2025,218597.0,278331.0,,-59734.0,2025-12-01,-0.007499022041354971,7965572.0
Nordeste,Janeiro/2026,297724.0,291590.0,7911972.0,6134.0,2026-01-01,0.0007752808023081982,7911972.0
Nordeste,Fevereiro/2026,305198.0,293569.0,7923601.0,11629.0,2026-02-01,0.0014676407860516954,7923601.0
Nordeste,Março/2026,341952.0,316814.0,7948739.0,25138.0,2026-03-01,0.0031625142050833474,7948739.0
Nordeste,Abril/2026,317689.0,298975.0,7967453.0,18714.0,2026-04-01,0.002348805822889699,7967453.0
Nordeste,Maio/2026,314518.0,291167.0,7990804.0,23351.0,2026-05-01,0.0029222341081072693,7990804.0
Nordeste,Junho/2026,317000.0,282567.0,8025237.0,34433.0,2026-06-01,0.004290589798157986,8025237.0
Norte,Janeiro/2020,56017.0,54073.0,1761588.0,1944.0,2020-01-01,0.001103549751701306,1761588.0
Norte,Fevereiro/2020,59651.0,49914.0,1771325.0,9737.0,2020-02-01,0.0054970149464384005,1771325.0
Norte,Março/2020,53242.0,58107.0,1766460.0,-4865.0,2020-03-01,-0.0027540957621457604,1766460.0
Norte,Abril/2020,27055.0,55865.0,1737650.0,-28810.0,2020-04-01,-0.016579863608897075,1737650.0
Norte,Maio/2020,32286.0,43156.0,1726780.0,-10870.0,2020-05-01,-0.006294953613083311,1726780.0
Norte,Junho/2020,44699.0,38445.0,1733034.0,6254.0,2020-06-01,0.00360870011782804,1733034.0
Norte,Julho/2020,58003.0,42371.0,1748666.0,15632.0,2020-07-01,0.008939385794657185,1748666.0
Norte,Agosto/2020,64966.0,42270.0,1771362.0,22696.0,2020-08-01,0.012812739575535661,1771362.0
Norte,Setembro/2020,67814.0,46634.0,1792542.0,21180.0,2020-09-01,0.011815622730178707,1792542.0
Norte,Outubro/2020,70506.0,49486.0,1813562.0,21020.0,2020-10-01,0.011590450174849274,1813562.0
Norte,Novembro/2020,65407.0,49239.0,1829730.0,16168.0,2020-11-01,0.008836276390505703,1829730.0
Norte,Dezembro/2020,50797.0,56942.0,1823585.0,-6145.0,2020-12-01,-0.003369735987080394,1823585.0
Norte,Janeiro/2021,62642.0,55307.0,1830920.0,7335.0,2021-01-01,0.00400618268411509,1830920.0
Norte,Fevereiro/2021,65972.0,53016.0,1843876.0,12956.0,2021-02-01,0.007026502866787137,1843876.0
Norte,Março/2021,68391.0,59294.0,1852973.0,9097.0,2021-03-01,0.004909407746362197,1852973.0
Norte,Abril/2021,62781.0,53552.0,1862202.0,9229.0,2021-04-01,0.004955960738953132,1862202.0
Norte,Maio/2021,74958.0,56543.0,1880617.0,18415.0,2021-05-01,0.009791999115184006,1880617.0
Norte,Junho/2021,81100.0,58165.0,1903552.0,22935.0,2021-06-01,0.0120485282251286,1903552.0
Norte,Julho/2021,84907.0,61416.0,1927043.0,23491.0,2021-07-01,0.01219017946148581,1927043.0
Norte,Agosto/2021,88021.0,67284.0,1947780.0,20737.0,2021-08-01,0.010646479581882964,1947780.0
Norte,Setembro/2021,83965.0,67508.0,1964237.0,16457.0,2021-09-01,0.008378316873167545,1964237.0
Norte,Outubro/2021,83234.0,74255.0,1973216.0,8979.0,2021-10-01,0.004550439485591035,1973216.0
Norte,Novembro/2021,80783.0,64804.0,1989195.0,15979.0,2021-11-01,0.008032897729986251,1989195.0
Norte,Dezembro/2021,63197.0,76983.0,1975409.0,-13786.0,2021-12-01,-0.0069788079329394575,1975409.0
Norte,Janeiro/2022,80746.0,78229.0,1977926.0,2517.0,2022-01-01,0.0012725450800484953,1977926.0
Norte,Fevereiro/2022,85620.0,72743.0,1990803.0,12877.0,2022-02-01,0.0064682442210505006,1990803.0
Norte,Março/2022,87030.0,77640.0,2000193.0,9390.0,2022-03-01,0.004694546976216795,2000193.0
Norte,Abril/2022,84985.0,72842.0,2012336.0,12143.0,2022-04-01,0.006034280557521209,2012336.0
Norte,Maio/2022,91251.0,74820.0,2028767.0,16431.0,2022-05-01,0.008099007919588598,2028767.0
Norte,Junho/2022,95087.0,73279.0,2050575.0,21808.0,2022-06-01,0.010635065774234056,2050575.0
Norte,Julho/2022,93987.0,77892.0,2066670.0,16095.0,2022-07-01,0.007787890664692476,2066670.0
Norte,Agosto/2022,100598.0,82248.0,2085020.0,18350.0,2022-08-01,0.008800874811752405,2085020.0
Norte,Setembro/2022,95701.0,76291.0,2104430.0,19410.0,2022-09-01,0.009223400160613562,2104430.0
Norte,Outubro/2022,87037.0,79782.0,2111685.0,7255.0,2022-10-01,0.0034356449944002066,2111685.0
Norte,Novembro/2022,81438.0,78421.0,2114702.0,3017.0,2022-11-01,0.0014266785580190494,2114702.0
Norte,Dezembro/2022,61724.0,89025.0,2087401.0,-27301.0,2022-12-01,-0.013078943624152715,2087401.0
Norte,Janeiro/2023,86412.0,86881.0,2086932.0,-469.0,2023-01-01,-0.00022473180726540203,2086932.0
Norte,Fevereiro/2023,89110.0,76498.0,2099544.0,12612.0,2023-02-01,0.006007018666910529,2099544.0
Norte,Março/2023,95807.0,85734.0,2109617.0,10073.0,2023-03-01,0.004774800354756337,2109617.0
Norte,Abril/2023,85738.0,74888.0,2120467.0,10850.0,2023-04-01,0.005116797384727044,2120467.0
Norte,Maio/2023,95235.0,82611.0,2133091.0,12624.0,2023-05-01,0.005918172267380998,2133091.0
Norte,Junho/2023,95979.0,81874.0,2147196.0,14105.0,2023-06-01,0.006569032356617654,2147196.0
Norte,Julho/2023,95075.0,80319.0,2161952.0,14756.0,2023-07-01,0.006825313420464469,2161952.0
Norte,Agosto/2023,104742.0,86890.0,2179804.0,17852.0,2023-08-01,0.008189727149780439,2179804.0
Norte,Setembro/2023,95468.0,78618.0,2196654.0,16850.0,2023-09-01,0.007670757433806143,2196654.0
Norte,Outubro/2023,91689.0,81466.0,2206877.0,10223.0,2023-10-01,0.004632337914618713,2206877.0
Norte,Novembro/2023,86455.0,81850.0,2211482.0,4605.0,2023-11-01,0.002082314031947807,2211482.0
Norte,Dezembro/2023,67524.0,87328.0,2191678.0,-19804.0,2023-12-01,-0.009035998901298458,2191678.0
Norte,Janeiro/2024,93486.0,89190.0,2195974.0,4296.0,2024-01-01,0.001956307315113931,2195974.0
Norte,Fevereiro/2024,103859.0,86797.0,2213036.0,17062.0,2024-02-01,0.0077097706499126084,2213036.0
Norte,Março/2024,100945.0,91275.0,2222706.0,9670.0,2024-03-01,0.004350552884637014,2222706.0
Norte,Abril/2024,106544.0,90799.0,2238451.0,15745.0,2024-04-01,0.007033881912090102,2238451.0
Norte,Maio/2024,101879.0,91967.0,2248363.0,9912.0,2024-05-01,0.004408540791678212,2248363.0
Norte,Junho/2024,104416.0,86155.0,2266624.0,18261.0,2024-06-01,0.008056475180709285,2266624.0
Norte,Julho/2024,108327.0,94827.0,2280124.0,13500.0,2024-07-01,0.005920730626930816,2280124.0
Norte,Agosto/2024,110080.0,95194.0,2295010.0,14886.0,2024-08-01,0.00648624624729304,2295010.0
Norte,Setembro/2024,103881.0,88272.0,2310619.0,15609.0,2024-09-01,0.006755332661940372,2310619.0
Norte,Outubro/2024,104651.0,97302.0,2317968.0,7349.0,2024-10-01,0.0031704492900678526,2317968.0
Norte,Novembro/2024,95531.0,88257.0,2325242.0,7274.0,2024-11-01,0.0031282765406783464,2325242.0
Norte,Dezembro/2024,73336.0,96629.0,2301949.0,-23293.0,2024-12-01,-0.010118816707059974,2301949.0
Norte,Janeiro/2025,104619.0,102687.0,2303881.0,1932.0,2025-01-01,0.0008385849789984812,2303881.0
Norte,Fevereiro/2025,119744.0,98978.0,2324647.0,20766.0,2025-02-01,0.008932969177685903,2324647.0
Norte,Março/2025,103992.0,98822.0,2329817.0,5170.0,2025-03-01,0.002219058406733233,2329817.0
Norte,Abril/2025,106881.0,94054.0,2342644.0,12827.0,2025-04-01,0.005475437155624158,2342644.0
Norte,Maio/2025,112270.0,101434.0,2353480.0,10836.0,2025-05-01,0.004604245627751245,2353480.0
Norte,Junho/2025,106775.0,95092.0,2365163.0,11683.0,2025-06-01,0.00493961726950743,2365163.0
Norte,Julho/2025,112163.0,104035.0,2373291.0,8128.0,2025-07-01,0.003424780189197195,2373291.0
Norte,Agosto/2025,113360.0,101276.0,2385375.0,12084.0,2025-08-01,0.005065870146203427,2385375.0
Norte,Setembro/2025,115700.0,97549.0,2403526.0,18151.0,2025-09-01,0.007551821781832191,2403526.0
Norte,Outubro/2025,109608.0,105122.0,2408012.0,4486.0,2025-10-01,0.0018629475268395672,2408012.0
Norte,Novembro/2025,98345.0,92267.0,2414090.0,6078.0,2025-11-01,0.002517718892004855,2414090.0
Norte,Dezembro/2025,73859.0,105332.0,,-31473.0,2025-12-01,-0.013037210708797103,2414090.0
Norte,Janeiro/2026,104764.0,103026.0,2384355.0,1738.0,2026-01-01,0.0007289183028533923,2384355.0
Norte,Fevereiro/2026,110126.0,99492.0,2394989.0,10634.0,2026-02-01,0.004440103900268435,2394989.0
Norte,Março/2026,115255.0,107369.0,2402875.0,7886.0,2026-03-01,0.0032819018883628987,2402875.0
Norte,Abril/2026,107258.0,100607.0,2409526.0,6651.0,2026-04-01,0.002760293933329626,2409526.0
Norte,Maio/2026,105501.0,100440.0,2414587.0,5061.0,2026-05-01,0.002096010622106389,2414587.0
Norte,Junho/2026,110395.0,100762.0,2424220.0,9633.0,2026-06-01,0.00397364925625562,2424220.0
Não identificado,Janeiro/2020,12844.0,7563.0,-52187.0,5281.0,2020-01-01,,-52187.0
Não identificado,Fevereiro/2020,13069.0,9215.0,-48333.0,3854.0,2020-02-01,,-48333.0
Não identificado,Março/2020,11957.0,12304.0,-48680.0,-347.0,2020-03-01,,-48680.0
Não identificado,Abril/2020,8366.0,9804.0,-50118.0,-1438.0,2020-04-01,,-50118.0
Não identificado,Maio/2020,11706.0,8499.0,-46911.0,3207.0,2020-05-01,,-46911.0
Não identificado,Junho/2020,13036.0,7979.0,-41854.0,5057.0,2020-06-01,,-41854.0
Não identificado,Julho/2020,11629.0,9775.0,-40000.0,1854.0,2020-07-01,,-40000.0
Não identificado,Agosto/2020,9919.0,10530.0,-40611.0,-611.0,2020-08-01,,-40611.0
Não identificado,Setembro/2020,11126.0,10531.0,-40016.0,595.0,2020-09-01,,-40016.0
Não identificado,Outubro/2020,11553.0,10685.0,-39148.0,868.0,2020-10-01,,-39148.0
Não identificado,Novembro/2020,9835.0,11000.0,-40313.0,-1165.0,2020-11-01,,-40313.0
Não identificado,Dezembro/2020,8059.0,10222.0,-42476.0,-2163.0,2020-12-01,,-42476.0
Não identificado,Janeiro/2021,11963.0,5996.0,-36509.0,5967.0,2021-01-01,,-36509.0
Não identificado,Fevereiro/2021,11162.0,7096.0,-32443.0,4066.0,2021-02-01,,-32443.0
Não identificado,Março/2021,9986.0,9235.0,-31692.0,751.0,2021-03-01,,-31692.0
Não identificado,Abril/2021,9067.0,8786.0,-31411.0,281.0,2021-04-01,,-31411.0
Não identificado,Maio/2021,10998.0,6186.0,-26599.0,4812.0,2021-05-01,,-26599.0
Não identificado,Junho/2021,11448.0,7545.0,-22696.0,3903.0,2021-06-01,,-22696.0
Não identificado,Julho/2021,10573.0,8517.0,-20640.0,2056.0,2021-07-01,,-20640.0
Não identificado,Agosto/2021,9626.0,10181.0,-21195.0,-555.0,2021-08-01,,-21195.0
Não identificado,Setembro/2021,10449.0,10539.0,-21285.0,-90.0,2021-09-01,,-21285.0
Não identificado,Outubro/2021,10491.0,10479.0,-21273.0,12.0,2021-10-01,,-21273.0
Não identificado,Novembro/2021,9052.0,10676.0,-22897.0,-1624.0,2021-11-01,,-22897.0
Não identificado,Dezembro/2021,8153.0,11106.0,-25850.0,-2953.0,2021-12-01,,-25850.0
Não identificado,Janeiro/2022,12781.0,8636.0,-21705.0,4145.0,2022-01-01,,-21705.0
Não identificado,Fevereiro/2022,11447.0,10508.0,-20766.0,939.0,2022-02-01,,-20766.0
Não identificado,Março/2022,10088.0,12917.0,-23595.0,-2829.0,2022-03-01,,-23595.0
Não identificado,Abril/2022,9385.0,11101.0,-25311.0,-1716.0,2022-04-01,,-25311.0
Não identificado,Maio/2022,12366.0,10354.0,-23299.0,2012.0,2022-05-01,,-23299.0
Não identificado,Junho/2022,12648.0,9598.0,-20249.0,3050.0,2022-06-01,,-20249.0
Não identificado,Julho/2022,10402.0,10597.0,-20444.0,-195.0,2022-07-01,,-20444.0
Não identificado,Agosto/2022,10629.0,11462.0,-21277.0,-833.0,2022-08-01,,-21277.0
Não identificado,Setembro/2022,10239.0,10359.0,-21397.0,-120.0,2022-09-01,,-21397.0
Não identificado,Outubro/2022,9357.0,9933.0,-21973.0,-576.0,2022-10-01,,-21973.0
Não identificado,Novembro/2022,8085.0,10679.0,-24567.0,-2594.0,2022-11-01,,-24567.0
Não identificado,Dezembro/2022,6714.0,9770.0,-27623.0,-3056.0,2022-12-01,,-27623.0
Não identificado,Janeiro/2023,13658.0,9722.0,-23687.0,3936.0,2023-01-01,,-23687.0
Não identificado,Fevereiro/2023,11105.0,9628.0,-22210.0,1477.0,2023-02-01,,-22210.0
Não identificado,Março/2023,11635.0,14718.0,-25293.0,-3083.0,2023-03-01,,-25293.0
Não identificado,Abril/2023,10111.0,11414.0,-26596.0,-1303.0,2023-04-01,,-26596.0
Não identificado,Maio/2023,12572.0,10701.0,-24725.0,1871.0,2023-05-01,,-24725.0
Não identificado,Junho/2023,11223.0,8969.0,-22471.0,2254.0,2023-06-01,,-22471.0
Não identificado,Julho/2023,9225.0,9124.0,-22370.0,101.0,2023-07-01,,-22370.0
Não identificado,Agosto/2023,9042.0,10538.0,-23866.0,-1496.0,2023-08-01,,-23866.0
Não identificado,Setembro/2023,8885.0,8552.0,-23533.0,333.0,2023-09-01,,-23533.0
Não identificado,Outubro/2023,8162.0,8997.0,-24368.0,-835.0,2023-10-01,,-24368.0
Não identificado,Novembro/2023,7836.0,9332.0,-25864.0,-1496.0,2023-11-01,,-25864.0
Não identificado,Dezembro/2023,5919.0,8993.0,-28938.0,-3074.0,2023-12-01,,-28938.0
Não identificado,Janeiro/2024,12.0,6.0,-28932.0,6.0,2024-01-01,,-28932.0
Não identificado,Fevereiro/2024,8.0,5.0,-28929.0,3.0,2024-02-01,,-28929.0
Não identificado,Março/2024,22.0,5.0,-28912.0,17.0,2024-03-01,,-28912.0
Não identificado,Abril/2024,4999.0,198.0,-24111.0,4801.0,2024-04-01,,-24111.0
Não identificado,Maio/2024,6852.0,837.0,-18096.0,6015.0,2024-05-01,,-18096.0
Não identificado,Junho/2024,7506.0,2070.0,-12660.0,5436.0,2024-06-01,,-12660.0
Não identificado,Julho/2024,7314.0,3055.0,-8401.0,4259.0,2024-07-01,,-8401.0
Não identificado,Agosto/2024,6690.0,3072.0,-4783.0,3618.0,2024-08-01,,-4783.0
Não identificado,Setembro/2024,6017.0,2767.0,-1533.0,3250.0,2024-09-01,,-1533.0
Não identificado,Outubro/2024,5767.0,3034.0,1200.0,2733.0,2024-10-01,2.2775,1200.0
Não identificado,Novembro/2024,6354.0,3229.0,4325.0,3125.0,2024-11-01,0.7225433526011561,4325.0
Não identificado,Dezembro/2024,2294.0,3848.0,2771.0,-1554.0,2024-12-01,-0.560808372428726,2771.0
Não identificado,Janeiro/2025,390.0,179.0,2982.0,211.0,2025-01-01,0.07075788061703554,2982.0
Não identificado,Fevereiro/2025,390.0,306.0,3066.0,84.0,2025-02-01,0.0273972602739726,3066.0
Não identificado,Março/2025,308.0,304.0,3070.0,4.0,2025-03-01,0.0013029315960912053,3070.0
Não identificado,Abril/2025,268.0,264.0,3074.0,4.0,2025-04-01,0.0013012361743656475,3074.0
Não identificado,Maio/2025,355.0,244.0,3185.0,111.0,2025-05-01,0.034850863422291996,3185.0
Não identificado,Junho/2025,233.0,266.0,3152.0,-33.0,2025-06-01,-0.010469543147208122,3152.0
Não identificado,Julho/2025,251.0,275.0,3128.0,-24.0,2025-07-01,-0.0076726342710997444,3128.0
Não identificado,Agosto/2025,199.0,242.0,3085.0,-43.0,2025-08-01,-0.01393841166936791,3085.0
Não identificado,Setembro/2025,221.0,227.0,3079.0,-6.0,2025-09-01,-0.001948684637869438,3079.0
Não identificado,Outubro/2025,270.0,251.0,3098.0,19.0,2025-10-01,0.006132989025177534,3098.0
Não identificado,Novembro/2025,249.0,199.0,3148.0,50.0,2025-11-01,0.01588310038119441,3148.0
Não identificado,Dezembro/2025,138.0,221.0,,-83.0,2025-12-01,-0.02636594663278272,3148.0
Não identificado,Janeiro/2026,207.0,185.0,3087.0,22.0,2026-01-01,0.007126660187884677,3087.0
Não identificado,Fevereiro/2026,189.0,229.0,3047.0,-40.0,2026-02-01,-0.013127666557269446,3047.0
Não identificado,Março/2026,446.0,264.0,3229.0,182.0,2026-03-01,0.056364199442551874,3229.0
Não identificado,Abril/2026,949.0,310.0,3868.0,639.0,2026-04-01,0.16520165460186143,3868.0
Não identificado,Maio/2026,1128.0,360.0,4636.0,768.0,2026-05-01,0.16566005176876616,4636.0
Não identificado,Junho/2026,1159.0,517.0,5278.0,642.0,2026-06-01,0.12163698370594922,5278.0
Paraná,Janeiro/2020,111653.0,95040.0,2612212.0,16613.0,2020-01-01,0.006359744155527959,2612212.0
Paraná,Fevereiro/2020,128786.0,102175.0,2638823.0,26611.0,2020-02-01,0.010084420213102584,2638823.0
Paraná,Março/2020,108660.0,121548.0,2625935.0,-12888.0,2020-03-01,-0.004907966114926683,2625935.0
Paraná,Abril/2020,48312.0,107336.0,2566911.0,-59024.0,2020-04-01,-0.022994174710381465,2566911.0
Paraná,Maio/2020,57246.0,82944.0,2541213.0,-25698.0,2020-05-01,-0.010112493521794512,2541213.0
Paraná,Junho/2020,74678.0,73105.0,2542786.0,1573.0,2020-06-01,0.0006186128128753266,2542786.0
Paraná,Julho/2020,83579.0,73490.0,2552875.0,10089.0,2020-07-01,0.003952014885178475,2552875.0
Paraná,Agosto/2020,98716.0,82230.0,2569361.0,16486.0,2020-08-01,0.006416381349292684,2569361.0
Paraná,Setembro/2020,109406.0,89695.0,2589072.0,19711.0,2020-09-01,0.007613152511788008,2589072.0
Paraná,Outubro/2020,127836.0,95095.0,2621813.0,32741.0,2020-10-01,0.012487923433135774,2621813.0
Paraná,Novembro/2020,121816.0,92506.0,2651123.0,29310.0,2020-11-01,0.011055692248152952,2651123.0
Paraná,Dezembro/2020,93294.0,102479.0,2641938.0,-9185.0,2020-12-01,-0.0034766145155563834,2641938.0
Paraná,Janeiro/2021,123870.0,99410.0,2666398.0,24460.0,2021-01-01,0.009173424222490416,2666398.0
Paraná,Fevereiro/2021,149231.0,107779.0,2707850.0,41452.0,2021-02-01,0.015308085750687815,2707850.0
Paraná,Março/2021,129341.0,118763.0,2718428.0,10578.0,2021-03-01,0.003891219484201899,2718428.0
Paraná,Abril/2021,111957.0,102691.0,2727694.0,9266.0,2021-04-01,0.0033970086087369037,2727694.0
Paraná,Maio/2021,120639.0,104272.0,2744061.0,16367.0,2021-05-01,0.00596451755263458,2744061.0
Paraná,Junho/2021,119610.0,103634.0,2760037.0,15976.0,2021-06-01,0.005788328199948044,2760037.0
Paraná,Julho/2021,126176.0,111890.0,2774323.0,14286.0,2021-07-01,0.005149364367451086,2774323.0
Paraná,Agosto/2021,141173.0,119017.0,2796479.0,22156.0,2021-08-01,0.00792282008911921,2796479.0
Paraná,Setembro/2021,133946.0,118802.0,2811623.0,15144.0,2021-09-01,0.005386212874201129,2811623.0
Paraná,Outubro/2021,132339.0,116470.0,2827492.0,15869.0,2021-10-01,0.005612394305624914,2827492.0
Paraná,Novembro/2021,132790.0,115284.0,2844998.0,17506.0,2021-11-01,0.006153255643764952,2844998.0
Paraná,Dezembro/2021,106496.0,130975.0,2820519.0,-24479.0,2021-12-01,-0.008678899167139098,2820519.0
Paraná,Janeiro/2022,141636.0,123224.0,2838931.0,18412.0,2022-01-01,0.006485539803538726,2838931.0
Paraná,Fevereiro/2022,170495.0,142106.0,2867320.0,28389.0,2022-02-01,0.009900883054559658,2867320.0
Paraná,Março/2022,157073.0,148437.0,2875956.0,8636.0,2022-03-01,0.00300282758150681,2875956.0
Paraná,Abril/2022,138815.0,129717.0,2885054.0,9098.0,2022-04-01,0.0031534938340842147,2885054.0
Paraná,Maio/2022,147924.0,133844.0,2899134.0,14080.0,2022-05-01,0.0048566227018137145,2899134.0
Paraná,Junho/2022,144766.0,130721.0,2913179.0,14045.0,2022-06-01,0.0048211936170074,2913179.0
Paraná,Julho/2022,148847.0,132797.0,2929229.0,16050.0,2022-07-01,0.005479257511106165,2929229.0
Paraná,Agosto/2022,156561.0,141462.0,2944328.0,15099.0,2022-08-01,0.005128165068565731,2944328.0
Paraná,Setembro/2022,141174.0,128186.0,2957316.0,12988.0,2022-09-01,0.004391820150433704,2957316.0
Paraná,Outubro/2022,136092.0,125656.0,2967752.0,10436.0,2022-10-01,0.0035164663354619926,2967752.0
Paraná,Novembro/2022,128054.0,123164.0,2972642.0,4890.0,2022-11-01,0.0016450013153282502,2972642.0
Paraná,Dezembro/2022,101578.0,137822.0,2936398.0,-36244.0,2022-12-01,-0.012343013447087214,2936398.0
Paraná,Janeiro/2023,145876.0,139575.0,2942699.0,6301.0,2023-01-01,0.00214123157006544,2942699.0
Paraná,Fevereiro/2023,162776.0,138651.0,2966824.0,24125.0,2023-02-01,0.008131591223476687,2966824.0
Paraná,Março/2023,170534.0,157142.0,2980216.0,13392.0,2023-03-01,0.004493634018473829,2980216.0
Paraná,Abril/2023,142517.0,133090.0,2989643.0,9427.0,2023-04-01,0.0031532192974211303,2989643.0
Paraná,Maio/2023,152265.0,144480.0,2997428.0,7785.0,2023-05-01,0.0025972266890147153,2997428.0
Paraná,Junho/2023,145477.0,137578.0,3005327.0,7899.0,2023-06-01,0.0026283329567797446,3005327.0
Paraná,Julho/2023,143393.0,136209.0,3012511.0,7184.0,2023-07-01,0.0023847215827593657,3012511.0
Paraná,Agosto/2023,160230.0,146662.0,3026079.0,13568.0,2023-08-01,0.004483689949931908,3026079.0
Paraná,Setembro/2023,142469.0,133423.0,3035125.0,9046.0,2023-09-01,0.0029804373790206333,3035125.0
Paraná,Outubro/2023,149544.0,134599.0,3050070.0,14945.0,2023-10-01,0.004899887543564574,3050070.0
Paraná,Novembro/2023,141360.0,133518.0,3057912.0,7842.0,2023-11-01,0.002564494988737413,3057912.0
Paraná,Dezembro/2023,109632.0,144526.0,3023018.0,-34894.0,2023-12-01,-0.011542769510469338,3023018.0
Paraná,Janeiro/2024,166747.0,146549.0,3043216.0,20198.0,2024-01-01,0.00663705763902398,3043216.0
Paraná,Fevereiro/2024,190995.0,157952.0,3076259.0,33043.0,2024-02-01,0.01074129323961344,3076259.0
Paraná,Março/2024,178476.0,160618.0,3094117.0,17858.0,2024-03-01,0.005771598165163114,3094117.0
Paraná,Abril/2024,176842.0,158810.0,3112149.0,18032.0,2024-04-01,0.00579406705784331,3112149.0
Paraná,Maio/2024,163473.0,155391.0,3120231.0,8082.0,2024-05-01,0.0025901928414915434,3120231.0
Paraná,Junho/2024,161305.0,147733.0,3133803.0,13572.0,2024-06-01,0.004330840196400348,3133803.0
Paraná,Julho/2024,173331.0,159146.0,3147988.0,14185.0,2024-07-01,0.004506052754966029,3147988.0
Paraná,Agosto/2024,171010.0,158207.0,3160791.0,12803.0,2024-08-01,0.004050568354566942,3160791.0
Paraná,Setembro/2024,165300.0,150472.0,3175619.0,14828.0,2024-09-01,0.004669325885756446,3175619.0
Paraná,Outubro/2024,173621.0,163489.0,3185751.0,10132.0,2024-10-01,0.003180411777317185,3185751.0
Paraná,Novembro/2024,146718.0,142597.0,3189872.0,4121.0,2024-11-01,0.0012919013678291793,3189872.0
Paraná,Dezembro/2024,109635.0,149420.0,3150087.0,-39785.0,2024-12-01,-0.012629809906837495,3150087.0
Paraná,Janeiro/2025,179529.0,163611.0,3166005.0,15918.0,2025-01-01,0.00502778738504835,3166005.0
Paraná,Fevereiro/2025,211674.0,172498.0,3205181.0,39176.0,2025-02-01,0.012222710667509885,3205181.0
Paraná,Março/2025,178257.0,172505.0,3210933.0,5752.0,2025-03-01,0.0017913796395004193,3210933.0
Paraná,Abril/2025,176128.0,157522.0,3229539.0,18606.0,2025-04-01,0.005761193780288765,3229539.0
Paraná,Maio/2025,170297.0,163431.0,3236405.0,6866.0,2025-05-01,0.002121489739386758,3236405.0
Paraná,Junho/2025,162705.0,153328.0,3245782.0,9377.0,2025-06-01,0.0028889802210992606,3245782.0
Paraná,Julho/2025,172912.0,164772.0,3253922.0,8140.0,2025-07-01,0.0025015965348892813,3253922.0
Paraná,Agosto/2025,171426.0,165347.0,3260001.0,6079.0,2025-08-01,0.0018647233543793392,3260001.0
Paraná,Setembro/2025,171918.0,159872.0,3272047.0,12046.0,2025-09-01,0.003681487460296261,3272047.0
Paraná,Outubro/2025,173705.0,165744.0,3280008.0,7961.0,2025-10-01,0.0024271282265165206,3280008.0
Paraná,Novembro/2025,145321.0,143568.0,3281761.0,1753.0,2025-11-01,0.0005341644318401005,3281761.0
Paraná,Dezembro/2025,109218.0,160305.0,,-51087.0,2025-12-01,-0.015566947136004115,3281761.0
Paraná,Janeiro/2026,178199.0,159893.0,3248980.0,18306.0,2026-01-01,0.005634383714273402,3248980.0
Paraná,Fevereiro/2026,195330.0,173731.0,3270579.0,21599.0,2026-02-01,0.006604029439435648,3270579.0
Paraná,Março/2026,197765.0,181942.0,3286402.0,15823.0,2026-03-01,0.004814687917059446,3286402.0
Paraná,Abril/2026,173344.0,171009.0,3288737.0,2335.0,2026-04-01,0.0007099990056973239,3288737.0
Paraná,Maio/2026,165500.0,163290.0,3290947.0,2210.0,2026-05-01,0.0006715392256393069,3290947.0
Paraná,Junho/2026,167080.0,158597.0,3299430.0,8483.0,2026-06-01,0.0025710501510867027,3299430.0
Paraíba,Janeiro/2020,10086.0,11406.0,404406.0,-1320.0,2020-01-01,-0.003264046527499592,404406.0
Paraíba,Fevereiro/2020,10832.0,13702.0,401536.0,-2870.0,2020-02-01,-0.007147553394963341,401536.0
Paraíba,Março/2020,10795.0,11430.0,400901.0,-635.0,2020-03-01,-0.0015839321927358626,400901.0
Paraíba,Abril/2020,3389.0,12334.0,391956.0,-8945.0,2020-04-01,-0.022821439141128087,391956.0
Paraíba,Maio/2020,4605.0,8251.0,388310.0,-3646.0,2020-05-01,-0.0093894053719966,388310.0
Paraíba,Junho/2020,5776.0,5727.0,388359.0,49.0,2020-06-01,0.00012617191825089672,388359.0
Paraíba,Julho/2020,9060.0,6980.0,390439.0,2080.0,2020-07-01,0.005327336664626228,390439.0
Paraíba,Agosto/2020,16862.0,6745.0,400556.0,10117.0,2020-08-01,0.025257392224807516,400556.0
Paraíba,Setembro/2020,13430.0,11291.0,402695.0,2139.0,2020-09-01,0.005311712338121903,402695.0
Paraíba,Outubro/2020,13236.0,11793.0,404138.0,1443.0,2020-10-01,0.0035705625306207286,404138.0
Paraíba,Novembro/2020,17854.0,7700.0,414292.0,10154.0,2020-11-01,0.024509283307425682,414292.0
Paraíba,Dezembro/2020,10595.0,9385.0,415502.0,1210.0,2020-12-01,0.0029121400137664803,415502.0
Paraíba,Janeiro/2021,11989.0,12282.0,415209.0,-293.0,2021-01-01,-0.0007056687114200318,415209.0
Paraíba,Fevereiro/2021,13422.0,13670.0,414961.0,-248.0,2021-02-01,-0.0005976465258180889,414961.0
Paraíba,Março/2021,13130.0,11153.0,416938.0,1977.0,2021-03-01,0.004741712197017302,416938.0
Paraíba,Abril/2021,10814.0,10282.0,417470.0,532.0,2021-04-01,0.0012743430665676575,417470.0
Paraíba,Maio/2021,12283.0,9301.0,420452.0,2982.0,2021-05-01,0.007092367261899099,420452.0
Paraíba,Junho/2021,12123.0,8733.0,423842.0,3390.0,2021-06-01,0.00799826350385285,423842.0
Paraíba,Julho/2021,14101.0,10654.0,427289.0,3447.0,2021-07-01,0.008067139570641884,427289.0
Paraíba,Agosto/2021,21225.0,10670.0,437844.0,10555.0,2021-08-01,0.02410675948511342,437844.0
Paraíba,Setembro/2021,15623.0,10486.0,442981.0,5137.0,2021-09-01,0.01159643415857565,442981.0
Paraíba,Outubro/2021,14890.0,10612.0,447259.0,4278.0,2021-10-01,0.009564927704081974,447259.0
Paraíba,Novembro/2021,14461.0,10063.0,451657.0,4398.0,2021-11-01,0.00973747777627713,451657.0
Paraíba,Dezembro/2021,12751.0,12973.0,451435.0,-222.0,2021-12-01,-0.0004917651489140186,451435.0
Paraíba,Janeiro/2022,14237.0,15472.0,450200.0,-1235.0,2022-01-01,-0.0027432252332296758,450200.0
Paraíba,Fevereiro/2022,15065.0,16602.0,448663.0,-1537.0,2022-02-01,-0.0034257337912865556,448663.0
Paraíba,Março/2022,15100.0,14228.0,449535.0,872.0,2022-03-01,0.0019397822194044958,449535.0
Paraíba,Abril/2022,15655.0,13243.0,451947.0,2412.0,2022-04-01,0.005336908973839853,451947.0
Paraíba,Maio/2022,15839.0,12686.0,455100.0,3153.0,2022-05-01,0.006928147659854977,455100.0
Paraíba,Junho/2022,15816.0,12183.0,458733.0,3633.0,2022-06-01,0.007919639528876275,458733.0
Paraíba,Julho/2022,17315.0,13171.0,462877.0,4144.0,2022-07-01,0.008952702337770077,462877.0
Paraíba,Agosto/2022,20597.0,14179.0,469295.0,6418.0,2022-08-01,0.013675832898283596,469295.0
Paraíba,Setembro/2022,16777.0,12958.0,473114.0,3819.0,2022-09-01,0.008072050288091243,473114.0
Paraíba,Outubro/2022,14282.0,13037.0,474359.0,1245.0,2022-10-01,0.0026245944527246243,474359.0
Paraíba,Novembro/2022,14754.0,12202.0,476911.0,2552.0,2022-11-01,0.005351103245678964,476911.0
Paraíba,Dezembro/2022,12063.0,14451.0,474523.0,-2388.0,2022-12-01,-0.005032422032230261,474523.0
Paraíba,Janeiro/2023,14528.0,16251.0,472800.0,-1723.0,2023-01-01,-0.00364424703891709,472800.0
Paraíba,Fevereiro/2023,15000.0,14486.0,473314.0,514.0,2023-02-01,0.0010859598490642575,473314.0
Paraíba,Março/2023,17226.0,18041.0,472499.0,-815.0,2023-03-01,-0.0017248713753891542,472499.0
Paraíba,Abril/2023,13960.0,17141.0,469318.0,-3181.0,2023-04-01,-0.006777920301373482,469318.0
Paraíba,Maio/2023,17235.0,14367.0,472186.0,2868.0,2023-05-01,0.006073877666851622,472186.0
Paraíba,Junho/2023,14608.0,14831.0,471963.0,-223.0,2023-06-01,-0.00047249466589541976,471963.0
Paraíba,Julho/2023,17447.0,13970.0,475440.0,3477.0,2023-07-01,0.007313225643614336,475440.0
Paraíba,Agosto/2023,23284.0,14502.0,484222.0,8782.0,2023-08-01,0.018136309378756026,484222.0
Paraíba,Setembro/2023,17766.0,13573.0,488415.0,4193.0,2023-09-01,0.008584912420789697,488415.0
Paraíba,Outubro/2023,16801.0,13028.0,492188.0,3773.0,2023-10-01,0.007665769990328899,492188.0
Paraíba,Novembro/2023,16477.0,12820.0,495845.0,3657.0,2023-11-01,0.007375288648670451,495845.0
Paraíba,Dezembro/2023,11954.0,13458.0,494341.0,-1504.0,2023-12-01,-0.0030424342710800843,494341.0
Paraíba,Janeiro/2024,17239.0,16907.0,494673.0,332.0,2024-01-01,0.0006711504367531683,494673.0
Paraíba,Fevereiro/2024,17867.0,17876.0,494664.0,-9.0,2024-02-01,-1.8194168162631605e-05,494664.0
Paraíba,Março/2024,18886.0,18623.0,494927.0,263.0,2024-03-01,0.0005313914981401297,494927.0
Paraíba,Abril/2024,18930.0,18191.0,495666.0,739.0,2024-04-01,0.0014909233233669447,495666.0
Paraíba,Maio/2024,17548.0,15772.0,497442.0,1776.0,2024-05-01,0.0035702654781864015,497442.0
Paraíba,Junho/2024,18029.0,14609.0,500862.0,3420.0,2024-06-01,0.0068282281346957845,500862.0
Paraíba,Julho/2024,21637.0,17248.0,505251.0,4389.0,2024-07-01,0.008686771525439832,505251.0
Paraíba,Agosto/2024,25212.0,16198.0,514265.0,9014.0,2024-08-01,0.0175279282082195,514265.0
Paraíba,Setembro/2024,19402.0,15771.0,517896.0,3631.0,2024-09-01,0.0070110601356256855,517896.0
Paraíba,Outubro/2024,19010.0,17404.0,519502.0,1606.0,2024-10-01,0.003091422169693283,519502.0
Paraíba,Novembro/2024,18521.0,15801.0,522222.0,2720.0,2024-11-01,0.005208512854686321,522222.0
Paraíba,Dezembro/2024,14317.0,15203.0,521336.0,-886.0,2024-12-01,-0.001699479798057299,521336.0
Paraíba,Janeiro/2025,21101.0,21821.0,520616.0,-720.0,2025-01-01,-0.0013829770886795642,520616.0
Paraíba,Fevereiro/2025,22128.0,21603.0,521141.0,525.0,2025-02-01,0.0010074049057740612,521141.0
Paraíba,Março/2025,19526.0,20442.0,520225.0,-916.0,2025-03-01,-0.0017607765870536786,520225.0
Paraíba,Abril/2025,20787.0,19210.0,521802.0,1577.0,2025-04-01,0.003022219155925044,521802.0
Paraíba,Maio/2025,25047.0,19142.0,527707.0,5905.0,2025-05-01,0.011189921680023194,527707.0
Paraíba,Junho/2025,19838.0,19323.0,528222.0,515.0,2025-06-01,0.0009749688577908531,528222.0
Paraíba,Julho/2025,22737.0,20490.0,530469.0,2247.0,2025-07-01,0.004235874292371468,530469.0
Paraíba,Agosto/2025,27558.0,19066.0,538961.0,8492.0,2025-08-01,0.015756242102860876,538961.0
Paraíba,Setembro/2025,24420.0,18336.0,545045.0,6084.0,2025-09-01,0.011162381087800089,545045.0
Paraíba,Outubro/2025,22182.0,19448.0,547779.0,2734.0,2025-10-01,0.004991063914461854,547779.0
Paraíba,Novembro/2025,20465.0,16387.0,551857.0,4078.0,2025-11-01,0.007389595493035334,551857.0
Paraíba,Dezembro/2025,14696.0,17380.0,,-2684.0,2025-12-01,-0.0048635787894327695,551857.0
Paraíba,Janeiro/2026,20959.0,21261.0,548871.0,-302.0,2026-01-01,-0.0005502203614328322,548871.0
Paraíba,Fevereiro/2026,21465.0,22651.0,547685.0,-1186.0,2026-02-01,-0.002165478331522682,547685.0
Paraíba,Março/2026,24343.0,23413.0,548615.0,930.0,2026-03-01,0.00169517785696709,548615.0
Paraíba,Abril/2026,22337.0,20320.0,550632.0,2017.0,2026-04-01,0.0036630635342660796,550632.0
Paraíba,Maio/2026,21807.0,19795.0,552644.0,2012.0,2026-05-01,0.0036406800761430505,552644.0
Paraíba,Junho/2026,21796.0,19431.0,555009.0,2365.0,2026-06-01,0.0042611921608478424,555009.0
Pará,Janeiro/2020,22449.0,21854.0,750197.0,595.0,2020-01-01,0.0007931250058318015,750197.0
Pará,Fevereiro/2020,24316.0,20502.0,754011.0,3814.0,2020-02-01,0.005058281643106002,754011.0
Pará,Março/2020,22003.0,23878.0,752136.0,-1875.0,2020-03-01,-0.0024929002201729473,752136.0
Pará,Abril/2020,11589.0,21247.0,742478.0,-9658.0,2020-04-01,-0.013007792823491066,742478.0
Pará,Maio/2020,14032.0,16958.0,739552.0,-2926.0,2020-05-01,-0.003956449309852451,739552.0
Pará,Junho/2020,20510.0,16063.0,743999.0,4447.0,2020-06-01,0.005977158571449693,743999.0
Pará,Julho/2020,25648.0,17147.0,752500.0,8501.0,2020-07-01,0.011297009966777408,752500.0
Pará,Agosto/2020,27671.0,17948.0,762223.0,9723.0,2020-08-01,0.012756109432541395,762223.0
Pará,Setembro/2020,29412.0,19635.0,772000.0,9777.0,2020-09-01,0.012664507772020725,772000.0
Pará,Outubro/2020,30768.0,20973.0,781795.0,9795.0,2020-10-01,0.012528859867356532,781795.0
Pará,Novembro/2020,27586.0,21306.0,788075.0,6280.0,2020-11-01,0.007968784696887986,788075.0
Pará,Dezembro/2020,20587.0,26184.0,782478.0,-5597.0,2020-12-01,-0.007152916759321028,782478.0
Pará,Janeiro/2021,26248.0,23940.0,784786.0,2308.0,2021-01-01,0.0029409291195306745,784786.0
Pará,Fevereiro/2021,29732.0,22561.0,791957.0,7171.0,2021-02-01,0.009054784540069727,791957.0
Pará,Março/2021,29846.0,25382.0,796421.0,4464.0,2021-03-01,0.005605075707446188,796421.0
Pará,Abril/2021,26296.0,21898.0,800819.0,4398.0,2021-04-01,0.005491877690214642,800819.0
Pará,Maio/2021,32712.0,23740.0,809791.0,8972.0,2021-05-01,0.011079401969150065,809791.0
Pará,Junho/2021,35166.0,24807.0,820150.0,10359.0,2021-06-01,0.01263061635066756,820150.0
Pará,Julho/2021,34543.0,24954.0,829739.0,9589.0,2021-07-01,0.01155664612607097,829739.0
Pará,Agosto/2021,37290.0,28116.0,838913.0,9174.0,2021-08-01,0.010935579732344117,838913.0
Pará,Setembro/2021,34587.0,26735.0,846765.0,7852.0,2021-09-01,0.009272938772859058,846765.0
Pará,Outubro/2021,35661.0,32851.0,849575.0,2810.0,2021-10-01,0.0033075361210016772,849575.0
Pará,Novembro/2021,32354.0,26301.0,855628.0,6053.0,2021-11-01,0.007074336043233742,855628.0
Pará,Dezembro/2021,25509.0,32731.0,848406.0,-7222.0,2021-12-01,-0.008512433905465073,848406.0
Pará,Janeiro/2022,31998.0,32778.0,847626.0,-780.0,2022-01-01,-0.0009202171712524155,847626.0
Pará,Fevereiro/2022,32352.0,29075.0,850903.0,3277.0,2022-02-01,0.003851202781045548,850903.0
Pará,Março/2022,33573.0,31224.0,853252.0,2349.0,2022-03-01,0.002752996770004641,853252.0
Pará,Abril/2022,33167.0,28641.0,857778.0,4526.0,2022-04-01,0.005276423503517227,857778.0
Pará,Maio/2022,36110.0,29566.0,864322.0,6544.0,2022-05-01,0.007571252380478572,864322.0
Pará,Junho/2022,38300.0,28466.0,874156.0,9834.0,2022-06-01,0.011249708290053492,874156.0
Pará,Julho/2022,36012.0,29979.0,880189.0,6033.0,2022-07-01,0.006854209720866768,880189.0
Pará,Agosto/2022,39871.0,32697.0,887363.0,7174.0,2022-08-01,0.008084628275012594,887363.0
Pará,Setembro/2022,39415.0,31566.0,895212.0,7849.0,2022-09-01,0.008767755570747488,895212.0
Pará,Outubro/2022,34876.0,33425.0,896663.0,1451.0,2022-10-01,0.0016182222306485269,896663.0
Pará,Novembro/2022,31990.0,33168.0,895485.0,-1178.0,2022-11-01,-0.0013154882549679782,895485.0
Pará,Dezembro/2022,25124.0,40390.0,880219.0,-15266.0,2022-12-01,-0.017343411128366917,880219.0
Pará,Janeiro/2023,33449.0,35342.0,878326.0,-1893.0,2023-01-01,-0.0021552362107008106,878326.0
Pará,Fevereiro/2023,35095.0,29536.0,883885.0,5559.0,2023-02-01,0.006289279713989942,883885.0
Pará,Março/2023,37778.0,33747.0,887916.0,4031.0,2023-03-01,0.004539843859103789,887916.0
Pará,Abril/2023,35312.0,29270.0,893958.0,6042.0,2023-04-01,0.006758706784882511,893958.0
Pará,Maio/2023,38990.0,31720.0,901228.0,7270.0,2023-05-01,0.008066771116742933,901228.0
Pará,Junho/2023,39757.0,32905.0,908080.0,6852.0,2023-06-01,0.007545590696854902,908080.0
Pará,Julho/2023,38238.0,31300.0,915018.0,6938.0,2023-07-01,0.007582364499933335,915018.0
Pará,Agosto/2023,42553.0,35650.0,921921.0,6903.0,2023-08-01,0.0074876263801345235,921921.0
Pará,Setembro/2023,40525.0,31484.0,930962.0,9041.0,2023-09-01,0.009711459758830114,930962.0
Pará,Outubro/2023,37201.0,32338.0,935825.0,4863.0,2023-10-01,0.005196484385435311,935825.0
Pará,Novembro/2023,34128.0,34179.0,935774.0,-51.0,2023-11-01,-5.450033875700757e-05,935774.0
Pará,Dezembro/2023,26470.0,37230.0,925014.0,-10760.0,2023-12-01,-0.011632256376660245,925014.0
Pará,Janeiro/2024,35464.0,35353.0,925125.0,111.0,2024-01-01,0.00011998378597486826,925125.0
Pará,Fevereiro/2024,41307.0,34228.0,932204.0,7079.0,2024-02-01,0.007593831393128542,932204.0
Pará,Março/2024,39781.0,37775.0,934210.0,2006.0,2024-03-01,0.002147268815362713,934210.0
Pará,Abril/2024,43749.0,36417.0,941542.0,7332.0,2024-04-01,0.007787225636243524,941542.0
Pará,Maio/2024,41209.0,37824.0,944927.0,3385.0,2024-05-01,0.0035822873089667246,944927.0
Pará,Junho/2024,42267.0,34374.0,952820.0,7893.0,2024-06-01,0.008283831153838081,952820.0
Pará,Julho/2024,42404.0,37312.0,957912.0,5092.0,2024-07-01,0.005315728375884215,957912.0
Pará,Agosto/2024,42773.0,38085.0,962600.0,4688.0,2024-08-01,0.004870143361728652,962600.0
Pará,Setembro/2024,42508.0,33939.0,971169.0,8569.0,2024-09-01,0.008823387072692807,971169.0
Pará,Outubro/2024,40325.0,37789.0,973705.0,2536.0,2024-10-01,0.002604484931267684,973705.0
Pará,Novembro/2024,36330.0,35029.0,975006.0,1301.0,2024-11-01,0.0013343507629696638,975006.0
Pará,Dezembro/2024,28657.0,40032.0,963631.0,-11375.0,2024-12-01,-0.011804310986259264,963631.0
Pará,Janeiro/2025,38253.0,40456.0,961428.0,-2203.0,2025-01-01,-0.002291383234105934,961428.0
Pará,Fevereiro/2025,46705.0,37715.0,970418.0,8990.0,2025-02-01,0.009264049100490716,970418.0
Pará,Março/2025,39845.0,38356.0,971907.0,1489.0,2025-03-01,0.001532039588149895,971907.0
Pará,Abril/2025,42257.0,37137.0,977027.0,5120.0,2025-04-01,0.005240387420204355,977027.0
Pará,Maio/2025,44981.0,39923.0,982085.0,5058.0,2025-05-01,0.005150267033912543,982085.0
Pará,Junho/2025,42809.0,37308.0,987586.0,5501.0,2025-06-01,0.0055701478149751005,987586.0
Pará,Julho/2025,45346.0,40464.0,992468.0,4882.0,2025-07-01,0.004919050286759876,992468.0
Pará,Agosto/2025,45709.0,40204.0,997973.0,5505.0,2025-08-01,0.005516181299494075,997973.0
Pará,Setembro/2025,48218.0,38443.0,1007748.0,9775.0,2025-09-01,0.009699845596319714,1007748.0
Pará,Outubro/2025,45127.0,42999.0,1009876.0,2128.0,2025-10-01,0.0021071893975101895,1009876.0
Pará,Novembro/2025,39018.0,37067.0,1011827.0,1951.0,2025-11-01,0.0019281952349561734,1011827.0
Pará,Dezembro/2025,28904.0,44374.0,,-15470.0,2025-12-01,-0.015289174928125066,1011827.0
Pará,Janeiro/2026,40732.0,41002.0,996087.0,-270.0,2026-01-01,-0.00027106066036400436,996087.0
Pará,Fevereiro/2026,43458.0,38757.0,1000788.0,4701.0,2026-02-01,0.0046972985287593375,1000788.0
Pará,Março/2026,44440.0,42445.0,1002783.0,1995.0,2026-03-01,0.001989463323570503,1002783.0
Pará,Abril/2026,41633.0,39621.0,1004795.0,2012.0,2026-04-01,0.0020023984991963534,1004795.0
Pará,Maio/2026,41951.0,39461.0,1007285.0,2490.0,2026-05-01,0.0024719915416193034,1007285.0
Pará,Junho/2026,43841.0,39451.0,1011675.0,4390.0,2026-06-01,0.00433933822620901,1011675.0
Pernambuco,Janeiro/2020,30510.0,33392.0,1181745.0,-2882.0,2020-01-01,-0.002438766400534802,1181745.0
Pernambuco,Fevereiro/2020,31249.0,33060.0,1179934.0,-1811.0,2020-02-01,-0.0015348316092256007,1179934.0
Pernambuco,Março/2020,27182.0,52169.0,1154947.0,-24987.0,2020-03-01,-0.021634758997599025,1154947.0
Pernambuco,Abril/2020,13906.0,40169.0,1128684.0,-26263.0,2020-04-01,-0.023268691679867882,1128684.0
Pernambuco,Maio/2020,17310.0,24709.0,1121285.0,-7399.0,2020-05-01,-0.006598679193960501,1121285.0
Pernambuco,Junho/2020,18038.0,21537.0,1117786.0,-3499.0,2020-06-01,-0.003130295065423972,1117786.0
Pernambuco,Julho/2020,28349.0,22608.0,1123527.0,5741.0,2020-07-01,0.005109801544600175,1123527.0
Pernambuco,Agosto/2020,38056.0,25408.0,1136175.0,12648.0,2020-08-01,0.011132087926595815,1136175.0
Pernambuco,Setembro/2020,47515.0,24676.0,1159014.0,22839.0,2020-09-01,0.019705542814840892,1159014.0
Pernambuco,Outubro/2020,40709.0,27294.0,1172429.0,13415.0,2020-10-01,0.011442057472136906,1172429.0
Pernambuco,Novembro/2020,39571.0,25768.0,1186232.0,13803.0,2020-11-01,0.011636003749688088,1186232.0
Pernambuco,Dezembro/2020,32014.0,34447.0,1183799.0,-2433.0,2020-12-01,-0.0020552475546946735,1183799.0
Pernambuco,Janeiro/2021,36319.0,34972.0,1185146.0,1347.0,2021-01-01,0.0011365688278068694,1185146.0
Pernambuco,Fevereiro/2021,40304.0,38194.0,1187256.0,2110.0,2021-02-01,0.0017772072745894736,1187256.0
Pernambuco,Março/2021,36967.0,39496.0,1184727.0,-2529.0,2021-03-01,-0.0021346689996936,1184727.0
Pernambuco,Abril/2021,33752.0,28681.0,1189798.0,5071.0,2021-04-01,0.004262068014906732,1189798.0
Pernambuco,Maio/2021,36428.0,28178.0,1198048.0,8250.0,2021-05-01,0.0068862015545287,1198048.0
Pernambuco,Junho/2021,35606.0,28679.0,1204975.0,6927.0,2021-06-01,0.005748666984792216,1204975.0
Pernambuco,Julho/2021,38370.0,29193.0,1214152.0,9177.0,2021-07-01,0.007558361720773017,1214152.0
Pernambuco,Agosto/2021,48706.0,31315.0,1231543.0,17391.0,2021-08-01,0.014121309609165088,1231543.0
Pernambuco,Setembro/2021,60743.0,33586.0,1258700.0,27157.0,2021-09-01,0.02157543497259077,1258700.0
Pernambuco,Outubro/2021,45377.0,33821.0,1270256.0,11556.0,2021-10-01,0.0090973787960852,1270256.0
Pernambuco,Novembro/2021,45556.0,34531.0,1281281.0,11025.0,2021-11-01,0.00860466985774393,1281281.0
Pernambuco,Dezembro/2021,35249.0,41400.0,1275130.0,-6151.0,2021-12-01,-0.004823821884827429,1275130.0
Pernambuco,Janeiro/2022,41620.0,41153.0,1275597.0,467.0,2022-01-01,0.00036610308741710746,1275597.0
Pernambuco,Fevereiro/2022,43524.0,42990.0,1276131.0,534.0,2022-02-01,0.0004184523375734936,1276131.0
Pernambuco,Março/2022,42884.0,49134.0,1269881.0,-6250.0,2022-03-01,-0.004921721011653848,1269881.0
Pernambuco,Abril/2022,40300.0,41180.0,1269001.0,-880.0,2022-04-01,-0.0006934588704027814,1269001.0
Pernambuco,Maio/2022,44599.0,38101.0,1275499.0,6498.0,2022-05-01,0.005094476749883771,1275499.0
Pernambuco,Junho/2022,43326.0,36192.0,1282633.0,7134.0,2022-06-01,0.005561996299798929,1282633.0
Pernambuco,Julho/2022,49206.0,40122.0,1291717.0,9084.0,2022-07-01,0.0070325001528972675,1291717.0
Pernambuco,Agosto/2022,57555.0,42295.0,1306977.0,15260.0,2022-08-01,0.011675798426445148,1306977.0
Pernambuco,Setembro/2022,58782.0,38039.0,1327720.0,20743.0,2022-09-01,0.015623022926520652,1327720.0
Pernambuco,Outubro/2022,46596.0,38300.0,1336016.0,8296.0,2022-10-01,0.006209506472976372,1336016.0
Pernambuco,Novembro/2022,45955.0,37702.0,1344269.0,8253.0,2022-11-01,0.006139396207157942,1344269.0
Pernambuco,Dezembro/2022,34698.0,44093.0,1334874.0,-9395.0,2022-12-01,-0.007038117455280424,1334874.0
Pernambuco,Janeiro/2023,45665.0,45338.0,1335201.0,327.0,2023-01-01,0.00024490694659455765,1335201.0
Pernambuco,Fevereiro/2023,47443.0,40682.0,1341962.0,6761.0,2023-02-01,0.005038145640487585,1341962.0
Pernambuco,Março/2023,46427.0,51692.0,1336697.0,-5265.0,2023-03-01,-0.003938813358599593,1336697.0
Pernambuco,Abril/2023,42439.0,44864.0,1334272.0,-2425.0,2023-04-01,-0.0018174705007674597,1334272.0
Pernambuco,Maio/2023,47239.0,46775.0,1334736.0,464.0,2023-05-01,0.00034763428872825787,1334736.0
Pernambuco,Junho/2023,46069.0,40742.0,1340063.0,5327.0,2023-06-01,0.003975186241243882,1340063.0
Pernambuco,Julho/2023,46226.0,41825.0,1344464.0,4401.0,2023-07-01,0.003273423460948006,1344464.0
Pernambuco,Agosto/2023,59515.0,43949.0,1360030.0,15566.0,2023-08-01,0.01144533576465225,1360030.0
Pernambuco,Setembro/2023,57870.0,39006.0,1378894.0,18864.0,2023-09-01,0.013680529467819861,1378894.0
Pernambuco,Outubro/2023,49552.0,41280.0,1387166.0,8272.0,2023-10-01,0.005963237276576848,1387166.0
Pernambuco,Novembro/2023,50528.0,42864.0,1394830.0,7664.0,2023-11-01,0.005494576399991397,1394830.0
Pernambuco,Dezembro/2023,39307.0,47942.0,1386195.0,-8635.0,2023-12-01,-0.006229282315980075,1386195.0
Pernambuco,Janeiro/2024,49439.0,47147.0,1388487.0,2292.0,2024-01-01,0.0016507176516596842,1388487.0
Pernambuco,Fevereiro/2024,49960.0,47815.0,1390632.0,2145.0,2024-02-01,0.0015424641457984572,1390632.0
Pernambuco,Março/2024,51986.0,50622.0,1391996.0,1364.0,2024-03-01,0.0009798878732410151,1391996.0
Pernambuco,Abril/2024,52533.0,53636.0,1390893.0,-1103.0,2024-04-01,-0.0007930157100510248,1390893.0
Pernambuco,Maio/2024,51530.0,47538.0,1394885.0,3992.0,2024-05-01,0.0028618846714962166,1394885.0
Pernambuco,Junho/2024,50407.0,42385.0,1402907.0,8022.0,2024-06-01,0.005718126718307058,1402907.0
Pernambuco,Julho/2024,53859.0,46281.0,1410485.0,7578.0,2024-07-01,0.005372620056221796,1410485.0
Pernambuco,Agosto/2024,64779.0,46667.0,1428597.0,18112.0,2024-08-01,0.012678173060702213,1428597.0
Pernambuco,Setembro/2024,61287.0,43436.0,1446448.0,17851.0,2024-09-01,0.012341266329657201,1446448.0
Pernambuco,Outubro/2024,54384.0,49374.0,1451458.0,5010.0,2024-10-01,0.0034517016682535768,1451458.0
Pernambuco,Novembro/2024,50407.0,44881.0,1456984.0,5526.0,2024-11-01,0.003792766427084992,1456984.0
Pernambuco,Dezembro/2024,40188.0,50643.0,1446529.0,-10455.0,2024-12-01,-0.007227646317495191,1446529.0
Pernambuco,Janeiro/2025,54852.0,60082.0,1441299.0,-5230.0,2025-01-01,-0.00362867108074036,1441299.0
Pernambuco,Fevereiro/2025,59818.0,52230.0,1448887.0,7588.0,2025-02-01,0.005237123391955342,1448887.0
Pernambuco,Março/2025,49384.0,52862.0,1445409.0,-3478.0,2025-03-01,-0.0024062393412521994,1445409.0
Pernambuco,Abril/2025,58818.0,51317.0,1452910.0,7501.0,2025-04-01,0.00516274235843927,1452910.0
Pernambuco,Maio/2025,58674.0,48920.0,1462664.0,9754.0,2025-05-01,0.006668653908211319,1462664.0
Pernambuco,Junho/2025,52697.0,47518.0,1467843.0,5179.0,2025-06-01,0.003528306501444637,1467843.0
Pernambuco,Julho/2025,58008.0,50631.0,1475220.0,7377.0,2025-07-01,0.005000610078496766,1475220.0
Pernambuco,Agosto/2025,64260.0,51568.0,1487912.0,12692.0,2025-08-01,0.008530074359236299,1487912.0
Pernambuco,Setembro/2025,69114.0,53512.0,1503514.0,15602.0,2025-09-01,0.010377023426452962,1503514.0
Pernambuco,Outubro/2025,63555.0,52959.0,1514110.0,10596.0,2025-10-01,0.006998170542430867,1514110.0
Pernambuco,Novembro/2025,54240.0,45244.0,1523106.0,8996.0,2025-11-01,0.005906351888837678,1523106.0
Pernambuco,Dezembro/2025,40713.0,50175.0,,-9462.0,2025-12-01,-0.00621230564386195,1523106.0
Pernambuco,Janeiro/2026,54830.0,53941.0,1514533.0,889.0,2026-01-01,0.0005869796168191779,1514533.0
Pernambuco,Fevereiro/2026,55867.0,54724.0,1515676.0,1143.0,2026-02-01,0.0007541189541828201,1515676.0
Pernambuco,Março/2026,63509.0,60222.0,1518963.0,3287.0,2026-03-01,0.0021639763443875855,1518963.0
Pernambuco,Abril/2026,61342.0,58002.0,1522303.0,3340.0,2026-04-01,0.0021940441554670785,1522303.0
Pernambuco,Maio/2026,57870.0,51976.0,1528197.0,5894.0,2026-05-01,0.003856832594227053,1528197.0
Pernambuco,Junho/2026,57893.0,51731.0,1534359.0,6162.0,2026-06-01,0.004016009291176315,1534359.0
Piauí,Janeiro/2020,6933.0,7415.0,269620.0,-482.0,2020-01-01,-0.0017877012091091166,269620.0
Piauí,Fevereiro/2020,7077.0,6182.0,270515.0,895.0,2020-02-01,0.0033085041494926343,270515.0
Piauí,Março/2020,7398.0,7201.0,270712.0,197.0,2020-03-01,0.000727710629746742,270712.0
Piauí,Abril/2020,2382.0,7990.0,265104.0,-5608.0,2020-04-01,-0.021153962218601,265104.0
Piauí,Maio/2020,3012.0,6449.0,261667.0,-3437.0,2020-05-01,-0.013135015114630427,261667.0
Piauí,Junho/2020,5425.0,4846.0,262246.0,579.0,2020-06-01,0.002207850644051768,262246.0
Piauí,Julho/2020,5913.0,4352.0,263807.0,1561.0,2020-07-01,0.005917204623076719,263807.0
Piauí,Agosto/2020,7269.0,4790.0,266286.0,2479.0,2020-08-01,0.009309539367447031,266286.0
Piauí,Setembro/2020,8078.0,5421.0,268943.0,2657.0,2020-09-01,0.009879416828101123,268943.0
Piauí,Outubro/2020,9304.0,5537.0,272710.0,3767.0,2020-10-01,0.013813208169850757,272710.0
Piauí,Novembro/2020,9091.0,6109.0,275692.0,2982.0,2020-11-01,0.010816418321895449,275692.0
Piauí,Dezembro/2020,6521.0,6731.0,275482.0,-210.0,2020-12-01,-0.0007623002591820882,275482.0
Piauí,Janeiro/2021,8938.0,7285.0,277135.0,1653.0,2021-01-01,0.005964602089234489,277135.0
Piauí,Fevereiro/2021,10355.0,7433.0,280057.0,2922.0,2021-02-01,0.010433590304830802,280057.0
Piauí,Março/2021,8449.0,7018.0,281488.0,1431.0,2021-03-01,0.005083698061729097,281488.0
Piauí,Abril/2021,8493.0,6416.0,283565.0,2077.0,2021-04-01,0.007324599298220867,283565.0
Piauí,Maio/2021,9450.0,6031.0,286984.0,3419.0,2021-05-01,0.011913556156440777,286984.0
Piauí,Junho/2021,11712.0,6605.0,292091.0,5107.0,2021-06-01,0.017484277160200075,292091.0
Piauí,Julho/2021,9736.0,6894.0,294933.0,2842.0,2021-07-01,0.00963608684006198,294933.0
Piauí,Agosto/2021,10610.0,7631.0,297912.0,2979.0,2021-08-01,0.009999597196487553,297912.0
Piauí,Setembro/2021,10724.0,7347.0,301289.0,3377.0,2021-09-01,0.011208507446338898,301289.0
Piauí,Outubro/2021,10100.0,8562.0,302827.0,1538.0,2021-10-01,0.005078807371865785,302827.0
Piauí,Novembro/2021,9545.0,7929.0,304443.0,1616.0,2021-11-01,0.005308054381279911,304443.0
Piauí,Dezembro/2021,7765.0,9661.0,302547.0,-1896.0,2021-12-01,-0.006266794911203879,302547.0
Piauí,Janeiro/2022,9416.0,9946.0,302017.0,-530.0,2022-01-01,-0.0017548681034511302,302017.0
Piauí,Fevereiro/2022,10741.0,8947.0,303811.0,1794.0,2022-02-01,0.005904986982038175,303811.0
Piauí,Março/2022,10361.0,9513.0,304659.0,848.0,2022-03-01,0.0027834398458604537,304659.0
Piauí,Abril/2022,10590.0,9576.0,305673.0,1014.0,2022-04-01,0.0033172704164253957,305673.0
Piauí,Maio/2022,11859.0,9163.0,308369.0,2696.0,2022-05-01,0.008742772457672464,308369.0
Piauí,Junho/2022,12862.0,8668.0,312563.0,4194.0,2022-06-01,0.013418094912065727,312563.0
Piauí,Julho/2022,11198.0,9168.0,314593.0,2030.0,2022-07-01,0.006452781848292874,314593.0
Piauí,Agosto/2022,11986.0,11126.0,315453.0,860.0,2022-08-01,0.0027262381400715795,315453.0
Piauí,Setembro/2022,12035.0,9254.0,318234.0,2781.0,2022-09-01,0.008738852542468749,318234.0
Piauí,Outubro/2022,10184.0,9265.0,319153.0,919.0,2022-10-01,0.002879496667742431,319153.0
Piauí,Novembro/2022,10030.0,10079.0,319104.0,-49.0,2022-11-01,-0.00015355495387083836,319104.0
Piauí,Dezembro/2022,7826.0,11856.0,315074.0,-4030.0,2022-12-01,-0.012790646006969792,315074.0
Piauí,Janeiro/2023,10074.0,9798.0,315350.0,276.0,2023-01-01,0.0008752180117329951,315350.0
Piauí,Fevereiro/2023,10279.0,9357.0,316272.0,922.0,2023-02-01,0.0029152122223908535,316272.0
Piauí,Março/2023,12111.0,10181.0,318202.0,1930.0,2023-03-01,0.006065329570524384,318202.0
Piauí,Abril/2023,11763.0,9880.0,320085.0,1883.0,2023-04-01,0.005882812377962104,320085.0
Piauí,Maio/2023,12707.0,10039.0,322753.0,2668.0,2023-05-01,0.008266383271418081,322753.0
Piauí,Junho/2023,14092.0,9922.0,326923.0,4170.0,2023-06-01,0.012755297118893439,326923.0
Piauí,Julho/2023,13686.0,9957.0,330652.0,3729.0,2023-07-01,0.01127771796329676,330652.0
Piauí,Agosto/2023,13556.0,10792.0,333416.0,2764.0,2023-08-01,0.008289944093864722,333416.0
Piauí,Setembro/2023,12627.0,10133.0,335910.0,2494.0,2023-09-01,0.007424607781846328,335910.0
Piauí,Outubro/2023,12400.0,10213.0,338097.0,2187.0,2023-10-01,0.006468557839909848,338097.0
Piauí,Novembro/2023,11601.0,11725.0,337973.0,-124.0,2023-11-01,-0.00036689321336319763,337973.0
Piauí,Dezembro/2023,8087.0,11566.0,334494.0,-3479.0,2023-12-01,-0.01040078446848075,334494.0
Piauí,Janeiro/2024,11798.0,11077.0,335215.0,721.0,2024-01-01,0.002150858404307683,335215.0
Piauí,Fevereiro/2024,12077.0,11544.0,335748.0,533.0,2024-02-01,0.0015875001489212147,335748.0
Piauí,Março/2024,14051.0,11036.0,338763.0,3015.0,2024-03-01,0.008900027452820999,338763.0
Piauí,Abril/2024,13417.0,11345.0,340835.0,2072.0,2024-04-01,0.0060791878768318985,340835.0
Piauí,Maio/2024,12722.0,10588.0,342969.0,2134.0,2024-05-01,0.006222136694570063,342969.0
Piauí,Junho/2024,13251.0,10337.0,345883.0,2914.0,2024-06-01,0.008424814171266006,345883.0
Piauí,Julho/2024,13000.0,11285.0,347598.0,1715.0,2024-07-01,0.004933860378943492,347598.0
Piauí,Agosto/2024,13368.0,11303.0,349663.0,2065.0,2024-08-01,0.005905686332268499,349663.0
Piauí,Setembro/2024,11848.0,10859.0,350652.0,989.0,2024-09-01,0.0028204601713379645,350652.0
Piauí,Outubro/2024,12355.0,11038.0,351969.0,1317.0,2024-10-01,0.003741806806849467,351969.0
Piauí,Novembro/2024,10864.0,12242.0,350591.0,-1378.0,2024-11-01,-0.0039305059171513244,350591.0
Piauí,Dezembro/2024,7805.0,10522.0,347874.0,-2717.0,2024-12-01,-0.007810299131294664,347874.0
Piauí,Janeiro/2025,11830.0,12796.0,346908.0,-966.0,2025-01-01,-0.002784599951572175,346908.0
Piauí,Fevereiro/2025,14930.0,11936.0,349902.0,2994.0,2025-02-01,0.00855668158512955,349902.0
Piauí,Março/2025,14157.0,12427.0,351632.0,1730.0,2025-03-01,0.004919916276106839,351632.0
Piauí,Abril/2025,13684.0,10466.0,354850.0,3218.0,2025-04-01,0.009068620543891785,354850.0
Piauí,Maio/2025,15010.0,11451.0,358409.0,3559.0,2025-05-01,0.009929996177551345,358409.0
Piauí,Junho/2025,14472.0,11727.0,361154.0,2745.0,2025-06-01,0.007600635739878279,361154.0
Piauí,Julho/2025,14585.0,11600.0,364139.0,2985.0,2025-07-01,0.008197419117424939,364139.0
Piauí,Agosto/2025,14589.0,11998.0,366730.0,2591.0,2025-08-01,0.007065143293431135,366730.0
Piauí,Setembro/2025,14735.0,12331.0,369134.0,2404.0,2025-09-01,0.006512540161567344,369134.0
Piauí,Outubro/2025,14638.0,11945.0,371827.0,2693.0,2025-10-01,0.0072426155174314935,371827.0
Piauí,Novembro/2025,12329.0,13377.0,370779.0,-1048.0,2025-11-01,-0.002826481542913703,370779.0
Piauí,Dezembro/2025,8728.0,11198.0,,-2470.0,2025-12-01,-0.0066616502013328695,370779.0
Piauí,Janeiro/2026,12298.0,12635.0,367972.0,-337.0,2026-01-01,-0.0009158305523246334,367972.0
Piauí,Fevereiro/2026,13669.0,12394.0,369247.0,1275.0,2026-02-01,0.0034529732130525095,369247.0
Piauí,Março/2026,16544.0,13236.0,372555.0,3308.0,2026-03-01,0.008879225886110776,372555.0
Piauí,Abril/2026,13366.0,12508.0,373413.0,858.0,2026-04-01,0.0022977239678318643,373413.0
Piauí,Maio/2026,14125.0,12126.0,375412.0,1999.0,2026-05-01,0.00532481646830682,375412.0
Piauí,Junho/2026,15306.0,12283.0,378435.0,3023.0,2026-06-01,0.007988161771506335,378435.0
Rio Grande do Norte,Janeiro/2020,10935.0,12316.0,393140.0,-1381.0,2020-01-01,-0.003512743551915348,393140.0
Rio Grande do Norte,Fevereiro/2020,11203.0,13599.0,390744.0,-2396.0,2020-02-01,-0.006131891980427083,390744.0
Rio Grande do Norte,Março/2020,10892.0,12990.0,388646.0,-2098.0,2020-03-01,-0.0053982287222819735,388646.0
Rio Grande do Norte,Abril/2020,4531.0,13417.0,379760.0,-8886.0,2020-04-01,-0.02339898883505372,379760.0
Rio Grande do Norte,Maio/2020,6343.0,9710.0,376393.0,-3367.0,2020-05-01,-0.00894543734872859,376393.0
Rio Grande do Norte,Junho/2020,9601.0,7906.0,378088.0,1695.0,2020-06-01,0.004483083303357949,378088.0
Rio Grande do Norte,Julho/2020,10187.0,8829.0,379446.0,1358.0,2020-07-01,0.0035789018727302438,379446.0
Rio Grande do Norte,Agosto/2020,14632.0,8686.0,385392.0,5946.0,2020-08-01,0.015428446880059784,385392.0
Rio Grande do Norte,Setembro/2020,14088.0,9599.0,389881.0,4489.0,2020-09-01,0.011513769586104478,389881.0
Rio Grande do Norte,Outubro/2020,14070.0,9300.0,394651.0,4770.0,2020-10-01,0.012086628438797825,394651.0
Rio Grande do Norte,Novembro/2020,14113.0,9353.0,399411.0,4760.0,2020-11-01,0.011917548590299216,399411.0
Rio Grande do Norte,Dezembro/2020,11137.0,12083.0,398465.0,-946.0,2020-12-01,-0.0023741106496179085,398465.0
Rio Grande do Norte,Janeiro/2021,14447.0,12207.0,400705.0,2240.0,2021-01-01,0.005590147365268714,400705.0
Rio Grande do Norte,Fevereiro/2021,14639.0,12793.0,402551.0,1846.0,2021-02-01,0.004585754351622527,402551.0
Rio Grande do Norte,Março/2021,15436.0,13360.0,404627.0,2076.0,2021-03-01,0.005130651192332691,404627.0
Rio Grande do Norte,Abril/2021,12466.0,12563.0,404530.0,-97.0,2021-04-01,-0.00023978444120337182,404530.0
Rio Grande do Norte,Maio/2021,12928.0,10757.0,406701.0,2171.0,2021-05-01,0.0053380739167103106,406701.0
Rio Grande do Norte,Junho/2021,15101.0,10219.0,411583.0,4882.0,2021-06-01,0.011861520033626267,411583.0
Rio Grande do Norte,Julho/2021,15974.0,11347.0,416210.0,4627.0,2021-07-01,0.01111698421469931,416210.0
Rio Grande do Norte,Agosto/2021,19220.0,11670.0,423760.0,7550.0,2021-08-01,0.01781668869171229,423760.0
Rio Grande do Norte,Setembro/2021,17588.0,11202.0,430146.0,6386.0,2021-09-01,0.014846122014385814,430146.0
Rio Grande do Norte,Outubro/2021,16028.0,12143.0,434031.0,3885.0,2021-10-01,0.00895097354797238,434031.0
Rio Grande do Norte,Novembro/2021,15108.0,11899.0,437240.0,3209.0,2021-11-01,0.007339218735705791,437240.0
Rio Grande do Norte,Dezembro/2021,12710.0,13732.0,436218.0,-1022.0,2021-12-01,-0.0023428652646153986,436218.0
Rio Grande do Norte,Janeiro/2022,14176.0,16784.0,433610.0,-2608.0,2022-01-01,-0.006014621434007519,433610.0
Rio Grande do Norte,Fevereiro/2022,15419.0,13830.0,435199.0,1589.0,2022-02-01,0.0036512032426545098,435199.0
Rio Grande do Norte,Março/2022,14530.0,15591.0,434138.0,-1061.0,2022-03-01,-0.0024439233607746846,434138.0
Rio Grande do Norte,Abril/2022,15784.0,14162.0,435760.0,1622.0,2022-04-01,0.003722232421516431,435760.0
Rio Grande do Norte,Maio/2022,17338.0,13770.0,439328.0,3568.0,2022-05-01,0.008121494646369,439328.0
Rio Grande do Norte,Junho/2022,16875.0,13146.0,443057.0,3729.0,2022-06-01,0.008416524284685718,443057.0
Rio Grande do Norte,Julho/2022,17076.0,14560.0,445573.0,2516.0,2022-07-01,0.005646661714242111,445573.0
Rio Grande do Norte,Agosto/2022,21806.0,15139.0,452240.0,6667.0,2022-08-01,0.014742172297894924,452240.0
Rio Grande do Norte,Setembro/2022,18352.0,14120.0,456472.0,4232.0,2022-09-01,0.009271105347096865,456472.0
Rio Grande do Norte,Outubro/2022,15155.0,13202.0,458425.0,1953.0,2022-10-01,0.004260238861318645,458425.0
Rio Grande do Norte,Novembro/2022,15418.0,13613.0,460230.0,1805.0,2022-11-01,0.003921952067444539,460230.0
Rio Grande do Norte,Dezembro/2022,12859.0,15877.0,457212.0,-3018.0,2022-12-01,-0.006600876617411616,457212.0
Rio Grande do Norte,Janeiro/2023,15540.0,15577.0,457175.0,-37.0,2023-01-01,-8.093180948214578e-05,457175.0
Rio Grande do Norte,Fevereiro/2023,15190.0,14763.0,457602.0,427.0,2023-02-01,0.0009331252922845617,457602.0
Rio Grande do Norte,Março/2023,18036.0,18114.0,457524.0,-78.0,2023-03-01,-0.0001704828599155454,457524.0
Rio Grande do Norte,Abril/2023,15877.0,14300.0,459101.0,1577.0,2023-04-01,0.003434974003541704,459101.0
Rio Grande do Norte,Maio/2023,17162.0,15404.0,460859.0,1758.0,2023-05-01,0.003814615750153518,460859.0
Rio Grande do Norte,Junho/2023,18460.0,15986.0,463333.0,2474.0,2023-06-01,0.0053395721867425805,463333.0
Rio Grande do Norte,Julho/2023,18950.0,15419.0,466864.0,3531.0,2023-07-01,0.007563230405428562,466864.0
Rio Grande do Norte,Agosto/2023,22036.0,16061.0,472839.0,5975.0,2023-08-01,0.012636436503757092,472839.0
Rio Grande do Norte,Setembro/2023,19348.0,15094.0,477093.0,4254.0,2023-09-01,0.008916500556495274,477093.0
Rio Grande do Norte,Outubro/2023,16808.0,14551.0,479350.0,2257.0,2023-10-01,0.0047084593720663395,479350.0
Rio Grande do Norte,Novembro/2023,18370.0,15028.0,482692.0,3342.0,2023-11-01,0.0069236697521400815,482692.0
Rio Grande do Norte,Dezembro/2023,13449.0,16016.0,480125.0,-2567.0,2023-12-01,-0.005346524342619109,480125.0
Rio Grande do Norte,Janeiro/2024,17836.0,16379.0,481582.0,1457.0,2024-01-01,0.003025445303188242,481582.0
Rio Grande do Norte,Fevereiro/2024,17527.0,17244.0,481865.0,283.0,2024-02-01,0.0005873014225976155,481865.0
Rio Grande do Norte,Março/2024,20842.0,19427.0,483280.0,1415.0,2024-03-01,0.002927909286541963,483280.0
Rio Grande do Norte,Abril/2024,20233.0,17542.0,485971.0,2691.0,2024-04-01,0.00553736745608277,485971.0
Rio Grande do Norte,Maio/2024,19624.0,16888.0,488707.0,2736.0,2024-05-01,0.005598446512941292,488707.0
Rio Grande do Norte,Junho/2024,20160.0,15627.0,493240.0,4533.0,2024-06-01,0.009190252209877544,493240.0
Rio Grande do Norte,Julho/2024,23091.0,17317.0,499014.0,5774.0,2024-07-01,0.011570817652410553,499014.0
Rio Grande do Norte,Agosto/2024,24264.0,17025.0,506253.0,7239.0,2024-08-01,0.014299174523410231,506253.0
Rio Grande do Norte,Setembro/2024,21384.0,16403.0,511234.0,4981.0,2024-09-01,0.009743092204352606,511234.0
Rio Grande do Norte,Outubro/2024,21330.0,18483.0,514081.0,2847.0,2024-10-01,0.005538037780038555,514081.0
Rio Grande do Norte,Novembro/2024,18613.0,16252.0,516442.0,2361.0,2024-11-01,0.0045716653564195015,516442.0
Rio Grande do Norte,Dezembro/2024,14544.0,17161.0,513825.0,-2617.0,2024-12-01,-0.005093173745925169,513825.0
Rio Grande do Norte,Janeiro/2025,19694.0,20322.0,513197.0,-628.0,2025-01-01,-0.0012237016194560763,513197.0
Rio Grande do Norte,Fevereiro/2025,22502.0,20007.0,515692.0,2495.0,2025-02-01,0.0048381592113121786,515692.0
Rio Grande do Norte,Março/2025,20418.0,22336.0,513774.0,-1918.0,2025-03-01,-0.003733158937587344,513774.0
Rio Grande do Norte,Abril/2025,22089.0,19162.0,516701.0,2927.0,2025-04-01,0.005664784856232135,516701.0
Rio Grande do Norte,Maio/2025,23696.0,21476.0,518921.0,2220.0,2025-05-01,0.004278107843005005,518921.0
Rio Grande do Norte,Junho/2025,20245.0,18482.0,520684.0,1763.0,2025-06-01,0.0033859308140830138,520684.0
Rio Grande do Norte,Julho/2025,23756.0,20318.0,524122.0,3438.0,2025-07-01,0.0065595414808002715,524122.0
Rio Grande do Norte,Agosto/2025,24285.0,18946.0,529461.0,5339.0,2025-08-01,0.010083839980659577,529461.0
Rio Grande do Norte,Setembro/2025,21201.0,17970.0,532692.0,3231.0,2025-09-01,0.0060654186659458,532692.0
Rio Grande do Norte,Outubro/2025,20965.0,20011.0,533646.0,954.0,2025-10-01,0.0017877019597261105,533646.0
Rio Grande do Norte,Novembro/2025,18533.0,16985.0,535194.0,1548.0,2025-11-01,0.002892409107725423,535194.0
Rio Grande do Norte,Dezembro/2025,15879.0,21185.0,,-5306.0,2025-12-01,-0.009914161967436108,535194.0
Rio Grande do Norte,Janeiro/2026,20669.0,19505.0,531052.0,1164.0,2026-01-01,0.00219187574851427,531052.0
Rio Grande do Norte,Fevereiro/2026,19084.0,21305.0,528831.0,-2221.0,2026-02-01,-0.004199829435112541,528831.0
Rio Grande do Norte,Março/2026,22128.0,21001.0,529958.0,1127.0,2026-03-01,0.0021265836160601404,529958.0
Rio Grande do Norte,Abril/2026,20089.0,20245.0,529802.0,-156.0,2026-04-01,-0.0002944496245767287,529802.0
Rio Grande do Norte,Maio/2026,19380.0,19271.0,529911.0,109.0,2026-05-01,0.0002056949185806673,529911.0
Rio Grande do Norte,Junho/2026,19584.0,19297.0,530198.0,287.0,2026-06-01,0.0005413072097593729,530198.0
Rio Grande do Sul,Janeiro/2020,98204.0,86129.0,2414386.0,12075.0,2020-01-01,0.005001271544815121,2414386.0
Rio Grande do Sul,Fevereiro/2020,109958.0,87724.0,2436620.0,22234.0,2020-02-01,0.00912493536127915,2436620.0
Rio Grande do Sul,Março/2020,97263.0,110878.0,2423005.0,-13615.0,2020-03-01,-0.005619055676731992,2423005.0
Rio Grande do Sul,Abril/2020,36238.0,114687.0,2344556.0,-78449.0,2020-04-01,-0.03346006663948312,2344556.0
Rio Grande do Sul,Maio/2020,44143.0,78641.0,2310058.0,-34498.0,2020-05-01,-0.014933824172380088,2310058.0
Rio Grande do Sul,Junho/2020,54490.0,60699.0,2303849.0,-6209.0,2020-06-01,-0.0026950551012674875,2303849.0
Rio Grande do Sul,Julho/2020,62229.0,59827.0,2306251.0,2402.0,2020-07-01,0.0010415171635697936,2306251.0
Rio Grande do Sul,Agosto/2020,73800.0,66858.0,2313193.0,6942.0,2020-08-01,0.0030010466052767756,2313193.0
Rio Grande do Sul,Setembro/2020,86955.0,71285.0,2328863.0,15670.0,2020-09-01,0.006728605332301642,2328863.0
Rio Grande do Sul,Outubro/2020,103977.0,77205.0,2355635.0,26772.0,2020-10-01,0.011365088394424433,2355635.0
Rio Grande do Sul,Novembro/2020,105468.0,76028.0,2385075.0,29440.0,2020-11-01,0.012343427355533893,2385075.0
Rio Grande do Sul,Dezembro/2020,84777.0,86021.0,2383831.0,-1244.0,2020-12-01,-0.0005218490740325132,2383831.0
Rio Grande do Sul,Janeiro/2021,114777.0,85390.0,2413218.0,29387.0,2021-01-01,0.012177515665803919,2413218.0
Rio Grande do Sul,Fevereiro/2021,121692.0,91927.0,2442983.0,29765.0,2021-02-01,0.012183875205025986,2442983.0
Rio Grande do Sul,Março/2021,116500.0,99967.0,2459516.0,16533.0,2021-03-01,0.006722054257829589,2459516.0
Rio Grande do Sul,Abril/2021,91492.0,92433.0,2458575.0,-941.0,2021-04-01,-0.0003827420355287107,2458575.0
Rio Grande do Sul,Maio/2021,98191.0,91269.0,2465497.0,6922.0,2021-05-01,0.002807547524900659,2465497.0
Rio Grande do Sul,Junho/2021,100774.0,89245.0,2477026.0,11529.0,2021-06-01,0.004654371815233267,2477026.0
Rio Grande do Sul,Julho/2021,108661.0,93807.0,2491880.0,14854.0,2021-07-01,0.005960961201984044,2491880.0
Rio Grande do Sul,Agosto/2021,111797.0,99394.0,2504283.0,12403.0,2021-08-01,0.004952715008647185,2504283.0
Rio Grande do Sul,Setembro/2021,109096.0,94688.0,2518691.0,14408.0,2021-09-01,0.00572043176395993,2518691.0
Rio Grande do Sul,Outubro/2021,116194.0,95882.0,2539003.0,20312.0,2021-10-01,0.007999990547470798,2539003.0
Rio Grande do Sul,Novembro/2021,114288.0,95515.0,2557776.0,18773.0,2021-11-01,0.007339579384590363,2557776.0
Rio Grande do Sul,Dezembro/2021,90962.0,108994.0,2539744.0,-18032.0,2021-12-01,-0.0070999281817380015,2539744.0
Rio Grande do Sul,Janeiro/2022,119623.0,102003.0,2557364.0,17620.0,2022-01-01,0.0068899069510636735,2557364.0
Rio Grande do Sul,Fevereiro/2022,137953.0,111745.0,2583572.0,26208.0,2022-02-01,0.010144095074571174,2583572.0
Rio Grande do Sul,Março/2022,137779.0,124316.0,2597035.0,13463.0,2022-03-01,0.005183988663995672,2597035.0
Rio Grande do Sul,Abril/2022,116922.0,108358.0,2605599.0,8564.0,2022-04-01,0.00328676822488802,2605599.0
Rio Grande do Sul,Maio/2022,116524.0,112350.0,2609773.0,4174.0,2022-05-01,0.0015993728190152937,2609773.0
Rio Grande do Sul,Junho/2022,112958.0,105065.0,2617666.0,7893.0,2022-06-01,0.0030152815523447223,2617666.0
Rio Grande do Sul,Julho/2022,114957.0,107464.0,2625159.0,7493.0,2022-07-01,0.0028543033012476578,2625159.0
Rio Grande do Sul,Agosto/2022,124211.0,114428.0,2634942.0,9783.0,2022-08-01,0.003712795196250999,2634942.0
Rio Grande do Sul,Setembro/2022,113502.0,103162.0,2645282.0,10340.0,2022-09-01,0.003908846013392901,2645282.0
Rio Grande do Sul,Outubro/2022,114018.0,100168.0,2659132.0,13850.0,2022-10-01,0.005208466522158358,2659132.0
Rio Grande do Sul,Novembro/2022,111380.0,99745.0,2670767.0,11635.0,2022-11-01,0.004356426449780157,2670767.0
Rio Grande do Sul,Dezembro/2022,86650.0,114577.0,2642840.0,-27927.0,2022-12-01,-0.010567041515944968,2642840.0
Rio Grande do Sul,Janeiro/2023,121927.0,111538.0,2653229.0,10389.0,2023-01-01,0.003915606229239919,2653229.0
Rio Grande do Sul,Fevereiro/2023,133045.0,112906.0,2673368.0,20139.0,2023-02-01,0.007533194083268746,2673368.0
Rio Grande do Sul,Março/2023,149307.0,137130.0,2685545.0,12177.0,2023-03-01,0.004534275165748479,2685545.0
Rio Grande do Sul,Abril/2023,120887.0,109397.0,2697035.0,11490.0,2023-04-01,0.004260233923549379,2697035.0
Rio Grande do Sul,Maio/2023,119159.0,121670.0,2694524.0,-2511.0,2023-05-01,-0.0009318900110000876,2694524.0
Rio Grande do Sul,Junho/2023,112240.0,112451.0,2694313.0,-211.0,2023-06-01,-7.831309873797142e-05,2694313.0
Rio Grande do Sul,Julho/2023,109217.0,111346.0,2692184.0,-2129.0,2023-07-01,-0.0007908077605393985,2692184.0
Rio Grande do Sul,Agosto/2023,123106.0,120545.0,2694745.0,2561.0,2023-08-01,0.0009503682166587191,2694745.0
Rio Grande do Sul,Setembro/2023,104420.0,103153.0,2696012.0,1267.0,2023-09-01,0.0004699533978335408,2696012.0
Rio Grande do Sul,Outubro/2023,115882.0,105116.0,2706778.0,10766.0,2023-10-01,0.003977422603553007,2706778.0
Rio Grande do Sul,Novembro/2023,114640.0,102841.0,2718577.0,11799.0,2023-11-01,0.004340138241440283,2718577.0
Rio Grande do Sul,Dezembro/2023,87047.0,115879.0,2689745.0,-28832.0,2023-12-01,-0.010719231748734546,2689745.0
Rio Grande do Sul,Janeiro/2024,134553.0,113743.0,2710555.0,20810.0,2024-01-01,0.00767739448194189,2710555.0
Rio Grande do Sul,Fevereiro/2024,155306.0,129854.0,2736007.0,25452.0,2024-02-01,0.009302607778415772,2736007.0
Rio Grande do Sul,Março/2024,146638.0,136148.0,2746497.0,10490.0,2024-03-01,0.0038194106893253477,2746497.0
Rio Grande do Sul,Abril/2024,141418.0,127906.0,2760009.0,13512.0,2024-04-01,0.004895636209881924,2760009.0
Rio Grande do Sul,Maio/2024,94129.0,116309.0,2737829.0,-22180.0,2024-05-01,-0.008101309468195421,2737829.0
Rio Grande do Sul,Junho/2024,108299.0,116868.0,2729260.0,-8569.0,2024-06-01,-0.0031396788873174412,2729260.0
Rio Grande do Sul,Julho/2024,129392.0,122702.0,2735950.0,6690.0,2024-07-01,0.0024452201246367806,2735950.0
Rio Grande do Sul,Agosto/2024,131781.0,121368.0,2746363.0,10413.0,2024-08-01,0.003791559964942726,2746363.0
Rio Grande do Sul,Setembro/2024,124083.0,113845.0,2756601.0,10238.0,2024-09-01,0.0037139941543952136,2756601.0
Rio Grande do Sul,Outubro/2024,141716.0,127601.0,2770716.0,14115.0,2024-10-01,0.005094351063046519,2770716.0
Rio Grande do Sul,Novembro/2024,127120.0,115255.0,2782581.0,11865.0,2024-11-01,0.004264026815391897,2782581.0
Rio Grande do Sul,Dezembro/2024,95156.0,123540.0,2754197.0,-28384.0,2024-12-01,-0.010305726133606275,2754197.0
Rio Grande do Sul,Janeiro/2025,157072.0,130340.0,2780929.0,26732.0,2025-01-01,0.009612615064965701,2780929.0
Rio Grande do Sul,Fevereiro/2025,174685.0,143992.0,2811622.0,30693.0,2025-02-01,0.010916474547432052,2811622.0
Rio Grande do Sul,Março/2025,153585.0,144625.0,2820582.0,8960.0,2025-03-01,0.0031766493581821056,2820582.0
Rio Grande do Sul,Abril/2025,142358.0,133680.0,2829260.0,8678.0,2025-04-01,0.0030672331280970997,2829260.0
Rio Grande do Sul,Maio/2025,132690.0,132805.0,2829145.0,-115.0,2025-05-01,-4.064832307994111e-05,2829145.0
Rio Grande do Sul,Junho/2025,123412.0,120969.0,2831588.0,2443.0,2025-06-01,0.0008627667584408466,2831588.0
Rio Grande do Sul,Julho/2025,131438.0,131014.0,2832012.0,424.0,2025-07-01,0.0001497168797307356,2832012.0
Rio Grande do Sul,Agosto/2025,126175.0,127823.0,2830364.0,-1648.0,2025-08-01,-0.0005822572644366591,2830364.0
Rio Grande do Sul,Setembro/2025,129230.0,125340.0,2834254.0,3890.0,2025-09-01,0.001372495196266813,2834254.0
Rio Grande do Sul,Outubro/2025,131669.0,131925.0,2833998.0,-256.0,2025-10-01,-9.033175041055076e-05,2833998.0
Rio Grande do Sul,Novembro/2025,116038.0,111403.0,2838633.0,4635.0,2025-11-01,0.001632828195825244,2838633.0
Rio Grande do Sul,Dezembro/2025,90745.0,127452.0,,-36707.0,2025-12-01,-0.01293122429000156,2838633.0
Rio Grande do Sul,Janeiro/2026,141032.0,122611.0,2820347.0,18421.0,2026-01-01,0.0065314658089944255,2820347.0
Rio Grande do Sul,Fevereiro/2026,157667.0,133275.0,2844739.0,24392.0,2026-02-01,0.008574424578142318,2844739.0
Rio Grande do Sul,Março/2026,157763.0,153709.0,2848793.0,4054.0,2026-03-01,0.0014230588182433754,2848793.0
Rio Grande do Sul,Abril/2026,134569.0,135965.0,2847397.0,-1396.0,2026-04-01,-0.000490272343477218,2847397.0
Rio Grande do Sul,Maio/2026,122136.0,127793.0,2841740.0,-5657.0,2026-05-01,-0.0019906817653972566,2841740.0
Rio Grande do Sul,Junho/2026,124347.0,123185.0,2842902.0,1162.0,2026-06-01,0.00040873726917072764,2842902.0
Rio de Janeiro,Janeiro/2020,93871.0,105117.0,3127571.0,-11246.0,2020-01-01,-0.00359576169493834,3127571.0
Rio de Janeiro,Fevereiro/2020,101973.0,97765.0,3131779.0,4208.0,2020-02-01,0.0013436452572164255,3131779.0
Rio de Janeiro,Março/2020,86138.0,115367.0,3102550.0,-29229.0,2020-03-01,-0.009420960177918164,3102550.0
Rio de Janeiro,Abril/2020,36190.0,120877.0,3017863.0,-84687.0,2020-04-01,-0.0280619100336894,3017863.0
Rio de Janeiro,Maio/2020,41611.0,78686.0,2980788.0,-37075.0,2020-05-01,-0.012437986196938528,2980788.0
Rio de Janeiro,Junho/2020,50231.0,67975.0,2963044.0,-17744.0,2020-06-01,-0.005988436216269485,2963044.0
Rio de Janeiro,Julho/2020,62900.0,68157.0,2957787.0,-5257.0,2020-07-01,-0.0017773423170769228,2957787.0
Rio de Janeiro,Agosto/2020,75683.0,75007.0,2958463.0,676.0,2020-08-01,0.00022849702700354882,2958463.0
Rio de Janeiro,Setembro/2020,82842.0,73004.0,2968301.0,9838.0,2020-09-01,0.0033143539014405883,2968301.0
Rio de Janeiro,Outubro/2020,96356.0,80098.0,2984559.0,16258.0,2020-10-01,0.005447370951621329,2984559.0
Rio de Janeiro,Novembro/2020,103659.0,70894.0,3017324.0,32765.0,2020-11-01,0.010858959793512398,3017324.0
Rio de Janeiro,Dezembro/2020,94435.0,88349.0,3023410.0,6086.0,2020-12-01,0.002012958877558783,3023410.0
Rio de Janeiro,Janeiro/2021,92095.0,92786.0,3022719.0,-691.0,2021-01-01,-0.00022860212940733162,3022719.0
Rio de Janeiro,Fevereiro/2021,98581.0,82771.0,3038529.0,15810.0,2021-02-01,0.005203175615569244,3038529.0
Rio de Janeiro,Março/2021,105567.0,92785.0,3051311.0,12782.0,2021-03-01,0.004189019080650907,3051311.0
Rio de Janeiro,Abril/2021,83110.0,78692.0,3055729.0,4418.0,2021-04-01,0.0014458088397236797,3055729.0
Rio de Janeiro,Maio/2021,98169.0,80401.0,3073497.0,17768.0,2021-05-01,0.0057810370402183574,3073497.0
Rio de Janeiro,Junho/2021,97997.0,81943.0,3089551.0,16054.0,2021-06-01,0.005196224305732451,3089551.0
Rio de Janeiro,Julho/2021,105861.0,86805.0,3108607.0,19056.0,2021-07-01,0.006130076912263274,3108607.0
Rio de Janeiro,Agosto/2021,116007.0,92812.0,3131802.0,23195.0,2021-08-01,0.007406279196449839,3131802.0
Rio de Janeiro,Setembro/2021,111392.0,90775.0,3152419.0,20617.0,2021-09-01,0.006540057016532383,3152419.0
Rio de Janeiro,Outubro/2021,111991.0,92453.0,3171957.0,19538.0,2021-10-01,0.006159604307372389,3171957.0
Rio de Janeiro,Novembro/2021,123398.0,87864.0,3207491.0,35534.0,2021-11-01,0.011078441061876713,3207491.0
Rio de Janeiro,Dezembro/2021,107666.0,112401.0,3202756.0,-4735.0,2021-12-01,-0.0014784142157566796,3202756.0
Rio de Janeiro,Janeiro/2022,108812.0,107155.0,3204413.0,1657.0,2022-01-01,0.0005170993876257524,3204413.0
Rio de Janeiro,Fevereiro/2022,127259.0,106831.0,3224841.0,20428.0,2022-02-01,0.006334575875213693,3224841.0
Rio de Janeiro,Março/2022,124153.0,112743.0,3236251.0,11410.0,2022-03-01,0.003525684503457859,3236251.0
Rio de Janeiro,Abril/2022,130823.0,108350.0,3258724.0,22473.0,2022-04-01,0.006896257553570048,3258724.0
Rio de Janeiro,Maio/2022,129361.0,108936.0,3279149.0,20425.0,2022-05-01,0.006228750203177715,3279149.0
Rio de Janeiro,Junho/2022,126214.0,103182.0,3302181.0,23032.0,2022-06-01,0.006974784241081879,3302181.0
Rio de Janeiro,Julho/2022,121134.0,107786.0,3315529.0,13348.0,2022-07-01,0.004025903558677967,3315529.0
Rio de Janeiro,Agosto/2022,142801.0,112126.0,3346204.0,30675.0,2022-08-01,0.009167103978119684,3346204.0
Rio de Janeiro,Setembro/2022,130363.0,115263.0,3361304.0,15100.0,2022-09-01,0.004492304177188377,3361304.0
Rio de Janeiro,Outubro/2022,113865.0,105273.0,3369896.0,8592.0,2022-10-01,0.0025496335791965093,3369896.0
Rio de Janeiro,Novembro/2022,125350.0,100174.0,3395072.0,25176.0,2022-11-01,0.007415453928517569,3395072.0
Rio de Janeiro,Dezembro/2022,107398.0,115622.0,3386848.0,-8224.0,2022-12-01,-0.002428216441954289,3386848.0
Rio de Janeiro,Janeiro/2023,117047.0,117605.0,3386290.0,-558.0,2023-01-01,-0.00016478210667131285,3386290.0
Rio de Janeiro,Fevereiro/2023,126121.0,111491.0,3400920.0,14630.0,2023-02-01,0.004301777166178564,3400920.0
Rio de Janeiro,Março/2023,143954.0,124527.0,3420347.0,19427.0,2023-03-01,0.0056798330695686725,3420347.0
Rio de Janeiro,Abril/2023,122110.0,103996.0,3438461.0,18114.0,2023-04-01,0.005268054516250148,3438461.0
Rio de Janeiro,Maio/2023,127026.0,114608.0,3450879.0,12418.0,2023-05-01,0.003598503453757724,3450879.0
Rio de Janeiro,Junho/2023,123639.0,110149.0,3464369.0,13490.0,2023-06-01,0.003893927003734302,3464369.0
Rio de Janeiro,Julho/2023,122470.0,109760.0,3477079.0,12710.0,2023-07-01,0.003655367048030833,3477079.0
Rio de Janeiro,Agosto/2023,136585.0,117593.0,3496071.0,18992.0,2023-08-01,0.0054323839533007194,3496071.0
Rio de Janeiro,Setembro/2023,126868.0,108870.0,3514069.0,17998.0,2023-09-01,0.005121697951861503,3514069.0
Rio de Janeiro,Outubro/2023,127037.0,108234.0,3532872.0,18803.0,2023-10-01,0.0053222986850358575,3532872.0
Rio de Janeiro,Novembro/2023,130370.0,106856.0,3556386.0,23514.0,2023-11-01,0.0066117682388807065,3556386.0
Rio de Janeiro,Dezembro/2023,118038.0,121649.0,3552775.0,-3611.0,2023-12-01,-0.0010163885976455025,3552775.0
Rio de Janeiro,Janeiro/2024,128420.0,127076.0,3554119.0,1344.0,2024-01-01,0.0003781527855426338,3554119.0
Rio de Janeiro,Fevereiro/2024,144026.0,126354.0,3571791.0,17672.0,2024-02-01,0.004947657911675123,3571791.0
Rio de Janeiro,Março/2024,150797.0,126331.0,3596257.0,24466.0,2024-03-01,0.006803184533252212,3596257.0
Rio de Janeiro,Abril/2024,140339.0,124262.0,3612334.0,16077.0,2024-04-01,0.0044505851341542614,3612334.0
Rio de Janeiro,Maio/2024,141004.0,125377.0,3627961.0,15627.0,2024-05-01,0.004307378166413586,3627961.0
Rio de Janeiro,Junho/2024,134878.0,117649.0,3645190.0,17229.0,2024-06-01,0.00472650259657247,3645190.0
Rio de Janeiro,Julho/2024,140825.0,130227.0,3655788.0,10598.0,2024-07-01,0.0028989646007919496,3655788.0
Rio de Janeiro,Agosto/2024,147151.0,128551.0,3674388.0,18600.0,2024-08-01,0.00506206747899242,3674388.0
Rio de Janeiro,Setembro/2024,144748.0,125008.0,3694128.0,19740.0,2024-09-01,0.005343615597510428,3694128.0
Rio de Janeiro,Outubro/2024,142827.0,132096.0,3704859.0,10731.0,2024-10-01,0.002896466505203032,3704859.0
Rio de Janeiro,Novembro/2024,134803.0,120993.0,3718669.0,13810.0,2024-11-01,0.003713694335258126,3718669.0
Rio de Janeiro,Dezembro/2024,114663.0,131788.0,3701544.0,-17125.0,2024-12-01,-0.0046264477742261065,3701544.0
Rio de Janeiro,Janeiro/2025,128030.0,140990.0,3688584.0,-12960.0,2025-01-01,-0.0035135434085275,3688584.0
Rio de Janeiro,Fevereiro/2025,172328.0,140354.0,3720558.0,31974.0,2025-02-01,0.008593872209491158,3720558.0
Rio de Janeiro,Março/2025,134984.0,141742.0,3713800.0,-6758.0,2025-03-01,-0.0018196994991652754,3713800.0
Rio de Janeiro,Abril/2025,142867.0,122836.0,3733831.0,20031.0,2025-04-01,0.0053647312907306195,3733831.0
Rio de Janeiro,Maio/2025,145274.0,131632.0,3747473.0,13642.0,2025-05-01,0.003640319756806787,3747473.0
Rio de Janeiro,Junho/2025,141105.0,125742.0,3762836.0,15363.0,2025-06-01,0.004082824763024484,3762836.0
Rio de Janeiro,Julho/2025,146150.0,140031.0,3768955.0,6119.0,2025-07-01,0.0016235269457979733,3768955.0
Rio de Janeiro,Agosto/2025,152062.0,135934.0,3785083.0,16128.0,2025-08-01,0.004260936946428916,3785083.0
Rio de Janeiro,Setembro/2025,145618.0,129609.0,3801092.0,16009.0,2025-09-01,0.004211684431736985,3801092.0
Rio de Janeiro,Outubro/2025,144725.0,137288.0,3808529.0,7437.0,2025-10-01,0.001952722429053317,3808529.0
Rio de Janeiro,Novembro/2025,136471.0,116510.0,3828490.0,19961.0,2025-11-01,0.005213804920477787,3828490.0
Rio de Janeiro,Dezembro/2025,114672.0,138263.0,,-23591.0,2025-12-01,-0.00616195941480845,3828490.0
Rio de Janeiro,Janeiro/2026,128194.0,141203.0,3791890.0,-13009.0,2026-01-01,-0.0034307429804134614,3791890.0
Rio de Janeiro,Fevereiro/2026,152751.0,141315.0,3803326.0,11436.0,2026-02-01,0.0030068419062683556,3803326.0
Rio de Janeiro,Março/2026,167581.0,143667.0,3827240.0,23914.0,2026-03-01,0.006248366969408764,3827240.0
Rio de Janeiro,Abril/2026,147804.0,136063.0,3838981.0,11741.0,2026-04-01,0.003058363664732907,3838981.0
Rio de Janeiro,Maio/2026,148304.0,139109.0,3848176.0,9195.0,2026-05-01,0.0023894437260665834,3848176.0
Rio de Janeiro,Junho/2026,150285.0,133429.0,3865032.0,16856.0,2026-06-01,0.004361154060302735,3865032.0
Rondônia,Janeiro/2020,8560.0,8693.0,235827.0,-133.0,2020-01-01,-0.0005639727427309002,235827.0
Rondônia,Fevereiro/2020,9387.0,8671.0,236543.0,716.0,2020-02-01,0.003026933792164638,236543.0
Rondônia,Março/2020,8372.0,9130.0,235785.0,-758.0,2020-03-01,-0.0032147931378162307,235785.0
Rondônia,Abril/2020,3590.0,8669.0,230706.0,-5079.0,2020-04-01,-0.022015032118800553,230706.0
Rondônia,Maio/2020,5259.0,6493.0,229472.0,-1234.0,2020-05-01,-0.005377562404127737,229472.0
Rondônia,Junho/2020,6829.0,5999.0,230302.0,830.0,2020-06-01,0.0036039634914156195,230302.0
Rondônia,Julho/2020,8352.0,6918.0,231736.0,1434.0,2020-07-01,0.006188076086581282,231736.0
Rondônia,Agosto/2020,8553.0,6916.0,233373.0,1637.0,2020-08-01,0.007014521817005395,233373.0
Rondônia,Setembro/2020,9012.0,7499.0,234886.0,1513.0,2020-09-01,0.006441422647582231,234886.0
Rondônia,Outubro/2020,9175.0,7639.0,236422.0,1536.0,2020-10-01,0.006496857314463121,236422.0
Rondônia,Novembro/2020,8952.0,7884.0,237490.0,1068.0,2020-11-01,0.0044970314539559565,237490.0
Rondônia,Dezembro/2020,7387.0,7100.0,237777.0,287.0,2020-12-01,0.0012070132939687186,237777.0
Rondônia,Janeiro/2021,8796.0,8236.0,238337.0,560.0,2021-01-01,0.0023496142017395538,238337.0
Rondônia,Fevereiro/2021,9960.0,8107.0,240190.0,1853.0,2021-02-01,0.007714725842041717,240190.0
Rondônia,Março/2021,9274.0,8679.0,240785.0,595.0,2021-03-01,0.0024710841622194073,240785.0
Rondônia,Abril/2021,8694.0,7977.0,241502.0,717.0,2021-04-01,0.0029689195120537306,241502.0
Rondônia,Maio/2021,10437.0,8985.0,242954.0,1452.0,2021-05-01,0.005976439984523819,242954.0
Rondônia,Junho/2021,12096.0,9121.0,245929.0,2975.0,2021-06-01,0.012096987341875094,245929.0
Rondônia,Julho/2021,12378.0,9874.0,248433.0,2504.0,2021-07-01,0.010079176276903632,248433.0
Rondônia,Agosto/2021,12578.0,10292.0,250719.0,2286.0,2021-08-01,0.009117777272564105,250719.0
Rondônia,Setembro/2021,11845.0,11416.0,251148.0,429.0,2021-09-01,0.0017081561469730994,251148.0
Rondônia,Outubro/2021,11746.0,10892.0,252002.0,854.0,2021-10-01,0.0033888619931587843,252002.0
Rondônia,Novembro/2021,11796.0,10292.0,253506.0,1504.0,2021-11-01,0.0059327984347510515,253506.0
Rondônia,Dezembro/2021,9900.0,10916.0,252490.0,-1016.0,2021-12-01,-0.004023921739474831,252490.0
Rondônia,Janeiro/2022,12053.0,11289.0,253254.0,764.0,2022-01-01,0.003016734187811446,253254.0
Rondônia,Fevereiro/2022,14085.0,11357.0,255982.0,2728.0,2022-02-01,0.010656999320264706,255982.0
Rondônia,Março/2022,13631.0,12166.0,257447.0,1465.0,2022-03-01,0.005690491635171511,257447.0
Rondônia,Abril/2022,12451.0,11130.0,258768.0,1321.0,2022-04-01,0.00510495888208743,258768.0
Rondônia,Maio/2022,13379.0,11306.0,260841.0,2073.0,2022-05-01,0.007947370237040957,260841.0
Rondônia,Junho/2022,13606.0,11107.0,263340.0,2499.0,2022-06-01,0.0094896331738437,263340.0
Rondônia,Julho/2022,13469.0,11912.0,264897.0,1557.0,2022-07-01,0.005877756259980294,264897.0
Rondônia,Agosto/2022,14297.0,12391.0,266803.0,1906.0,2022-08-01,0.007143847707859357,266803.0
Rondônia,Setembro/2022,13173.0,11428.0,268548.0,1745.0,2022-09-01,0.006497907264250711,268548.0
Rondônia,Outubro/2022,12086.0,11487.0,269147.0,599.0,2022-10-01,0.002225549606720491,269147.0
Rondônia,Novembro/2022,10729.0,10503.0,269373.0,226.0,2022-11-01,0.0008389853474550159,269373.0
Rondônia,Dezembro/2022,9049.0,10402.0,268020.0,-1353.0,2022-12-01,-0.005048130736512201,268020.0
Rondônia,Janeiro/2023,12148.0,12645.0,267523.0,-497.0,2023-01-01,-0.0018577841905181984,267523.0
Rondônia,Fevereiro/2023,14177.0,11779.0,269921.0,2398.0,2023-02-01,0.008884080897744154,269921.0
Rondônia,Março/2023,14135.0,13044.0,271012.0,1091.0,2023-03-01,0.004025652000649417,271012.0
Rondônia,Abril/2023,12199.0,11391.0,271820.0,808.0,2023-04-01,0.002972555367522625,271820.0
Rondônia,Maio/2023,14111.0,12399.0,273532.0,1712.0,2023-05-01,0.006258865507509176,273532.0
Rondônia,Junho/2023,13946.0,11896.0,275582.0,2050.0,2023-06-01,0.007438802243978199,275582.0
Rondônia,Julho/2023,13639.0,12667.0,276554.0,972.0,2023-07-01,0.0035146842931217774,276554.0
Rondônia,Agosto/2023,14539.0,12600.0,278493.0,1939.0,2023-08-01,0.006962473024456629,278493.0
Rondônia,Setembro/2023,13191.0,11826.0,279858.0,1365.0,2023-09-01,0.004877473575884913,279858.0
Rondônia,Outubro/2023,12536.0,12132.0,280262.0,404.0,2023-10-01,0.0014415083029451013,280262.0
Rondônia,Novembro/2023,12161.0,11645.0,280778.0,516.0,2023-11-01,0.001837750820933264,280778.0
Rondônia,Dezembro/2023,9251.0,11457.0,278572.0,-2206.0,2023-12-01,-0.007918958114957714,278572.0
Rondônia,Janeiro/2024,13394.0,13205.0,278761.0,189.0,2024-01-01,0.0006780001506667001,278761.0
Rondônia,Fevereiro/2024,15857.0,13320.0,281298.0,2537.0,2024-02-01,0.009018905217953914,281298.0
Rondônia,Março/2024,14429.0,13034.0,282693.0,1395.0,2024-03-01,0.004934681792616018,282693.0
Rondônia,Abril/2024,14301.0,13577.0,283417.0,724.0,2024-04-01,0.0025545397770775926,283417.0
Rondônia,Maio/2024,13672.0,12914.0,284175.0,758.0,2024-05-01,0.00266737045834433,284175.0
Rondônia,Junho/2024,14024.0,12600.0,285599.0,1424.0,2024-06-01,0.004986011855783809,285599.0
Rondônia,Julho/2024,15915.0,13604.0,287910.0,2311.0,2024-07-01,0.008026813934910214,287910.0
Rondônia,Agosto/2024,14658.0,13450.0,289118.0,1208.0,2024-08-01,0.004178224807863917,289118.0
Rondônia,Setembro/2024,13147.0,12548.0,289717.0,599.0,2024-09-01,0.0020675348702354364,289717.0
Rondônia,Outubro/2024,13529.0,13372.0,289874.0,157.0,2024-10-01,0.0005416146325644936,289874.0
Rondônia,Novembro/2024,11952.0,12267.0,289559.0,-315.0,2024-11-01,-0.0010878611958184687,289559.0
Rondônia,Dezembro/2024,9665.0,11965.0,287259.0,-2300.0,2024-12-01,-0.008006711713123001,287259.0
Rondônia,Janeiro/2025,13957.0,13929.0,287287.0,28.0,2025-01-01,9.746351209765844e-05,287287.0
Rondônia,Fevereiro/2025,16796.0,13650.0,290433.0,3146.0,2025-02-01,0.010832102412604629,290433.0
Rondônia,Março/2025,15090.0,13988.0,291535.0,1102.0,2025-03-01,0.00377999211072427,291535.0
Rondônia,Abril/2025,14249.0,13132.0,292652.0,1117.0,2025-04-01,0.0038168199773109357,292652.0
Rondônia,Maio/2025,14650.0,13768.0,293534.0,882.0,2025-05-01,0.0030047626510046536,293534.0
Rondônia,Junho/2025,14319.0,13194.0,294659.0,1125.0,2025-06-01,0.0038179726395596264,294659.0
Rondônia,Julho/2025,15667.0,14400.0,295926.0,1267.0,2025-07-01,0.004281475774348993,295926.0
Rondônia,Agosto/2025,14574.0,13297.0,297203.0,1277.0,2025-08-01,0.004296726479880755,297203.0
Rondônia,Setembro/2025,15140.0,13969.0,298374.0,1171.0,2025-09-01,0.003924604690757238,298374.0
Rondônia,Outubro/2025,14718.0,14194.0,298898.0,524.0,2025-10-01,0.0017531064108826423,298898.0
Rondônia,Novembro/2025,12662.0,12494.0,299066.0,168.0,2025-11-01,0.0005617489116114837,299066.0
Rondônia,Dezembro/2025,10049.0,12389.0,,-2340.0,2025-12-01,-0.00782435984030281,299066.0
Rondônia,Janeiro/2026,14412.0,14748.0,296390.0,-336.0,2026-01-01,-0.0011336414858800904,296390.0
Rondônia,Fevereiro/2026,15911.0,14121.0,298180.0,1790.0,2026-02-01,0.00600308538466698,298180.0
Rondônia,Março/2026,16050.0,15496.0,298734.0,554.0,2026-03-01,0.0018544926255464728,298734.0
Rondônia,Abril/2026,14765.0,14604.0,298895.0,161.0,2026-04-01,0.0005386506967329665,298895.0
Rondônia,Maio/2026,13725.0,13432.0,299188.0,293.0,2026-05-01,0.000979317352300226,299188.0
Rondônia,Junho/2026,14515.0,14407.0,299296.0,108.0,2026-06-01,0.000360846787127125,299296.0
Roraima,Janeiro/2020,1883.0,1566.0,57996.0,317.0,2020-01-01,0.005465894199599973,57996.0
Roraima,Fevereiro/2020,2299.0,1506.0,58789.0,793.0,2020-02-01,0.013488917994862985,58789.0
Roraima,Março/2020,2109.0,1630.0,59268.0,479.0,2020-03-01,0.008081932914895054,59268.0
Roraima,Abril/2020,967.0,2073.0,58162.0,-1106.0,2020-04-01,-0.019015852274681062,58162.0
Roraima,Maio/2020,1106.0,1482.0,57786.0,-376.0,2020-05-01,-0.006506766344789396,57786.0
Roraima,Junho/2020,1709.0,1644.0,57851.0,65.0,2020-06-01,0.0011235760833866312,57851.0
Roraima,Julho/2020,1682.0,1479.0,58054.0,203.0,2020-07-01,0.003496744410376546,58054.0
Roraima,Agosto/2020,2186.0,1434.0,58806.0,752.0,2020-08-01,0.012787810767608748,58806.0
Roraima,Setembro/2020,2565.0,1463.0,59908.0,1102.0,2020-09-01,0.018394872137277158,59908.0
Roraima,Outubro/2020,2710.0,1999.0,60619.0,711.0,2020-10-01,0.011728995859384021,60619.0
Roraima,Novembro/2020,2959.0,1762.0,61816.0,1197.0,2020-11-01,0.019363918726543288,61816.0
Roraima,Dezembro/2020,2350.0,2007.0,62159.0,343.0,2020-12-01,0.005518106790649785,62159.0
Roraima,Janeiro/2021,2548.0,2093.0,62614.0,455.0,2021-01-01,0.007266745456287731,62614.0
Roraima,Fevereiro/2021,2397.0,2025.0,62986.0,372.0,2021-02-01,0.005906074365732068,62986.0
Roraima,Março/2021,2529.0,2211.0,63304.0,318.0,2021-03-01,0.005023379249336535,63304.0
Roraima,Abril/2021,2345.0,2051.0,63598.0,294.0,2021-04-01,0.004622786880090569,63598.0
Roraima,Maio/2021,2509.0,2228.0,63879.0,281.0,2021-05-01,0.004398941749244665,63879.0
Roraima,Junho/2021,2872.0,2089.0,64662.0,783.0,2021-06-01,0.01210912127679317,64662.0
Roraima,Julho/2021,2733.0,2369.0,65026.0,364.0,2021-07-01,0.005597760895641743,65026.0
Roraima,Agosto/2021,3215.0,2614.0,65627.0,601.0,2021-08-01,0.009157816142746127,65627.0
Roraima,Setembro/2021,3060.0,2508.0,66179.0,552.0,2021-09-01,0.008341014521222745,66179.0
Roraima,Outubro/2021,3189.0,2713.0,66655.0,476.0,2021-10-01,0.007141249718700773,66655.0
Roraima,Novembro/2021,3486.0,3064.0,67077.0,422.0,2021-11-01,0.006291277188902307,67077.0
Roraima,Dezembro/2021,2865.0,2954.0,66988.0,-89.0,2021-12-01,-0.001328596166477578,66988.0
Roraima,Janeiro/2022,3486.0,3142.0,67332.0,344.0,2022-01-01,0.005109012059644745,67332.0
Roraima,Fevereiro/2022,3891.0,2833.0,68390.0,1058.0,2022-02-01,0.015470097967539113,68390.0
Roraima,Março/2022,3587.0,3200.0,68777.0,387.0,2022-03-01,0.005626881079430624,68777.0
Roraima,Abril/2022,4056.0,3616.0,69217.0,440.0,2022-04-01,0.0063568198563936605,69217.0
Roraima,Maio/2022,3623.0,3170.0,69670.0,453.0,2022-05-01,0.006502081240132051,69670.0
Roraima,Junho/2022,3638.0,3100.0,70208.0,538.0,2022-06-01,0.007662944393801276,70208.0
Roraima,Julho/2022,3755.0,3164.0,70799.0,591.0,2022-07-01,0.008347575530727834,70799.0
Roraima,Agosto/2022,4229.0,3135.0,71893.0,1094.0,2022-08-01,0.015217058684433812,71893.0
Roraima,Setembro/2022,3901.0,2814.0,72980.0,1087.0,2022-09-01,0.014894491641545628,72980.0
Roraima,Outubro/2022,3837.0,3328.0,73489.0,509.0,2022-10-01,0.0069262066431710866,73489.0
Roraima,Novembro/2022,3842.0,3125.0,74206.0,717.0,2022-11-01,0.009662291458911678,74206.0
Roraima,Dezembro/2022,2811.0,3777.0,73240.0,-966.0,2022-12-01,-0.013189513926815947,73240.0
Roraima,Janeiro/2023,4643.0,3674.0,74209.0,969.0,2023-01-01,0.013057715371450902,74209.0
Roraima,Fevereiro/2023,3917.0,3703.0,74423.0,214.0,2023-02-01,0.0028754551684291147,74423.0
Roraima,Março/2023,4765.0,3708.0,75480.0,1057.0,2023-03-01,0.014003709591944887,75480.0
Roraima,Abril/2023,3982.0,3378.0,76084.0,604.0,2023-04-01,0.00793859418537406,76084.0
Roraima,Maio/2023,3626.0,3656.0,76054.0,-30.0,2023-05-01,-0.0003944565703316065,76054.0
Roraima,Junho/2023,3300.0,3421.0,75933.0,-121.0,2023-06-01,-0.0015935100680863393,75933.0
Roraima,Julho/2023,3590.0,3362.0,76161.0,228.0,2023-07-01,0.002993658171505101,76161.0
Roraima,Agosto/2023,4099.0,3410.0,76850.0,689.0,2023-08-01,0.00896551724137931,76850.0
Roraima,Setembro/2023,3981.0,3218.0,77613.0,763.0,2023-09-01,0.009830827309857884,77613.0
Roraima,Outubro/2023,3332.0,3447.0,77498.0,-115.0,2023-10-01,-0.0014839092621745076,77498.0
Roraima,Novembro/2023,3822.0,3405.0,77915.0,417.0,2023-11-01,0.005351986138740936,77915.0
Roraima,Dezembro/2023,2613.0,3465.0,77063.0,-852.0,2023-12-01,-0.01105588933729546,77063.0
Roraima,Janeiro/2024,3596.0,3273.0,77386.0,323.0,2024-01-01,0.004173881580647663,77386.0
Roraima,Fevereiro/2024,4307.0,3522.0,78171.0,785.0,2024-02-01,0.010042087219045426,78171.0
Roraima,Março/2024,4194.0,3562.0,78803.0,632.0,2024-03-01,0.008019999238607666,78803.0
Roraima,Abril/2024,4070.0,3590.0,79283.0,480.0,2024-04-01,0.006054261317054097,79283.0
Roraima,Maio/2024,4108.0,3573.0,79818.0,535.0,2024-05-01,0.006702748753414017,79818.0
Roraima,Junho/2024,3474.0,3159.0,80133.0,315.0,2024-06-01,0.0039309647710680995,80133.0
Roraima,Julho/2024,3885.0,3748.0,80270.0,137.0,2024-07-01,0.0017067397533325028,80270.0
Roraima,Agosto/2024,4400.0,3605.0,81065.0,795.0,2024-08-01,0.009806945044100413,81065.0
Roraima,Setembro/2024,4056.0,3327.0,81794.0,729.0,2024-09-01,0.008912634178546104,81794.0
Roraima,Outubro/2024,4054.0,3858.0,81990.0,196.0,2024-10-01,0.0023905354311501404,81990.0
Roraima,Novembro/2024,4432.0,3584.0,82838.0,848.0,2024-11-01,0.010236847823462661,82838.0
Roraima,Dezembro/2024,3112.0,3678.0,82272.0,-566.0,2024-12-01,-0.006879618825359782,82272.0
Roraima,Janeiro/2025,3868.0,3646.0,82494.0,222.0,2025-01-01,0.0026911048076223723,82494.0
Roraima,Fevereiro/2025,4618.0,3664.0,83448.0,954.0,2025-02-01,0.011432269197584125,83448.0
Roraima,Março/2025,4040.0,3989.0,83499.0,51.0,2025-03-01,0.0006107857579132685,83499.0
Roraima,Abril/2025,4225.0,3556.0,84168.0,669.0,2025-04-01,0.007948388936412889,84168.0
Roraima,Maio/2025,4400.0,4094.0,84474.0,306.0,2025-05-01,0.0036224163647986364,84474.0
Roraima,Junho/2025,3907.0,3863.0,84518.0,44.0,2025-06-01,0.0005205991623086206,84518.0
Roraima,Julho/2025,4130.0,4005.0,84643.0,125.0,2025-07-01,0.001476790756471297,84643.0
Roraima,Agosto/2025,4277.0,4539.0,84381.0,-262.0,2025-08-01,-0.003104964387717614,84381.0
Roraima,Setembro/2025,4247.0,3952.0,84676.0,295.0,2025-09-01,0.003483867920071803,84676.0
Roraima,Outubro/2025,4233.0,4212.0,84697.0,21.0,2025-10-01,0.0002479426662101373,84697.0
Roraima,Novembro/2025,4126.0,3910.0,84913.0,216.0,2025-11-01,0.002543780104342091,84913.0
Roraima,Dezembro/2025,3252.0,4240.0,,-988.0,2025-12-01,-0.011635438625416604,84913.0
Roraima,Janeiro/2026,3879.0,3910.0,83894.0,-31.0,2026-01-01,-0.0003695139104107564,83894.0
Roraima,Fevereiro/2026,4488.0,4232.0,84150.0,256.0,2026-02-01,0.0030421865715983365,84150.0
Roraima,Março/2026,4962.0,4211.0,84901.0,751.0,2026-03-01,0.008845596636082025,84901.0
Roraima,Abril/2026,4264.0,3958.0,85207.0,306.0,2026-04-01,0.003591254239675144,85207.0
Roraima,Maio/2026,4435.0,4306.0,85336.0,129.0,2026-05-01,0.0015116715102653042,85336.0
Roraima,Junho/2026,4348.0,4145.0,85539.0,203.0,2026-06-01,0.0023731864997252714,85539.0
Santa Catarina,Janeiro/2020,108981.0,82522.0,2064008.0,26459.0,2020-01-01,0.012819233258785818,2064008.0
Santa Catarina,Fevereiro/2020,108293.0,89755.0,2082546.0,18538.0,2020-02-01,0.008901604094219287,2082546.0
Santa Catarina,Março/2020,86235.0,93381.0,2075400.0,-7146.0,2020-03-01,-0.003443191673894189,2075400.0
Santa Catarina,Abril/2020,33904.0,109892.0,1999412.0,-75988.0,2020-04-01,-0.03800517352101518,1999412.0
Santa Catarina,Maio/2020,46819.0,70893.0,1975338.0,-24074.0,2020-05-01,-0.01218728136653069,1975338.0
Santa Catarina,Junho/2020,60893.0,57537.0,1978694.0,3356.0,2020-06-01,0.0016960682146911043,1978694.0
Santa Catarina,Julho/2020,73172.0,61728.0,1990138.0,11444.0,2020-07-01,0.005750355000507502,1990138.0
Santa Catarina,Agosto/2020,87063.0,69384.0,2007817.0,17679.0,2020-08-01,0.008805085324011103,2007817.0
Santa Catarina,Setembro/2020,100228.0,75587.0,2032458.0,24641.0,2020-09-01,0.012123743762478732,2032458.0
Santa Catarina,Outubro/2020,118014.0,85409.0,2065063.0,32605.0,2020-10-01,0.01578886455280057,2065063.0
Santa Catarina,Novembro/2020,112160.0,79422.0,2097801.0,32738.0,2020-11-01,0.015605865379985994,2097801.0
Santa Catarina,Dezembro/2020,85304.0,98382.0,2084723.0,-13078.0,2020-12-01,-0.006273255487659512,2084723.0
Santa Catarina,Janeiro/2021,126150.0,93497.0,2117376.0,32653.0,2021-01-01,0.01542144616733164,2117376.0
Santa Catarina,Fevereiro/2021,134648.0,100635.0,2151389.0,34013.0,2021-02-01,0.01580978614281285,2151389.0
Santa Catarina,Março/2021,127046.0,106484.0,2171951.0,20562.0,2021-03-01,0.009467064404307463,2171951.0
Santa Catarina,Abril/2021,104244.0,93874.0,2182321.0,10370.0,2021-04-01,0.004751821569787396,2182321.0
Santa Catarina,Maio/2021,109378.0,96050.0,2195649.0,13328.0,2021-05-01,0.006070186992547534,2195649.0
Santa Catarina,Junho/2021,111948.0,96396.0,2211201.0,15552.0,2021-06-01,0.007033281913313172,2211201.0
Santa Catarina,Julho/2021,115238.0,101828.0,2224611.0,13410.0,2021-07-01,0.006028020179707823,2224611.0
Santa Catarina,Agosto/2021,127015.0,106644.0,2244982.0,20371.0,2021-08-01,0.009074014847335079,2244982.0
Santa Catarina,Setembro/2021,125664.0,107348.0,2263298.0,18316.0,2021-09-01,0.008092615289723227,2263298.0
Santa Catarina,Outubro/2021,122177.0,104094.0,2281381.0,18083.0,2021-10-01,0.007926339353225086,2281381.0
Santa Catarina,Novembro/2021,117444.0,99390.0,2299435.0,18054.0,2021-11-01,0.007851493953949558,2299435.0
Santa Catarina,Dezembro/2021,88735.0,126088.0,2262082.0,-37353.0,2021-12-01,-0.01651266399714953,2262082.0
Santa Catarina,Janeiro/2022,137559.0,114247.0,2285394.0,23312.0,2022-01-01,0.010200429335160589,2285394.0
Santa Catarina,Fevereiro/2022,149487.0,120881.0,2314000.0,28606.0,2022-02-01,0.012362143474503024,2314000.0
Santa Catarina,Março/2022,139011.0,127856.0,2325155.0,11155.0,2022-03-01,0.004797529627057121,2325155.0
Santa Catarina,Abril/2022,118660.0,111479.0,2332336.0,7181.0,2022-04-01,0.0030788874330285173,2332336.0
Santa Catarina,Maio/2022,125871.0,118437.0,2339770.0,7434.0,2022-05-01,0.0031772353692884345,2339770.0
Santa Catarina,Junho/2022,119618.0,109954.0,2349434.0,9664.0,2022-06-01,0.004113331125709426,2349434.0
Santa Catarina,Julho/2022,116726.0,112133.0,2354027.0,4593.0,2022-07-01,0.0019511246047730123,2354027.0
Santa Catarina,Agosto/2022,129146.0,119045.0,2364128.0,10101.0,2022-08-01,0.004272611296850255,2364128.0
Santa Catarina,Setembro/2022,123759.0,108735.0,2379152.0,15024.0,2022-09-01,0.006314855040787642,2379152.0
Santa Catarina,Outubro/2022,118189.0,111172.0,2386169.0,7017.0,2022-10-01,0.002940696991705114,2386169.0
Santa Catarina,Novembro/2022,108835.0,104587.0,2390417.0,4248.0,2022-11-01,0.001777095795419795,2390417.0
Santa Catarina,Dezembro/2022,83285.0,122582.0,2351120.0,-39297.0,2022-12-01,-0.01671416176120317,2351120.0
Santa Catarina,Janeiro/2023,134150.0,118454.0,2366816.0,15696.0,2023-01-01,0.006631694225491124,2366816.0
Santa Catarina,Fevereiro/2023,140663.0,120987.0,2386492.0,19676.0,2023-02-01,0.008244737464026698,2386492.0
Santa Catarina,Março/2023,147396.0,135513.0,2398375.0,11883.0,2023-03-01,0.004954604680252254,2398375.0
Santa Catarina,Abril/2023,119009.0,111997.0,2405387.0,7012.0,2023-04-01,0.0029151234292028685,2405387.0
Santa Catarina,Maio/2023,128253.0,124657.0,2408983.0,3596.0,2023-05-01,0.0014927461090426955,2408983.0
Santa Catarina,Junho/2023,118427.0,116528.0,2410882.0,1899.0,2023-06-01,0.0007876785342459731,2410882.0
Santa Catarina,Julho/2023,116639.0,114419.0,2413102.0,2220.0,2023-07-01,0.0009199776884690328,2413102.0
Santa Catarina,Agosto/2023,131824.0,125122.0,2419804.0,6702.0,2023-08-01,0.0027696458060239588,2419804.0
Santa Catarina,Setembro/2023,122880.0,110863.0,2431821.0,12017.0,2023-09-01,0.00494156436678522,2431821.0
Santa Catarina,Outubro/2023,125333.0,113302.0,2443852.0,12031.0,2023-10-01,0.004922965875183931,2443852.0
Santa Catarina,Novembro/2023,117156.0,110484.0,2450524.0,6672.0,2023-11-01,0.002722682985353337,2450524.0
Santa Catarina,Dezembro/2023,90807.0,129285.0,2412046.0,-38478.0,2023-12-01,-0.015952432084628567,2412046.0
Santa Catarina,Janeiro/2024,152912.0,126702.0,2438256.0,26210.0,2024-01-01,0.010749486518232704,2438256.0
Santa Catarina,Fevereiro/2024,163981.0,137614.0,2464623.0,26367.0,2024-02-01,0.01069818791758415,2464623.0
Santa Catarina,Março/2024,149297.0,135405.0,2478515.0,13892.0,2024-03-01,0.005604969104483935,2478515.0
Santa Catarina,Abril/2024,149261.0,135804.0,2491972.0,13457.0,2024-04-01,0.0054001409325626455,2491972.0
Santa Catarina,Maio/2024,134519.0,130245.0,2496246.0,4274.0,2024-05-01,0.0017121709959675448,2496246.0
Santa Catarina,Junho/2024,131434.0,121150.0,2506530.0,10284.0,2024-06-01,0.004102883268901629,2506530.0
Santa Catarina,Julho/2024,142252.0,130102.0,2518680.0,12150.0,2024-07-01,0.004823955405212254,2518680.0
Santa Catarina,Agosto/2024,139915.0,132274.0,2526321.0,7641.0,2024-08-01,0.00302455626185271,2526321.0
Santa Catarina,Setembro/2024,139734.0,126660.0,2539395.0,13074.0,2024-09-01,0.005148470403383483,2539395.0
Santa Catarina,Outubro/2024,148816.0,138691.0,2549520.0,10125.0,2024-10-01,0.003971335780852866,2549520.0
Santa Catarina,Novembro/2024,128644.0,119678.0,2558486.0,8966.0,2024-11-01,0.003504416283692778,2558486.0
Santa Catarina,Dezembro/2024,92124.0,135141.0,2515469.0,-43017.0,2024-12-01,-0.01710098593940136,2515469.0
Santa Catarina,Janeiro/2025,166537.0,143475.0,2538531.0,23062.0,2025-01-01,0.009084781710367137,2538531.0
Santa Catarina,Fevereiro/2025,180067.0,149970.0,2568628.0,30097.0,2025-02-01,0.011717150167326681,2568628.0
Santa Catarina,Março/2025,158012.0,148171.0,2578469.0,9841.0,2025-03-01,0.0038166059006332826,2578469.0
Santa Catarina,Abril/2025,147644.0,137184.0,2588929.0,10460.0,2025-04-01,0.004040280749298262,2588929.0
Santa Catarina,Maio/2025,141290.0,140924.0,2589295.0,366.0,2025-05-01,0.000141351217223221,2589295.0
Santa Catarina,Junho/2025,133525.0,126987.0,2595833.0,6538.0,2025-06-01,0.002518652008815667,2595833.0
Santa Catarina,Julho/2025,141771.0,138998.0,2598606.0,2773.0,2025-07-01,0.001067110596989309,2598606.0
Santa Catarina,Agosto/2025,134567.0,134252.0,2598921.0,315.0,2025-08-01,0.00012120414587438402,2598921.0
Santa Catarina,Setembro/2025,145020.0,133654.0,2610287.0,11366.0,2025-09-01,0.004354310464711352,2610287.0
Santa Catarina,Outubro/2025,146208.0,140066.0,2616429.0,6142.0,2025-10-01,0.0023474743629580625,2616429.0
Santa Catarina,Novembro/2025,123724.0,118536.0,2621617.0,5188.0,2025-11-01,0.0019789313236830554,2621617.0
Santa Catarina,Dezembro/2025,91243.0,139191.0,,-47948.0,2025-12-01,-0.01828947554124039,2621617.0
Santa Catarina,Janeiro/2026,157927.0,138927.0,2592669.0,19000.0,2026-01-01,0.007328355451467194,2592669.0
Santa Catarina,Fevereiro/2026,167279.0,145552.0,2614396.0,21727.0,2026-02-01,0.008310523730911462,2614396.0
Santa Catarina,Março/2026,169603.0,152735.0,2631264.0,16868.0,2026-03-01,0.0064106072214722655,2631264.0
Santa Catarina,Abril/2026,148066.0,144556.0,2634774.0,3510.0,2026-04-01,0.0013321825704975076,2634774.0
Santa Catarina,Maio/2026,136956.0,137618.0,2634112.0,-662.0,2026-05-01,-0.0002513180912580786,2634112.0
Santa Catarina,Junho/2026,136998.0,136190.0,2634920.0,808.0,2026-06-01,0.00030665067630136777,2634920.0
Sergipe,Janeiro/2020,7306.0,7059.0,283964.0,247.0,2020-01-01,0.0008698285698187094,283964.0
Sergipe,Fevereiro/2020,6763.0,8871.0,281856.0,-2108.0,2020-02-01,-0.0074789963669391465,281856.0
Sergipe,Março/2020,5674.0,8236.0,279294.0,-2562.0,2020-03-01,-0.009173129390534706,279294.0
Sergipe,Abril/2020,2231.0,7370.0,274155.0,-5139.0,2020-04-01,-0.018744870602396456,274155.0
Sergipe,Maio/2020,2640.0,6308.0,270487.0,-3668.0,2020-05-01,-0.013560725654097978,270487.0
Sergipe,Junho/2020,4053.0,4866.0,269674.0,-813.0,2020-06-01,-0.003014751143973835,269674.0
Sergipe,Julho/2020,4496.0,5284.0,268886.0,-788.0,2020-07-01,-0.002930609998289238,268886.0
Sergipe,Agosto/2020,5268.0,4902.0,269252.0,366.0,2020-08-01,0.0013593213792283808,269252.0
Sergipe,Setembro/2020,8899.0,5397.0,272754.0,3502.0,2020-09-01,0.012839408404643012,272754.0
Sergipe,Outubro/2020,9021.0,5269.0,276506.0,3752.0,2020-10-01,0.013569325801248436,276506.0
Sergipe,Novembro/2020,7449.0,4735.0,279220.0,2714.0,2020-11-01,0.00971993410214168,279220.0
Sergipe,Dezembro/2020,6461.0,5851.0,279830.0,610.0,2020-12-01,0.002179894936211271,279830.0
Sergipe,Janeiro/2021,7400.0,6925.0,280305.0,475.0,2021-01-01,0.0016945826867162555,280305.0
Sergipe,Fevereiro/2021,7590.0,7379.0,280516.0,211.0,2021-02-01,0.0007521852585948752,280516.0
Sergipe,Março/2021,7674.0,9150.0,279040.0,-1476.0,2021-03-01,-0.005289564220183486,279040.0
Sergipe,Abril/2021,6262.0,6624.0,278678.0,-362.0,2021-04-01,-0.0012989902324546609,278678.0
Sergipe,Maio/2021,6582.0,6057.0,279203.0,525.0,2021-05-01,0.0018803522884782756,279203.0
Sergipe,Junho/2021,7080.0,5968.0,280315.0,1112.0,2021-06-01,0.003966965734976723,280315.0
Sergipe,Julho/2021,7204.0,5688.0,281831.0,1516.0,2021-07-01,0.005379110175956513,281831.0
Sergipe,Agosto/2021,8475.0,6727.0,283579.0,1748.0,2021-08-01,0.0061640671558895405,283579.0
Sergipe,Setembro/2021,13898.0,7510.0,289967.0,6388.0,2021-09-01,0.02203009307955733,289967.0
Sergipe,Outubro/2021,9122.0,6800.0,292289.0,2322.0,2021-10-01,0.007944192220713062,292289.0
Sergipe,Novembro/2021,8464.0,6636.0,294117.0,1828.0,2021-11-01,0.006215213673470082,294117.0
Sergipe,Dezembro/2021,7621.0,8209.0,293529.0,-588.0,2021-12-01,-0.0020032092229387895,293529.0
Sergipe,Janeiro/2022,8323.0,9574.0,292278.0,-1251.0,2022-01-01,-0.004280171617432718,292278.0
Sergipe,Fevereiro/2022,9926.0,8206.0,293998.0,1720.0,2022-02-01,0.005850379934557378,293998.0
Sergipe,Março/2022,9049.0,11576.0,291471.0,-2527.0,2022-03-01,-0.008669816208130484,291471.0
Sergipe,Abril/2022,9138.0,7453.0,293156.0,1685.0,2022-04-01,0.005747792983940291,293156.0
Sergipe,Maio/2022,9056.0,8174.0,294038.0,882.0,2022-05-01,0.0029996122950094887,294038.0
Sergipe,Junho/2022,8554.0,7718.0,294874.0,836.0,2022-06-01,0.0028351092330961697,294874.0
Sergipe,Julho/2022,9399.0,8579.0,295694.0,820.0,2022-07-01,0.0027731370944287,295694.0
Sergipe,Agosto/2022,9959.0,8070.0,297583.0,1889.0,2022-08-01,0.006347808846607501,297583.0
Sergipe,Setembro/2022,13139.0,7861.0,302861.0,5278.0,2022-09-01,0.01742713654118556,302861.0
Sergipe,Outubro/2022,9012.0,8029.0,303844.0,983.0,2022-10-01,0.0032352128065717936,303844.0
Sergipe,Novembro/2022,8540.0,7297.0,305087.0,1243.0,2022-11-01,0.004074247673614411,305087.0
Sergipe,Dezembro/2022,7193.0,8483.0,303797.0,-1290.0,2022-12-01,-0.0042462565463121755,303797.0
Sergipe,Janeiro/2023,9621.0,10038.0,303380.0,-417.0,2023-01-01,-0.0013745138110620343,303380.0
Sergipe,Fevereiro/2023,9312.0,8014.0,304678.0,1298.0,2023-02-01,0.004260235396057477,304678.0
Sergipe,Março/2023,10760.0,9371.0,306067.0,1389.0,2023-03-01,0.004538222023282484,306067.0
Sergipe,Abril/2023,9427.0,9996.0,305498.0,-569.0,2023-04-01,-0.0018625326516049205,305498.0
Sergipe,Maio/2023,9606.0,9778.0,305326.0,-172.0,2023-05-01,-0.0005633323071078126,305326.0
Sergipe,Junho/2023,8940.0,8308.0,305958.0,632.0,2023-06-01,0.002065642996751188,305958.0
Sergipe,Julho/2023,9321.0,8829.0,306450.0,492.0,2023-07-01,0.0016054821341164953,306450.0
Sergipe,Agosto/2023,11235.0,8790.0,308895.0,2445.0,2023-08-01,0.00791531102801923,308895.0
Sergipe,Setembro/2023,13883.0,7927.0,314851.0,5956.0,2023-09-01,0.01891688449457045,314851.0
Sergipe,Outubro/2023,10055.0,8452.0,316454.0,1603.0,2023-10-01,0.00506550715111833,316454.0
Sergipe,Novembro/2023,9485.0,7746.0,318193.0,1739.0,2023-11-01,0.00546523650740274,318193.0
Sergipe,Dezembro/2023,7753.0,8497.0,317449.0,-744.0,2023-12-01,-0.00234368355231864,317449.0
Sergipe,Janeiro/2024,10298.0,9521.0,318226.0,777.0,2024-01-01,0.002441660957935555,318226.0
Sergipe,Fevereiro/2024,11285.0,9706.0,319805.0,1579.0,2024-02-01,0.00493738371820328,319805.0
Sergipe,Março/2024,11364.0,13239.0,317930.0,-1875.0,2024-03-01,-0.0058975246123360485,317930.0
Sergipe,Abril/2024,11525.0,9955.0,319500.0,1570.0,2024-04-01,0.0049139280125195615,319500.0
Sergipe,Maio/2024,10169.0,9446.0,320223.0,723.0,2024-05-01,0.002257801594513823,320223.0
Sergipe,Junho/2024,10509.0,8688.0,322044.0,1821.0,2024-06-01,0.0056545068375749895,322044.0
Sergipe,Julho/2024,10738.0,9474.0,323308.0,1264.0,2024-07-01,0.00390958466848949,323308.0
Sergipe,Agosto/2024,12452.0,9640.0,326120.0,2812.0,2024-08-01,0.00862259291058506,326120.0
Sergipe,Setembro/2024,14865.0,9207.0,331778.0,5658.0,2024-09-01,0.017053571966797076,331778.0
Sergipe,Outubro/2024,11966.0,10877.0,332867.0,1089.0,2024-10-01,0.003271576936133651,332867.0
Sergipe,Novembro/2024,11089.0,9587.0,334369.0,1502.0,2024-11-01,0.004492043221710146,334369.0
Sergipe,Dezembro/2024,8826.0,10623.0,332572.0,-1797.0,2024-12-01,-0.005403341231372455,332572.0
Sergipe,Janeiro/2025,11981.0,12894.0,331659.0,-913.0,2025-01-01,-0.002752827452292867,331659.0
Sergipe,Fevereiro/2025,14207.0,13338.0,332528.0,869.0,2025-02-01,0.002613313766058798,332528.0
Sergipe,Março/2025,11340.0,12948.0,330920.0,-1608.0,2025-03-01,-0.004859180466578025,330920.0
Sergipe,Abril/2025,13442.0,10593.0,333769.0,2849.0,2025-04-01,0.008535843652346383,333769.0
Sergipe,Maio/2025,13638.0,11699.0,335708.0,1939.0,2025-05-01,0.005775852824478416,335708.0
Sergipe,Junho/2025,12649.0,10242.0,338115.0,2407.0,2025-06-01,0.007118879671117815,338115.0
Sergipe,Julho/2025,12225.0,12104.0,338236.0,121.0,2025-07-01,0.00035773838385032937,338236.0
Sergipe,Agosto/2025,13547.0,11217.0,340566.0,2330.0,2025-08-01,0.0068415520046041,340566.0
Sergipe,Setembro/2025,16267.0,10305.0,346528.0,5962.0,2025-09-01,0.01720495890663958,346528.0
Sergipe,Outubro/2025,13925.0,12849.0,347604.0,1076.0,2025-10-01,0.003095476461720809,347604.0
Sergipe,Novembro/2025,12221.0,10247.0,349578.0,1974.0,2025-11-01,0.005646808437601908,349578.0
Sergipe,Dezembro/2025,9241.0,11722.0,,-2481.0,2025-12-01,-0.0070971285378370495,349578.0
Sergipe,Janeiro/2026,13005.0,12712.0,347390.0,293.0,2026-01-01,0.0008434324534384985,347390.0
Sergipe,Fevereiro/2026,13769.0,11375.0,349784.0,2394.0,2026-02-01,0.006844223863870274,349784.0
Sergipe,Março/2026,14153.0,14491.0,349446.0,-338.0,2026-03-01,-0.000967245296841286,349446.0
Sergipe,Abril/2026,13277.0,12362.0,350361.0,915.0,2026-04-01,0.0026115920436349934,350361.0
Sergipe,Maio/2026,13541.0,12664.0,351238.0,877.0,2026-05-01,0.002496882455770731,351238.0
Sergipe,Junho/2026,12427.0,11828.0,351837.0,599.0,2026-06-01,0.0017024929157536017,351837.0
Sudeste,Janeiro/2020,694670.0,678828.0,19773271.0,15842.0,2020-01-01,0.0008011825661014811,19773271.0
Sudeste,Fevereiro/2020,757780.0,663038.0,19868013.0,94742.0,2020-02-01,0.004768569458858316,19868013.0
Sudeste,Março/2020,710352.0,838198.0,19740167.0,-127846.0,2020-03-01,-0.006476439637010163,19740167.0
Sudeste,Abril/2020,328052.0,794645.0,19273574.0,-466593.0,2020-04-01,-0.02420895055582322,19273574.0
Sudeste,Maio/2020,358573.0,552647.0,19079500.0,-194074.0,2020-05-01,-0.01017185984957677,19079500.0
Sudeste,Junho/2020,454385.0,495984.0,19037901.0,-41599.0,2020-06-01,-0.002185062313329605,19037901.0
Sudeste,Julho/2020,519903.0,483553.0,19074251.0,36350.0,2020-07-01,0.0019057104784874646,19074251.0
Sudeste,Agosto/2020,621626.0,527189.0,19168688.0,94437.0,2020-08-01,0.004926628259586676,19168688.0
Sudeste,Setembro/2020,688677.0,563365.0,19294000.0,125312.0,2020-09-01,0.006494868871151653,19294000.0
Sudeste,Outubro/2020,790818.0,612118.0,19472700.0,178700.0,2020-10-01,0.009176950294514884,19472700.0
Sudeste,Novembro/2020,802791.0,590468.0,19685023.0,212323.0,2020-11-01,0.010786017369652045,19685023.0
Sudeste,Dezembro/2020,660323.0,702222.0,19643124.0,-41899.0,2020-12-01,-0.0021330110220757147,19643124.0
Sudeste,Janeiro/2021,759165.0,671056.0,19731233.0,88109.0,2021-01-01,0.004465458392792787,19731233.0
Sudeste,Fevereiro/2021,856866.0,667715.0,19920384.0,189151.0,2021-02-01,0.009495349085640117,19920384.0
Sudeste,Março/2021,829633.0,732888.0,20017129.0,96745.0,2021-03-01,0.004833110682356096,20017129.0
Sudeste,Abril/2021,698613.0,654366.0,20061376.0,44247.0,2021-04-01,0.0022055815114576387,20061376.0
Sudeste,Maio/2021,802168.0,652904.0,20210640.0,149264.0,2021-05-01,0.007385416790363888,20210640.0
Sudeste,Junho/2021,817718.0,669184.0,20359174.0,148534.0,2021-06-01,0.007295679087962999,20359174.0
Sudeste,Julho/2021,838521.0,683677.0,20514018.0,154844.0,2021-07-01,0.007548204354700283,20514018.0
Sudeste,Agosto/2021,919991.0,737481.0,20696528.0,182510.0,2021-08-01,0.008818387315978796,20696528.0
Sudeste,Setembro/2021,888060.0,751905.0,20832683.0,136155.0,2021-09-01,0.006535644016663624,20832683.0
Sudeste,Outubro/2021,895095.0,774335.0,20953443.0,120760.0,2021-10-01,0.005763253323093489,20953443.0
Sudeste,Novembro/2021,925469.0,741475.0,21137437.0,183994.0,2021-11-01,0.008704650426634033,21137437.0
Sudeste,Dezembro/2021,753391.0,881724.0,21009104.0,-128333.0,2021-12-01,-0.006108447080846475,21009104.0
Sudeste,Janeiro/2022,872827.0,824132.0,21057799.0,48695.0,2022-01-01,0.0023124449046170495,21057799.0
Sudeste,Fevereiro/2022,1016348.0,853452.0,21220695.0,162896.0,2022-02-01,0.0076762801595329465,21220695.0
Sudeste,Março/2022,987500.0,905510.0,21302685.0,81990.0,2022-03-01,0.0038488106076769195,21302685.0
Sudeste,Abril/2022,957964.0,852317.0,21408332.0,105647.0,2022-04-01,0.004934854336152859,21408332.0
Sudeste,Maio/2022,1010318.0,861989.0,21556661.0,148329.0,2022-05-01,0.006880889391914638,21556661.0
Sudeste,Junho/2022,966876.0,833133.0,21690404.0,133743.0,2022-06-01,0.006165998567845947,21690404.0
Sudeste,Julho/2022,948489.0,847950.0,21790943.0,100539.0,2022-07-01,0.00461379757636005,21790943.0
Sudeste,Agosto/2022,1035140.0,897108.0,21928975.0,138032.0,2022-08-01,0.0062945030490481205,21928975.0
Sudeste,Setembro/2022,956018.0,848414.0,22036579.0,107604.0,2022-09-01,0.004882972080194481,22036579.0
Sudeste,Outubro/2022,904243.0,823611.0,22117211.0,80632.0,2022-10-01,0.0036456676205693385,22117211.0
Sudeste,Novembro/2022,909774.0,823273.0,22203712.0,86501.0,2022-11-01,0.003895790037269444,22203712.0
Sudeste,Dezembro/2022,720078.0,929002.0,21994788.0,-208924.0,2022-12-01,-0.009498795805624497,21994788.0
Sudeste,Janeiro/2023,926083.0,908113.0,22012758.0,17970.0,2023-01-01,0.0008163447760612277,22012758.0
Sudeste,Fevereiro/2023,975602.0,865263.0,22123097.0,110339.0,2023-02-01,0.004987502427892442,22123097.0
Sudeste,Março/2023,1110693.0,996500.0,22237290.0,114193.0,2023-03-01,0.00513520307555462,22237290.0
Sudeste,Abril/2023,955599.0,849229.0,22343660.0,106370.0,2023-04-01,0.004760634560318229,22343660.0
Sudeste,Maio/2023,1034376.0,931627.0,22446409.0,102749.0,2023-05-01,0.004577525073164264,22446409.0
Sudeste,Junho/2023,974734.0,898653.0,22522490.0,76081.0,2023-06-01,0.003378001277833845,22522490.0
Sudeste,Julho/2023,955250.0,885045.0,22592695.0,70205.0,2023-07-01,0.00310742034095534,22592695.0
Sudeste,Agosto/2023,1056266.0,956260.0,22692701.0,100006.0,2023-08-01,0.004406967685336356,22692701.0
Sudeste,Setembro/2023,957902.0,875552.0,22775051.0,82350.0,2023-09-01,0.0036157987088590933,22775051.0
Sudeste,Outubro/2023,997266.0,900690.0,22871627.0,96576.0,2023-10-01,0.004222524265545254,22871627.0
Sudeste,Novembro/2023,963513.0,890146.0,22944994.0,73367.0,2023-11-01,0.003197516634783169,22944994.0
Sudeste,Dezembro/2023,795919.0,1016847.0,22724066.0,-220928.0,2023-12-01,-0.009722203764062295,22724066.0
Sudeste,Janeiro/2024,1033892.0,976649.0,22781309.0,57243.0,2024-01-01,0.002512717772275509,22781309.0
Sudeste,Fevereiro/2024,1141731.0,982162.0,22940878.0,159569.0,2024-02-01,0.006955662289821689,22940878.0
Sudeste,Março/2024,1171754.0,1023450.0,23089182.0,148304.0,2024-03-01,0.006423094590358377,23089182.0
Sudeste,Abril/2024,1167544.0,1041133.0,23215593.0,126411.0,2024-04-01,0.005445090289100089,23215593.0
Sudeste,Maio/2024,1121857.0,1037168.0,23300282.0,84689.0,2024-05-01,0.0036346770395311095,23300282.0
Sudeste,Junho/2024,1068384.0,974703.0,23393963.0,93681.0,2024-06-01,0.004004494663858364,23393963.0
Sudeste,Julho/2024,1112233.0,1029684.0,23476512.0,82549.0,2024-07-01,0.0035162378465761865,23476512.0
Sudeste,Agosto/2024,1129239.0,1032998.0,23572753.0,96241.0,2024-08-01,0.004082722115656156,23572753.0
Sudeste,Setembro/2024,1101741.0,1003459.0,23671035.0,98282.0,2024-09-01,0.0041519941988172465,23671035.0
Sudeste,Outubro/2024,1144891.0,1079433.0,23736493.0,65458.0,2024-10-01,0.0027576946602853253,23736493.0
Sudeste,Novembro/2024,1020072.0,966395.0,23790170.0,53677.0,2024-11-01,0.002256268030030891,23790170.0
Sudeste,Dezembro/2024,790313.0,1073714.0,23506769.0,-283401.0,2024-12-01,-0.012056144338679638,23506769.0
Sudeste,Janeiro/2025,1118437.0,1090681.0,23534525.0,27756.0,2025-01-01,0.0011793737073512213,23534525.0
Sudeste,Fevereiro/2025,1312801.0,1084369.0,23762957.0,228432.0,2025-02-01,0.009612945055617448,23762957.0
Sudeste,Março/2025,1140485.0,1092399.0,23811043.0,48086.0,2025-03-01,0.0020194831448584593,23811043.0
Sudeste,Abril/2025,1170183.0,1040233.0,23940993.0,129950.0,2025-04-01,0.0054279285742241355,23940993.0
Sudeste,Maio/2025,1158852.0,1084316.0,24015529.0,74536.0,2025-05-01,0.0031036584703172687,24015529.0
Sudeste,Junho/2025,1103184.0,1026852.0,24091861.0,76332.0,2025-06-01,0.0031683729206307474,24091861.0
Sudeste,Julho/2025,1144960.0,1094927.0,24141894.0,50033.0,2025-07-01,0.00207245545854853,24141894.0
Sudeste,Agosto/2025,1139060.0,1075362.0,24205592.0,63698.0,2025-08-01,0.0026315406786993683,24205592.0
Sudeste,Setembro/2025,1162341.0,1081702.0,24286231.0,80639.0,2025-09-01,0.0033203587662490736,24286231.0
Sudeste,Outubro/2025,1156071.0,1135276.0,24307026.0,20795.0,2025-10-01,0.0008555139571579016,24307026.0
Sudeste,Novembro/2025,1027224.0,983890.0,24350360.0,43334.0,2025-11-01,0.001779604079775412,24350360.0
Sudeste,Dezembro/2025,788171.0,1118771.0,,-330600.0,2025-12-01,-0.013576801328604587,24350360.0
Sudeste,Janeiro/2026,1092908.0,1079607.0,24033061.0,13301.0,2026-01-01,0.0005534459384928121,24033061.0
Sudeste,Fevereiro/2026,1213326.0,1080274.0,24166113.0,133052.0,2026-02-01,0.005505726138084349,24166113.0
Sudeste,Março/2026,1302685.0,1164658.0,24304140.0,138027.0,2026-03-01,0.005679155896896578,24304140.0
Sudeste,Abril/2026,1165360.0,1120815.0,24348685.0,44545.0,2026-04-01,0.0018294622481665847,24348685.0
Sudeste,Maio/2026,1150914.0,1105041.0,24394558.0,45873.0,2026-05-01,0.0018804603879275042,24394558.0
Sudeste,Junho/2026,1146462.0,1076079.0,24464941.0,70383.0,2026-06-01,0.0028768922843509003,24464941.0
Sul,Janeiro/2020,318838.0,263691.0,7090606.0,55147.0,2020-01-01,0.00777747346277596,7090606.0
Sul,Fevereiro/2020,347037.0,279654.0,7157989.0,67383.0,2020-02-01,0.009413677500761736,7157989.0
Sul,Março/2020,292158.0,325807.0,7124340.0,-33649.0,2020-03-01,-0.004723104175263954,7124340.0
Sul,Abril/2020,118454.0,331915.0,6910879.0,-213461.0,2020-04-01,-0.030887677240478383,6910879.0
Sul,Maio/2020,148208.0,232478.0,6826609.0,-84270.0,2020-05-01,-0.012344342557190547,6826609.0
Sul,Junho/2020,190061.0,191341.0,6825329.0,-1280.0,2020-06-01,-0.00018753674731284017,6825329.0
Sul,Julho/2020,218980.0,195045.0,6849264.0,23935.0,2020-07-01,0.003494536055260828,6849264.0
Sul,Agosto/2020,259579.0,218472.0,6890371.0,41107.0,2020-08-01,0.005965861635026619,6890371.0
Sul,Setembro/2020,296589.0,236567.0,6950393.0,60022.0,2020-09-01,0.008635770667932014,6950393.0
Sul,Outubro/2020,349827.0,257709.0,7042511.0,92118.0,2020-10-01,0.01308027775888458,7042511.0
Sul,Novembro/2020,339444.0,247956.0,7133999.0,91488.0,2020-11-01,0.012824223832944187,7133999.0
Sul,Dezembro/2020,263375.0,286882.0,7110492.0,-23507.0,2020-12-01,-0.0033059597001163913,7110492.0
Sul,Janeiro/2021,364797.0,278297.0,7196992.0,86500.0,2021-01-01,0.012018910122451158,7196992.0
Sul,Fevereiro/2021,405571.0,300341.0,7302222.0,105230.0,2021-02-01,0.014410682118401769,7302222.0
Sul,Março/2021,372887.0,325214.0,7349895.0,47673.0,2021-03-01,0.0064862151091954375,7349895.0
Sul,Abril/2021,307693.0,288998.0,7368590.0,18695.0,2021-04-01,0.0025371203988822826,7368590.0
Sul,Maio/2021,328208.0,291591.0,7405207.0,36617.0,2021-05-01,0.004944763866830461,7405207.0
Sul,Junho/2021,332332.0,289275.0,7448264.0,43057.0,2021-06-01,0.005780810132401322,7448264.0
Sul,Julho/2021,350075.0,307525.0,7490814.0,42550.0,2021-07-01,0.005680290553202896,7490814.0
Sul,Agosto/2021,379985.0,325055.0,7545744.0,54930.0,2021-08-01,0.0072796002620815125,7545744.0
Sul,Setembro/2021,368706.0,320838.0,7593612.0,47868.0,2021-09-01,0.006303719494754275,7593612.0
Sul,Outubro/2021,370710.0,316446.0,7647876.0,54264.0,2021-10-01,0.007095303323432545,7647876.0
Sul,Novembro/2021,364522.0,310189.0,7702209.0,54333.0,2021-11-01,0.007054210032472502,7702209.0
Sul,Dezembro/2021,286193.0,366057.0,7622345.0,-79864.0,2021-12-01,-0.01047761548447361,7622345.0
Sul,Janeiro/2022,398818.0,339474.0,7681689.0,59344.0,2022-01-01,0.007725384352321475,7681689.0
Sul,Fevereiro/2022,457935.0,374732.0,7764892.0,83203.0,2022-02-01,0.010715281036748483,7764892.0
Sul,Março/2022,433863.0,400609.0,7798146.0,33254.0,2022-03-01,0.004264346935797304,7798146.0
Sul,Abril/2022,374397.0,349554.0,7822989.0,24843.0,2022-04-01,0.0031756404105898655,7822989.0
Sul,Maio/2022,390319.0,364631.0,7848677.0,25688.0,2022-05-01,0.003272908287600573,7848677.0
Sul,Junho/2022,377342.0,345740.0,7880279.0,31602.0,2022-06-01,0.004010264103593286,7880279.0
Sul,Julho/2022,380530.0,352394.0,7908415.0,28136.0,2022-07-01,0.0035577293300870024,7908415.0
Sul,Agosto/2022,409918.0,374935.0,7943398.0,34983.0,2022-08-01,0.004404034646130032,7943398.0
Sul,Setembro/2022,378435.0,340083.0,7981750.0,38352.0,2022-09-01,0.0048049613180067025,7981750.0
Sul,Outubro/2022,368299.0,336996.0,8013053.0,31303.0,2022-10-01,0.003906501055215784,8013053.0
Sul,Novembro/2022,348269.0,327496.0,8033826.0,20773.0,2022-11-01,0.0025856920475997363,8033826.0
Sul,Dezembro/2022,271513.0,374981.0,7930358.0,-103468.0,2022-12-01,-0.013047078076424797,7930358.0
Sul,Janeiro/2023,401953.0,369567.0,7962744.0,32386.0,2023-01-01,0.0040671909080588296,7962744.0
Sul,Fevereiro/2023,436484.0,372544.0,8026684.0,63940.0,2023-02-01,0.007965929641680176,8026684.0
Sul,Março/2023,467237.0,429785.0,8064136.0,37452.0,2023-03-01,0.004644266912165172,8064136.0
Sul,Abril/2023,382413.0,354484.0,8092065.0,27929.0,2023-04-01,0.0034514057907345033,8092065.0
Sul,Maio/2023,399677.0,390807.0,8100935.0,8870.0,2023-05-01,0.0010949353377110174,8100935.0
Sul,Junho/2023,376144.0,366557.0,8110522.0,9587.0,2023-06-01,0.0011820447561821546,8110522.0
Sul,Julho/2023,369249.0,361974.0,8117797.0,7275.0,2023-07-01,0.0008961790988367903,8117797.0
Sul,Agosto/2023,415160.0,392329.0,8140628.0,22831.0,2023-08-01,0.0028045747821912512,8140628.0
Sul,Setembro/2023,369769.0,347439.0,8162958.0,22330.0,2023-09-01,0.0027355279789507674,8162958.0
Sul,Outubro/2023,390759.0,353017.0,8200700.0,37742.0,2023-10-01,0.0046022900484105015,8200700.0
Sul,Novembro/2023,373156.0,346843.0,8227013.0,26313.0,2023-11-01,0.0031983661627859347,8227013.0
Sul,Dezembro/2023,287486.0,389690.0,8124809.0,-102204.0,2023-12-01,-0.012579249555281854,8124809.0
Sul,Janeiro/2024,454212.0,386994.0,8192027.0,67218.0,2024-01-01,0.0082052952218053,8192027.0
Sul,Fevereiro/2024,510282.0,425420.0,8276889.0,84862.0,2024-02-01,0.010252886078332088,8276889.0
Sul,Março/2024,474411.0,432171.0,8319129.0,42240.0,2024-03-01,0.005077454622953917,8319129.0
Sul,Abril/2024,467521.0,422520.0,8364130.0,45001.0,2024-04-01,0.005380236796893401,8364130.0
Sul,Maio/2024,392121.0,401945.0,8354306.0,-9824.0,2024-05-01,-0.0011759205372654533,8354306.0
Sul,Junho/2024,401038.0,385751.0,8369593.0,15287.0,2024-06-01,0.0018264926382919695,8369593.0
Sul,Julho/2024,444975.0,411950.0,8402618.0,33025.0,2024-07-01,0.003930322668482609,8402618.0
Sul,Agosto/2024,442706.0,411849.0,8433475.0,30857.0,2024-08-01,0.003658871343070324,8433475.0
Sul,Setembro/2024,429117.0,390977.0,8471615.0,38140.0,2024-09-01,0.004502093166415141,8471615.0
Sul,Outubro/2024,464153.0,429781.0,8505987.0,34372.0,2024-10-01,0.004040918473070791,8505987.0
Sul,Novembro/2024,402482.0,377530.0,8530939.0,24952.0,2024-11-01,0.002924883181089444,8530939.0
Sul,Dezembro/2024,296915.0,408101.0,8419753.0,-111186.0,2024-12-01,-0.01320537550210796,8419753.0
Sul,Janeiro/2025,503138.0,437426.0,8485465.0,65712.0,2025-01-01,0.007744065882070105,8485465.0
Sul,Fevereiro/2025,566426.0,466460.0,8585431.0,99966.0,2025-02-01,0.01164367869242674,8585431.0
Sul,Março/2025,489854.0,465301.0,8609984.0,24553.0,2025-03-01,0.0028516893875760977,8609984.0
Sul,Abril/2025,466130.0,428386.0,8647728.0,37744.0,2025-04-01,0.004364614613225578,8647728.0
Sul,Maio/2025,444277.0,437160.0,8654845.0,7117.0,2025-05-01,0.0008223139755824628,8654845.0
Sul,Junho/2025,419642.0,401284.0,8673203.0,18358.0,2025-06-01,0.0021166344198331345,8673203.0
Sul,Julho/2025,446121.0,434784.0,8684540.0,11337.0,2025-07-01,0.0013054232003076732,8684540.0
Sul,Agosto/2025,432168.0,427422.0,8689286.0,4746.0,2025-08-01,0.0005461898710665065,8689286.0
Sul,Setembro/2025,446168.0,418866.0,8716588.0,27302.0,2025-09-01,0.0031321888794101547,8716588.0
Sul,Outubro/2025,451582.0,437735.0,8730435.0,13847.0,2025-10-01,0.0015860607174785677,8730435.0
Sul,Novembro/2025,385083.0,373507.0,8742011.0,11576.0,2025-11-01,0.0013241804431497512,8742011.0
Sul,Dezembro/2025,291206.0,426948.0,,-135742.0,2025-12-01,-0.0155275485240181,8742011.0
Sul,Janeiro/2026,477158.0,421431.0,8661996.0,55727.0,2026-01-01,0.006433505626185928,8661996.0
Sul,Fevereiro/2026,520276.0,452558.0,8729714.0,67718.0,2026-02-01,0.007757184255979062,8729714.0
Sul,Março/2026,525131.0,488386.0,8766459.0,36745.0,2026-03-01,0.0041915441571106415,8766459.0
Sul,Abril/2026,455979.0,451530.0,8770908.0,4449.0,2026-04-01,0.000507245087965807,8770908.0
Sul,Maio/2026,424592.0,428701.0,8766799.0,-4109.0,2026-05-01,-0.00046870014927911544,8766799.0
Sul,Junho/2026,428425.0,417972.0,8777252.0,10453.0,2026-06-01,0.0011909194358325362,8777252.0
São Paulo,Janeiro/2020,431465.0,409663.0,11972831.0,21802.0,2020-01-01,0.0018209561297574484,11972831.0
São Paulo,Fevereiro/2020,465493.0,405390.0,12032934.0,60103.0,2020-02-01,0.004994874899172554,12032934.0
São Paulo,Março/2020,444749.0,524224.0,11953459.0,-79475.0,2020-03-01,-0.006648703107610943,11953459.0
São Paulo,Abril/2020,215043.0,484553.0,11683949.0,-269510.0,2020-04-01,-0.02306668747013531,11683949.0
São Paulo,Maio/2020,213203.0,330479.0,11566673.0,-117276.0,2020-05-01,-0.010139129895000923,11566673.0
São Paulo,Junho/2020,277382.0,305285.0,11538770.0,-27903.0,2020-06-01,-0.0024181953535775476,11538770.0
São Paulo,Julho/2020,308866.0,289757.0,11557879.0,19109.0,2020-07-01,0.0016533310307193906,11557879.0
São Paulo,Agosto/2020,379516.0,318435.0,11618960.0,61081.0,2020-08-01,0.005257010954508837,11618960.0
São Paulo,Setembro/2020,420880.0,347140.0,11692700.0,73740.0,2020-09-01,0.006306498926680749,11692700.0
São Paulo,Outubro/2020,492747.0,378758.0,11806689.0,113989.0,2020-10-01,0.009654611889921044,11806689.0
São Paulo,Novembro/2020,504985.0,368760.0,11942914.0,136225.0,2020-11-01,0.01140634521859573,11942914.0
São Paulo,Dezembro/2020,404741.0,444812.0,11902843.0,-40071.0,2020-12-01,-0.0033665066404723644,11902843.0
São Paulo,Janeiro/2021,472265.0,414192.0,11960916.0,58073.0,2021-01-01,0.004855230151269351,11960916.0
São Paulo,Fevereiro/2021,533111.0,421314.0,12072713.0,111797.0,2021-02-01,0.009260304622498688,12072713.0
São Paulo,Março/2021,497818.0,456706.0,12113825.0,41112.0,2021-03-01,0.0033938083140543965,12113825.0
São Paulo,Abril/2021,430592.0,407560.0,12136857.0,23032.0,2021-04-01,0.0018976906459390599,12136857.0
São Paulo,Maio/2021,489176.0,404933.0,12221100.0,84243.0,2021-05-01,0.006893242015857819,12221100.0
São Paulo,Junho/2021,500775.0,412239.0,12309636.0,88536.0,2021-06-01,0.007192414137997257,12309636.0
São Paulo,Julho/2021,507330.0,411095.0,12405871.0,96235.0,2021-07-01,0.007757214306033006,12405871.0
São Paulo,Agosto/2021,562480.0,449577.0,12518774.0,112903.0,2021-08-01,0.009018694642143072,12518774.0
São Paulo,Setembro/2021,548615.0,465040.0,12602349.0,83575.0,2021-09-01,0.006631700169547757,12602349.0
São Paulo,Outubro/2021,557442.0,478672.0,12681119.0,78770.0,2021-10-01,0.006211596941878709,12681119.0
São Paulo,Novembro/2021,576655.0,459568.0,12798206.0,117087.0,2021-11-01,0.009148704123062248,12798206.0
São Paulo,Dezembro/2021,460024.0,553398.0,12704832.0,-93374.0,2021-12-01,-0.007349487187237108,12704832.0
São Paulo,Janeiro/2022,547933.0,503362.0,12749403.0,44571.0,2022-01-01,0.0034959283975884987,12749403.0
São Paulo,Fevereiro/2022,626081.0,527888.0,12847596.0,98193.0,2022-02-01,0.007642908447619306,12847596.0
São Paulo,Março/2022,601341.0,562076.0,12886861.0,39265.0,2022-03-01,0.0030469018017653796,12886861.0
São Paulo,Abril/2022,581883.0,525031.0,12943713.0,56852.0,2022-04-01,0.004392248190299028,12943713.0
São Paulo,Maio/2022,610167.0,526128.0,13027752.0,84039.0,2022-05-01,0.006450767561433469,13027752.0
São Paulo,Junho/2022,585745.0,510724.0,13102773.0,75021.0,2022-06-01,0.005725581905448565,13102773.0
São Paulo,Julho/2022,580929.0,512764.0,13170938.0,68165.0,2022-07-01,0.005175409678490628,13170938.0
São Paulo,Agosto/2022,621951.0,545492.0,13247397.0,76459.0,2022-08-01,0.005771624417989436,13247397.0
São Paulo,Setembro/2022,571492.0,509248.0,13309641.0,62244.0,2022-09-01,0.0046766099851979475,13309641.0
São Paulo,Outubro/2022,559351.0,497812.0,13371180.0,61539.0,2022-10-01,0.004602361197740214,13371180.0
São Paulo,Novembro/2022,560433.0,506093.0,13425520.0,54340.0,2022-11-01,0.00404751547798521,13425520.0
São Paulo,Dezembro/2022,434325.0,580991.0,13278854.0,-146666.0,2022-12-01,-0.011045079643168003,13278854.0
São Paulo,Janeiro/2023,572994.0,554447.0,13297401.0,18547.0,2023-01-01,0.0013947838378341752,13297401.0
São Paulo,Fevereiro/2023,591842.0,526965.0,13362278.0,64877.0,2023-02-01,0.004855235013071873,13362278.0
São Paulo,Março/2023,664639.0,613011.0,13413906.0,51628.0,2023-03-01,0.0038488416423970765,13413906.0
São Paulo,Abril/2023,579437.0,524400.0,13468943.0,55037.0,2023-04-01,0.004086215228618905,13468943.0
São Paulo,Maio/2023,617248.0,567136.0,13519055.0,50112.0,2023-05-01,0.003706767965660322,13519055.0
São Paulo,Junho/2023,586906.0,550488.0,13555473.0,36418.0,2023-06-01,0.0026865901322661334,13555473.0
São Paulo,Julho/2023,578329.0,534998.0,13598804.0,43331.0,2023-07-01,0.0031863831554598478,13598804.0
São Paulo,Agosto/2023,642890.0,577428.0,13664266.0,65462.0,2023-08-01,0.004790743974100036,13664266.0
São Paulo,Setembro/2023,582205.0,534899.0,13711572.0,47306.0,2023-09-01,0.0034500785176200073,13711572.0
São Paulo,Outubro/2023,621054.0,551612.0,13781014.0,69442.0,2023-10-01,0.005038961574235393,13781014.0
São Paulo,Novembro/2023,594400.0,547127.0,13828287.0,47273.0,2023-11-01,0.0034185723799339714,13828287.0
São Paulo,Dezembro/2023,481166.0,645103.0,13664350.0,-163937.0,2023-12-01,-0.011997423953572619,13664350.0
São Paulo,Janeiro/2024,639442.0,600943.0,13702849.0,38499.0,2024-01-01,0.0028095617196102797,13702849.0
São Paulo,Fevereiro/2024,704433.0,603270.0,13804012.0,101163.0,2024-02-01,0.007328521592128433,13804012.0
São Paulo,Março/2024,713338.0,636397.0,13880953.0,76941.0,2024-03-01,0.0055429191353072085,13880953.0
São Paulo,Abril/2024,723611.0,647312.0,13957252.0,76299.0,2024-04-01,0.005466620506672804,13957252.0
São Paulo,Maio/2024,683314.0,640959.0,13999607.0,42355.0,2024-05-01,0.0030254420713381456,13999607.0
São Paulo,Junho/2024,656213.0,608256.0,14047564.0,47957.0,2024-06-01,0.003413901513458134,14047564.0
São Paulo,Julho/2024,680724.0,618877.0,14109411.0,61847.0,2024-07-01,0.0043833863794881306,14109411.0
São Paulo,Agosto/2024,693487.0,632717.0,14170181.0,60770.0,2024-08-01,0.004288583187469518,14170181.0
São Paulo,Setembro/2024,680882.0,623815.0,14227248.0,57067.0,2024-09-01,0.004011106012912687,14227248.0
São Paulo,Outubro/2024,720450.0,673195.0,14274503.0,47255.0,2024-10-01,0.003310448006491014,14274503.0
São Paulo,Novembro/2024,638754.0,600192.0,14313065.0,38562.0,2024-11-01,0.0026941818541311733,14313065.0
São Paulo,Dezembro/2024,482273.0,672842.0,14122496.0,-190569.0,2024-12-01,-0.013494002759852082,14122496.0
São Paulo,Janeiro/2025,706744.0,670619.0,14158621.0,36125.0,2025-01-01,0.0025514490429541124,14158621.0
São Paulo,Fevereiro/2025,802375.0,664794.0,14296202.0,137581.0,2025-02-01,0.009623604926679128,14296202.0
São Paulo,Março/2025,711909.0,677045.0,14331066.0,34864.0,2025-03-01,0.0024327569212227477,14331066.0
São Paulo,Abril/2025,730954.0,658671.0,14403349.0,72283.0,2025-04-01,0.005018485631362539,14403349.0
São Paulo,Maio/2025,707444.0,674131.0,14436662.0,33313.0,2025-05-01,0.0023075278759037234,14436662.0
São Paulo,Junho/2025,678491.0,638402.0,14476751.0,40089.0,2025-06-01,0.002769198696585995,14476751.0
São Paulo,Julho/2025,706897.0,664099.0,14519549.0,42798.0,2025-07-01,0.0029476122157788783,14519549.0
São Paulo,Agosto/2025,705905.0,660455.0,14564999.0,45450.0,2025-08-01,0.003120494549982461,14564999.0
São Paulo,Setembro/2025,728293.0,679241.0,14614051.0,49052.0,2025-09-01,0.0033564957450880665,14614051.0
São Paulo,Outubro/2025,731303.0,712847.0,14632507.0,18456.0,2025-10-01,0.0012613012930730188,14632507.0
São Paulo,Novembro/2025,650681.0,619577.0,14663611.0,31104.0,2025-11-01,0.0021211691990465375,14663611.0
São Paulo,Dezembro/2025,483374.0,707656.0,,-224282.0,2025-12-01,-0.015295141149066216,14663611.0
São Paulo,Janeiro/2026,690564.0,674113.0,14455780.0,16451.0,2026-01-01,0.0011380222997306269,14455780.0
São Paulo,Fevereiro/2026,770074.0,674178.0,14551676.0,95896.0,2026-02-01,0.006590031278871245,14551676.0
São Paulo,Março/2026,804299.0,736423.0,14619552.0,67876.0,2026-03-01,0.004642823528381718,14619552.0
São Paulo,Abril/2026,728131.0,707929.0,14639754.0,20202.0,2026-04-01,0.0013799412203237842,14639754.0
São Paulo,Maio/2026,704269.0,686045.0,14657978.0,18224.0,2026-05-01,0.0012432819860965817,14657978.0
São Paulo,Junho/2026,708483.0,673502.0,14692959.0,34981.0,2026-06-01,0.002380800218662558,14692959.0
Tocantins,Janeiro/2020,5538.0,5382.0,162191.0,156.0,2020-01-01,0.0009618289547508801,162191.0
Tocantins,Fevereiro/2020,6314.0,4954.0,163551.0,1360.0,2020-02-01,0.008315449003674695,163551.0
Tocantins,Março/2020,5601.0,5566.0,163586.0,35.0,2020-03-01,0.0002139547394031274,163586.0
Tocantins,Abril/2020,2862.0,5595.0,160853.0,-2733.0,2020-04-01,-0.016990668498567014,160853.0
Tocantins,Maio/2020,3825.0,5087.0,159591.0,-1262.0,2020-05-01,-0.00790771409415318,159591.0
Tocantins,Junho/2020,4966.0,3828.0,160729.0,1138.0,2020-06-01,0.007080240653522389,160729.0
Tocantins,Julho/2020,5848.0,4103.0,162474.0,1745.0,2020-07-01,0.0107401799672563,162474.0
Tocantins,Agosto/2020,6148.0,4069.0,164553.0,2079.0,2020-08-01,0.012634227270241199,164553.0
Tocantins,Setembro/2020,6801.0,4912.0,166442.0,1889.0,2020-09-01,0.011349298854856346,166442.0
Tocantins,Outubro/2020,6776.0,5143.0,168075.0,1633.0,2020-10-01,0.00971590063959542,168075.0
Tocantins,Novembro/2020,6478.0,5340.0,169213.0,1138.0,2020-11-01,0.006725251605964081,169213.0
Tocantins,Dezembro/2020,5252.0,5142.0,169323.0,110.0,2020-12-01,0.0006496459429610862,169323.0
Tocantins,Janeiro/2021,7050.0,5458.0,170915.0,1592.0,2021-01-01,0.00931457157066378,170915.0
Tocantins,Fevereiro/2021,8251.0,5320.0,173846.0,2931.0,2021-02-01,0.016859749433406578,173846.0
Tocantins,Março/2021,7304.0,5879.0,175271.0,1425.0,2021-03-01,0.008130266843915993,175271.0
Tocantins,Abril/2021,6781.0,5510.0,176542.0,1271.0,2021-04-01,0.007199419968052928,176542.0
Tocantins,Maio/2021,7655.0,5907.0,178290.0,1748.0,2021-05-01,0.009804251500364574,178290.0
Tocantins,Junho/2021,7976.0,6011.0,180255.0,1965.0,2021-06-01,0.010901223267038362,180255.0
Tocantins,Julho/2021,8210.0,6388.0,182077.0,1822.0,2021-07-01,0.010006755383711288,182077.0
Tocantins,Agosto/2021,8781.0,7262.0,183596.0,1519.0,2021-08-01,0.008273600732042093,183596.0
Tocantins,Setembro/2021,9153.0,7236.0,185513.0,1917.0,2021-09-01,0.010333507624802575,185513.0
Tocantins,Outubro/2021,8985.0,7191.0,187307.0,1794.0,2021-10-01,0.009577858809334408,187307.0
Tocantins,Novembro/2021,8709.0,7433.0,188583.0,1276.0,2021-11-01,0.006766251464872231,188583.0
Tocantins,Dezembro/2021,6625.0,8357.0,186851.0,-1732.0,2021-12-01,-0.009269417878416493,186851.0
Tocantins,Janeiro/2022,9101.0,8229.0,187723.0,872.0,2022-01-01,0.004645142044395199,187723.0
Tocantins,Fevereiro/2022,9684.0,7957.0,189450.0,1727.0,2022-02-01,0.009115861704935339,189450.0
Tocantins,Março/2022,10155.0,8630.0,190975.0,1525.0,2022-03-01,0.00798533839507789,190975.0
Tocantins,Abril/2022,8995.0,8394.0,191576.0,601.0,2022-04-01,0.003137136175721385,191576.0
Tocantins,Maio/2022,10171.0,8222.0,193525.0,1949.0,2022-05-01,0.010071050251905439,193525.0
Tocantins,Junho/2022,9914.0,8264.0,195175.0,1650.0,2022-06-01,0.008453951581913668,195175.0
Tocantins,Julho/2022,10516.0,8013.0,197678.0,2503.0,2022-07-01,0.012662005888363905,197678.0
Tocantins,Agosto/2022,11261.0,9081.0,199858.0,2180.0,2022-08-01,0.010907744498594002,199858.0
Tocantins,Setembro/2022,10549.0,8530.0,201877.0,2019.0,2022-09-01,0.010001139307598191,201877.0
Tocantins,Outubro/2022,9344.0,8306.0,202915.0,1038.0,2022-10-01,0.0051154424266318405,202915.0
Tocantins,Novembro/2022,9277.0,8469.0,203723.0,808.0,2022-11-01,0.003966169750101854,203723.0
Tocantins,Dezembro/2022,6637.0,9170.0,201190.0,-2533.0,2022-12-01,-0.012590088970624783,201190.0
Tocantins,Janeiro/2023,9835.0,8737.0,202288.0,1098.0,2023-01-01,0.005427904769437633,202288.0
Tocantins,Fevereiro/2023,10521.0,8607.0,204202.0,1914.0,2023-02-01,0.00937307176227461,204202.0
Tocantins,Março/2023,11550.0,9728.0,206024.0,1822.0,2023-03-01,0.008843629868364851,206024.0
Tocantins,Abril/2023,9269.0,8387.0,206906.0,882.0,2023-04-01,0.0042628053318898435,206906.0
Tocantins,Maio/2023,10753.0,9588.0,208071.0,1165.0,2023-05-01,0.005599050324168193,208071.0
Tocantins,Junho/2023,11176.0,9552.0,209695.0,1624.0,2023-06-01,0.0077445814158659,209695.0
Tocantins,Julho/2023,10375.0,9212.0,210858.0,1163.0,2023-07-01,0.005515560234849994,210858.0
Tocantins,Agosto/2023,12076.0,9745.0,213189.0,2331.0,2023-08-01,0.01093396000731745,213189.0
Tocantins,Setembro/2023,10306.0,8985.0,214510.0,1321.0,2023-09-01,0.006158221061955154,214510.0
Tocantins,Outubro/2023,10867.0,9109.0,216268.0,1758.0,2023-10-01,0.008128803151645181,216268.0
Tocantins,Novembro/2023,9562.0,9080.0,216750.0,482.0,2023-11-01,0.002223760092272203,216750.0
Tocantins,Dezembro/2023,7523.0,9522.0,214751.0,-1999.0,2023-12-01,-0.009308454908242569,214751.0
Tocantins,Janeiro/2024,11287.0,9840.0,216198.0,1447.0,2024-01-01,0.0066929388801006484,216198.0
Tocantins,Fevereiro/2024,12358.0,10085.0,218471.0,2273.0,2024-02-01,0.010404126863519643,218471.0
Tocantins,Março/2024,11371.0,10394.0,219448.0,977.0,2024-03-01,0.004452079763770916,219448.0
Tocantins,Abril/2024,11865.0,10401.0,220912.0,1464.0,2024-04-01,0.006627073223727095,220912.0
Tocantins,Maio/2024,11210.0,10683.0,221439.0,527.0,2024-05-01,0.0023798879149562633,221439.0
Tocantins,Junho/2024,11313.0,10608.0,222144.0,705.0,2024-06-01,0.003173617113223855,222144.0
Tocantins,Julho/2024,11183.0,10978.0,222349.0,205.0,2024-07-01,0.0009219740138251128,222349.0
Tocantins,Agosto/2024,11859.0,10720.0,223488.0,1139.0,2024-08-01,0.005096470504009164,223488.0
Tocantins,Setembro/2024,10850.0,9712.0,224626.0,1138.0,2024-09-01,0.005066198926215131,224626.0
Tocantins,Outubro/2024,11780.0,10464.0,225942.0,1316.0,2024-10-01,0.005824503633675899,225942.0
Tocantins,Novembro/2024,9916.0,9761.0,226097.0,155.0,2024-11-01,0.0006855464689933966,226097.0
Tocantins,Dezembro/2024,7410.0,10340.0,223167.0,-2930.0,2024-12-01,-0.013129181285763576,223167.0
Tocantins,Janeiro/2025,12598.0,11034.0,224731.0,1564.0,2025-01-01,0.006959431498102175,224731.0
Tocantins,Fevereiro/2025,13961.0,10704.0,227988.0,3257.0,2025-02-01,0.014285839605593277,227988.0
Tocantins,Março/2025,11879.0,10946.0,228921.0,933.0,2025-03-01,0.0040756418152987275,228921.0
Tocantins,Abril/2025,11803.0,10095.0,230629.0,1708.0,2025-04-01,0.007405833611557957,230629.0
Tocantins,Maio/2025,12080.0,11113.0,231596.0,967.0,2025-05-01,0.004175374358797216,231596.0
Tocantins,Junho/2025,11374.0,10861.0,232109.0,513.0,2025-06-01,0.0022101684984210004,232109.0
Tocantins,Julho/2025,11802.0,11863.0,232048.0,-61.0,2025-07-01,-0.0002628766462111287,232048.0
Tocantins,Agosto/2025,12443.0,11145.0,233346.0,1298.0,2025-08-01,0.005562555175576183,233346.0
Tocantins,Setembro/2025,12466.0,10872.0,234940.0,1594.0,2025-09-01,0.00678471099004001,234940.0
Tocantins,Outubro/2025,11579.0,11536.0,234983.0,43.0,2025-10-01,0.0001829919611205917,234983.0
Tocantins,Novembro/2025,9640.0,10001.0,234622.0,-361.0,2025-11-01,-0.0015386451398419585,234622.0
Tocantins,Dezembro/2025,7623.0,12030.0,,-4407.0,2025-12-01,-0.0187834047957992,234622.0
Tocantins,Janeiro/2026,11807.0,10310.0,231712.0,1497.0,2026-01-01,0.006460606269852231,231712.0
Tocantins,Fevereiro/2026,12268.0,10955.0,233025.0,1313.0,2026-02-01,0.005634588563458856,233025.0
Tocantins,Março/2026,12086.0,11460.0,233651.0,626.0,2026-03-01,0.002679209590371965,233651.0
Tocantins,Abril/2026,11499.0,10937.0,234213.0,562.0,2026-04-01,0.002399525218497692,234213.0
Tocantins,Maio/2026,10808.0,11551.0,233470.0,-743.0,2026-05-01,-0.003182421724418555,233470.0
Tocantins,Junho/2026,11106.0,11241.0,233335.0,-135.0,2026-06-01,-0.0005785672959478861,233335.0
