setor,mes,Admissões,Desligamentos,Estoque,Saldos,date,taxa_liquida,estoque_ref
"Administração Pública, Defesa e Seguridade Social",Janeiro/2020,3961.0,4406.0,498460.0,-445.0,2020-01-01,-0.0008927496689804599,498460.0
"Administração Pública, Defesa e Seguridade Social",Fevereiro/2020,15470.0,4219.0,509711.0,11251.0,2020-02-01,0.022073292512816086,509711.0
"Administração Pública, Defesa e Seguridade Social",Março/2020,6957.0,3485.0,513183.0,3472.0,2020-03-01,0.006765617723112418,513183.0
"Administração Pública, Defesa e Seguridade Social",Abril/2020,2424.0,2474.0,513133.0,-50.0,2020-04-01,-9.744062455542715e-05,513133.0
"Administração Pública, Defesa e Seguridade Social",Maio/2020,3235.0,2751.0,513617.0,484.0,2020-05-01,0.0009423364102044909,513617.0
"Administração Pública, Defesa e Seguridade Social",Junho/2020,2402.0,2672.0,513347.0,-270.0,2020-06-01,-0.0005259600231422411,513347.0
"Administração Pública, Defesa e Seguridade Social",Julho/2020,2534.0,3009.0,512872.0,-475.0,2020-07-01,-0.0009261570138358109,512872.0
"Administração Pública, Defesa e Seguridade Social",Agosto/2020,3255.0,3310.0,512817.0,-55.0,2020-08-01,-0.00010725073466753248,512817.0
"Administração Pública, Defesa e Seguridade Social",Setembro/2020,2262.0,2414.0,512665.0,-152.0,2020-09-01,-0.00029648991056537894,512665.0
"Administração Pública, Defesa e Seguridade Social",Outubro/2020,1881.0,2435.0,512111.0,-554.0,2020-10-01,-0.0010817967198517508,512111.0
"Administração Pública, Defesa e Seguridade Social",Novembro/2020,1640.0,4032.0,509719.0,-2392.0,2020-11-01,-0.00469278170913778,509719.0
"Administração Pública, Defesa e Seguridade Social",Dezembro/2020,1332.0,16775.0,494276.0,-15443.0,2020-12-01,-0.0312436776214099,494276.0
"Administração Pública, Defesa e Seguridade Social",Janeiro/2021,6800.0,4582.0,496494.0,2218.0,2021-01-01,0.004467324882073097,496494.0
"Administração Pública, Defesa e Seguridade Social",Fevereiro/2021,10619.0,3990.0,503123.0,6629.0,2021-02-01,0.013175704549384545,503123.0
"Administração Pública, Defesa e Seguridade Social",Março/2021,7303.0,4051.0,506375.0,3252.0,2021-03-01,0.0064221179955566525,506375.0
"Administração Pública, Defesa e Seguridade Social",Abril/2021,5201.0,3545.0,508031.0,1656.0,2021-04-01,0.0032596436044257143,508031.0
"Administração Pública, Defesa e Seguridade Social",Maio/2021,5050.0,3977.0,509104.0,1073.0,2021-05-01,0.0021076243753732045,509104.0
"Administração Pública, Defesa e Seguridade Social",Junho/2021,4431.0,3750.0,509785.0,681.0,2021-06-01,0.001335857273164177,509785.0
"Administração Pública, Defesa e Seguridade Social",Julho/2021,4363.0,3670.0,510478.0,693.0,2021-07-01,0.0013575511579343282,510478.0
"Administração Pública, Defesa e Seguridade Social",Agosto/2021,5955.0,4809.0,511624.0,1146.0,2021-08-01,0.002239926195800041,511624.0
"Administração Pública, Defesa e Seguridade Social",Setembro/2021,5663.0,4719.0,512568.0,944.0,2021-09-01,0.001841706856456119,512568.0
"Administração Pública, Defesa e Seguridade Social",Outubro/2021,5043.0,4117.0,513494.0,926.0,2021-10-01,0.0018033316844987479,513494.0
"Administração Pública, Defesa e Seguridade Social",Novembro/2021,3736.0,3798.0,513432.0,-62.0,2021-11-01,-0.0001207560105330404,513432.0
"Administração Pública, Defesa e Seguridade Social",Dezembro/2021,2370.0,20153.0,495649.0,-17783.0,2021-12-01,-0.03587821220258691,495649.0
"Administração Pública, Defesa e Seguridade Social",Janeiro/2022,6084.0,4869.0,496864.0,1215.0,2022-01-01,0.0024453371546338636,496864.0
"Administração Pública, Defesa e Seguridade Social",Fevereiro/2022,20466.0,8753.0,508577.0,11713.0,2022-02-01,0.023030927470176592,508577.0
"Administração Pública, Defesa e Seguridade Social",Março/2022,11487.0,5892.0,514172.0,5595.0,2022-03-01,0.01088157270329773,514172.0
"Administração Pública, Defesa e Seguridade Social",Abril/2022,8561.0,5629.0,517104.0,2932.0,2022-04-01,0.00567003929577029,517104.0
"Administração Pública, Defesa e Seguridade Social",Maio/2022,7697.0,5936.0,518865.0,1761.0,2022-05-01,0.003393946402243358,518865.0
"Administração Pública, Defesa e Seguridade Social",Junho/2022,8324.0,5295.0,521894.0,3029.0,2022-06-01,0.00580386055405887,521894.0
"Administração Pública, Defesa e Seguridade Social",Julho/2022,9284.0,5185.0,525993.0,4099.0,2022-07-01,0.0077928793729194114,525993.0
"Administração Pública, Defesa e Seguridade Social",Agosto/2022,10202.0,5600.0,530595.0,4602.0,2022-08-01,0.008673281881661154,530595.0
"Administração Pública, Defesa e Seguridade Social",Setembro/2022,7858.0,4695.0,533758.0,3163.0,2022-09-01,0.0059259064969518025,533758.0
"Administração Pública, Defesa e Seguridade Social",Outubro/2022,6593.0,3938.0,536413.0,2655.0,2022-10-01,0.004949544474127212,536413.0
"Administração Pública, Defesa e Seguridade Social",Novembro/2022,5781.0,4006.0,538188.0,1775.0,2022-11-01,0.00329810400826477,538188.0
"Administração Pública, Defesa e Seguridade Social",Dezembro/2022,4390.0,27243.0,515335.0,-22853.0,2022-12-01,-0.044345910912319174,515335.0
"Administração Pública, Defesa e Seguridade Social",Janeiro/2023,16266.0,8022.0,523579.0,8244.0,2023-01-01,0.015745474894906023,523579.0
"Administração Pública, Defesa e Seguridade Social",Fevereiro/2023,26038.0,5957.0,543660.0,20081.0,2023-02-01,0.0369366883714086,543660.0
"Administração Pública, Defesa e Seguridade Social",Março/2023,14132.0,5767.0,552025.0,8365.0,2023-03-01,0.01515329921652099,552025.0
"Administração Pública, Defesa e Seguridade Social",Abril/2023,9386.0,4805.0,556606.0,4581.0,2023-04-01,0.008230238265487615,556606.0
"Administração Pública, Defesa e Seguridade Social",Maio/2023,8810.0,6094.0,559322.0,2716.0,2023-05-01,0.00485587908217449,559322.0
"Administração Pública, Defesa e Seguridade Social",Junho/2023,7077.0,5344.0,561055.0,1733.0,2023-06-01,0.0030888237338585344,561055.0
"Administração Pública, Defesa e Seguridade Social",Julho/2023,5772.0,5975.0,560852.0,-203.0,2023-07-01,-0.00036194931996319887,560852.0
"Administração Pública, Defesa e Seguridade Social",Agosto/2023,6966.0,5897.0,561921.0,1069.0,2023-08-01,0.001902402650906444,561921.0
"Administração Pública, Defesa e Seguridade Social",Setembro/2023,5948.0,5152.0,562717.0,796.0,2023-09-01,0.0014145654032133382,562717.0
"Administração Pública, Defesa e Seguridade Social",Outubro/2023,5169.0,4340.0,563546.0,829.0,2023-10-01,0.0014710422929095407,563546.0
"Administração Pública, Defesa e Seguridade Social",Novembro/2023,4156.0,4500.0,563202.0,-344.0,2023-11-01,-0.0006107932855352077,563202.0
"Administração Pública, Defesa e Seguridade Social",Dezembro/2023,4125.0,27639.0,539688.0,-23514.0,2023-12-01,-0.04356961800151198,539688.0
"Administração Pública, Defesa e Seguridade Social",Janeiro/2024,10400.0,6704.0,543384.0,3696.0,2024-01-01,0.006801819707610088,543384.0
"Administração Pública, Defesa e Seguridade Social",Fevereiro/2024,25965.0,7611.0,561738.0,18354.0,2024-02-01,0.0326735951635816,561738.0
"Administração Pública, Defesa e Seguridade Social",Março/2024,14349.0,6951.0,569136.0,7398.0,2024-03-01,0.01299865058615164,569136.0
"Administração Pública, Defesa e Seguridade Social",Abril/2024,11622.0,7342.0,573416.0,4280.0,2024-04-01,0.007464040068641265,573416.0
"Administração Pública, Defesa e Seguridade Social",Maio/2024,8718.0,6355.0,575779.0,2363.0,2024-05-01,0.004104005182543997,575779.0
"Administração Pública, Defesa e Seguridade Social",Junho/2024,8444.0,5476.0,578747.0,2968.0,2024-06-01,0.00512832031958697,578747.0
"Administração Pública, Defesa e Seguridade Social",Julho/2024,8658.0,6016.0,581389.0,2642.0,2024-07-01,0.00454428962364269,581389.0
"Administração Pública, Defesa e Seguridade Social",Agosto/2024,5092.0,6121.0,580360.0,-1029.0,2024-08-01,-0.0017730374250465228,580360.0
"Administração Pública, Defesa e Seguridade Social",Setembro/2024,5058.0,4189.0,581229.0,869.0,2024-09-01,0.0014951077802380817,581229.0
"Administração Pública, Defesa e Seguridade Social",Outubro/2024,3377.0,5267.0,579339.0,-1890.0,2024-10-01,-0.0032623386307498716,579339.0
"Administração Pública, Defesa e Seguridade Social",Novembro/2024,3724.0,7790.0,575273.0,-4066.0,2024-11-01,-0.007067948608747499,575273.0
"Administração Pública, Defesa e Seguridade Social",Dezembro/2024,1972.0,29712.0,547533.0,-27740.0,2024-12-01,-0.05066361296944659,547533.0
"Administração Pública, Defesa e Seguridade Social",Janeiro/2025,9673.0,8066.0,549140.0,1607.0,2025-01-01,0.002926393997887606,549140.0
"Administração Pública, Defesa e Seguridade Social",Fevereiro/2025,24742.0,8134.0,565748.0,16608.0,2025-02-01,0.02935582626893953,565748.0
"Administração Pública, Defesa e Seguridade Social",Março/2025,11689.0,6677.0,570760.0,5012.0,2025-03-01,0.008781274090686103,570760.0
"Administração Pública, Defesa e Seguridade Social",Abril/2025,9138.0,5692.0,574206.0,3446.0,2025-04-01,0.0060013305329446225,574206.0
"Administração Pública, Defesa e Seguridade Social",Maio/2025,8749.0,6438.0,576517.0,2311.0,2025-05-01,0.00400855482145366,576517.0
"Administração Pública, Defesa e Seguridade Social",Junho/2025,6896.0,6079.0,577334.0,817.0,2025-06-01,0.0014151253866912393,577334.0
"Administração Pública, Defesa e Seguridade Social",Julho/2025,7292.0,7518.0,577108.0,-226.0,2025-07-01,-0.00039160780997664216,577108.0
"Administração Pública, Defesa e Seguridade Social",Agosto/2025,8209.0,6177.0,579140.0,2032.0,2025-08-01,0.003508650758020513,579140.0
"Administração Pública, Defesa e Seguridade Social",Setembro/2025,7852.0,5320.0,581672.0,2532.0,2025-09-01,0.0043529686833817,581672.0
"Administração Pública, Defesa e Seguridade Social",Outubro/2025,5587.0,4838.0,582421.0,749.0,2025-10-01,0.00128601132170715,582421.0
"Administração Pública, Defesa e Seguridade Social",Novembro/2025,4332.0,3905.0,582848.0,427.0,2025-11-01,0.0007326095311299001,582848.0
"Administração Pública, Defesa e Seguridade Social",Dezembro/2025,2787.0,27273.0,,-24486.0,2025-12-01,-0.04201095311299001,582848.0
"Administração Pública, Defesa e Seguridade Social",Janeiro/2026,8451.0,7942.0,558871.0,509.0,2026-01-01,0.0009107647381953975,558871.0
"Administração Pública, Defesa e Seguridade Social",Fevereiro/2026,22447.0,6786.0,574532.0,15661.0,2026-02-01,0.02725870795708507,574532.0
"Administração Pública, Defesa e Seguridade Social",Março/2026,12730.0,6757.0,580505.0,5973.0,2026-03-01,0.010289317060145908,580505.0
"Administração Pública, Defesa e Seguridade Social",Abril/2026,7640.0,5487.0,582658.0,2153.0,2026-04-01,0.003695135053496219,582658.0
"Administração Pública, Defesa e Seguridade Social",Maio/2026,7159.0,5764.0,584053.0,1395.0,2026-05-01,0.002388481867227803,584053.0
"Administração Pública, Defesa e Seguridade Social",Junho/2026,6778.0,5642.0,585189.0,1136.0,2026-06-01,0.0019412531677799822,585189.0
"Administração pública, defesa e seguridade social, educação, saúde humana e serviços sociais",Janeiro/2020,109618.0,97563.0,4776487.0,12055.0,2020-01-01,0.0025238213775102916,4776487.0
"Administração pública, defesa e seguridade social, educação, saúde humana e serviços sociais",Fevereiro/2020,168044.0,97591.0,4846940.0,70453.0,2020-02-01,0.014535562643647332,4846940.0
"Administração pública, defesa e seguridade social, educação, saúde humana e serviços sociais",Março/2020,120781.0,97531.0,4870190.0,23250.0,2020-03-01,0.0047739410577410735,4870190.0
"Administração pública, defesa e seguridade social, educação, saúde humana e serviços sociais",Abril/2020,69869.0,90665.0,4849394.0,-20796.0,2020-04-01,-0.004288370876855954,4849394.0
"Administração pública, defesa e seguridade social, educação, saúde humana e serviços sociais",Maio/2020,65566.0,76746.0,4838214.0,-11180.0,2020-05-01,-0.0023107700486171136,4838214.0
"Administração pública, defesa e seguridade social, educação, saúde humana e serviços sociais",Junho/2020,69728.0,76856.0,4831086.0,-7128.0,2020-06-01,-0.0014754446515752358,4831086.0
"Administração pública, defesa e seguridade social, educação, saúde humana e serviços sociais",Julho/2020,77647.0,84483.0,4824250.0,-6836.0,2020-07-01,-0.001417007825050526,4824250.0
"Administração pública, defesa e seguridade social, educação, saúde humana e serviços sociais",Agosto/2020,87558.0,88123.0,4823685.0,-565.0,2020-08-01,-0.00011713036817288028,4823685.0
"Administração pública, defesa e seguridade social, educação, saúde humana e serviços sociais",Setembro/2020,82083.0,85575.0,4820193.0,-3492.0,2020-09-01,-0.0007244523196477818,4820193.0
"Administração pública, defesa e seguridade social, educação, saúde humana e serviços sociais",Outubro/2020,86422.0,81998.0,4824617.0,4424.0,2020-10-01,0.0009169639786950965,4824617.0
"Administração pública, defesa e seguridade social, educação, saúde humana e serviços sociais",Novembro/2020,84824.0,72194.0,4837247.0,12630.0,2020-11-01,0.002610989267242297,4837247.0
"Administração pública, defesa e seguridade social, educação, saúde humana e serviços sociais",Dezembro/2020,80036.0,132087.0,4785196.0,-52051.0,2020-12-01,-0.010877506375914383,4785196.0
"Administração pública, defesa e seguridade social, educação, saúde humana e serviços sociais",Janeiro/2021,115481.0,96883.0,4803794.0,18598.0,2021-01-01,0.0038715232168573424,4803794.0
"Administração pública, defesa e seguridade social, educação, saúde humana e serviços sociais",Fevereiro/2021,162056.0,101954.0,4863896.0,60102.0,2021-02-01,0.012356760917585408,4863896.0
"Administração pública, defesa e seguridade social, educação, saúde humana e serviços sociais",Março/2021,162360.0,106705.0,4919551.0,55655.0,2021-03-01,0.011313024298355684,4919551.0
"Administração pública, defesa e seguridade social, educação, saúde humana e serviços sociais",Abril/2021,128756.0,91926.0,4956381.0,36830.0,2021-04-01,0.007430825031409006,4956381.0
"Administração pública, defesa e seguridade social, educação, saúde humana e serviços sociais",Maio/2021,120118.0,92772.0,4983727.0,27346.0,2021-05-01,0.005487058179551167,4983727.0
"Administração pública, defesa e seguridade social, educação, saúde humana e serviços sociais",Junho/2021,120821.0,100620.0,5003928.0,20201.0,2021-06-01,0.004037028510402228,5003928.0
"Administração pública, defesa e seguridade social, educação, saúde humana e serviços sociais",Julho/2021,117064.0,110614.0,5010378.0,6450.0,2021-07-01,0.0012873280219576246,5010378.0
"Administração pública, defesa e seguridade social, educação, saúde humana e serviços sociais",Agosto/2021,152067.0,117183.0,5045262.0,34884.0,2021-08-01,0.006914209807141829,5045262.0
"Administração pública, defesa e seguridade social, educação, saúde humana e serviços sociais",Setembro/2021,132171.0,112899.0,5064534.0,19272.0,2021-09-01,0.0038052859354878454,5064534.0
"Administração pública, defesa e seguridade social, educação, saúde humana e serviços sociais",Outubro/2021,119350.0,105012.0,5078872.0,14338.0,2021-10-01,0.0028230677993066177,5078872.0
"Administração pública, defesa e seguridade social, educação, saúde humana e serviços sociais",Novembro/2021,108258.0,98275.0,5088855.0,9983.0,2021-11-01,0.0019617379548051575,5088855.0
"Administração pública, defesa e seguridade social, educação, saúde humana e serviços sociais",Dezembro/2021,88102.0,172485.0,5004472.0,-84383.0,2021-12-01,-0.0168615190573551,5004472.0
"Administração pública, defesa e seguridade social, educação, saúde humana e serviços sociais",Janeiro/2022,154184.0,124615.0,5034041.0,29569.0,2022-01-01,0.005873809927253274,5034041.0
"Administração pública, defesa e seguridade social, educação, saúde humana e serviços sociais",Fevereiro/2022,241724.0,140113.0,5135652.0,101611.0,2022-02-01,0.019785413809191122,5135652.0
"Administração pública, defesa e seguridade social, educação, saúde humana e serviços sociais",Março/2022,180703.0,142844.0,5173511.0,37859.0,2022-03-01,0.00731785435461527,5173511.0
"Administração pública, defesa e seguridade social, educação, saúde humana e serviços sociais",Abril/2022,158679.0,128264.0,5203926.0,30415.0,2022-04-01,0.005844625769082804,5203926.0
"Administração pública, defesa e seguridade social, educação, saúde humana e serviços sociais",Maio/2022,153227.0,128442.0,5228711.0,24785.0,2022-05-01,0.004740174012294808,5228711.0
"Administração pública, defesa e seguridade social, educação, saúde humana e serviços sociais",Junho/2022,142521.0,127937.0,5243295.0,14584.0,2022-06-01,0.0027814570799468653,5243295.0
"Administração pública, defesa e seguridade social, educação, saúde humana e serviços sociais",Julho/2022,143874.0,133569.0,5253600.0,10305.0,2022-07-01,0.0019615121059844676,5253600.0
"Administração pública, defesa e seguridade social, educação, saúde humana e serviços sociais",Agosto/2022,180969.0,142908.0,5291661.0,38061.0,2022-08-01,0.007192637623611943,5291661.0
"Administração pública, defesa e seguridade social, educação, saúde humana e serviços sociais",Setembro/2022,143801.0,122242.0,5313220.0,21559.0,2022-09-01,0.004057614779738088,5313220.0
"Administração pública, defesa e seguridade social, educação, saúde humana e serviços sociais",Outubro/2022,123677.0,110141.0,5326756.0,13536.0,2022-10-01,0.0025411338533246125,5326756.0
"Administração pública, defesa e seguridade social, educação, saúde humana e serviços sociais",Novembro/2022,108851.0,103642.0,5331965.0,5209.0,2022-11-01,0.0009769381456930044,5331965.0
"Administração pública, defesa e seguridade social, educação, saúde humana e serviços sociais",Dezembro/2022,83063.0,192914.0,5222114.0,-109851.0,2022-12-01,-0.02103573380435586,5222114.0
"Administração pública, defesa e seguridade social, educação, saúde humana e serviços sociais",Janeiro/2023,159067.0,139604.0,5241577.0,19463.0,2023-01-01,0.0037131954753311836,5241577.0
"Administração pública, defesa e seguridade social, educação, saúde humana e serviços sociais",Fevereiro/2023,227478.0,137097.0,5331958.0,90381.0,2023-02-01,0.01695080868979088,5331958.0
"Administração pública, defesa e seguridade social, educação, saúde humana e serviços sociais",Março/2023,194440.0,149527.0,5376871.0,44913.0,2023-03-01,0.00835299935594512,5376871.0
"Administração pública, defesa e seguridade social, educação, saúde humana e serviços sociais",Abril/2023,159529.0,121391.0,5415009.0,38138.0,2023-04-01,0.007043016918346766,5415009.0
"Administração pública, defesa e seguridade social, educação, saúde humana e serviços sociais",Maio/2023,157428.0,131312.0,5441125.0,26116.0,2023-05-01,0.004799742700268787,5441125.0
"Administração pública, defesa e seguridade social, educação, saúde humana e serviços sociais",Junho/2023,140639.0,134511.0,5447253.0,6128.0,2023-06-01,0.0011249706962390034,5447253.0
"Administração pública, defesa e seguridade social, educação, saúde humana e serviços sociais",Julho/2023,140238.0,135490.0,5452001.0,4748.0,2023-07-01,0.0008708729143666701,5452001.0
"Administração pública, defesa e seguridade social, educação, saúde humana e serviços sociais",Agosto/2023,179234.0,143122.0,5488113.0,36112.0,2023-08-01,0.006580039441607707,5488113.0
"Administração pública, defesa e seguridade social, educação, saúde humana e serviços sociais",Setembro/2023,142403.0,122020.0,5508496.0,20383.0,2023-09-01,0.0037002840702798005,5508496.0
"Administração pública, defesa e seguridade social, educação, saúde humana e serviços sociais",Outubro/2023,130697.0,118249.0,5520944.0,12448.0,2023-10-01,0.0022546868796350767,5520944.0
"Administração pública, defesa e seguridade social, educação, saúde humana e serviços sociais",Novembro/2023,115590.0,114429.0,5522105.0,1161.0,2023-11-01,0.00021024591165868812,5522105.0
"Administração pública, defesa e seguridade social, educação, saúde humana e serviços sociais",Dezembro/2023,94165.0,203021.0,5413249.0,-108856.0,2023-12-01,-0.020109180272328133,5413249.0
"Administração pública, defesa e seguridade social, educação, saúde humana e serviços sociais",Janeiro/2024,171370.0,143862.0,5440757.0,27508.0,2024-01-01,0.005055914094307098,5440757.0
"Administração pública, defesa e seguridade social, educação, saúde humana e serviços sociais",Fevereiro/2024,246156.0,152364.0,5534549.0,93792.0,2024-02-01,0.016946638289768508,5534549.0
"Administração pública, defesa e seguridade social, educação, saúde humana e serviços sociais",Março/2024,207566.0,150776.0,5591339.0,56790.0,2024-03-01,0.010156779977032335,5591339.0
"Administração pública, defesa e seguridade social, educação, saúde humana e serviços sociais",Abril/2024,190774.0,150647.0,5631466.0,40127.0,2024-04-01,0.007125498049708548,5631466.0
"Administração pública, defesa e seguridade social, educação, saúde humana e serviços sociais",Maio/2024,170462.0,146224.0,5655704.0,24238.0,2024-05-01,0.004285584959891819,5655704.0
"Administração pública, defesa e seguridade social, educação, saúde humana e serviços sociais",Junho/2024,160351.0,146822.0,5669233.0,13529.0,2024-06-01,0.00238638983439206,5669233.0
"Administração pública, defesa e seguridade social, educação, saúde humana e serviços sociais",Julho/2024,165130.0,154028.0,5680335.0,11102.0,2024-07-01,0.0019544621928108113,5680335.0
"Administração pública, defesa e seguridade social, educação, saúde humana e serviços sociais",Agosto/2024,188537.0,149539.0,5719333.0,38998.0,2024-08-01,0.006818627276991915,5719333.0
"Administração pública, defesa e seguridade social, educação, saúde humana e serviços sociais",Setembro/2024,165040.0,133994.0,5750379.0,31046.0,2024-09-01,0.005398948486699746,5750379.0
"Administração pública, defesa e seguridade social, educação, saúde humana e serviços sociais",Outubro/2024,150744.0,140046.0,5761077.0,10698.0,2024-10-01,0.0018569444567395992,5761077.0
"Administração pública, defesa e seguridade social, educação, saúde humana e serviços sociais",Novembro/2024,124241.0,126144.0,5759174.0,-1903.0,2024-11-01,-0.000330429328928072,5759174.0
"Administração pública, defesa e seguridade social, educação, saúde humana e serviços sociais",Dezembro/2024,96271.0,229574.0,5625871.0,-133303.0,2024-12-01,-0.02369464212741458,5625871.0
"Administração pública, defesa e seguridade social, educação, saúde humana e serviços sociais",Janeiro/2025,189851.0,167754.0,5647968.0,22097.0,2025-01-01,0.003912380523402399,5647968.0
"Administração pública, defesa e seguridade social, educação, saúde humana e serviços sociais",Fevereiro/2025,272247.0,173836.0,5746379.0,98411.0,2025-02-01,0.01712574127115528,5746379.0
"Administração pública, defesa e seguridade social, educação, saúde humana e serviços sociais",Março/2025,188905.0,156377.0,5778907.0,32528.0,2025-03-01,0.005628746058727022,5778907.0
"Administração pública, defesa e seguridade social, educação, saúde humana e serviços sociais",Abril/2025,181621.0,144060.0,5816468.0,37561.0,2025-04-01,0.0064576990709825964,5816468.0
"Administração pública, defesa e seguridade social, educação, saúde humana e serviços sociais",Maio/2025,171923.0,148327.0,5840064.0,23596.0,2025-05-01,0.0040403666809130856,5840064.0
"Administração pública, defesa e seguridade social, educação, saúde humana e serviços sociais",Junho/2025,160721.0,147900.0,5852885.0,12821.0,2025-06-01,0.0021905436378811473,5852885.0
"Administração pública, defesa e seguridade social, educação, saúde humana e serviços sociais",Julho/2025,166753.0,162757.0,5856881.0,3996.0,2025-07-01,0.000682274405097184,5856881.0
"Administração pública, defesa e seguridade social, educação, saúde humana e serviços sociais",Agosto/2025,196357.0,157322.0,5895916.0,39035.0,2025-08-01,0.006620684555207367,5895916.0
"Administração pública, defesa e seguridade social, educação, saúde humana e serviços sociais",Setembro/2025,179909.0,162924.0,5912901.0,16985.0,2025-09-01,0.002872532450653241,5912901.0
"Administração pública, defesa e seguridade social, educação, saúde humana e serviços sociais",Outubro/2025,161501.0,148759.0,5925643.0,12742.0,2025-10-01,0.0021503151641096164,5925643.0
"Administração pública, defesa e seguridade social, educação, saúde humana e serviços sociais",Novembro/2025,132077.0,127252.0,5930468.0,4825.0,2025-11-01,0.0008135951496576661,5930468.0
"Administração pública, defesa e seguridade social, educação, saúde humana e serviços sociais",Dezembro/2025,100347.0,223239.0,,-122892.0,2025-12-01,-0.02072214199621345,5930468.0
"Administração pública, defesa e seguridade social, educação, saúde humana e serviços sociais",Janeiro/2026,175726.0,167595.0,5815707.0,8131.0,2026-01-01,0.0013981103243337397,5815707.0
"Administração pública, defesa e seguridade social, educação, saúde humana e serviços sociais",Fevereiro/2026,254305.0,174517.0,5895495.0,79788.0,2026-02-01,0.013533723631349021,5895495.0
"Administração pública, defesa e seguridade social, educação, saúde humana e serviços sociais",Março/2026,224463.0,174281.0,5945677.0,50182.0,2026-03-01,0.008440081760243618,5945677.0
"Administração pública, defesa e seguridade social, educação, saúde humana e serviços sociais",Abril/2026,190700.0,161665.0,5974712.0,29035.0,2026-04-01,0.00485964846506409,5974712.0
"Administração pública, defesa e seguridade social, educação, saúde humana e serviços sociais",Maio/2026,177919.0,157072.0,5995559.0,20847.0,2026-05-01,0.003477073613986619,5995559.0
"Administração pública, defesa e seguridade social, educação, saúde humana e serviços sociais",Junho/2026,175863.0,161933.0,6009489.0,13930.0,2026-06-01,0.0023180007484829407,6009489.0
"Agricultura, pecuária, produção florestal, pesca e aquicultura",Janeiro/2020,69520.0,53425.0,1473456.0,16095.0,2020-01-01,0.010923298693683421,1473456.0
"Agricultura, pecuária, produção florestal, pesca e aquicultura",Fevereiro/2020,70254.0,65312.0,1478398.0,4942.0,2020-02-01,0.0033428075524993945,1478398.0
"Agricultura, pecuária, produção florestal, pesca e aquicultura",Março/2020,68635.0,73084.0,1473949.0,-4449.0,2020-03-01,-0.003018421939972143,1473949.0
"Agricultura, pecuária, produção florestal, pesca e aquicultura",Abril/2020,52759.0,58200.0,1468508.0,-5441.0,2020-04-01,-0.0037051211161260272,1468508.0
"Agricultura, pecuária, produção florestal, pesca e aquicultura",Maio/2020,69794.0,54014.0,1484288.0,15780.0,2020-05-01,0.010631359951707485,1484288.0
"Agricultura, pecuária, produção florestal, pesca e aquicultura",Junho/2020,84013.0,47184.0,1521117.0,36829.0,2020-06-01,0.024211812766539328,1521117.0
"Agricultura, pecuária, produção florestal, pesca e aquicultura",Julho/2020,73886.0,50921.0,1544082.0,22965.0,2020-07-01,0.014872914780432645,1544082.0
"Agricultura, pecuária, produção florestal, pesca e aquicultura",Agosto/2020,66190.0,55506.0,1554766.0,10684.0,2020-08-01,0.006871773630244037,1554766.0
"Agricultura, pecuária, produção florestal, pesca e aquicultura",Setembro/2020,68302.0,60382.0,1562686.0,7920.0,2020-09-01,0.0050681966818669905,1562686.0
"Agricultura, pecuária, produção florestal, pesca e aquicultura",Outubro/2020,65023.0,65320.0,1562389.0,-297.0,2020-10-01,-0.0001900935042425414,1562389.0
"Agricultura, pecuária, produção florestal, pesca e aquicultura",Novembro/2020,55550.0,71871.0,1546068.0,-16321.0,2020-11-01,-0.010556456766455292,1546068.0
"Agricultura, pecuária, produção florestal, pesca e aquicultura",Dezembro/2020,45905.0,69673.0,1522300.0,-23768.0,2020-12-01,-0.015613216842935032,1522300.0
"Agricultura, pecuária, produção florestal, pesca e aquicultura",Janeiro/2021,88199.0,55316.0,1555183.0,32883.0,2021-01-01,0.02114413544901147,1555183.0
"Agricultura, pecuária, produção florestal, pesca e aquicultura",Fevereiro/2021,87523.0,64648.0,1578058.0,22875.0,2021-02-01,0.014495664924863344,1578058.0
"Agricultura, pecuária, produção florestal, pesca e aquicultura",Março/2021,89350.0,85940.0,1581468.0,3410.0,2021-03-01,0.002156224469922882,1581468.0
"Agricultura, pecuária, produção florestal, pesca e aquicultura",Abril/2021,85399.0,74273.0,1592594.0,11126.0,2021-04-01,0.0069860868495046444,1592594.0
"Agricultura, pecuária, produção florestal, pesca e aquicultura",Maio/2021,105783.0,63503.0,1634874.0,42280.0,2021-05-01,0.02586132019959948,1634874.0
"Agricultura, pecuária, produção florestal, pesca e aquicultura",Junho/2021,104436.0,66055.0,1673255.0,38381.0,2021-06-01,0.022937926377031594,1673255.0
"Agricultura, pecuária, produção florestal, pesca e aquicultura",Julho/2021,93045.0,67525.0,1698775.0,25520.0,2021-07-01,0.015022589807361186,1698775.0
"Agricultura, pecuária, produção florestal, pesca e aquicultura",Agosto/2021,84941.0,75831.0,1707885.0,9110.0,2021-08-01,0.005334082798314875,1707885.0
"Agricultura, pecuária, produção florestal, pesca e aquicultura",Setembro/2021,90004.0,81118.0,1716771.0,8886.0,2021-09-01,0.0051759960996545255,1716771.0
"Agricultura, pecuária, produção florestal, pesca e aquicultura",Outubro/2021,83540.0,89384.0,1710927.0,-5844.0,2021-10-01,-0.0034156921949329224,1710927.0
"Agricultura, pecuária, produção florestal, pesca e aquicultura",Novembro/2021,73989.0,90786.0,1694130.0,-16797.0,2021-11-01,-0.009914823537745037,1694130.0
"Agricultura, pecuária, produção florestal, pesca e aquicultura",Dezembro/2021,63456.0,89529.0,1668057.0,-26073.0,2021-12-01,-0.01563076081932452,1668057.0
"Agricultura, pecuária, produção florestal, pesca e aquicultura",Janeiro/2022,106242.0,81228.0,1693071.0,25014.0,2022-01-01,0.01477433610285688,1693071.0
"Agricultura, pecuária, produção florestal, pesca e aquicultura",Fevereiro/2022,104570.0,87155.0,1710486.0,17415.0,2022-02-01,0.010181316888884212,1710486.0
"Agricultura, pecuária, produção florestal, pesca e aquicultura",Março/2022,98510.0,114505.0,1694491.0,-15995.0,2022-03-01,-0.009439412779412815,1694491.0
"Agricultura, pecuária, produção florestal, pesca e aquicultura",Abril/2022,95820.0,96841.0,1693470.0,-1021.0,2022-04-01,-0.0006029040963229346,1693470.0
"Agricultura, pecuária, produção florestal, pesca e aquicultura",Maio/2022,121088.0,94341.0,1720217.0,26747.0,2022-05-01,0.015548619738091183,1720217.0
"Agricultura, pecuária, produção florestal, pesca e aquicultura",Junho/2022,123008.0,88548.0,1754677.0,34460.0,2022-06-01,0.01963894209589571,1754677.0
"Agricultura, pecuária, produção florestal, pesca e aquicultura",Julho/2022,103950.0,88080.0,1770547.0,15870.0,2022-07-01,0.008963331670946888,1770547.0
"Agricultura, pecuária, produção florestal, pesca e aquicultura",Agosto/2022,103696.0,95972.0,1778271.0,7724.0,2022-08-01,0.004343544937751333,1778271.0
"Agricultura, pecuária, produção florestal, pesca e aquicultura",Setembro/2022,99961.0,90487.0,1787745.0,9474.0,2022-09-01,0.005299413506959885,1787745.0
"Agricultura, pecuária, produção florestal, pesca e aquicultura",Outubro/2022,91032.0,92467.0,1786310.0,-1435.0,2022-10-01,-0.0008033320084419838,1786310.0
"Agricultura, pecuária, produção florestal, pesca e aquicultura",Novembro/2022,80060.0,98271.0,1768099.0,-18211.0,2022-11-01,-0.010299762626414018,1768099.0
"Agricultura, pecuária, produção florestal, pesca e aquicultura",Dezembro/2022,63391.0,100312.0,1731178.0,-36921.0,2022-12-01,-0.02132709634711162,1731178.0
"Agricultura, pecuária, produção florestal, pesca e aquicultura",Janeiro/2023,111632.0,88485.0,1754325.0,23147.0,2023-01-01,0.01319424850013538,1754325.0
"Agricultura, pecuária, produção florestal, pesca e aquicultura",Fevereiro/2023,104811.0,88527.0,1770609.0,16284.0,2023-02-01,0.009196835665016952,1770609.0
"Agricultura, pecuária, produção florestal, pesca e aquicultura",Março/2023,117601.0,117933.0,1770277.0,-332.0,2023-03-01,-0.00018754127178966908,1770277.0
"Agricultura, pecuária, produção florestal, pesca e aquicultura",Abril/2023,103483.0,100581.0,1773179.0,2902.0,2023-04-01,0.0016366085995830088,1773179.0
"Agricultura, pecuária, produção florestal, pesca e aquicultura",Maio/2023,128396.0,108837.0,1792738.0,19559.0,2023-05-01,0.010910127414044886,1792738.0
"Agricultura, pecuária, produção florestal, pesca e aquicultura",Junho/2023,125832.0,98673.0,1819897.0,27159.0,2023-06-01,0.014923372036988906,1819897.0
"Agricultura, pecuária, produção florestal, pesca e aquicultura",Julho/2023,104362.0,91384.0,1832875.0,12978.0,2023-07-01,0.007080679260724272,1832875.0
"Agricultura, pecuária, produção florestal, pesca e aquicultura",Agosto/2023,105218.0,100092.0,1838001.0,5126.0,2023-08-01,0.002788899461969825,1838001.0
"Agricultura, pecuária, produção florestal, pesca e aquicultura",Setembro/2023,97457.0,91515.0,1843943.0,5942.0,2023-09-01,0.0032224423423066763,1843943.0
"Agricultura, pecuária, produção florestal, pesca e aquicultura",Outubro/2023,94611.0,96267.0,1842287.0,-1656.0,2023-10-01,-0.0008988827473678097,1842287.0
"Agricultura, pecuária, produção florestal, pesca e aquicultura",Novembro/2023,81983.0,103000.0,1821270.0,-21017.0,2023-11-01,-0.011539749735074975,1821270.0
"Agricultura, pecuária, produção florestal, pesca e aquicultura",Dezembro/2023,62078.0,115738.0,1767610.0,-53660.0,2023-12-01,-0.03035737521285804,1767610.0
"Agricultura, pecuária, produção florestal, pesca e aquicultura",Janeiro/2024,113538.0,91638.0,1789510.0,21900.0,2024-01-01,0.012237986934971025,1789510.0
"Agricultura, pecuária, produção florestal, pesca e aquicultura",Fevereiro/2024,113369.0,109610.0,1793269.0,3759.0,2024-02-01,0.0020961718515180934,1793269.0
"Agricultura, pecuária, produção florestal, pesca e aquicultura",Março/2024,108429.0,114886.0,1786812.0,-6457.0,2024-03-01,-0.0036136985872044737,1786812.0
"Agricultura, pecuária, produção florestal, pesca e aquicultura",Abril/2024,111381.0,104805.0,1793388.0,6576.0,2024-04-01,0.003666802721998809,1793388.0
"Agricultura, pecuária, produção florestal, pesca e aquicultura",Maio/2024,128126.0,108290.0,1813224.0,19836.0,2024-05-01,0.010939630183584598,1813224.0
"Agricultura, pecuária, produção florestal, pesca e aquicultura",Junho/2024,116667.0,89538.0,1840353.0,27129.0,2024-06-01,0.01474119367317031,1840353.0
"Agricultura, pecuária, produção florestal, pesca e aquicultura",Julho/2024,103565.0,96877.0,1847041.0,6688.0,2024-07-01,0.0036209266605343356,1847041.0
"Agricultura, pecuária, produção florestal, pesca e aquicultura",Agosto/2024,97221.0,95820.0,1848442.0,1401.0,2024-08-01,0.0007579356019826427,1848442.0
"Agricultura, pecuária, produção florestal, pesca e aquicultura",Setembro/2024,91557.0,93561.0,1846438.0,-2004.0,2024-09-01,-0.0010853329491702403,1846438.0
"Agricultura, pecuária, produção florestal, pesca e aquicultura",Outubro/2024,95070.0,100827.0,1840681.0,-5757.0,2024-10-01,-0.0031276467785564146,1840681.0
"Agricultura, pecuária, produção florestal, pesca e aquicultura",Novembro/2024,81144.0,100031.0,1821794.0,-18887.0,2024-11-01,-0.010367253377714495,1821794.0
"Agricultura, pecuária, produção florestal, pesca e aquicultura",Dezembro/2024,63185.0,109857.0,1775122.0,-46672.0,2024-12-01,-0.02629227737586487,1775122.0
"Agricultura, pecuária, produção florestal, pesca e aquicultura",Janeiro/2025,128372.0,92618.0,1810876.0,35754.0,2025-01-01,0.019744035483379316,1810876.0
"Agricultura, pecuária, produção florestal, pesca e aquicultura",Fevereiro/2025,120205.0,100363.0,1830718.0,19842.0,2025-02-01,0.010838370519107804,1830718.0
"Agricultura, pecuária, produção florestal, pesca e aquicultura",Março/2025,105093.0,110737.0,1825074.0,-5644.0,2025-03-01,-0.0030924773461240476,1825074.0
"Agricultura, pecuária, produção florestal, pesca e aquicultura",Abril/2025,106109.0,102084.0,1829099.0,4025.0,2025-04-01,0.0022005369856962363,1829099.0
"Agricultura, pecuária, produção florestal, pesca e aquicultura",Maio/2025,121825.0,104477.0,1846447.0,17348.0,2025-05-01,0.009395341431408537,1846447.0
"Agricultura, pecuária, produção florestal, pesca e aquicultura",Junho/2025,115261.0,89428.0,1872280.0,25833.0,2025-06-01,0.013797615741235286,1872280.0
"Agricultura, pecuária, produção florestal, pesca e aquicultura",Julho/2025,109024.0,100229.0,1881075.0,8795.0,2025-07-01,0.004675517988384301,1881075.0
"Agricultura, pecuária, produção florestal, pesca e aquicultura",Agosto/2025,96454.0,99119.0,1878410.0,-2665.0,2025-08-01,-0.001418753094372368,1878410.0
"Agricultura, pecuária, produção florestal, pesca e aquicultura",Setembro/2025,96665.0,93498.0,1881577.0,3167.0,2025-09-01,0.001683162581175259,1881577.0
"Agricultura, pecuária, produção florestal, pesca e aquicultura",Outubro/2025,94411.0,104328.0,1871660.0,-9917.0,2025-10-01,-0.005298505070365344,1871660.0
"Agricultura, pecuária, produção florestal, pesca e aquicultura",Novembro/2025,77356.0,93922.0,1855094.0,-16566.0,2025-11-01,-0.00893000570321504,1855094.0
"Agricultura, pecuária, produção florestal, pesca e aquicultura",Dezembro/2025,63201.0,107037.0,,-43836.0,2025-12-01,-0.023630069419662832,1855094.0
"Agricultura, pecuária, produção florestal, pesca e aquicultura",Janeiro/2026,113385.0,90312.0,1834331.0,23073.0,2026-01-01,0.012578427775575945,1834331.0
"Agricultura, pecuária, produção florestal, pesca e aquicultura",Fevereiro/2026,111197.0,103074.0,1842454.0,8123.0,2026-02-01,0.004408793923756034,1842454.0
"Agricultura, pecuária, produção florestal, pesca e aquicultura",Março/2026,109101.0,127197.0,1824358.0,-18096.0,2026-03-01,-0.0099191057895435,1824358.0
"Agricultura, pecuária, produção florestal, pesca e aquicultura",Abril/2026,97242.0,105620.0,1815980.0,-8378.0,2026-04-01,-0.00461348693267547,1815980.0
"Agricultura, pecuária, produção florestal, pesca e aquicultura",Maio/2026,115263.0,105058.0,1826185.0,10205.0,2026-05-01,0.0055881523503916635,1826185.0
"Agricultura, pecuária, produção florestal, pesca e aquicultura",Junho/2026,114801.0,91903.0,1849083.0,22898.0,2026-06-01,0.012383435465038617,1849083.0
Alojamento e alimentação,Janeiro/2020,93304.0,90524.0,1866383.0,2780.0,2020-01-01,0.0014895120669230271,1866383.0
Alojamento e alimentação,Fevereiro/2020,98571.0,86881.0,1878073.0,11690.0,2020-02-01,0.006224465183195755,1878073.0
Alojamento e alimentação,Março/2020,71103.0,152477.0,1796699.0,-81374.0,2020-03-01,-0.04529083613894147,1796699.0
Alojamento e alimentação,Abril/2020,12308.0,148710.0,1660297.0,-136402.0,2020-04-01,-0.08215518066948263,1660297.0
Alojamento e alimentação,Maio/2020,14057.0,72064.0,1602290.0,-58007.0,2020-05-01,-0.03620256008587709,1602290.0
Alojamento e alimentação,Junho/2020,17676.0,55780.0,1564186.0,-38104.0,2020-06-01,-0.02436027428963052,1564186.0
Alojamento e alimentação,Julho/2020,26227.0,53078.0,1537335.0,-26851.0,2020-07-01,-0.017465939434150656,1537335.0
Alojamento e alimentação,Agosto/2020,38785.0,54722.0,1521398.0,-15937.0,2020-08-01,-0.010475233962447697,1521398.0
Alojamento e alimentação,Setembro/2020,55397.0,51058.0,1525737.0,4339.0,2020-09-01,0.0028438715191412413,1525737.0
Alojamento e alimentação,Outubro/2020,81084.0,55159.0,1551662.0,25925.0,2020-10-01,0.016707891280446387,1551662.0
Alojamento e alimentação,Novembro/2020,88563.0,52856.0,1587369.0,35707.0,2020-11-01,0.022494454660510567,1587369.0
Alojamento e alimentação,Dezembro/2020,81095.0,57847.0,1610617.0,23248.0,2020-12-01,0.0144342199293811,1610617.0
Alojamento e alimentação,Janeiro/2021,79572.0,74854.0,1615335.0,4718.0,2021-01-01,0.002920756375612489,1615335.0
Alojamento e alimentação,Fevereiro/2021,87386.0,70540.0,1632181.0,16846.0,2021-02-01,0.010321159234178073,1632181.0
Alojamento e alimentação,Março/2021,58066.0,89079.0,1601168.0,-31013.0,2021-03-01,-0.019368985640482447,1601168.0
Alojamento e alimentação,Abril/2021,43690.0,68253.0,1576605.0,-24563.0,2021-04-01,-0.01557967912064214,1576605.0
Alojamento e alimentação,Maio/2021,65911.0,59869.0,1582647.0,6042.0,2021-05-01,0.003817654852914137,1582647.0
Alojamento e alimentação,Junho/2021,76580.0,58299.0,1600928.0,18281.0,2021-06-01,0.011419001978852266,1600928.0
Alojamento e alimentação,Julho/2021,90393.0,62133.0,1629188.0,28260.0,2021-07-01,0.017346064419821408,1629188.0
Alojamento e alimentação,Agosto/2021,109908.0,76179.0,1662917.0,33729.0,2021-08-01,0.020283032767119465,1662917.0
Alojamento e alimentação,Setembro/2021,111105.0,79375.0,1694647.0,31730.0,2021-09-01,0.018723663394205402,1694647.0
Alojamento e alimentação,Outubro/2021,115681.0,82820.0,1727508.0,32861.0,2021-10-01,0.01902219845002165,1727508.0
Alojamento e alimentação,Novembro/2021,118262.0,81846.0,1763924.0,36416.0,2021-11-01,0.020644880391672202,1763924.0
Alojamento e alimentação,Dezembro/2021,110965.0,90858.0,1784031.0,20107.0,2021-12-01,0.011270544065658052,1784031.0
Alojamento e alimentação,Janeiro/2022,101794.0,99787.0,1786038.0,2007.0,2022-01-01,0.0011237162927104575,1786038.0
Alojamento e alimentação,Fevereiro/2022,118279.0,97840.0,1806477.0,20439.0,2022-02-01,0.011314287422424974,1806477.0
Alojamento e alimentação,Março/2022,114721.0,107670.0,1813528.0,7051.0,2022-03-01,0.0038880017292261273,1813528.0
Alojamento e alimentação,Abril/2022,117583.0,98167.0,1832944.0,19416.0,2022-04-01,0.010592794979006451,1832944.0
Alojamento e alimentação,Maio/2022,121221.0,99895.0,1854270.0,21326.0,2022-05-01,0.011501021965517427,1854270.0
Alojamento e alimentação,Junho/2022,113188.0,95430.0,1872028.0,17758.0,2022-06-01,0.009485969226956006,1872028.0
Alojamento e alimentação,Julho/2022,113707.0,101274.0,1884461.0,12433.0,2022-07-01,0.006597642508918996,1884461.0
Alojamento e alimentação,Agosto/2022,123685.0,107101.0,1901045.0,16584.0,2022-08-01,0.008723623059948607,1901045.0
Alojamento e alimentação,Setembro/2022,120619.0,102553.0,1919111.0,18066.0,2022-09-01,0.009413733754847949,1919111.0
Alojamento e alimentação,Outubro/2022,116772.0,102177.0,1933706.0,14595.0,2022-10-01,0.00754768305006035,1933706.0
Alojamento e alimentação,Novembro/2022,118602.0,97131.0,1955177.0,21471.0,2022-11-01,0.010981614452297669,1955177.0
Alojamento e alimentação,Dezembro/2022,102224.0,102205.0,1955196.0,19.0,2022-12-01,9.717695821799963e-06,1955196.0
Alojamento e alimentação,Janeiro/2023,113539.0,115891.0,1952844.0,-2352.0,2023-01-01,-0.0012043972790453307,1952844.0
Alojamento e alimentação,Fevereiro/2023,125257.0,109796.0,1968305.0,15461.0,2023-02-01,0.00785498182446318,1968305.0
Alojamento e alimentação,Março/2023,137023.0,125710.0,1979618.0,11313.0,2023-03-01,0.005714738904172421,1979618.0
Alojamento e alimentação,Abril/2023,116169.0,106999.0,1988788.0,9170.0,2023-04-01,0.004610848416221337,1988788.0
Alojamento e alimentação,Maio/2023,120181.0,114835.0,1994134.0,5346.0,2023-05-01,0.0026808629710942194,1994134.0
Alojamento e alimentação,Junho/2023,119324.0,106280.0,2007178.0,13044.0,2023-06-01,0.006498676250935393,2007178.0
Alojamento e alimentação,Julho/2023,118412.0,108980.0,2016610.0,9432.0,2023-07-01,0.0046771562176127265,2016610.0
Alojamento e alimentação,Agosto/2023,132243.0,117732.0,2031121.0,14511.0,2023-08-01,0.007144330643029145,2031121.0
Alojamento e alimentação,Setembro/2023,126437.0,109795.0,2047763.0,16642.0,2023-09-01,0.008126917030925941,2047763.0
Alojamento e alimentação,Outubro/2023,126067.0,115331.0,2058499.0,10736.0,2023-10-01,0.005215450675467902,2058499.0
Alojamento e alimentação,Novembro/2023,124769.0,109865.0,2073403.0,14904.0,2023-11-01,0.007188182905108172,2073403.0
Alojamento e alimentação,Dezembro/2023,111576.0,113428.0,2071551.0,-1852.0,2023-12-01,-0.0008940161260813758,2071551.0
Alojamento e alimentação,Janeiro/2024,123039.0,127414.0,2067176.0,-4375.0,2024-01-01,-0.002116413890254144,2067176.0
Alojamento e alimentação,Fevereiro/2024,141464.0,125603.0,2083037.0,15861.0,2024-02-01,0.007614363067002651,2083037.0
Alojamento e alimentação,Março/2024,139905.0,132626.0,2090316.0,7279.0,2024-03-01,0.0034822486169555225,2090316.0
Alojamento e alimentação,Abril/2024,135924.0,126513.0,2099727.0,9411.0,2024-04-01,0.004482011232888847,2099727.0
Alojamento e alimentação,Maio/2024,127622.0,126790.0,2100559.0,832.0,2024-05-01,0.00039608504212450117,2100559.0
Alojamento e alimentação,Junho/2024,124837.0,116523.0,2108873.0,8314.0,2024-06-01,0.003942390082285657,2108873.0
Alojamento e alimentação,Julho/2024,132828.0,124576.0,2117125.0,8252.0,2024-07-01,0.0038977386786325794,2117125.0
Alojamento e alimentação,Agosto/2024,139789.0,126005.0,2130909.0,13784.0,2024-08-01,0.006468600958558062,2130909.0
Alojamento e alimentação,Setembro/2024,137010.0,124377.0,2143542.0,12633.0,2024-09-01,0.005893516432148286,2143542.0
Alojamento e alimentação,Outubro/2024,143025.0,136081.0,2150486.0,6944.0,2024-10-01,0.003229037529191076,2150486.0
Alojamento e alimentação,Novembro/2024,135381.0,117987.0,2167880.0,17394.0,2024-11-01,0.008023506836171744,2167880.0
Alojamento e alimentação,Dezembro/2024,112415.0,125691.0,2154604.0,-13276.0,2024-12-01,-0.006161689108532241,2154604.0
Alojamento e alimentação,Janeiro/2025,131393.0,141666.0,2144331.0,-10273.0,2025-01-01,-0.004790771573978085,2144331.0
Alojamento e alimentação,Fevereiro/2025,160720.0,133387.0,2171664.0,27333.0,2025-02-01,0.012586201180293084,2171664.0
Alojamento e alimentação,Março/2025,135904.0,144659.0,2162909.0,-8755.0,2025-03-01,-0.004047789342963574,2162909.0
Alojamento e alimentação,Abril/2025,140881.0,125429.0,2178361.0,15452.0,2025-04-01,0.007093406464768696,2178361.0
Alojamento e alimentação,Maio/2025,138567.0,133119.0,2183809.0,5448.0,2025-05-01,0.0024947236685992228,2183809.0
Alojamento e alimentação,Junho/2025,129243.0,121874.0,2191178.0,7369.0,2025-06-01,0.003363031209696337,2191178.0
Alojamento e alimentação,Julho/2025,137986.0,133539.0,2195625.0,4447.0,2025-07-01,0.0020253914033589527,2195625.0
Alojamento e alimentação,Agosto/2025,144477.0,133012.0,2207090.0,11465.0,2025-08-01,0.005194622783846603,2207090.0
Alojamento e alimentação,Setembro/2025,147115.0,131747.0,2222458.0,15368.0,2025-09-01,0.006914866332682103,2222458.0
Alojamento e alimentação,Outubro/2025,148816.0,138507.0,2232767.0,10309.0,2025-10-01,0.004617140973509551,2232767.0
Alojamento e alimentação,Novembro/2025,134454.0,120161.0,2247060.0,14293.0,2025-11-01,0.006360755832065009,2247060.0
Alojamento e alimentação,Dezembro/2025,114003.0,134694.0,,-20691.0,2025-12-01,-0.009208031828255588,2247060.0
Alojamento e alimentação,Janeiro/2026,134389.0,142063.0,2218695.0,-7674.0,2026-01-01,-0.003458789964370948,2218695.0
Alojamento e alimentação,Fevereiro/2026,155612.0,138692.0,2235615.0,16920.0,2026-02-01,0.007568387222307955,2235615.0
Alojamento e alimentação,Março/2026,159297.0,149356.0,2245556.0,9941.0,2026-03-01,0.0044269659719018365,2245556.0
Alojamento e alimentação,Abril/2026,143846.0,139577.0,2249825.0,4269.0,2026-04-01,0.001897480915182292,2249825.0
Alojamento e alimentação,Maio/2026,140329.0,137473.0,2252681.0,2856.0,2026-05-01,0.001267822652208635,2252681.0
Alojamento e alimentação,Junho/2026,136947.0,130357.0,2259271.0,6590.0,2026-06-01,0.0029168700877406917,2259271.0
"Artes, Cultura, Esporte e Recreação",Janeiro/2020,9984.0,8064.0,261067.0,1920.0,2020-01-01,0.007354433919262105,261067.0
"Artes, Cultura, Esporte e Recreação",Fevereiro/2020,9603.0,8132.0,262538.0,1471.0,2020-02-01,0.00560299842308542,262538.0
"Artes, Cultura, Esporte e Recreação",Março/2020,6937.0,12249.0,257226.0,-5312.0,2020-03-01,-0.02065110058858747,257226.0
"Artes, Cultura, Esporte e Recreação",Abril/2020,884.0,15468.0,242642.0,-14584.0,2020-04-01,-0.060105010674161935,242642.0
"Artes, Cultura, Esporte e Recreação",Maio/2020,827.0,6515.0,236954.0,-5688.0,2020-05-01,-0.02400465913215223,236954.0
"Artes, Cultura, Esporte e Recreação",Junho/2020,1151.0,5672.0,232433.0,-4521.0,2020-06-01,-0.019450766457430744,232433.0
"Artes, Cultura, Esporte e Recreação",Julho/2020,2114.0,4966.0,229581.0,-2852.0,2020-07-01,-0.012422630792617856,229581.0
"Artes, Cultura, Esporte e Recreação",Agosto/2020,3393.0,5197.0,227777.0,-1804.0,2020-08-01,-0.007920027043994785,227777.0
"Artes, Cultura, Esporte e Recreação",Setembro/2020,5392.0,4984.0,228185.0,408.0,2020-09-01,0.0017880228761750334,228185.0
"Artes, Cultura, Esporte e Recreação",Outubro/2020,7955.0,5121.0,231019.0,2834.0,2020-10-01,0.012267389262355044,231019.0
"Artes, Cultura, Esporte e Recreação",Novembro/2020,7726.0,5041.0,233704.0,2685.0,2020-11-01,0.011488891931674254,233704.0
"Artes, Cultura, Esporte e Recreação",Dezembro/2020,5947.0,6798.0,232853.0,-851.0,2020-12-01,-0.00365466624866332,232853.0
"Artes, Cultura, Esporte e Recreação",Janeiro/2021,7233.0,7356.0,232730.0,-123.0,2021-01-01,-0.0005285094315300992,232730.0
"Artes, Cultura, Esporte e Recreação",Fevereiro/2021,8834.0,6853.0,234711.0,1981.0,2021-02-01,0.008440166843479854,234711.0
"Artes, Cultura, Esporte e Recreação",Março/2021,5693.0,8046.0,232358.0,-2353.0,2021-03-01,-0.010126614964838741,232358.0
"Artes, Cultura, Esporte e Recreação",Abril/2021,4810.0,6636.0,230532.0,-1826.0,2021-04-01,-0.007920809258584492,230532.0
"Artes, Cultura, Esporte e Recreação",Maio/2021,7547.0,6901.0,231178.0,646.0,2021-05-01,0.0027943835486075666,231178.0
"Artes, Cultura, Esporte e Recreação",Junho/2021,7788.0,6373.0,232593.0,1415.0,2021-06-01,0.006083588070148285,232593.0
"Artes, Cultura, Esporte e Recreação",Julho/2021,8644.0,6089.0,235148.0,2555.0,2021-07-01,0.01086549747393131,235148.0
"Artes, Cultura, Esporte e Recreação",Agosto/2021,11393.0,6918.0,239623.0,4475.0,2021-08-01,0.018675168911164622,239623.0
"Artes, Cultura, Esporte e Recreação",Setembro/2021,11586.0,7684.0,243525.0,3902.0,2021-09-01,0.016022995585668824,243525.0
"Artes, Cultura, Esporte e Recreação",Outubro/2021,11202.0,7646.0,247081.0,3556.0,2021-10-01,0.01439204147627701,247081.0
"Artes, Cultura, Esporte e Recreação",Novembro/2021,11003.0,8478.0,249606.0,2525.0,2021-11-01,0.010115942725735759,249606.0
"Artes, Cultura, Esporte e Recreação",Dezembro/2021,10035.0,9223.0,250418.0,812.0,2021-12-01,0.003242578408900319,250418.0
"Artes, Cultura, Esporte e Recreação",Janeiro/2022,11750.0,8905.0,253263.0,2845.0,2022-01-01,0.0112333818994484,253263.0
"Artes, Cultura, Esporte e Recreação",Fevereiro/2022,12227.0,9316.0,256174.0,2911.0,2022-02-01,0.01136337020931086,256174.0
"Artes, Cultura, Esporte e Recreação",Março/2022,12337.0,11177.0,257334.0,1160.0,2022-03-01,0.004507760342589786,257334.0
"Artes, Cultura, Esporte e Recreação",Abril/2022,13116.0,9869.0,260581.0,3247.0,2022-04-01,0.012460616852341498,260581.0
"Artes, Cultura, Esporte e Recreação",Maio/2022,11762.0,9306.0,263037.0,2456.0,2022-05-01,0.009337089458897418,263037.0
"Artes, Cultura, Esporte e Recreação",Junho/2022,11288.0,9209.0,265116.0,2079.0,2022-06-01,0.007841850359842485,265116.0
"Artes, Cultura, Esporte e Recreação",Julho/2022,11858.0,9597.0,267377.0,2261.0,2022-07-01,0.008456224731371809,267377.0
"Artes, Cultura, Esporte e Recreação",Agosto/2022,13878.0,10338.0,270917.0,3540.0,2022-08-01,0.013066732615524311,270917.0
"Artes, Cultura, Esporte e Recreação",Setembro/2022,12824.0,10305.0,273436.0,2519.0,2022-09-01,0.009212393393700903,273436.0
"Artes, Cultura, Esporte e Recreação",Outubro/2022,11072.0,9413.0,275095.0,1659.0,2022-10-01,0.006030643959359494,275095.0
"Artes, Cultura, Esporte e Recreação",Novembro/2022,10878.0,9166.0,276807.0,1712.0,2022-11-01,0.00618481469037994,276807.0
"Artes, Cultura, Esporte e Recreação",Dezembro/2022,10164.0,10234.0,276737.0,-70.0,2022-12-01,-0.0002529477446095029,276737.0
"Artes, Cultura, Esporte e Recreação",Janeiro/2023,13762.0,10593.0,279906.0,3169.0,2023-01-01,0.01132165798518074,279906.0
"Artes, Cultura, Esporte e Recreação",Fevereiro/2023,12951.0,10466.0,282391.0,2485.0,2023-02-01,0.008799855519474771,282391.0
"Artes, Cultura, Esporte e Recreação",Março/2023,14049.0,12732.0,283708.0,1317.0,2023-03-01,0.004642096803755974,283708.0
"Artes, Cultura, Esporte e Recreação",Abril/2023,13142.0,10542.0,286308.0,2600.0,2023-04-01,0.009081129413079621,286308.0
"Artes, Cultura, Esporte e Recreação",Maio/2023,12945.0,10611.0,288642.0,2334.0,2023-05-01,0.008086141309996466,288642.0
"Artes, Cultura, Esporte e Recreação",Junho/2023,12378.0,9955.0,291065.0,2423.0,2023-06-01,0.00832460103413327,291065.0
"Artes, Cultura, Esporte e Recreação",Julho/2023,12313.0,10480.0,292898.0,1833.0,2023-07-01,0.00625815130181838,292898.0
"Artes, Cultura, Esporte e Recreação",Agosto/2023,14404.0,12195.0,295107.0,2209.0,2023-08-01,0.007485420542379544,295107.0
"Artes, Cultura, Esporte e Recreação",Setembro/2023,13204.0,10893.0,297418.0,2311.0,2023-09-01,0.007770208931537432,297418.0
"Artes, Cultura, Esporte e Recreação",Outubro/2023,12903.0,10792.0,299529.0,2111.0,2023-10-01,0.007047731605286967,299529.0
"Artes, Cultura, Esporte e Recreação",Novembro/2023,12458.0,10677.0,301310.0,1781.0,2023-11-01,0.005910855929109555,301310.0
"Artes, Cultura, Esporte e Recreação",Dezembro/2023,11650.0,11312.0,301648.0,338.0,2023-12-01,0.001120511324457646,301648.0
"Artes, Cultura, Esporte e Recreação",Janeiro/2024,16345.0,11887.0,306106.0,4458.0,2024-01-01,0.014563582549835677,306106.0
"Artes, Cultura, Esporte e Recreação",Fevereiro/2024,15435.0,12929.0,308612.0,2506.0,2024-02-01,0.008120228636605187,308612.0
"Artes, Cultura, Esporte e Recreação",Março/2024,15878.0,13990.0,310500.0,1888.0,2024-03-01,0.006080515297906602,310500.0
"Artes, Cultura, Esporte e Recreação",Abril/2024,16678.0,13009.0,314169.0,3669.0,2024-04-01,0.011678427852525233,314169.0
"Artes, Cultura, Esporte e Recreação",Maio/2024,14117.0,12441.0,315845.0,1676.0,2024-05-01,0.005306400291282116,315845.0
"Artes, Cultura, Esporte e Recreação",Junho/2024,14129.0,11331.0,318643.0,2798.0,2024-06-01,0.00878098687245601,318643.0
"Artes, Cultura, Esporte e Recreação",Julho/2024,14473.0,13514.0,319602.0,959.0,2024-07-01,0.003000607004962422,319602.0
"Artes, Cultura, Esporte e Recreação",Agosto/2024,16135.0,13340.0,322397.0,2795.0,2024-08-01,0.008669435509635635,322397.0
"Artes, Cultura, Esporte e Recreação",Setembro/2024,15547.0,12523.0,325421.0,3024.0,2024-09-01,0.009292577922137784,325421.0
"Artes, Cultura, Esporte e Recreação",Outubro/2024,15200.0,13219.0,327402.0,1981.0,2024-10-01,0.006050665542666202,327402.0
"Artes, Cultura, Esporte e Recreação",Novembro/2024,14071.0,11766.0,329707.0,2305.0,2024-11-01,0.00699105569490487,329707.0
"Artes, Cultura, Esporte e Recreação",Dezembro/2024,12819.0,12909.0,329617.0,-90.0,2024-12-01,-0.0002730441694451439,329617.0
"Artes, Cultura, Esporte e Recreação",Janeiro/2025,18578.0,14548.0,333647.0,4030.0,2025-01-01,0.012078634005400917,333647.0
"Artes, Cultura, Esporte e Recreação",Fevereiro/2025,19338.0,14521.0,338464.0,4817.0,2025-02-01,0.014231941949513095,338464.0
"Artes, Cultura, Esporte e Recreação",Março/2025,17080.0,16434.0,339110.0,646.0,2025-03-01,0.0019049865825248443,339110.0
"Artes, Cultura, Esporte e Recreação",Abril/2025,17949.0,13563.0,343496.0,4386.0,2025-04-01,0.012768707641428139,343496.0
"Artes, Cultura, Esporte e Recreação",Maio/2025,17201.0,14092.0,346605.0,3109.0,2025-05-01,0.008969864831724874,346605.0
"Artes, Cultura, Esporte e Recreação",Junho/2025,15531.0,13281.0,348855.0,2250.0,2025-06-01,0.006449671066775594,348855.0
"Artes, Cultura, Esporte e Recreação",Julho/2025,15947.0,15257.0,349545.0,690.0,2025-07-01,0.0019739947646225807,349545.0
"Artes, Cultura, Esporte e Recreação",Agosto/2025,17580.0,15489.0,351636.0,2091.0,2025-08-01,0.005946490120465481,351636.0
"Artes, Cultura, Esporte e Recreação",Setembro/2025,17659.0,14385.0,354910.0,3274.0,2025-09-01,0.009224873911695923,354910.0
"Artes, Cultura, Esporte e Recreação",Outubro/2025,16905.0,15099.0,356716.0,1806.0,2025-10-01,0.005062851119658216,356716.0
"Artes, Cultura, Esporte e Recreação",Novembro/2025,15553.0,12809.0,359460.0,2744.0,2025-11-01,0.007633672731319201,359460.0
"Artes, Cultura, Esporte e Recreação",Dezembro/2025,14135.0,15028.0,,-893.0,2025-12-01,-0.0024842819785233406,359460.0
"Artes, Cultura, Esporte e Recreação",Janeiro/2026,18845.0,15588.0,361824.0,3257.0,2026-01-01,0.009001614044397276,361824.0
"Artes, Cultura, Esporte e Recreação",Fevereiro/2026,18746.0,16743.0,363827.0,2003.0,2026-02-01,0.005505363813021024,363827.0
"Artes, Cultura, Esporte e Recreação",Março/2026,20025.0,17885.0,365967.0,2140.0,2026-03-01,0.00584752177108865,365967.0
"Artes, Cultura, Esporte e Recreação",Abril/2026,18547.0,15922.0,368592.0,2625.0,2026-04-01,0.0071216955332725615,368592.0
"Artes, Cultura, Esporte e Recreação",Maio/2026,16380.0,15406.0,369566.0,974.0,2026-05-01,0.0026355238306554176,369566.0
"Artes, Cultura, Esporte e Recreação",Junho/2026,16554.0,15505.0,370615.0,1049.0,2026-06-01,0.002830430500654318,370615.0
Atividades Administrativas e Serviços Complementares,Janeiro/2020,216781.0,208509.0,4689386.0,8272.0,2020-01-01,0.0017639836004116531,4689386.0
Atividades Administrativas e Serviços Complementares,Fevereiro/2020,210762.0,195243.0,4704905.0,15519.0,2020-02-01,0.0032984725515180432,4704905.0
Atividades Administrativas e Serviços Complementares,Março/2020,220710.0,256701.0,4668914.0,-35991.0,2020-03-01,-0.007708644879730061,4668914.0
Atividades Administrativas e Serviços Complementares,Abril/2020,126071.0,217262.0,4577723.0,-91191.0,2020-04-01,-0.019920602447985603,4577723.0
Atividades Administrativas e Serviços Complementares,Maio/2020,140267.0,160866.0,4557124.0,-20599.0,2020-05-01,-0.004520175443986163,4557124.0
Atividades Administrativas e Serviços Complementares,Junho/2020,167005.0,151882.0,4572247.0,15123.0,2020-06-01,0.003307564092666035,4572247.0
Atividades Administrativas e Serviços Complementares,Julho/2020,138055.0,127750.0,4582552.0,10305.0,2020-07-01,0.0022487469863953537,4582552.0
Atividades Administrativas e Serviços Complementares,Agosto/2020,202485.0,168487.0,4616550.0,33998.0,2020-08-01,0.007364373828941525,4616550.0
Atividades Administrativas e Serviços Complementares,Setembro/2020,227405.0,185401.0,4658554.0,42004.0,2020-09-01,0.009016531739247843,4658554.0
Atividades Administrativas e Serviços Complementares,Outubro/2020,266338.0,196777.0,4728115.0,69561.0,2020-10-01,0.01471220560413611,4728115.0
Atividades Administrativas e Serviços Complementares,Novembro/2020,274391.0,190246.0,4812260.0,84145.0,2020-11-01,0.01748554733119158,4812260.0
Atividades Administrativas e Serviços Complementares,Dezembro/2020,243467.0,238406.0,4817321.0,5061.0,2020-12-01,0.0010505839241354272,4817321.0
Atividades Administrativas e Serviços Complementares,Janeiro/2021,250455.0,226388.0,4841388.0,24067.0,2021-01-01,0.004971095066125665,4841388.0
Atividades Administrativas e Serviços Complementares,Fevereiro/2021,258222.0,216537.0,4883073.0,41685.0,2021-02-01,0.008536632567237884,4883073.0
Atividades Administrativas e Serviços Complementares,Março/2021,255080.0,234552.0,4903601.0,20528.0,2021-03-01,0.004186311243512676,4903601.0
Atividades Administrativas e Serviços Complementares,Abril/2021,220209.0,216393.0,4907417.0,3816.0,2021-04-01,0.0007775984800150466,4907417.0
Atividades Administrativas e Serviços Complementares,Maio/2021,249665.0,222821.0,4934261.0,26844.0,2021-05-01,0.005440328349067875,4934261.0
Atividades Administrativas e Serviços Complementares,Junho/2021,254643.0,221730.0,4967174.0,32913.0,2021-06-01,0.006626101682767707,4967174.0
Atividades Administrativas e Serviços Complementares,Julho/2021,264970.0,227831.0,5004313.0,37139.0,2021-07-01,0.0074213983018248456,5004313.0
Atividades Administrativas e Serviços Complementares,Agosto/2021,286727.0,241583.0,5049457.0,45144.0,2021-08-01,0.008940367251369801,5049457.0
Atividades Administrativas e Serviços Complementares,Setembro/2021,276415.0,242879.0,5082993.0,33536.0,2021-09-01,0.006597687622233593,5082993.0
Atividades Administrativas e Serviços Complementares,Outubro/2021,291994.0,248939.0,5126048.0,43055.0,2021-10-01,0.008399258063912004,5126048.0
Atividades Administrativas e Serviços Complementares,Novembro/2021,312965.0,240059.0,5198954.0,72906.0,2021-11-01,0.014023205437093691,5198954.0
Atividades Administrativas e Serviços Complementares,Dezembro/2021,281463.0,297830.0,5182587.0,-16367.0,2021-12-01,-0.0031580753010031475,5182587.0
Atividades Administrativas e Serviços Complementares,Janeiro/2022,306583.0,272425.0,5216745.0,34158.0,2022-01-01,0.006547761103906746,5216745.0
Atividades Administrativas e Serviços Complementares,Fevereiro/2022,304602.0,273308.0,5248039.0,31294.0,2022-02-01,0.005962989223212709,5248039.0
Atividades Administrativas e Serviços Complementares,Março/2022,306371.0,294305.0,5260105.0,12066.0,2022-03-01,0.0022938705596181066,5260105.0
Atividades Administrativas e Serviços Complementares,Abril/2022,290937.0,275518.0,5275524.0,15419.0,2022-04-01,0.0029227428403320694,5275524.0
Atividades Administrativas e Serviços Complementares,Maio/2022,301098.0,275895.0,5300727.0,25203.0,2022-05-01,0.004754630827054478,5300727.0
Atividades Administrativas e Serviços Complementares,Junho/2022,303331.0,261682.0,5342376.0,41649.0,2022-06-01,0.00779596943382495,5342376.0
Atividades Administrativas e Serviços Complementares,Julho/2022,303041.0,282957.0,5362460.0,20084.0,2022-07-01,0.0037452960022079417,5362460.0
Atividades Administrativas e Serviços Complementares,Agosto/2022,329105.0,292035.0,5399530.0,37070.0,2022-08-01,0.0068654123599646635,5399530.0
Atividades Administrativas e Serviços Complementares,Setembro/2022,310914.0,273637.0,5436807.0,37277.0,2022-09-01,0.006856414068036625,5436807.0
Atividades Administrativas e Serviços Complementares,Outubro/2022,301852.0,268495.0,5470164.0,33357.0,2022-10-01,0.006097989018245157,5470164.0
Atividades Administrativas e Serviços Complementares,Novembro/2022,312311.0,274519.0,5507956.0,37792.0,2022-11-01,0.006861347476268874,5507956.0
Atividades Administrativas e Serviços Complementares,Dezembro/2022,274576.0,300844.0,5481688.0,-26268.0,2022-12-01,-0.0047919545950079615,5481688.0
Atividades Administrativas e Serviços Complementares,Janeiro/2023,314350.0,310146.0,5485892.0,4204.0,2023-01-01,0.000766329340789064,5485892.0
Atividades Administrativas e Serviços Complementares,Fevereiro/2023,299190.0,277156.0,5507926.0,22034.0,2023-02-01,0.004000416853821203,5507926.0
Atividades Administrativas e Serviços Complementares,Março/2023,349640.0,325267.0,5532299.0,24373.0,2023-03-01,0.0044055825616077515,5532299.0
Atividades Administrativas e Serviços Complementares,Abril/2023,305164.0,284379.0,5553084.0,20785.0,2023-04-01,0.003742965170344983,5553084.0
Atividades Administrativas e Serviços Complementares,Maio/2023,333815.0,303961.0,5582938.0,29854.0,2023-05-01,0.005347363699901378,5582938.0
Atividades Administrativas e Serviços Complementares,Junho/2023,319037.0,286633.0,5615342.0,32404.0,2023-06-01,0.005770619135931525,5615342.0
Atividades Administrativas e Serviços Complementares,Julho/2023,312196.0,296000.0,5631538.0,16196.0,2023-07-01,0.002875946144729912,5631538.0
Atividades Administrativas e Serviços Complementares,Agosto/2023,342993.0,309116.0,5665415.0,33877.0,2023-08-01,0.005979614909057854,5665415.0
Atividades Administrativas e Serviços Complementares,Setembro/2023,320635.0,292586.0,5693464.0,28049.0,2023-09-01,0.004926526276446115,5693464.0
Atividades Administrativas e Serviços Complementares,Outubro/2023,349127.0,297772.0,5744819.0,51355.0,2023-10-01,0.00893935909904211,5744819.0
Atividades Administrativas e Serviços Complementares,Novembro/2023,348124.0,297137.0,5795806.0,50987.0,2023-11-01,0.008797223371520717,5795806.0
Atividades Administrativas e Serviços Complementares,Dezembro/2023,305082.0,327537.0,5773351.0,-22455.0,2023-12-01,-0.0038894222783267467,5773351.0
Atividades Administrativas e Serviços Complementares,Janeiro/2024,357496.0,330228.0,5800619.0,27268.0,2024-01-01,0.004700877613234036,5800619.0
Atividades Administrativas e Serviços Complementares,Fevereiro/2024,360276.0,323877.0,5837018.0,36399.0,2024-02-01,0.00623588962720348,5837018.0
Atividades Administrativas e Serviços Complementares,Março/2024,379409.0,347623.0,5868804.0,31786.0,2024-03-01,0.005416094999935251,5868804.0
Atividades Administrativas e Serviços Complementares,Abril/2024,383125.0,339345.0,5912584.0,43780.0,2024-04-01,0.007404545965012928,5912584.0
Atividades Administrativas e Serviços Complementares,Maio/2024,363891.0,339638.0,5936837.0,24253.0,2024-05-01,0.004085171952674463,5936837.0
Atividades Administrativas e Serviços Complementares,Junho/2024,362058.0,326012.0,5972883.0,36046.0,2024-06-01,0.006034941585160801,5972883.0
Atividades Administrativas e Serviços Complementares,Julho/2024,382331.0,352305.0,6002909.0,30026.0,2024-07-01,0.005001908241487585,6002909.0
Atividades Administrativas e Serviços Complementares,Agosto/2024,375227.0,349927.0,6028209.0,25300.0,2024-08-01,0.0041969347778087985,6028209.0
Atividades Administrativas e Serviços Complementares,Setembro/2024,380557.0,340522.0,6068244.0,40035.0,2024-09-01,0.006597460484449867,6068244.0
Atividades Administrativas e Serviços Complementares,Outubro/2024,414059.0,375258.0,6107045.0,38801.0,2024-10-01,0.006353481921289265,6107045.0
Atividades Administrativas e Serviços Complementares,Novembro/2024,373330.0,340031.0,6140344.0,33299.0,2024-11-01,0.005422986073744402,6140344.0
Atividades Administrativas e Serviços Complementares,Dezembro/2024,313367.0,365477.0,6088234.0,-52110.0,2024-12-01,-0.008559132254115068,6088234.0
Atividades Administrativas e Serviços Complementares,Janeiro/2025,399701.0,385652.0,6102283.0,14049.0,2025-01-01,0.0023022531075664633,6102283.0
Atividades Administrativas e Serviços Complementares,Fevereiro/2025,433627.0,368978.0,6166932.0,64649.0,2025-02-01,0.010483170561958523,6166932.0
Atividades Administrativas e Serviços Complementares,Março/2025,390380.0,390747.0,6166565.0,-367.0,2025-03-01,-5.951449469842611e-05,6166565.0
Atividades Administrativas e Serviços Complementares,Abril/2025,390560.0,357123.0,6200002.0,33437.0,2025-04-01,0.0053930627764313625,6200002.0
Atividades Administrativas e Serviços Complementares,Maio/2025,393464.0,374804.0,6218662.0,18660.0,2025-05-01,0.003000645476470662,6218662.0
Atividades Administrativas e Serviços Complementares,Junho/2025,379504.0,353106.0,6245060.0,26398.0,2025-06-01,0.004227021037427983,6245060.0
Atividades Administrativas e Serviços Complementares,Julho/2025,394747.0,382203.0,6257604.0,12544.0,2025-07-01,0.0020046011220908196,6257604.0
Atividades Administrativas e Serviços Complementares,Agosto/2025,375665.0,374593.0,6258676.0,1072.0,2025-08-01,0.00017128223285563913,6258676.0
Atividades Administrativas e Serviços Complementares,Setembro/2025,409445.0,372651.0,6295470.0,36794.0,2025-09-01,0.005844519948470885,6295470.0
Atividades Administrativas e Serviços Complementares,Outubro/2025,420388.0,395619.0,6320239.0,24769.0,2025-10-01,0.003918997367029949,6320239.0
Atividades Administrativas e Serviços Complementares,Novembro/2025,380001.0,345294.0,6354946.0,34707.0,2025-11-01,0.005461415407778445,6354946.0
Atividades Administrativas e Serviços Complementares,Dezembro/2025,316409.0,381106.0,,-64697.0,2025-12-01,-0.010180574311725072,6354946.0
Atividades Administrativas e Serviços Complementares,Janeiro/2026,401512.0,375709.0,6316052.0,25803.0,2026-01-01,0.00408530518748104,6316052.0
Atividades Administrativas e Serviços Complementares,Fevereiro/2026,411134.0,373162.0,6354024.0,37972.0,2026-02-01,0.005976055488616348,6354024.0
Atividades Administrativas e Serviços Complementares,Março/2026,446027.0,407245.0,6392806.0,38782.0,2026-03-01,0.00606650663261172,6392806.0
Atividades Administrativas e Serviços Complementares,Abril/2026,399874.0,387784.0,6404896.0,12090.0,2026-04-01,0.0018876184718690202,6404896.0
Atividades Administrativas e Serviços Complementares,Maio/2026,396538.0,385125.0,6416309.0,11413.0,2026-05-01,0.0017787484985526726,6416309.0
Atividades Administrativas e Serviços Complementares,Junho/2026,404953.0,378319.0,6442943.0,26634.0,2026-06-01,0.004133825178959367,6442943.0
"Atividades Financeiras, de Seguros e Serviços Relacionados",Janeiro/2020,14406.0,12676.0,951277.0,1730.0,2020-01-01,0.0018186080395089968,951277.0
"Atividades Financeiras, de Seguros e Serviços Relacionados",Fevereiro/2020,14331.0,12432.0,953176.0,1899.0,2020-02-01,0.001992286838946847,953176.0
"Atividades Financeiras, de Seguros e Serviços Relacionados",Março/2020,15305.0,13468.0,955013.0,1837.0,2020-03-01,0.00192353402519128,955013.0
"Atividades Financeiras, de Seguros e Serviços Relacionados",Abril/2020,5328.0,10862.0,949479.0,-5534.0,2020-04-01,-0.005828459607848093,949479.0
"Atividades Financeiras, de Seguros e Serviços Relacionados",Maio/2020,5833.0,9176.0,946136.0,-3343.0,2020-05-01,-0.003533318677230335,946136.0
"Atividades Financeiras, de Seguros e Serviços Relacionados",Junho/2020,7656.0,8838.0,944954.0,-1182.0,2020-06-01,-0.0012508545389511023,944954.0
"Atividades Financeiras, de Seguros e Serviços Relacionados",Julho/2020,9966.0,9856.0,945064.0,110.0,2020-07-01,0.00011639423361804068,945064.0
"Atividades Financeiras, de Seguros e Serviços Relacionados",Agosto/2020,11807.0,10548.0,946323.0,1259.0,2020-08-01,0.0013304125546985542,946323.0
"Atividades Financeiras, de Seguros e Serviços Relacionados",Setembro/2020,12944.0,11659.0,947608.0,1285.0,2020-09-01,0.0013560459599327992,947608.0
"Atividades Financeiras, de Seguros e Serviços Relacionados",Outubro/2020,14251.0,16974.0,944885.0,-2723.0,2020-10-01,-0.0028818321806357385,944885.0
"Atividades Financeiras, de Seguros e Serviços Relacionados",Novembro/2020,15106.0,13620.0,946371.0,1486.0,2020-11-01,0.0015702087236400947,946371.0
"Atividades Financeiras, de Seguros e Serviços Relacionados",Dezembro/2020,13348.0,11073.0,948646.0,2275.0,2020-12-01,0.002398154843851131,948646.0
"Atividades Financeiras, de Seguros e Serviços Relacionados",Janeiro/2021,17172.0,12622.0,953196.0,4550.0,2021-01-01,0.004773414911518723,953196.0
"Atividades Financeiras, de Seguros e Serviços Relacionados",Fevereiro/2021,17736.0,14483.0,956449.0,3253.0,2021-02-01,0.003401122276253099,956449.0
"Atividades Financeiras, de Seguros e Serviços Relacionados",Março/2021,19407.0,17060.0,958796.0,2347.0,2021-03-01,0.002447861693206897,958796.0
"Atividades Financeiras, de Seguros e Serviços Relacionados",Abril/2021,20510.0,13989.0,965317.0,6521.0,2021-04-01,0.006755293856836666,965317.0
"Atividades Financeiras, de Seguros e Serviços Relacionados",Maio/2021,20045.0,14676.0,970686.0,5369.0,2021-05-01,0.005531139833066512,970686.0
"Atividades Financeiras, de Seguros e Serviços Relacionados",Junho/2021,21236.0,15485.0,976437.0,5751.0,2021-06-01,0.005889780907523988,976437.0
"Atividades Financeiras, de Seguros e Serviços Relacionados",Julho/2021,21828.0,16301.0,981964.0,5527.0,2021-07-01,0.005628515913006994,981964.0
"Atividades Financeiras, de Seguros e Serviços Relacionados",Agosto/2021,22451.0,16465.0,987950.0,5986.0,2021-08-01,0.00605901108355686,987950.0
"Atividades Financeiras, de Seguros e Serviços Relacionados",Setembro/2021,22574.0,16471.0,994053.0,6103.0,2021-09-01,0.006139511675936796,994053.0
"Atividades Financeiras, de Seguros e Serviços Relacionados",Outubro/2021,22460.0,17300.0,999213.0,5160.0,2021-10-01,0.005164064118461229,999213.0
"Atividades Financeiras, de Seguros e Serviços Relacionados",Novembro/2021,21075.0,15733.0,1004555.0,5342.0,2021-11-01,0.005317777523380999,1004555.0
"Atividades Financeiras, de Seguros e Serviços Relacionados",Dezembro/2021,16625.0,15436.0,1005744.0,1189.0,2021-12-01,0.0011822093892680443,1005744.0
"Atividades Financeiras, de Seguros e Serviços Relacionados",Janeiro/2022,18488.0,15191.0,1009041.0,3297.0,2022-01-01,0.0032674589040484975,1009041.0
"Atividades Financeiras, de Seguros e Serviços Relacionados",Fevereiro/2022,19167.0,15452.0,1012756.0,3715.0,2022-02-01,0.0036682083344853054,1012756.0
"Atividades Financeiras, de Seguros e Serviços Relacionados",Março/2022,20571.0,17381.0,1015946.0,3190.0,2022-03-01,0.003139930665606243,1015946.0
"Atividades Financeiras, de Seguros e Serviços Relacionados",Abril/2022,21462.0,17546.0,1019862.0,3916.0,2022-04-01,0.003839735179857667,1019862.0
"Atividades Financeiras, de Seguros e Serviços Relacionados",Maio/2022,21079.0,18145.0,1022796.0,2934.0,2022-05-01,0.0028686072295941714,1022796.0
"Atividades Financeiras, de Seguros e Serviços Relacionados",Junho/2022,21052.0,17391.0,1026457.0,3661.0,2022-06-01,0.003566637472392901,1026457.0
"Atividades Financeiras, de Seguros e Serviços Relacionados",Julho/2022,20270.0,17351.0,1029376.0,2919.0,2022-07-01,0.0028356985202685897,1029376.0
"Atividades Financeiras, de Seguros e Serviços Relacionados",Agosto/2022,21921.0,17835.0,1033462.0,4086.0,2022-08-01,0.003953701248812245,1033462.0
"Atividades Financeiras, de Seguros e Serviços Relacionados",Setembro/2022,20236.0,16679.0,1037019.0,3557.0,2022-09-01,0.003430023943630734,1037019.0
"Atividades Financeiras, de Seguros e Serviços Relacionados",Outubro/2022,19132.0,15986.0,1040165.0,3146.0,2022-10-01,0.003024520148245711,1040165.0
"Atividades Financeiras, de Seguros e Serviços Relacionados",Novembro/2022,17795.0,15002.0,1042958.0,2793.0,2022-11-01,0.0026779601863162277,1042958.0
"Atividades Financeiras, de Seguros e Serviços Relacionados",Dezembro/2022,13290.0,14235.0,1042013.0,-945.0,2022-12-01,-0.0009068984743952331,1042013.0
"Atividades Financeiras, de Seguros e Serviços Relacionados",Janeiro/2023,19889.0,18604.0,1043298.0,1285.0,2023-01-01,0.0012316711045166386,1043298.0
"Atividades Financeiras, de Seguros e Serviços Relacionados",Fevereiro/2023,16942.0,17792.0,1042448.0,-850.0,2023-02-01,-0.0008153883934738232,1042448.0
"Atividades Financeiras, de Seguros e Serviços Relacionados",Março/2023,19780.0,20329.0,1041899.0,-549.0,2023-03-01,-0.0005269224752111289,1041899.0
"Atividades Financeiras, de Seguros e Serviços Relacionados",Abril/2023,19009.0,18698.0,1042210.0,311.0,2023-04-01,0.0002984043522898456,1042210.0
"Atividades Financeiras, de Seguros e Serviços Relacionados",Maio/2023,19556.0,19376.0,1042390.0,180.0,2023-05-01,0.0001726800909448479,1042390.0
"Atividades Financeiras, de Seguros e Serviços Relacionados",Junho/2023,19585.0,18487.0,1043488.0,1098.0,2023-06-01,0.0010522401790916617,1043488.0
"Atividades Financeiras, de Seguros e Serviços Relacionados",Julho/2023,20012.0,18423.0,1045077.0,1589.0,2023-07-01,0.0015204621286278427,1045077.0
"Atividades Financeiras, de Seguros e Serviços Relacionados",Agosto/2023,22275.0,19913.0,1047439.0,2362.0,2023-08-01,0.0022550239202473845,1047439.0
"Atividades Financeiras, de Seguros e Serviços Relacionados",Setembro/2023,19942.0,17740.0,1049641.0,2202.0,2023-09-01,0.002097860125509579,1049641.0
"Atividades Financeiras, de Seguros e Serviços Relacionados",Outubro/2023,21069.0,17484.0,1053226.0,3585.0,2023-10-01,0.003403827858408357,1053226.0
"Atividades Financeiras, de Seguros e Serviços Relacionados",Novembro/2023,18981.0,16544.0,1055663.0,2437.0,2023-11-01,0.0023085018609158413,1055663.0
"Atividades Financeiras, de Seguros e Serviços Relacionados",Dezembro/2023,14891.0,15554.0,1055000.0,-663.0,2023-12-01,-0.000628436018957346,1055000.0
"Atividades Financeiras, de Seguros e Serviços Relacionados",Janeiro/2024,21996.0,17911.0,1059085.0,4085.0,2024-01-01,0.0038571030653819097,1059085.0
"Atividades Financeiras, de Seguros e Serviços Relacionados",Fevereiro/2024,20286.0,18016.0,1061355.0,2270.0,2024-02-01,0.0021387754332904637,1061355.0
"Atividades Financeiras, de Seguros e Serviços Relacionados",Março/2024,21526.0,19160.0,1063721.0,2366.0,2024-03-01,0.002224267453589804,1063721.0
"Atividades Financeiras, de Seguros e Serviços Relacionados",Abril/2024,23151.0,21123.0,1065749.0,2028.0,2024-04-01,0.0019028870775388953,1065749.0
"Atividades Financeiras, de Seguros e Serviços Relacionados",Maio/2024,22156.0,19667.0,1068238.0,2489.0,2024-05-01,0.0023300051112205332,1068238.0
"Atividades Financeiras, de Seguros e Serviços Relacionados",Junho/2024,21139.0,18531.0,1070846.0,2608.0,2024-06-01,0.0024354575727975826,1070846.0
"Atividades Financeiras, de Seguros e Serviços Relacionados",Julho/2024,21508.0,21082.0,1071272.0,426.0,2024-07-01,0.00039765811110530286,1071272.0
"Atividades Financeiras, de Seguros e Serviços Relacionados",Agosto/2024,21385.0,21153.0,1071504.0,232.0,2024-08-01,0.00021651809045976497,1071504.0
"Atividades Financeiras, de Seguros e Serviços Relacionados",Setembro/2024,22754.0,19207.0,1075051.0,3547.0,2024-09-01,0.0032993783550733873,1075051.0
"Atividades Financeiras, de Seguros e Serviços Relacionados",Outubro/2024,22425.0,20416.0,1077060.0,2009.0,2024-10-01,0.0018652628451525449,1077060.0
"Atividades Financeiras, de Seguros e Serviços Relacionados",Novembro/2024,19357.0,18120.0,1078297.0,1237.0,2024-11-01,0.001147179302177415,1078297.0
"Atividades Financeiras, de Seguros e Serviços Relacionados",Dezembro/2024,14296.0,15879.0,1076714.0,-1583.0,2024-12-01,-0.0014702140029757207,1076714.0
"Atividades Financeiras, de Seguros e Serviços Relacionados",Janeiro/2025,20547.0,20473.0,1076788.0,74.0,2025-01-01,6.872290553015078e-05,1076788.0
"Atividades Financeiras, de Seguros e Serviços Relacionados",Fevereiro/2025,23547.0,20214.0,1080121.0,3333.0,2025-02-01,0.0030857653910997007,1080121.0
"Atividades Financeiras, de Seguros e Serviços Relacionados",Março/2025,20646.0,19650.0,1081117.0,996.0,2025-03-01,0.0009212693908244899,1081117.0
"Atividades Financeiras, de Seguros e Serviços Relacionados",Abril/2025,22177.0,20421.0,1082873.0,1756.0,2025-04-01,0.0016216121373420522,1082873.0
"Atividades Financeiras, de Seguros e Serviços Relacionados",Maio/2025,21866.0,21043.0,1083696.0,823.0,2025-05-01,0.0007594380711933974,1083696.0
"Atividades Financeiras, de Seguros e Serviços Relacionados",Junho/2025,22191.0,20425.0,1085462.0,1766.0,2025-06-01,0.001626957000797817,1085462.0
"Atividades Financeiras, de Seguros e Serviços Relacionados",Julho/2025,23729.0,22041.0,1087150.0,1688.0,2025-07-01,0.0015526836223152278,1087150.0
"Atividades Financeiras, de Seguros e Serviços Relacionados",Agosto/2025,21789.0,20892.0,1088047.0,897.0,2025-08-01,0.000824412915986166,1088047.0
"Atividades Financeiras, de Seguros e Serviços Relacionados",Setembro/2025,21542.0,21208.0,1088381.0,334.0,2025-09-01,0.0003068778304656182,1088381.0
"Atividades Financeiras, de Seguros e Serviços Relacionados",Outubro/2025,21554.0,20682.0,1089253.0,872.0,2025-10-01,0.0008005486328704167,1089253.0
"Atividades Financeiras, de Seguros e Serviços Relacionados",Novembro/2025,19138.0,18060.0,1090331.0,1078.0,2025-11-01,0.0009886905902886372,1090331.0
"Atividades Financeiras, de Seguros e Serviços Relacionados",Dezembro/2025,14165.0,16623.0,,-2458.0,2025-12-01,-0.002254361290287078,1090331.0
"Atividades Financeiras, de Seguros e Serviços Relacionados",Janeiro/2026,20191.0,20994.0,1087070.0,-803.0,2026-01-01,-0.0007386828815071707,1087070.0
"Atividades Financeiras, de Seguros e Serviços Relacionados",Fevereiro/2026,18992.0,19200.0,1086862.0,-208.0,2026-02-01,-0.00019137664211279812,1086862.0
"Atividades Financeiras, de Seguros e Serviços Relacionados",Março/2026,23127.0,22120.0,1087869.0,1007.0,2026-03-01,0.0009256629244881507,1087869.0
"Atividades Financeiras, de Seguros e Serviços Relacionados",Abril/2026,21902.0,22060.0,1087711.0,-158.0,2026-04-01,-0.00014525917270304337,1087711.0
"Atividades Financeiras, de Seguros e Serviços Relacionados",Maio/2026,20690.0,20623.0,1087778.0,67.0,2026-05-01,6.159345013412663e-05,1087778.0
"Atividades Financeiras, de Seguros e Serviços Relacionados",Junho/2026,21209.0,20448.0,1088539.0,761.0,2026-06-01,0.0006991021911020184,1088539.0
Atividades Imobiliárias,Janeiro/2020,5654.0,4591.0,158054.0,1063.0,2020-01-01,0.006725549495741961,158054.0
Atividades Imobiliárias,Fevereiro/2020,5649.0,4553.0,159150.0,1096.0,2020-02-01,0.006886584982720704,159150.0
Atividades Imobiliárias,Março/2020,5085.0,5073.0,159162.0,12.0,2020-03-01,7.539488068760131e-05,159162.0
Atividades Imobiliárias,Abril/2020,1678.0,5284.0,155556.0,-3606.0,2020-04-01,-0.023181362338964746,155556.0
Atividades Imobiliárias,Maio/2020,2353.0,3967.0,153942.0,-1614.0,2020-05-01,-0.010484468176326148,153942.0
Atividades Imobiliárias,Junho/2020,2907.0,3370.0,153479.0,-463.0,2020-06-01,-0.0030166993530059485,153479.0
Atividades Imobiliárias,Julho/2020,4181.0,3532.0,154128.0,649.0,2020-07-01,0.004210785840340496,154128.0
Atividades Imobiliárias,Agosto/2020,4479.0,3477.0,155130.0,1002.0,2020-08-01,0.006459098820344227,155130.0
Atividades Imobiliárias,Setembro/2020,5094.0,3835.0,156389.0,1259.0,2020-09-01,0.008050438330061577,156389.0
Atividades Imobiliárias,Outubro/2020,5699.0,4068.0,158020.0,1631.0,2020-10-01,0.01032147829388685,158020.0
Atividades Imobiliárias,Novembro/2020,5333.0,3636.0,159717.0,1697.0,2020-11-01,0.010625043044885641,159717.0
Atividades Imobiliárias,Dezembro/2020,4604.0,3896.0,160425.0,708.0,2020-12-01,0.004413277232351566,160425.0
Atividades Imobiliárias,Janeiro/2021,6204.0,4203.0,162426.0,2001.0,2021-01-01,0.01231945624468989,162426.0
Atividades Imobiliárias,Fevereiro/2021,6402.0,4661.0,164167.0,1741.0,2021-02-01,0.010605054609026174,164167.0
Atividades Imobiliárias,Março/2021,6198.0,4667.0,165698.0,1531.0,2021-03-01,0.009239701143043368,165698.0
Atividades Imobiliárias,Abril/2021,5640.0,4181.0,167157.0,1459.0,2021-04-01,0.008728321278797777,167157.0
Atividades Imobiliárias,Maio/2021,6156.0,4815.0,168498.0,1341.0,2021-05-01,0.007958551436812306,168498.0
Atividades Imobiliárias,Junho/2021,6521.0,4765.0,170254.0,1756.0,2021-06-01,0.010314001433152819,170254.0
Atividades Imobiliárias,Julho/2021,6551.0,4879.0,171926.0,1672.0,2021-07-01,0.009725114293358771,171926.0
Atividades Imobiliárias,Agosto/2021,7029.0,5288.0,173667.0,1741.0,2021-08-01,0.010024932773641509,173667.0
Atividades Imobiliárias,Setembro/2021,7114.0,5573.0,175208.0,1541.0,2021-09-01,0.008795260490388567,175208.0
Atividades Imobiliárias,Outubro/2021,6731.0,5674.0,176265.0,1057.0,2021-10-01,0.005996652767140385,176265.0
Atividades Imobiliárias,Novembro/2021,6939.0,5159.0,178045.0,1780.0,2021-11-01,0.009997472549074671,178045.0
Atividades Imobiliárias,Dezembro/2021,5617.0,5643.0,178019.0,-26.0,2021-12-01,-0.000146051825928693,178019.0
Atividades Imobiliárias,Janeiro/2022,6998.0,5932.0,179085.0,1066.0,2022-01-01,0.005952480665605718,179085.0
Atividades Imobiliárias,Fevereiro/2022,7918.0,6542.0,180461.0,1376.0,2022-02-01,0.0076249161868769426,180461.0
Atividades Imobiliárias,Março/2022,8117.0,6818.0,181760.0,1299.0,2022-03-01,0.007146786971830986,181760.0
Atividades Imobiliárias,Abril/2022,7526.0,6474.0,182812.0,1052.0,2022-04-01,0.005754545653458197,182812.0
Atividades Imobiliárias,Maio/2022,7715.0,6990.0,183537.0,725.0,2022-05-01,0.003950157189013659,183537.0
Atividades Imobiliárias,Junho/2022,7107.0,6626.0,184018.0,481.0,2022-06-01,0.002613874729646013,184018.0
Atividades Imobiliárias,Julho/2022,7187.0,7136.0,184069.0,51.0,2022-07-01,0.0002770700117890574,184069.0
Atividades Imobiliárias,Agosto/2022,7546.0,6898.0,184717.0,648.0,2022-08-01,0.003508069100299377,184717.0
Atividades Imobiliárias,Setembro/2022,6880.0,6240.0,185357.0,640.0,2022-09-01,0.003452796495411557,185357.0
Atividades Imobiliárias,Outubro/2022,6567.0,5817.0,186107.0,750.0,2022-10-01,0.004029939765833633,186107.0
Atividades Imobiliárias,Novembro/2022,6055.0,5919.0,186243.0,136.0,2022-11-01,0.0007302287871222006,186243.0
Atividades Imobiliárias,Dezembro/2022,4802.0,5745.0,185300.0,-943.0,2022-12-01,-0.005089044792228818,185300.0
Atividades Imobiliárias,Janeiro/2023,6948.0,6745.0,185503.0,203.0,2023-01-01,0.001094321924712808,185503.0
Atividades Imobiliárias,Fevereiro/2023,6753.0,6369.0,185887.0,384.0,2023-02-01,0.0020657711405316134,185887.0
Atividades Imobiliárias,Março/2023,8282.0,7642.0,186527.0,640.0,2023-03-01,0.0034311386555297627,186527.0
Atividades Imobiliárias,Abril/2023,7115.0,6457.0,187185.0,658.0,2023-04-01,0.003515238934743703,187185.0
Atividades Imobiliárias,Maio/2023,7530.0,7057.0,187658.0,473.0,2023-05-01,0.002520542689360432,187658.0
Atividades Imobiliárias,Junho/2023,7203.0,6857.0,188004.0,346.0,2023-06-01,0.0018403863747579838,188004.0
Atividades Imobiliárias,Julho/2023,7074.0,6548.0,188530.0,526.0,2023-07-01,0.0027900068954543043,188530.0
Atividades Imobiliárias,Agosto/2023,7716.0,7327.0,188919.0,389.0,2023-08-01,0.002059083522567873,188919.0
Atividades Imobiliárias,Setembro/2023,6996.0,6259.0,189656.0,737.0,2023-09-01,0.0038859830429830854,189656.0
Atividades Imobiliárias,Outubro/2023,6788.0,6587.0,189857.0,201.0,2023-10-01,0.001058691541528624,189857.0
Atividades Imobiliárias,Novembro/2023,6748.0,6417.0,190188.0,331.0,2023-11-01,0.001740383199781269,190188.0
Atividades Imobiliárias,Dezembro/2023,5391.0,5946.0,189633.0,-555.0,2023-12-01,-0.0029267057948774737,189633.0
Atividades Imobiliárias,Janeiro/2024,7311.0,6845.0,190099.0,466.0,2024-01-01,0.0024513542943413696,190099.0
Atividades Imobiliárias,Fevereiro/2024,7697.0,6896.0,190900.0,801.0,2024-02-01,0.004195914091147198,190900.0
Atividades Imobiliárias,Março/2024,8202.0,7300.0,191802.0,902.0,2024-03-01,0.004702766394511006,191802.0
Atividades Imobiliárias,Abril/2024,8397.0,7175.0,193024.0,1222.0,2024-04-01,0.006330818965517241,193024.0
Atividades Imobiliárias,Maio/2024,7513.0,7388.0,193149.0,125.0,2024-05-01,0.0006471687660821438,193149.0
Atividades Imobiliárias,Junho/2024,7441.0,6723.0,193867.0,718.0,2024-06-01,0.0037035699732290693,193867.0
Atividades Imobiliárias,Julho/2024,7579.0,7054.0,194392.0,525.0,2024-07-01,0.0027007284250380676,194392.0
Atividades Imobiliárias,Agosto/2024,7533.0,7159.0,194766.0,374.0,2024-08-01,0.0019202530215746076,194766.0
Atividades Imobiliárias,Setembro/2024,7556.0,6680.0,195642.0,876.0,2024-09-01,0.004477566166774006,195642.0
Atividades Imobiliárias,Outubro/2024,7909.0,7539.0,196012.0,370.0,2024-10-01,0.0018876395322735343,196012.0
Atividades Imobiliárias,Novembro/2024,6794.0,6642.0,196164.0,152.0,2024-11-01,0.0007748618502885341,196164.0
Atividades Imobiliárias,Dezembro/2024,5146.0,5755.0,195555.0,-609.0,2024-12-01,-0.0031142133926516835,195555.0
Atividades Imobiliárias,Janeiro/2025,8038.0,7107.0,196486.0,931.0,2025-01-01,0.004738251071323148,196486.0
Atividades Imobiliárias,Fevereiro/2025,9305.0,7581.0,198210.0,1724.0,2025-02-01,0.008697845719186722,198210.0
Atividades Imobiliárias,Março/2025,8167.0,7642.0,198735.0,525.0,2025-03-01,0.0026417088082119405,198735.0
Atividades Imobiliárias,Abril/2025,8517.0,7187.0,200065.0,1330.0,2025-04-01,0.006647839452178042,200065.0
Atividades Imobiliárias,Maio/2025,8051.0,7759.0,200357.0,292.0,2025-05-01,0.0014573985435996745,200357.0
Atividades Imobiliárias,Junho/2025,7803.0,7210.0,200950.0,593.0,2025-06-01,0.002950982831550137,200950.0
Atividades Imobiliárias,Julho/2025,8091.0,7587.0,201454.0,504.0,2025-07-01,0.0025018118280103648,201454.0
Atividades Imobiliárias,Agosto/2025,8020.0,7591.0,201883.0,429.0,2025-08-01,0.002124993189124394,201883.0
Atividades Imobiliárias,Setembro/2025,7996.0,7422.0,202457.0,574.0,2025-09-01,0.0028351699373200235,202457.0
Atividades Imobiliárias,Outubro/2025,8134.0,7748.0,202843.0,386.0,2025-10-01,0.0019029495718363464,202843.0
Atividades Imobiliárias,Novembro/2025,7012.0,6724.0,203131.0,288.0,2025-11-01,0.0014178042740891346,203131.0
Atividades Imobiliárias,Dezembro/2025,5228.0,6270.0,,-1042.0,2025-12-01,-0.005129694630558605,203131.0
Atividades Imobiliárias,Janeiro/2026,7923.0,7325.0,202687.0,598.0,2026-01-01,0.0029503618880342597,202687.0
Atividades Imobiliárias,Fevereiro/2026,8004.0,7539.0,203152.0,465.0,2026-02-01,0.002288926518075136,203152.0
Atividades Imobiliárias,Março/2026,9125.0,7957.0,204320.0,1168.0,2026-03-01,0.005716523101018011,204320.0
Atividades Imobiliárias,Abril/2026,8376.0,7707.0,204989.0,669.0,2026-04-01,0.0032635897535965345,204989.0
Atividades Imobiliárias,Maio/2026,7805.0,7639.0,205155.0,166.0,2026-05-01,0.0008091443055250908,205155.0
Atividades Imobiliárias,Junho/2026,7969.0,7493.0,205631.0,476.0,2026-06-01,0.002314826071944405,205631.0
"Atividades Profissionais, Científicas e Técnicas",Janeiro/2020,48125.0,39035.0,1170569.0,9090.0,2020-01-01,0.0077654542363585575,1170569.0
"Atividades Profissionais, Científicas e Técnicas",Fevereiro/2020,45017.0,37882.0,1177704.0,7135.0,2020-02-01,0.006058398375143499,1177704.0
"Atividades Profissionais, Científicas e Técnicas",Março/2020,44777.0,46799.0,1175682.0,-2022.0,2020-03-01,-0.0017198528173434653,1175682.0
"Atividades Profissionais, Científicas e Técnicas",Abril/2020,18259.0,40844.0,1153097.0,-22585.0,2020-04-01,-0.01958638345256297,1153097.0
"Atividades Profissionais, Científicas e Técnicas",Maio/2020,21485.0,32290.0,1142292.0,-10805.0,2020-05-01,-0.009459052501461973,1142292.0
"Atividades Profissionais, Científicas e Técnicas",Junho/2020,26518.0,30407.0,1138403.0,-3889.0,2020-06-01,-0.003416189170267471,1138403.0
"Atividades Profissionais, Científicas e Técnicas",Julho/2020,35063.0,29401.0,1144065.0,5662.0,2020-07-01,0.004949019505010642,1144065.0
"Atividades Profissionais, Científicas e Técnicas",Agosto/2020,43322.0,30556.0,1156831.0,12766.0,2020-08-01,0.01103531976580849,1156831.0
"Atividades Profissionais, Científicas e Técnicas",Setembro/2020,45533.0,33200.0,1169164.0,12333.0,2020-09-01,0.010548562904776404,1169164.0
"Atividades Profissionais, Científicas e Técnicas",Outubro/2020,55301.0,35761.0,1188704.0,19540.0,2020-10-01,0.016438070369074218,1188704.0
"Atividades Profissionais, Científicas e Técnicas",Novembro/2020,49014.0,35641.0,1202077.0,13373.0,2020-11-01,0.01112491129935936,1202077.0
"Atividades Profissionais, Científicas e Técnicas",Dezembro/2020,37908.0,41311.0,1198674.0,-3403.0,2020-12-01,-0.002838970395620494,1198674.0
"Atividades Profissionais, Científicas e Técnicas",Janeiro/2021,56218.0,38103.0,1216789.0,18115.0,2021-01-01,0.014887544183913562,1216789.0
"Atividades Profissionais, Científicas e Técnicas",Fevereiro/2021,56608.0,41107.0,1232290.0,15501.0,2021-02-01,0.012579019548969804,1232290.0
"Atividades Profissionais, Científicas e Técnicas",Março/2021,61028.0,44826.0,1248492.0,16202.0,2021-03-01,0.012977255761350493,1248492.0
"Atividades Profissionais, Científicas e Técnicas",Abril/2021,55510.0,43238.0,1260764.0,12272.0,2021-04-01,0.009733780469620009,1260764.0
"Atividades Profissionais, Científicas e Técnicas",Maio/2021,60127.0,45415.0,1275476.0,14712.0,2021-05-01,0.011534517309616174,1275476.0
"Atividades Profissionais, Científicas e Técnicas",Junho/2021,59421.0,44525.0,1290372.0,14896.0,2021-06-01,0.011543957866413716,1290372.0
"Atividades Profissionais, Científicas e Técnicas",Julho/2021,62309.0,48438.0,1304243.0,13871.0,2021-07-01,0.010635288055983433,1304243.0
"Atividades Profissionais, Científicas e Técnicas",Agosto/2021,64957.0,49661.0,1319539.0,15296.0,2021-08-01,0.011591927180628993,1319539.0
"Atividades Profissionais, Científicas e Técnicas",Setembro/2021,64625.0,51067.0,1333097.0,13558.0,2021-09-01,0.010170302686151121,1333097.0
"Atividades Profissionais, Científicas e Técnicas",Outubro/2021,64896.0,54218.0,1343775.0,10678.0,2021-10-01,0.007946270767055497,1343775.0
"Atividades Profissionais, Científicas e Técnicas",Novembro/2021,64444.0,50647.0,1357572.0,13797.0,2021-11-01,0.010162996879723506,1357572.0
"Atividades Profissionais, Científicas e Técnicas",Dezembro/2021,50565.0,58028.0,1350109.0,-7463.0,2021-12-01,-0.005527701837407202,1350109.0
"Atividades Profissionais, Científicas e Técnicas",Janeiro/2022,68337.0,55437.0,1363009.0,12900.0,2022-01-01,0.009464354233904545,1363009.0
"Atividades Profissionais, Científicas e Técnicas",Fevereiro/2022,69730.0,56030.0,1376709.0,13700.0,2022-02-01,0.009951267842369011,1376709.0
"Atividades Profissionais, Científicas e Técnicas",Março/2022,75264.0,62058.0,1389915.0,13206.0,2022-03-01,0.009501300439235492,1389915.0
"Atividades Profissionais, Científicas e Técnicas",Abril/2022,69844.0,59087.0,1400672.0,10757.0,2022-04-01,0.007679885083731237,1400672.0
"Atividades Profissionais, Científicas e Técnicas",Maio/2022,71266.0,59246.0,1412692.0,12020.0,2022-05-01,0.008508577949050465,1412692.0
"Atividades Profissionais, Científicas e Técnicas",Junho/2022,67870.0,56532.0,1424030.0,11338.0,2022-06-01,0.007961910914798143,1424030.0
"Atividades Profissionais, Científicas e Técnicas",Julho/2022,67349.0,57804.0,1433575.0,9545.0,2022-07-01,0.006658179725511396,1433575.0
"Atividades Profissionais, Científicas e Técnicas",Agosto/2022,74346.0,61314.0,1446607.0,13032.0,2022-08-01,0.009008666486474902,1446607.0
"Atividades Profissionais, Científicas e Técnicas",Setembro/2022,72077.0,62403.0,1456281.0,9674.0,2022-09-01,0.006642948716628178,1456281.0
"Atividades Profissionais, Científicas e Técnicas",Outubro/2022,67654.0,57677.0,1466258.0,9977.0,2022-10-01,0.006804395952144848,1466258.0
"Atividades Profissionais, Científicas e Técnicas",Novembro/2022,64826.0,55390.0,1475694.0,9436.0,2022-11-01,0.006394279572865378,1475694.0
"Atividades Profissionais, Científicas e Técnicas",Dezembro/2022,49306.0,60040.0,1464960.0,-10734.0,2022-12-01,-0.0073271625163826995,1464960.0
"Atividades Profissionais, Científicas e Técnicas",Janeiro/2023,72463.0,62713.0,1474710.0,9750.0,2023-01-01,0.006611469373639563,1474710.0
"Atividades Profissionais, Científicas e Técnicas",Fevereiro/2023,66682.0,58429.0,1482963.0,8253.0,2023-02-01,0.00556520965121854,1482963.0
"Atividades Profissionais, Científicas e Técnicas",Março/2023,79286.0,69451.0,1492798.0,9835.0,2023-03-01,0.006588299287646419,1492798.0
"Atividades Profissionais, Científicas e Técnicas",Abril/2023,66151.0,58534.0,1500415.0,7617.0,2023-04-01,0.005076595475251847,1500415.0
"Atividades Profissionais, Científicas e Técnicas",Maio/2023,70531.0,66300.0,1504646.0,4231.0,2023-05-01,0.002811957098214464,1504646.0
"Atividades Profissionais, Científicas e Técnicas",Junho/2023,69363.0,63214.0,1510795.0,6149.0,2023-06-01,0.004070042593469002,1510795.0
"Atividades Profissionais, Científicas e Técnicas",Julho/2023,69426.0,63031.0,1517190.0,6395.0,2023-07-01,0.004215029099849063,1517190.0
"Atividades Profissionais, Científicas e Técnicas",Agosto/2023,75992.0,69750.0,1523432.0,6242.0,2023-08-01,0.0040973276129161,1523432.0
"Atividades Profissionais, Científicas e Técnicas",Setembro/2023,69610.0,60958.0,1532084.0,8652.0,2023-09-01,0.005647209944102282,1532084.0
"Atividades Profissionais, Científicas e Técnicas",Outubro/2023,69824.0,63181.0,1538727.0,6643.0,2023-10-01,0.004317205066265816,1538727.0
"Atividades Profissionais, Científicas e Técnicas",Novembro/2023,66777.0,61192.0,1544312.0,5585.0,2023-11-01,0.0036164971845067577,1544312.0
"Atividades Profissionais, Científicas e Técnicas",Dezembro/2023,51446.0,62552.0,1533206.0,-11106.0,2023-12-01,-0.007243645015738263,1533206.0
"Atividades Profissionais, Científicas e Técnicas",Janeiro/2024,78053.0,65909.0,1545350.0,12144.0,2024-01-01,0.007858413951532016,1545350.0
"Atividades Profissionais, Científicas e Técnicas",Fevereiro/2024,75671.0,67744.0,1553277.0,7927.0,2024-02-01,0.00510340396465022,1553277.0
"Atividades Profissionais, Científicas e Técnicas",Março/2024,80657.0,70557.0,1563377.0,10100.0,2024-03-01,0.006460373921325439,1563377.0
"Atividades Profissionais, Científicas e Técnicas",Abril/2024,82589.0,73300.0,1572666.0,9289.0,2024-04-01,0.005906530693739166,1572666.0
"Atividades Profissionais, Científicas e Técnicas",Maio/2024,75535.0,72847.0,1575354.0,2688.0,2024-05-01,0.0017062831592137386,1575354.0
"Atividades Profissionais, Científicas e Técnicas",Junho/2024,73534.0,67318.0,1581570.0,6216.0,2024-06-01,0.0039302718185094555,1581570.0
"Atividades Profissionais, Científicas e Técnicas",Julho/2024,81535.0,73198.0,1589907.0,8337.0,2024-07-01,0.005243702933567813,1589907.0
"Atividades Profissionais, Científicas e Técnicas",Agosto/2024,80782.0,71224.0,1599465.0,9558.0,2024-08-01,0.0059757481407845744,1599465.0
"Atividades Profissionais, Científicas e Técnicas",Setembro/2024,79323.0,69556.0,1609232.0,9767.0,2024-09-01,0.006069354822673176,1609232.0
"Atividades Profissionais, Científicas e Técnicas",Outubro/2024,79651.0,74030.0,1614853.0,5621.0,2024-10-01,0.0034808121853815797,1614853.0
"Atividades Profissionais, Científicas e Técnicas",Novembro/2024,68549.0,65031.0,1618371.0,3518.0,2024-11-01,0.002173790805692885,1618371.0
"Atividades Profissionais, Científicas e Técnicas",Dezembro/2024,51040.0,62875.0,1606536.0,-11835.0,2024-12-01,-0.0073667816967687,1606536.0
"Atividades Profissionais, Científicas e Técnicas",Janeiro/2025,85101.0,74174.0,1617463.0,10927.0,2025-01-01,0.006755641396433798,1617463.0
"Atividades Profissionais, Científicas e Técnicas",Fevereiro/2025,89674.0,75440.0,1631697.0,14234.0,2025-02-01,0.00872343333351719,1631697.0
"Atividades Profissionais, Científicas e Técnicas",Março/2025,81948.0,74088.0,1639557.0,7860.0,2025-03-01,0.0047939778854898,1639557.0
"Atividades Profissionais, Científicas e Técnicas",Abril/2025,84696.0,73467.0,1650786.0,11229.0,2025-04-01,0.006802214217954356,1650786.0
"Atividades Profissionais, Científicas e Técnicas",Maio/2025,82564.0,75815.0,1657535.0,6749.0,2025-05-01,0.0040717088930248835,1657535.0
"Atividades Profissionais, Científicas e Técnicas",Junho/2025,79312.0,69590.0,1667257.0,9722.0,2025-06-01,0.005831134612120387,1667257.0
"Atividades Profissionais, Científicas e Técnicas",Julho/2025,86036.0,77650.0,1675643.0,8386.0,2025-07-01,0.005004645977693339,1675643.0
"Atividades Profissionais, Científicas e Técnicas",Agosto/2025,85450.0,76844.0,1684249.0,8606.0,2025-08-01,0.005109695775387131,1684249.0
"Atividades Profissionais, Científicas e Técnicas",Setembro/2025,87332.0,75209.0,1696372.0,12123.0,2025-09-01,0.007146427788244559,1696372.0
"Atividades Profissionais, Científicas e Técnicas",Outubro/2025,86901.0,78829.0,1704444.0,8072.0,2025-10-01,0.004735855211435518,1704444.0
"Atividades Profissionais, Científicas e Técnicas",Novembro/2025,74620.0,69047.0,1710017.0,5573.0,2025-11-01,0.003259031927752765,1710017.0
"Atividades Profissionais, Científicas e Técnicas",Dezembro/2025,53965.0,71912.0,,-17947.0,2025-12-01,-0.010495217299009308,1710017.0
"Atividades Profissionais, Científicas e Técnicas",Janeiro/2026,85684.0,72642.0,1705112.0,13042.0,2026-01-01,0.007648764421340064,1705112.0
"Atividades Profissionais, Científicas e Técnicas",Fevereiro/2026,84180.0,75658.0,1713634.0,8522.0,2026-02-01,0.004973057257267304,1713634.0
"Atividades Profissionais, Científicas e Técnicas",Março/2026,94443.0,82296.0,1725781.0,12147.0,2026-03-01,0.00703855240033353,1725781.0
"Atividades Profissionais, Científicas e Técnicas",Abril/2026,83814.0,79950.0,1729645.0,3864.0,2026-04-01,0.0022339844303310794,1729645.0
"Atividades Profissionais, Científicas e Técnicas",Maio/2026,79236.0,78265.0,1730616.0,971.0,2026-05-01,0.000561071895787396,1730616.0
"Atividades Profissionais, Científicas e Técnicas",Junho/2026,80658.0,76012.0,1735262.0,4646.0,2026-06-01,0.0026774054868947744,1735262.0
Comércio; reparação de veículos automotores e motocicletas,Janeiro/2020,308116.0,361605.0,8571299.0,-53489.0,2020-01-01,-0.00624047766855409,8571299.0
Comércio; reparação de veículos automotores e motocicletas,Fevereiro/2020,333131.0,326888.0,8577542.0,6243.0,2020-02-01,0.0007278308867505399,8577542.0
Comércio; reparação de veículos automotores e motocicletas,Março/2020,311296.0,384023.0,8504815.0,-72727.0,2020-03-01,-0.008551273602071297,8504815.0
Comércio; reparação de veículos automotores e motocicletas,Abril/2020,116937.0,360134.0,8261618.0,-243197.0,2020-04-01,-0.029436969852636614,8261618.0
Comércio; reparação de veículos automotores e motocicletas,Maio/2020,144197.0,238471.0,8167344.0,-94274.0,2020-05-01,-0.011542797756528929,8167344.0
Comércio; reparação de veículos automotores e motocicletas,Junho/2020,191301.0,211100.0,8147545.0,-19799.0,2020-06-01,-0.002430057152185106,8147545.0
Comércio; reparação de veículos automotores e motocicletas,Julho/2020,245220.0,219079.0,8173686.0,26141.0,2020-07-01,0.003198189898657717,8173686.0
Comércio; reparação de veículos automotores e motocicletas,Agosto/2020,279049.0,231379.0,8221356.0,47670.0,2020-08-01,0.00579831356287211,8221356.0
Comércio; reparação de veículos automotores e motocicletas,Setembro/2020,324027.0,254966.0,8290417.0,69061.0,2020-09-01,0.008330220301343104,8290417.0
Comércio; reparação de veículos automotores e motocicletas,Outubro/2020,397125.0,282943.0,8404599.0,114182.0,2020-10-01,0.013585657090838005,8404599.0
Comércio; reparação de veículos automotores e motocicletas,Novembro/2020,436572.0,259137.0,8582034.0,177435.0,2020-11-01,0.020675168613874053,8582034.0
Comércio; reparação de veículos automotores e motocicletas,Dezembro/2020,360180.0,301028.0,8641186.0,59152.0,2020-12-01,0.006845356644330998,8641186.0
Comércio; reparação de veículos automotores e motocicletas,Janeiro/2021,343287.0,336315.0,8648158.0,6972.0,2021-01-01,0.000806183235782695,8648158.0
Comércio; reparação de veículos automotores e motocicletas,Fevereiro/2021,386423.0,320487.0,8714094.0,65936.0,2021-02-01,0.007566592694547476,8714094.0
Comércio; reparação de veículos automotores e motocicletas,Março/2021,352666.0,338530.0,8728230.0,14136.0,2021-03-01,0.0016195723531575131,8728230.0
Comércio; reparação de veículos automotores e motocicletas,Abril/2021,297448.0,290663.0,8735015.0,6785.0,2021-04-01,0.0007767588264015574,8735015.0
Comércio; reparação de veículos automotores e motocicletas,Maio/2021,353869.0,294340.0,8794544.0,59529.0,2021-05-01,0.006768855781493617,8794544.0
Comércio; reparação de veículos automotores e motocicletas,Junho/2021,378302.0,305827.0,8867019.0,72475.0,2021-06-01,0.008173547389489071,8867019.0
Comércio; reparação de veículos automotores e motocicletas,Julho/2021,390197.0,315617.0,8941599.0,74580.0,2021-07-01,0.008340790053322677,8941599.0
Comércio; reparação de veículos automotores e motocicletas,Agosto/2021,417484.0,339795.0,9019288.0,77689.0,2021-08-01,0.00861365109973204,9019288.0
Comércio; reparação de veículos automotores e motocicletas,Setembro/2021,418178.0,357783.0,9079683.0,60395.0,2021-09-01,0.0066516639402498965,9079683.0
Comércio; reparação de veículos automotores e motocicletas,Outubro/2021,433236.0,362881.0,9150038.0,70355.0,2021-10-01,0.007689039105629944,9150038.0
Comércio; reparação de veículos automotores e motocicletas,Novembro/2021,475000.0,335713.0,9289325.0,139287.0,2021-11-01,0.014994307982549863,9289325.0
Comércio; reparação de veículos automotores e motocicletas,Dezembro/2021,390748.0,381735.0,9298338.0,9013.0,2021-12-01,0.0009693130105616724,9298338.0
Comércio; reparação de veículos automotores e motocicletas,Janeiro/2022,368425.0,428513.0,9238250.0,-60088.0,2022-01-01,-0.006504262170865694,9238250.0
Comércio; reparação de veículos automotores e motocicletas,Fevereiro/2022,428466.0,415247.0,9251469.0,13219.0,2022-02-01,0.0014288541635928305,9251469.0
Comércio; reparação de veículos automotores e motocicletas,Março/2022,435469.0,435117.0,9251821.0,352.0,2022-03-01,3.8046564022369216e-05,9251821.0
Comércio; reparação de veículos automotores e motocicletas,Abril/2022,423529.0,394268.0,9281082.0,29261.0,2022-04-01,0.003152757404793967,9281082.0
Comércio; reparação de veículos automotores e motocicletas,Maio/2022,448810.0,401253.0,9328639.0,47557.0,2022-05-01,0.0050979569474175175,9328639.0
Comércio; reparação de veículos automotores e motocicletas,Junho/2022,436638.0,389462.0,9375815.0,47176.0,2022-06-01,0.005031669246886804,9375815.0
Comércio; reparação de veículos automotores e motocicletas,Julho/2022,437488.0,398914.0,9414389.0,38574.0,2022-07-01,0.004097345032163001,9414389.0
Comércio; reparação de veículos automotores e motocicletas,Agosto/2022,466529.0,424643.0,9456275.0,41886.0,2022-08-01,0.004429439710668313,9456275.0
Comércio; reparação de veículos automotores e motocicletas,Setembro/2022,451905.0,393931.0,9514249.0,57974.0,2022-09-01,0.0060933868768832935,9514249.0
Comércio; reparação de veículos automotores e motocicletas,Outubro/2022,443634.0,394278.0,9563605.0,49356.0,2022-10-01,0.005160815403814775,9563605.0
Comércio; reparação de veículos automotores e motocicletas,Novembro/2022,476560.0,370591.0,9669574.0,105969.0,2022-11-01,0.01095901432679454,9669574.0
Comércio; reparação de veículos automotores e motocicletas,Dezembro/2022,387648.0,404923.0,9652299.0,-17275.0,2022-12-01,-0.0017897290583310775,9652299.0
Comércio; reparação de veículos automotores e motocicletas,Janeiro/2023,401624.0,455148.0,9598775.0,-53524.0,2023-01-01,-0.005576128203859347,9598775.0
Comércio; reparação de veículos automotores e motocicletas,Fevereiro/2023,419008.0,420333.0,9597450.0,-1325.0,2023-02-01,-0.00013805750485806125,9597450.0
Comércio; reparação de veículos automotores e motocicletas,Março/2023,492497.0,473942.0,9616005.0,18555.0,2023-03-01,0.0019295955024981788,9616005.0
Comércio; reparação de veículos automotores e motocicletas,Abril/2023,423690.0,396131.0,9643564.0,27559.0,2023-04-01,0.002857760885913133,9643564.0
Comércio; reparação de veículos automotores e motocicletas,Maio/2023,449993.0,434581.0,9658976.0,15412.0,2023-05-01,0.0015956142762959553,9658976.0
Comércio; reparação de veículos automotores e motocicletas,Junho/2023,439553.0,418999.0,9679530.0,20554.0,2023-06-01,0.002123450208842785,9679530.0
Comércio; reparação de veículos automotores e motocicletas,Julho/2023,436119.0,409375.0,9706274.0,26744.0,2023-07-01,0.002755331242452047,9706274.0
Comércio; reparação de veículos automotores e motocicletas,Agosto/2023,483899.0,442056.0,9748117.0,41843.0,2023-08-01,0.0042924187307148655,9748117.0
Comércio; reparação de veículos automotores e motocicletas,Setembro/2023,454280.0,410815.0,9791582.0,43465.0,2023-09-01,0.004439017106735153,9791582.0
Comércio; reparação de veículos automotores e motocicletas,Outubro/2023,474062.0,424415.0,9841229.0,49647.0,2023-10-01,0.005044796742358094,9841229.0
Comércio; reparação de veículos automotores e motocicletas,Novembro/2023,502406.0,413700.0,9929935.0,88706.0,2023-11-01,0.008933190398527281,9929935.0
Comércio; reparação de veículos automotores e motocicletas,Dezembro/2023,420581.0,428530.0,9921986.0,-7949.0,2023-12-01,-0.0008011500923303057,9921986.0
Comércio; reparação de veículos automotores e motocicletas,Janeiro/2024,447139.0,485351.0,9883774.0,-38212.0,2024-01-01,-0.0038661345352493898,9883774.0
Comércio; reparação de veículos automotores e motocicletas,Fevereiro/2024,495449.0,475725.0,9903498.0,19724.0,2024-02-01,0.0019916195267571115,9903498.0
Comércio; reparação de veículos automotores e motocicletas,Março/2024,519886.0,482393.0,9940991.0,37493.0,2024-03-01,0.003771555572276446,9940991.0
Comércio; reparação de veículos automotores e motocicletas,Abril/2024,512709.0,485437.0,9968263.0,27272.0,2024-04-01,0.002735882871469182,9968263.0
Comércio; reparação de veículos automotores e motocicletas,Maio/2024,478022.0,471647.0,9974638.0,6375.0,2024-05-01,0.0006391209385242853,9974638.0
Comércio; reparação de veículos automotores e motocicletas,Junho/2024,479623.0,446211.0,10008050.0,33412.0,2024-06-01,0.003338512497439561,10008050.0
Comércio; reparação de veículos automotores e motocicletas,Julho/2024,503945.0,470942.0,10041053.0,33003.0,2024-07-01,0.0032868066725671103,10041053.0
Comércio; reparação de veículos automotores e motocicletas,Agosto/2024,519122.0,471361.0,10088814.0,47761.0,2024-08-01,0.004734054964240593,10088814.0
Comércio; reparação de veículos automotores e motocicletas,Setembro/2024,505578.0,460956.0,10133436.0,44622.0,2024-09-01,0.0044034422282826875,10133436.0
Comércio; reparação de veículos automotores e motocicletas,Outubro/2024,543498.0,499201.0,10177733.0,44297.0,2024-10-01,0.004352344475926024,10177733.0
Comércio; reparação de veículos automotores e motocicletas,Novembro/2024,529947.0,435375.0,10272305.0,94572.0,2024-11-01,0.009206502338082836,10272305.0
Comércio; reparação de veículos automotores e motocicletas,Dezembro/2024,430142.0,455226.0,10247221.0,-25084.0,2024-12-01,-0.0024478831870611553,10247221.0
Comércio; reparação de veículos automotores e motocicletas,Janeiro/2025,494527.0,546944.0,10194804.0,-52417.0,2025-01-01,-0.005141540729964009,10194804.0
Comércio; reparação de veículos automotores e motocicletas,Fevereiro/2025,567937.0,521350.0,10241391.0,46587.0,2025-02-01,0.004548893797727281,10241391.0
Comércio; reparação de veículos automotores e motocicletas,Março/2025,513006.0,523316.0,10231081.0,-10310.0,2025-03-01,-0.0010077136521546453,10231081.0
Comércio; reparação de veículos automotores e motocicletas,Abril/2025,531662.0,483622.0,10279121.0,48040.0,2025-04-01,0.004673551366892169,10279121.0
Comércio; reparação de veículos automotores e motocicletas,Maio/2025,525096.0,501838.0,10302379.0,23258.0,2025-05-01,0.002257536827173607,10302379.0
Comércio; reparação de veículos automotores e motocicletas,Junho/2025,500753.0,467815.0,10335317.0,32938.0,2025-06-01,0.0031869365980743505,10335317.0
Comércio; reparação de veículos automotores e motocicletas,Julho/2025,526973.0,499648.0,10362642.0,27325.0,2025-07-01,0.0026368758083122044,10362642.0
Comércio; reparação de veículos automotores e motocicletas,Agosto/2025,524039.0,491427.0,10395254.0,32612.0,2025-08-01,0.0031372008803248097,10395254.0
Comércio; reparação de veículos automotores e motocicletas,Setembro/2025,531103.0,494823.0,10431534.0,36280.0,2025-09-01,0.003477916095561784,10431534.0
Comércio; reparação de veículos automotores e motocicletas,Outubro/2025,547183.0,521591.0,10457126.0,25592.0,2025-10-01,0.0024473263495151535,10457126.0
Comércio; reparação de veículos automotores e motocicletas,Novembro/2025,517891.0,439642.0,10535375.0,78249.0,2025-11-01,0.007427262911856483,10535375.0
Comércio; reparação de veículos automotores e motocicletas,Dezembro/2025,424222.0,478577.0,,-54355.0,2025-12-01,-0.0051592847905271525,10535375.0
Comércio; reparação de veículos automotores e motocicletas,Janeiro/2026,483703.0,540503.0,10424220.0,-56800.0,2026-01-01,-0.005448848930663397,10424220.0
Comércio; reparação de veículos automotores e motocicletas,Fevereiro/2026,522059.0,515932.0,10430347.0,6127.0,2026-02-01,0.0005874205335642237,10430347.0
Comércio; reparação de veículos automotores e motocicletas,Março/2026,579427.0,552160.0,10457614.0,27267.0,2026-03-01,0.0026073825253064417,10457614.0
Comércio; reparação de veículos automotores e motocicletas,Abril/2026,517595.0,525709.0,10449500.0,-8114.0,2026-04-01,-0.0007764964830853151,10449500.0
Comércio; reparação de veículos automotores e motocicletas,Maio/2026,502780.0,502740.0,10449540.0,40.0,2026-05-01,3.827919697900577e-06,10449540.0
Comércio; reparação de veículos automotores e motocicletas,Junho/2026,507660.0,488483.0,10468717.0,19177.0,2026-06-01,0.0018318386102136488,10468717.0
Construção,Janeiro/2020,143164.0,111392.0,2034859.0,31772.0,2020-01-01,0.015613858257500888,2034859.0
Construção,Fevereiro/2020,137113.0,113646.0,2058326.0,23467.0,2020-02-01,0.011401012278910144,2058326.0
Construção,Março/2020,125344.0,138521.0,2045149.0,-13177.0,2020-03-01,-0.006443051337579804,2045149.0
Construção,Abril/2020,59027.0,128597.0,1975579.0,-69570.0,2020-04-01,-0.035214992667972275,1975579.0
Construção,Maio/2020,86416.0,107062.0,1954933.0,-20646.0,2020-05-01,-0.01056097574699491,1954933.0
Construção,Junho/2020,114898.0,97882.0,1971949.0,17016.0,2020-06-01,0.008629026409912224,1971949.0
Construção,Julho/2020,140688.0,98735.0,2013902.0,41953.0,2020-07-01,0.020831698861215688,2013902.0
Construção,Agosto/2020,151653.0,100805.0,2064750.0,50848.0,2020-08-01,0.02462671025547887,2064750.0
Construção,Setembro/2020,155971.0,109564.0,2111157.0,46407.0,2020-09-01,0.021981785343297536,2111157.0
Construção,Outubro/2020,156900.0,120024.0,2148033.0,36876.0,2020-10-01,0.0171673340214047,2148033.0
Construção,Novembro/2020,141136.0,120040.0,2169129.0,21096.0,2020-11-01,0.00972556265671613,2169129.0
Construção,Dezembro/2020,94316.0,138674.0,2124771.0,-44358.0,2020-12-01,-0.020876602702126486,2124771.0
Construção,Janeiro/2021,159138.0,114198.0,2169711.0,44940.0,2021-01-01,0.020712435895840507,2169711.0
Construção,Fevereiro/2021,166683.0,122485.0,2213909.0,44198.0,2021-02-01,0.01996378351594397,2213909.0
Construção,Março/2021,162863.0,137456.0,2239316.0,25407.0,2021-03-01,0.011345875258337813,2239316.0
Construção,Abril/2021,148046.0,124930.0,2262432.0,23116.0,2021-04-01,0.010217323658788418,2262432.0
Construção,Maio/2021,158857.0,135185.0,2286104.0,23672.0,2021-05-01,0.01035473451776472,2286104.0
Construção,Junho/2021,162207.0,138879.0,2309432.0,23328.0,2021-06-01,0.010101185053294489,2309432.0
Construção,Julho/2021,169142.0,138503.0,2340071.0,30639.0,2021-07-01,0.01309319247151048,2340071.0
Construção,Agosto/2021,176521.0,143131.0,2373461.0,33390.0,2021-08-01,0.014068063473551915,2373461.0
Construção,Setembro/2021,170070.0,143864.0,2399667.0,26206.0,2021-09-01,0.010920681911281857,2399667.0
Construção,Outubro/2021,166443.0,149207.0,2416903.0,17236.0,2021-10-01,0.007131440525333454,2416903.0
Construção,Novembro/2021,162384.0,149899.0,2429388.0,12485.0,2021-11-01,0.0051391543878540604,2429388.0
Construção,Dezembro/2021,113698.0,165731.0,2377355.0,-52033.0,2021-12-01,-0.021886928960967125,2377355.0
Construção,Janeiro/2022,182135.0,145326.0,2414164.0,36809.0,2022-01-01,0.015247100031315188,2414164.0
Construção,Fevereiro/2022,192311.0,152858.0,2453617.0,39453.0,2022-02-01,0.016079526674293503,2453617.0
Construção,Março/2022,191104.0,166045.0,2478676.0,25059.0,2022-03-01,0.010109832830107687,2478676.0
Construção,Abril/2022,179899.0,154558.0,2504017.0,25341.0,2022-04-01,0.01012013896071792,2504017.0
Construção,Maio/2022,201708.0,166263.0,2539462.0,35445.0,2022-05-01,0.01395768080010648,2539462.0
Construção,Junho/2022,192229.0,161972.0,2569719.0,30257.0,2022-06-01,0.011774439150739828,2569719.0
Construção,Julho/2022,195679.0,163597.0,2601801.0,32082.0,2022-07-01,0.012330689395537936,2601801.0
Construção,Agosto/2022,211068.0,175912.0,2636957.0,35156.0,2022-08-01,0.01333203385569048,2636957.0
Construção,Setembro/2022,197256.0,166090.0,2668123.0,31166.0,2022-09-01,0.011680870784442847,2668123.0
Construção,Outubro/2022,174681.0,169333.0,2673471.0,5348.0,2022-10-01,0.0020003957402193627,2673471.0
Construção,Novembro/2022,158287.0,177056.0,2654702.0,-18769.0,2022-11-01,-0.007070096756622777,2654702.0
Construção,Dezembro/2022,110955.0,185460.0,2580197.0,-74505.0,2022-12-01,-0.028875702126620564,2580197.0
Construção,Janeiro/2023,198850.0,159885.0,2619162.0,38965.0,2023-01-01,0.01487689573993514,2619162.0
Construção,Fevereiro/2023,183041.0,160795.0,2641408.0,22246.0,2023-02-01,0.008422023405698779,2641408.0
Construção,Março/2023,216380.0,182739.0,2675049.0,33641.0,2023-03-01,0.01257584440509314,2675049.0
Construção,Abril/2023,183566.0,156629.0,2701986.0,26937.0,2023-04-01,0.009969333667902053,2701986.0
Construção,Maio/2023,208231.0,180273.0,2729944.0,27958.0,2023-05-01,0.010241235717655747,2729944.0
Construção,Junho/2023,196651.0,175698.0,2750897.0,20953.0,2023-06-01,0.0076167882694263,2750897.0
Construção,Julho/2023,198957.0,173534.0,2776320.0,25423.0,2023-07-01,0.009157085638543108,2776320.0
Construção,Agosto/2023,218051.0,189692.0,2804679.0,28359.0,2023-08-01,0.01011131755184818,2804679.0
Construção,Setembro/2023,191063.0,170122.0,2825620.0,20941.0,2023-09-01,0.007411116852230661,2825620.0
Construção,Outubro/2023,190286.0,178806.0,2837100.0,11480.0,2023-10-01,0.004046385393535652,2837100.0
Construção,Novembro/2023,170865.0,188165.0,2819800.0,-17300.0,2023-11-01,-0.006135186892687425,2819800.0
Construção,Dezembro/2023,115631.0,191262.0,2744169.0,-75631.0,2023-12-01,-0.027560620355378988,2744169.0
Construção,Janeiro/2024,217059.0,167968.0,2793260.0,49091.0,2024-01-01,0.017574805066481458,2793260.0
Construção,Fevereiro/2024,213842.0,178789.0,2828313.0,35053.0,2024-02-01,0.012393607072484552,2828313.0
Construção,Março/2024,216414.0,187748.0,2856979.0,28666.0,2024-03-01,0.010033675431285985,2856979.0
Construção,Abril/2024,221932.0,190039.0,2888872.0,31893.0,2024-04-01,0.01103994915662584,2888872.0
Construção,Maio/2024,211420.0,193271.0,2907021.0,18149.0,2024-05-01,0.006243160954117635,2907021.0
Construção,Junho/2024,203628.0,182179.0,2928470.0,21449.0,2024-06-01,0.007324302451450757,2928470.0
Construção,Julho/2024,217496.0,197802.0,2948164.0,19694.0,2024-07-01,0.006680089710070403,2948164.0
Construção,Agosto/2024,214820.0,201448.0,2961536.0,13372.0,2024-08-01,0.004515224532134676,2961536.0
Construção,Setembro/2024,206311.0,189287.0,2978560.0,17024.0,2024-09-01,0.005715513536742587,2978560.0
Construção,Outubro/2024,207139.0,207906.0,2977793.0,-767.0,2024-10-01,-0.0002575733101662876,2977793.0
Construção,Novembro/2024,169319.0,199410.0,2947702.0,-30091.0,2024-11-01,-0.010208291068771538,2947702.0
Construção,Dezembro/2024,109105.0,198778.0,2858029.0,-89673.0,2024-12-01,-0.03137581878980234,2858029.0
Construção,Janeiro/2025,223601.0,185228.0,2896402.0,38373.0,2025-01-01,0.013248506250168312,2896402.0
Construção,Fevereiro/2025,240305.0,199434.0,2937273.0,40871.0,2025-02-01,0.01391460718836826,2937273.0
Construção,Março/2025,214973.0,193027.0,2959219.0,21946.0,2025-03-01,0.007416145949319736,2959219.0
Construção,Abril/2025,221692.0,187397.0,2993514.0,34295.0,2025-04-01,0.011456435480174805,2993514.0
Construção,Maio/2025,223194.0,206516.0,3010192.0,16678.0,2025-05-01,0.005540510372760276,3010192.0
Construção,Junho/2025,203901.0,193236.0,3020857.0,10665.0,2025-06-01,0.0035304550993310838,3020857.0
Construção,Julho/2025,221024.0,201958.0,3039923.0,19066.0,2025-07-01,0.006271869386165373,3039923.0
Construção,Agosto/2025,220577.0,203249.0,3057251.0,17328.0,2025-08-01,0.005667836890068888,3057251.0
Construção,Setembro/2025,223799.0,199944.0,3081106.0,23855.0,2025-09-01,0.007742349662750973,3081106.0
Construção,Outubro/2025,215029.0,217904.0,3078231.0,-2875.0,2025-10-01,-0.0009339779893061957,3078231.0
Construção,Novembro/2025,175889.0,199693.0,3054427.0,-23804.0,2025-11-01,-0.007793278411957464,3054427.0
Construção,Dezembro/2025,108235.0,212312.0,,-104077.0,2025-12-01,-0.034074148768328726,3054427.0
Construção,Janeiro/2026,225073.0,174528.0,3000895.0,50545.0,2026-01-01,0.016843308412990126,3000895.0
Construção,Fevereiro/2026,217475.0,186376.0,3031994.0,31099.0,2026-02-01,0.010256946418759403,3031994.0
Construção,Março/2026,237137.0,198821.0,3070310.0,38316.0,2026-03-01,0.012479521611824213,3070310.0
Construção,Abril/2026,218123.0,194598.0,3093835.0,23525.0,2026-04-01,0.0076038314906903565,3093835.0
Construção,Maio/2026,211581.0,199485.0,3105931.0,12096.0,2026-05-01,0.0038944844557074836,3105931.0
Construção,Junho/2026,208989.0,194853.0,3120067.0,14136.0,2026-06-01,0.0045306719374936496,3120067.0
Educação,Janeiro/2020,50125.0,43144.0,1819417.0,6981.0,2020-01-01,0.0038369433725198784,1819417.0
Educação,Fevereiro/2020,92291.0,42802.0,1868906.0,49489.0,2020-02-01,0.026480197505920577,1868906.0
Educação,Março/2020,49058.0,38747.0,1879217.0,10311.0,2020-03-01,0.0054868596867738,1879217.0
Educação,Abril/2020,8713.0,32337.0,1855593.0,-23624.0,2020-04-01,-0.012731240094137022,1855593.0
Educação,Maio/2020,7311.0,26319.0,1836585.0,-19008.0,2020-05-01,-0.01034964349594492,1836585.0
Educação,Junho/2020,8517.0,28934.0,1816168.0,-20417.0,2020-06-01,-0.011241801419251964,1816168.0
Educação,Julho/2020,11873.0,31754.0,1796287.0,-19881.0,2020-07-01,-0.011067830474751529,1796287.0
Educação,Agosto/2020,20628.0,29114.0,1787801.0,-8486.0,2020-08-01,-0.004746613297564997,1787801.0
Educação,Setembro/2020,19176.0,28226.0,1778751.0,-9050.0,2020-09-01,-0.00508783972574014,1778751.0
Educação,Outubro/2020,20851.0,21475.0,1778127.0,-624.0,2020-10-01,-0.0003509310639791196,1778127.0
Educação,Novembro/2020,19452.0,19309.0,1778270.0,143.0,2020-11-01,8.041523503180058e-05,1778270.0
Educação,Dezembro/2020,12225.0,56237.0,1734258.0,-44012.0,2020-12-01,-0.025378000274468966,1734258.0
Educação,Janeiro/2021,32709.0,37794.0,1729173.0,-5085.0,2021-01-01,-0.0029407121207652444,1729173.0
Educação,Fevereiro/2021,69644.0,42071.0,1756746.0,27573.0,2021-02-01,0.015695496104729995,1756746.0
Educação,Março/2021,47502.0,34698.0,1769550.0,12804.0,2021-03-01,0.007235737899465966,1769550.0
Educação,Abril/2021,31761.0,26827.0,1774484.0,4934.0,2021-04-01,0.0027805266206964952,1774484.0
Educação,Maio/2021,37262.0,27413.0,1784333.0,9849.0,2021-05-01,0.005519709605774258,1784333.0
Educação,Junho/2021,34483.0,32494.0,1786322.0,1989.0,2021-06-01,0.0011134610669297025,1786322.0
Educação,Julho/2021,33175.0,37551.0,1781946.0,-4376.0,2021-07-01,-0.00245574220543159,1781946.0
Educação,Agosto/2021,65446.0,40255.0,1807137.0,25191.0,2021-08-01,0.013939728974615649,1807137.0
Educação,Setembro/2021,51394.0,35387.0,1823144.0,16007.0,2021-09-01,0.008779887929861821,1823144.0
Educação,Outubro/2021,39941.0,30719.0,1832366.0,9222.0,2021-10-01,0.00503283732616737,1832366.0
Educação,Novembro/2021,32238.0,29624.0,1834980.0,2614.0,2021-11-01,0.0014245386870701587,1834980.0
Educação,Dezembro/2021,19236.0,81780.0,1772436.0,-62544.0,2021-12-01,-0.035287028699484774,1772436.0
Educação,Janeiro/2022,58627.0,47431.0,1783632.0,11196.0,2022-01-01,0.0062770795769530935,1783632.0
Educação,Fevereiro/2022,122165.0,55658.0,1850139.0,66507.0,2022-02-01,0.035947028844859764,1850139.0
Educação,Março/2022,79428.0,51176.0,1878391.0,28252.0,2022-03-01,0.015040532029806361,1878391.0
Educação,Abril/2022,61151.0,43969.0,1895573.0,17182.0,2022-04-01,0.009064277661688576,1895573.0
Educação,Maio/2022,55669.0,43461.0,1907781.0,12208.0,2022-05-01,0.006399057334148941,1907781.0
Educação,Junho/2022,46535.0,47209.0,1907107.0,-674.0,2022-06-01,-0.0003534148844296623,1907107.0
Educação,Julho/2022,43166.0,50596.0,1899677.0,-7430.0,2022-07-01,-0.003911191218296584,1899677.0
Educação,Agosto/2022,80311.0,51653.0,1928335.0,28658.0,2022-08-01,0.014861525616658931,1928335.0
Educação,Setembro/2022,54893.0,41260.0,1941968.0,13633.0,2022-09-01,0.007020198067115421,1941968.0
Educação,Outubro/2022,42249.0,35430.0,1948787.0,6819.0,2022-10-01,0.0034990996963752325,1948787.0
Educação,Novembro/2022,31449.0,33886.0,1946350.0,-2437.0,2022-11-01,-0.0012520872402188713,1946350.0
Educação,Dezembro/2022,16760.0,92911.0,1870199.0,-76151.0,2022-12-01,-0.04071812678757715,1870199.0
Educação,Janeiro/2023,62104.0,56637.0,1875666.0,5467.0,2023-01-01,0.0029146980325921567,1875666.0
Educação,Fevereiro/2023,114373.0,56166.0,1933873.0,58207.0,2023-02-01,0.03009866728580419,1933873.0
Educação,Março/2023,79184.0,56850.0,1956207.0,22334.0,2023-03-01,0.011416992169029147,1956207.0
Educação,Abril/2023,57981.0,42758.0,1971430.0,15223.0,2023-04-01,0.007721805998691305,1971430.0
Educação,Maio/2023,55429.0,45905.0,1980954.0,9524.0,2023-05-01,0.0048077845320991805,1980954.0
Educação,Junho/2023,45186.0,49671.0,1976469.0,-4485.0,2023-06-01,-0.0022691982520343097,1976469.0
Educação,Julho/2023,42148.0,50520.0,1968097.0,-8372.0,2023-07-01,-0.004253855373998334,1968097.0
Educação,Agosto/2023,76314.0,52589.0,1991822.0,23725.0,2023-08-01,0.011911204916905225,1991822.0
Educação,Setembro/2023,51236.0,41997.0,2001061.0,9239.0,2023-09-01,0.00461705065462772,2001061.0
Educação,Outubro/2023,42676.0,38063.0,2005674.0,4613.0,2023-10-01,0.0022999749710072522,2005674.0
Educação,Novembro/2023,32835.0,37204.0,2001305.0,-4369.0,2023-11-01,-0.0021830755432080567,2001305.0
Educação,Dezembro/2023,18377.0,96137.0,1923545.0,-77760.0,2023-12-01,-0.04042536046726227,1923545.0
Educação,Janeiro/2024,68129.0,57748.0,1933926.0,10381.0,2024-01-01,0.005367837238860225,1933926.0
Educação,Fevereiro/2024,120492.0,62174.0,1992244.0,58318.0,2024-02-01,0.029272518828015043,1992244.0
Educação,Março/2024,81243.0,57157.0,2016330.0,24086.0,2024-03-01,0.011945465276021286,2016330.0
Educação,Abril/2024,68753.0,54291.0,2030792.0,14462.0,2024-04-01,0.007121359548392942,2030792.0
Educação,Maio/2024,56291.0,49758.0,2037325.0,6533.0,2024-05-01,0.003206655786386561,2037325.0
Educação,Junho/2024,48624.0,51747.0,2034202.0,-3123.0,2024-06-01,-0.0015352457622202712,2034202.0
Educação,Julho/2024,48781.0,56674.0,2026309.0,-7893.0,2024-07-01,-0.003895259804896489,2026309.0
Educação,Agosto/2024,78159.0,53502.0,2050966.0,24657.0,2024-08-01,0.012022139811191409,2050966.0
Educação,Setembro/2024,55635.0,45078.0,2061523.0,10557.0,2024-09-01,0.0051209712431052185,2061523.0
Educação,Outubro/2024,47224.0,44451.0,2064296.0,2773.0,2024-10-01,0.0013433151059731743,2064296.0
Educação,Novembro/2024,34111.0,38222.0,2060185.0,-4111.0,2024-11-01,-0.0019954518647597183,2060185.0
Educação,Dezembro/2024,18209.0,98974.0,1979420.0,-80765.0,2024-12-01,-0.040802356245768966,1979420.0
Educação,Janeiro/2025,74970.0,66876.0,1987514.0,8094.0,2025-01-01,0.004072424143930558,1987514.0
Educação,Fevereiro/2025,133997.0,68801.0,2052710.0,65196.0,2025-02-01,0.031760940415353364,2052710.0
Educação,Março/2025,72331.0,56523.0,2068518.0,15808.0,2025-03-01,0.007642186338238295,2068518.0
Educação,Abril/2025,64566.0,50760.0,2082324.0,13806.0,2025-04-01,0.0066300921470434,2082324.0
Educação,Maio/2025,56427.0,49769.0,2088982.0,6658.0,2025-05-01,0.0031871983578604314,2088982.0
Educação,Junho/2025,46870.0,51900.0,2083952.0,-5030.0,2025-06-01,-0.002413683232627239,2083952.0
Educação,Julho/2025,48465.0,58731.0,2073686.0,-10266.0,2025-07-01,-0.004950604864960269,2073686.0
Educação,Agosto/2025,77961.0,54176.0,2097471.0,23785.0,2025-08-01,0.011339846891804464,2097471.0
Educação,Setembro/2025,59505.0,50001.0,2106975.0,9504.0,2025-09-01,0.004510732210871036,2106975.0
Educação,Outubro/2025,47023.0,45497.0,2108501.0,1526.0,2025-10-01,0.0007237369107247282,2108501.0
Educação,Novembro/2025,33536.0,40166.0,2101871.0,-6630.0,2025-11-01,-0.0031543324970942557,2101871.0
Educação,Dezembro/2025,16598.0,103732.0,,-87134.0,2025-12-01,-0.041455446123953375,2101871.0
Educação,Janeiro/2026,70206.0,67391.0,2017552.0,2815.0,2026-01-01,0.0013952552400136402,2017552.0
Educação,Fevereiro/2026,119133.0,70120.0,2066565.0,49013.0,2026-02-01,0.023717134471937733,2066565.0
Educação,Março/2026,86427.0,64590.0,2088402.0,21837.0,2026-03-01,0.010456320191227551,2088402.0
Educação,Abril/2026,64098.0,55366.0,2097134.0,8732.0,2026-04-01,0.004163777803421241,2097134.0
Educação,Maio/2026,56491.0,51513.0,2102112.0,4978.0,2026-05-01,0.0023680945639433103,2102112.0
Educação,Junho/2026,47903.0,55545.0,2094470.0,-7642.0,2026-06-01,-0.003648655745845011,2094470.0
Eletricidade e Gás,Janeiro/2020,1161.0,1444.0,126280.0,-283.0,2020-01-01,-0.0022410516312955336,126280.0
Eletricidade e Gás,Fevereiro/2020,1492.0,1201.0,126571.0,291.0,2020-02-01,0.0022991048502421564,126571.0
Eletricidade e Gás,Março/2020,1264.0,1095.0,126740.0,169.0,2020-03-01,0.0013334385355846614,126740.0
Eletricidade e Gás,Abril/2020,667.0,617.0,126790.0,50.0,2020-04-01,0.0003943528669453427,126790.0
Eletricidade e Gás,Maio/2020,724.0,713.0,126801.0,11.0,2020-05-01,8.675010449444404e-05,126801.0
Eletricidade e Gás,Junho/2020,750.0,1084.0,126467.0,-334.0,2020-06-01,-0.0026410051634023104,126467.0
Eletricidade e Gás,Julho/2020,1020.0,984.0,126503.0,36.0,2020-07-01,0.0002845782313462922,126503.0
Eletricidade e Gás,Agosto/2020,1129.0,1009.0,126623.0,120.0,2020-08-01,0.0009476951264778121,126623.0
Eletricidade e Gás,Setembro/2020,1309.0,1161.0,126771.0,148.0,2020-09-01,0.0011674594347287628,126771.0
Eletricidade e Gás,Outubro/2020,1382.0,1029.0,127124.0,353.0,2020-10-01,0.0027768163368050093,127124.0
Eletricidade e Gás,Novembro/2020,1539.0,1225.0,127438.0,314.0,2020-11-01,0.0024639432508357004,127438.0
Eletricidade e Gás,Dezembro/2020,1091.0,1421.0,127108.0,-330.0,2020-12-01,-0.0025962173899361173,127108.0
Eletricidade e Gás,Janeiro/2021,1672.0,1160.0,127620.0,512.0,2021-01-01,0.004011910358877919,127620.0
Eletricidade e Gás,Fevereiro/2021,1842.0,1436.0,128026.0,406.0,2021-02-01,0.0031712308437348664,128026.0
Eletricidade e Gás,Março/2021,1626.0,1933.0,127719.0,-307.0,2021-03-01,-0.0024037144042781417,127719.0
Eletricidade e Gás,Abril/2021,1936.0,1496.0,128159.0,440.0,2021-04-01,0.0034332352780530435,128159.0
Eletricidade e Gás,Maio/2021,1674.0,1455.0,128378.0,219.0,2021-05-01,0.0017058997647572014,128378.0
Eletricidade e Gás,Junho/2021,2094.0,1312.0,129160.0,782.0,2021-06-01,0.006054506039021369,129160.0
Eletricidade e Gás,Julho/2021,1750.0,1331.0,129579.0,419.0,2021-07-01,0.003233548645999738,129579.0
Eletricidade e Gás,Agosto/2021,1990.0,1633.0,129936.0,357.0,2021-08-01,0.0027475064647210935,129936.0
Eletricidade e Gás,Setembro/2021,2083.0,1765.0,130254.0,318.0,2021-09-01,0.0024413837578884335,130254.0
Eletricidade e Gás,Outubro/2021,1816.0,1515.0,130555.0,301.0,2021-10-01,0.002305541725709471,130555.0
Eletricidade e Gás,Novembro/2021,1672.0,1843.0,130384.0,-171.0,2021-11-01,-0.001311510614799362,130384.0
Eletricidade e Gás,Dezembro/2021,1210.0,1786.0,129808.0,-576.0,2021-12-01,-0.004437322815234808,129808.0
Eletricidade e Gás,Janeiro/2022,1431.0,1409.0,129830.0,22.0,2022-01-01,0.00016945236077948086,129830.0
Eletricidade e Gás,Fevereiro/2022,1663.0,1806.0,129687.0,-143.0,2022-02-01,-0.001102654853609074,129687.0
Eletricidade e Gás,Março/2022,1612.0,1412.0,129887.0,200.0,2022-03-01,0.0015397999799826002,129887.0
Eletricidade e Gás,Abril/2022,1595.0,1752.0,129730.0,-157.0,2022-04-01,-0.001210205812071225,129730.0
Eletricidade e Gás,Maio/2022,1506.0,1633.0,129603.0,-127.0,2022-05-01,-0.0009799155883737259,129603.0
Eletricidade e Gás,Junho/2022,1685.0,1525.0,129763.0,160.0,2022-06-01,0.001233017115818839,129763.0
Eletricidade e Gás,Julho/2022,1669.0,1211.0,130221.0,458.0,2022-07-01,0.003517097856720498,130221.0
Eletricidade e Gás,Agosto/2022,1685.0,1420.0,130486.0,265.0,2022-08-01,0.0020308692120227455,130486.0
Eletricidade e Gás,Setembro/2022,1676.0,1364.0,130798.0,312.0,2022-09-01,0.002385357574274836,130798.0
Eletricidade e Gás,Outubro/2022,1254.0,1444.0,130608.0,-190.0,2022-10-01,-0.0014547347788803136,130608.0
Eletricidade e Gás,Novembro/2022,1431.0,1211.0,130828.0,220.0,2022-11-01,0.0016815972116060783,130828.0
Eletricidade e Gás,Dezembro/2022,1049.0,2077.0,129800.0,-1028.0,2022-12-01,-0.007919876733436056,129800.0
Eletricidade e Gás,Janeiro/2023,1373.0,1484.0,129689.0,-111.0,2023-01-01,-0.0008558937149642607,129689.0
Eletricidade e Gás,Fevereiro/2023,1742.0,1549.0,129882.0,193.0,2023-02-01,0.0014859641828736854,129882.0
Eletricidade e Gás,Março/2023,1722.0,1630.0,129974.0,92.0,2023-03-01,0.0007078338744672012,129974.0
Eletricidade e Gás,Abril/2023,1958.0,1887.0,130045.0,71.0,2023-04-01,0.0005459648583182744,130045.0
Eletricidade e Gás,Maio/2023,1801.0,1588.0,130258.0,213.0,2023-05-01,0.0016352162631086,130258.0
Eletricidade e Gás,Junho/2023,1852.0,1620.0,130490.0,232.0,2023-06-01,0.001777914016399724,130490.0
Eletricidade e Gás,Julho/2023,1845.0,1404.0,130931.0,441.0,2023-07-01,0.003368186296598972,130931.0
Eletricidade e Gás,Agosto/2023,2012.0,1480.0,131463.0,532.0,2023-08-01,0.004046766010208196,131463.0
Eletricidade e Gás,Setembro/2023,1727.0,1471.0,131719.0,256.0,2023-09-01,0.0019435313052786614,131719.0
Eletricidade e Gás,Outubro/2023,1702.0,1506.0,131915.0,196.0,2023-10-01,0.0014858052533828602,131915.0
Eletricidade e Gás,Novembro/2023,1759.0,1334.0,132340.0,425.0,2023-11-01,0.003211425117122563,132340.0
Eletricidade e Gás,Dezembro/2023,1416.0,1640.0,132116.0,-224.0,2023-12-01,-0.0016954797299343002,132116.0
Eletricidade e Gás,Janeiro/2024,1616.0,1731.0,132001.0,-115.0,2024-01-01,-0.0008712055211702942,132001.0
Eletricidade e Gás,Fevereiro/2024,1718.0,1565.0,132154.0,153.0,2024-02-01,0.0011577402121767028,132154.0
Eletricidade e Gás,Março/2024,1948.0,1753.0,132349.0,195.0,2024-03-01,0.0014733772072323932,132349.0
Eletricidade e Gás,Abril/2024,2526.0,1941.0,132934.0,585.0,2024-04-01,0.004400680036709946,132934.0
Eletricidade e Gás,Maio/2024,2048.0,1493.0,133489.0,555.0,2024-05-01,0.004157645948355295,133489.0
Eletricidade e Gás,Junho/2024,2200.0,1520.0,134169.0,680.0,2024-06-01,0.005068234838151883,134169.0
Eletricidade e Gás,Julho/2024,2309.0,1869.0,134609.0,440.0,2024-07-01,0.003268726459597798,134609.0
Eletricidade e Gás,Agosto/2024,2200.0,2693.0,134116.0,-493.0,2024-08-01,-0.0036759223358883357,134116.0
Eletricidade e Gás,Setembro/2024,2159.0,1658.0,134617.0,501.0,2024-09-01,0.0037216696256787774,134617.0
Eletricidade e Gás,Outubro/2024,2216.0,2092.0,134741.0,124.0,2024-10-01,0.0009202841006078328,134741.0
Eletricidade e Gás,Novembro/2024,2128.0,1742.0,135127.0,386.0,2024-11-01,0.002856571965632331,135127.0
Eletricidade e Gás,Dezembro/2024,1832.0,1709.0,135250.0,123.0,2024-12-01,0.0009094269870609981,135250.0
Eletricidade e Gás,Janeiro/2025,2006.0,1690.0,135566.0,316.0,2025-01-01,0.0023309679418143194,135566.0
Eletricidade e Gás,Fevereiro/2025,2166.0,1756.0,135976.0,410.0,2025-02-01,0.0030152379831735014,135976.0
Eletricidade e Gás,Março/2025,2006.0,1669.0,136313.0,337.0,2025-03-01,0.0024722513626726722,136313.0
Eletricidade e Gás,Abril/2025,2203.0,1465.0,137051.0,738.0,2025-04-01,0.005384856732165398,137051.0
Eletricidade e Gás,Maio/2025,1952.0,1650.0,137353.0,302.0,2025-05-01,0.002198714261792607,137353.0
Eletricidade e Gás,Junho/2025,2228.0,1819.0,137762.0,409.0,2025-06-01,0.0029688883727007447,137762.0
Eletricidade e Gás,Julho/2025,2172.0,1662.0,138272.0,510.0,2025-07-01,0.0036883823189076603,138272.0
Eletricidade e Gás,Agosto/2025,2460.0,1720.0,139012.0,740.0,2025-08-01,0.005323281443328633,139012.0
Eletricidade e Gás,Setembro/2025,2327.0,1498.0,139841.0,829.0,2025-09-01,0.005928161268869645,139841.0
Eletricidade e Gás,Outubro/2025,2369.0,1685.0,140525.0,684.0,2025-10-01,0.00486746130581747,140525.0
Eletricidade e Gás,Novembro/2025,2565.0,1435.0,141655.0,1130.0,2025-11-01,0.007977127528149377,141655.0
Eletricidade e Gás,Dezembro/2025,1501.0,1523.0,,-22.0,2025-12-01,-0.00015530690762768698,141655.0
Eletricidade e Gás,Janeiro/2026,2424.0,1595.0,142462.0,829.0,2026-01-01,0.005819095618480718,142462.0
Eletricidade e Gás,Fevereiro/2026,2144.0,1971.0,142635.0,173.0,2026-02-01,0.0012128860377887615,142635.0
Eletricidade e Gás,Março/2026,2377.0,1978.0,143034.0,399.0,2026-03-01,0.0027895465413817692,143034.0
Eletricidade e Gás,Abril/2026,2514.0,1848.0,143700.0,666.0,2026-04-01,0.004634655532359082,143700.0
Eletricidade e Gás,Maio/2026,2536.0,1841.0,144395.0,695.0,2026-05-01,0.00481318605214862,144395.0
Eletricidade e Gás,Junho/2026,2529.0,2170.0,144754.0,359.0,2026-06-01,0.0024800696353814056,144754.0
Indústria geral,Janeiro/2020,240766.0,184933.0,7614408.0,55833.0,2020-01-01,0.007332546404132796,7614408.0
Indústria geral,Fevereiro/2020,250477.0,214245.0,7650640.0,36232.0,2020-02-01,0.004735812951596206,7650640.0
Indústria geral,Março/2020,225973.0,259714.0,7616899.0,-33741.0,2020-03-01,-0.004429755468728153,7616899.0
Indústria geral,Abril/2020,96258.0,301336.0,7411821.0,-205078.0,2020-04-01,-0.027669043815278325,7411821.0
Indústria geral,Maio/2020,102957.0,203622.0,7311156.0,-100665.0,2020-05-01,-0.01376868445974891,7311156.0
Indústria geral,Junho/2020,145974.0,151491.0,7305639.0,-5517.0,2020-06-01,-0.0007551700816314631,7305639.0
Indústria geral,Julho/2020,207798.0,155167.0,7358270.0,52631.0,2020-07-01,0.007152632344287448,7358270.0
Indústria geral,Agosto/2020,256386.0,163553.0,7451103.0,92833.0,2020-08-01,0.012458960773995473,7451103.0
Indústria geral,Setembro/2020,295576.0,184876.0,7561803.0,110700.0,2020-09-01,0.014639365770306367,7561803.0
Indústria geral,Outubro/2020,286999.0,201216.0,7647586.0,85783.0,2020-10-01,0.011217003640102903,7647586.0
Indústria geral,Novembro/2020,253408.0,202895.0,7698099.0,50513.0,2020-11-01,0.006561749855386375,7698099.0
Indústria geral,Dezembro/2020,174451.0,217353.0,7655197.0,-42902.0,2020-12-01,-0.00560429731592799,7655197.0
Indústria geral,Janeiro/2021,296040.0,205804.0,7745433.0,90236.0,2021-01-01,0.0116502202007299,7745433.0
Indústria geral,Fevereiro/2021,322289.0,229290.0,7838432.0,92999.0,2021-02-01,0.011864490244987773,7838432.0
Indústria geral,Março/2021,294054.0,253262.0,7879224.0,40792.0,2021-03-01,0.005177159578151351,7879224.0
Indústria geral,Abril/2021,243008.0,224368.0,7897864.0,18640.0,2021-04-01,0.002360131802725395,7897864.0
Indústria geral,Maio/2021,258154.0,214391.0,7941627.0,43763.0,2021-05-01,0.00551058366251651,7941627.0
Indústria geral,Junho/2021,262080.0,211958.0,7991749.0,50122.0,2021-06-01,0.0062717184936614,7991749.0
Indústria geral,Julho/2021,278431.0,219601.0,8050579.0,58830.0,2021-07-01,0.007307548935300182,8050579.0
Indústria geral,Agosto/2021,310814.0,238052.0,8123341.0,72762.0,2021-08-01,0.008957151989557006,8123341.0
Indústria geral,Setembro/2021,310478.0,234283.0,8199536.0,76195.0,2021-09-01,0.009292598995845619,8199536.0
Indústria geral,Outubro/2021,270604.0,243907.0,8226233.0,26697.0,2021-10-01,0.0032453493597859435,8226233.0
Indústria geral,Novembro/2021,243191.0,235014.0,8234410.0,8177.0,2021-11-01,0.000993028037224282,8234410.0
Indústria geral,Dezembro/2021,166083.0,258130.0,8142363.0,-92047.0,2021-12-01,-0.011304703560870474,8142363.0
Indústria geral,Janeiro/2022,284673.0,233254.0,8193782.0,51419.0,2022-01-01,0.006275368321978788,8193782.0
Indústria geral,Fevereiro/2022,312833.0,269833.0,8236782.0,43000.0,2022-02-01,0.0052204853788773336,8236782.0
Indústria geral,Março/2022,309012.0,293752.0,8252042.0,15260.0,2022-03-01,0.0018492392549625898,8252042.0
Indústria geral,Abril/2022,285885.0,259507.0,8278420.0,26378.0,2022-04-01,0.003186356816880516,8278420.0
Indústria geral,Maio/2022,308939.0,261964.0,8325395.0,46975.0,2022-05-01,0.005642374926354846,8325395.0
Indústria geral,Junho/2022,293330.0,251813.0,8366912.0,41517.0,2022-06-01,0.004962045734435835,8366912.0
Indústria geral,Julho/2022,303323.0,252820.0,8417415.0,50503.0,2022-07-01,0.005999822986035499,8417415.0
Indústria geral,Agosto/2022,324438.0,271678.0,8470175.0,52760.0,2022-08-01,0.006228914986998498,8470175.0
Indústria geral,Setembro/2022,306362.0,249453.0,8527084.0,56909.0,2022-09-01,0.006673911034534197,8527084.0
Indústria geral,Outubro/2022,263318.0,248427.0,8541975.0,14891.0,2022-10-01,0.001743273657438707,8541975.0
Indústria geral,Novembro/2022,229430.0,255137.0,8516268.0,-25707.0,2022-11-01,-0.0030185757423322047,8516268.0
Indústria geral,Dezembro/2022,156219.0,270465.0,8402022.0,-114246.0,2022-12-01,-0.013597441187371325,8402022.0
Indústria geral,Janeiro/2023,296574.0,262551.0,8436045.0,34023.0,2023-01-01,0.0040330510328003225,8436045.0
Indústria geral,Fevereiro/2023,305814.0,265434.0,8476425.0,40380.0,2023-02-01,0.004763800776860528,8476425.0
Indústria geral,Março/2023,334970.0,313986.0,8497409.0,20984.0,2023-03-01,0.0024694586314487157,8497409.0
Indústria geral,Abril/2023,291273.0,272560.0,8516122.0,18713.0,2023-04-01,0.0021973616629728885,8516122.0
Indústria geral,Maio/2023,305955.0,297526.0,8524551.0,8429.0,2023-05-01,0.0009887910811959481,8524551.0
Indústria geral,Junho/2023,288512.0,276395.0,8536668.0,12117.0,2023-06-01,0.0014194062601474017,8536668.0
Indústria geral,Julho/2023,291362.0,270108.0,8557922.0,21254.0,2023-07-01,0.00248354682363312,8557922.0
Indústria geral,Agosto/2023,327861.0,296775.0,8589008.0,31086.0,2023-08-01,0.003619277103944949,8589008.0
Indústria geral,Setembro/2023,301495.0,258281.0,8632222.0,43214.0,2023-09-01,0.005006127043535257,8632222.0
Indústria geral,Outubro/2023,285880.0,264926.0,8653176.0,20954.0,2023-10-01,0.0024215386350630104,8653176.0
Indústria geral,Novembro/2023,250561.0,263472.0,8640265.0,-12911.0,2023-11-01,-0.0014942828721109828,8640265.0
Indústria geral,Dezembro/2023,173547.0,284553.0,8529259.0,-111006.0,2023-12-01,-0.013014729650020007,8529259.0
Indústria geral,Janeiro/2024,336020.0,268991.0,8596288.0,67029.0,2024-01-01,0.0077974353581452835,8596288.0
Indústria geral,Fevereiro/2024,352923.0,298475.0,8650736.0,54448.0,2024-02-01,0.006294030935633685,8650736.0
Indústria geral,Março/2024,351011.0,315125.0,8686622.0,35886.0,2024-03-01,0.004131180106605306,8686622.0
Indústria geral,Abril/2024,361885.0,325895.0,8722612.0,35990.0,2024-04-01,0.004126057653372636,8722612.0
Indústria geral,Maio/2024,321202.0,303057.0,8740757.0,18145.0,2024-05-01,0.002075907155409995,8740757.0
Indústria geral,Junho/2024,320466.0,288443.0,8772780.0,32023.0,2024-06-01,0.003650268216004505,8772780.0
Indústria geral,Julho/2024,355721.0,306250.0,8822251.0,49471.0,2024-07-01,0.0056075257890531565,8822251.0
Indústria geral,Agosto/2024,362966.0,311332.0,8873885.0,51634.0,2024-08-01,0.005818646511646252,8873885.0
Indústria geral,Setembro/2024,350899.0,291072.0,8933712.0,59827.0,2024-09-01,0.00669676837578825,8933712.0
Indústria geral,Outubro/2024,344779.0,321050.0,8957441.0,23729.0,2024-10-01,0.0026490824779085904,8957441.0
Indústria geral,Novembro/2024,276702.0,283380.0,8950763.0,-6678.0,2024-11-01,-0.0007460816468942369,8950763.0
Indústria geral,Dezembro/2024,176461.0,292883.0,8834341.0,-116422.0,2024-12-01,-0.013178345730598355,8834341.0
Indústria geral,Janeiro/2025,376449.0,306021.0,8904769.0,70428.0,2025-01-01,0.007909020436128102,8904769.0
Indústria geral,Fevereiro/2025,407183.0,337299.0,8974653.0,69884.0,2025-02-01,0.007786819167270311,8974653.0
Indústria geral,Março/2025,353960.0,340829.0,8987784.0,13131.0,2025-03-01,0.0014609830409809581,8987784.0
Indústria geral,Abril/2025,360591.0,325523.0,9022852.0,35068.0,2025-04-01,0.003886575996148446,9022852.0
Indústria geral,Maio/2025,344875.0,323306.0,9044421.0,21569.0,2025-05-01,0.002384785051469851,9044421.0
Indústria geral,Junho/2025,326689.0,306584.0,9064526.0,20105.0,2025-06-01,0.0022179869085267117,9064526.0
Indústria geral,Julho/2025,353542.0,329116.0,9088952.0,24426.0,2025-07-01,0.0026874385517714253,9088952.0
Indústria geral,Agosto/2025,342784.0,323686.0,9108050.0,19098.0,2025-08-01,0.002096826433759147,9108050.0
Indústria geral,Setembro/2025,359669.0,316574.0,9151145.0,43095.0,2025-09-01,0.00470924676638825,9151145.0
Indústria geral,Outubro/2025,326980.0,337072.0,9141053.0,-10092.0,2025-10-01,-0.00110403035624014,9141053.0
Indústria geral,Novembro/2025,263122.0,290257.0,9113918.0,-27135.0,2025-11-01,-0.002977314476606,9113918.0
Indústria geral,Dezembro/2025,167306.0,302393.0,,-135087.0,2025-12-01,-0.014822055673531405,9113918.0
Indústria geral,Janeiro/2026,353793.0,298802.0,9033822.0,54991.0,2026-01-01,0.006087235280925393,9033822.0
Indústria geral,Fevereiro/2026,358595.0,326568.0,9065849.0,32027.0,2026-02-01,0.003532708299024173,9065849.0
Indústria geral,Março/2026,386664.0,358328.0,9094185.0,28336.0,2026-03-01,0.0031158372080620747,9094185.0
Indústria geral,Abril/2026,349222.0,339966.0,9103441.0,9256.0,2026-04-01,0.001016758388394015,9103441.0
Indústria geral,Maio/2026,329882.0,324908.0,9108415.0,4974.0,2026-05-01,0.0005460884248247363,9108415.0
Indústria geral,Junho/2026,331149.0,316711.0,9122853.0,14438.0,2026-06-01,0.0015826189460687353,9122853.0
Indústrias Extrativas,Janeiro/2020,3284.0,3127.0,218769.0,157.0,2020-01-01,0.0007176519525161243,218769.0
Indústrias Extrativas,Fevereiro/2020,4463.0,3124.0,220108.0,1339.0,2020-02-01,0.0060833772511676085,220108.0
Indústrias Extrativas,Março/2020,3685.0,3878.0,219915.0,-193.0,2020-03-01,-0.0008776118045608531,219915.0
Indústrias Extrativas,Abril/2020,2063.0,3349.0,218629.0,-1286.0,2020-04-01,-0.00588211079042579,218629.0
Indústrias Extrativas,Maio/2020,2598.0,3142.0,218085.0,-544.0,2020-05-01,-0.0024944402411903616,218085.0
Indústrias Extrativas,Junho/2020,3563.0,2927.0,218721.0,636.0,2020-06-01,0.0029078140644931212,218721.0
Indústrias Extrativas,Julho/2020,4062.0,3171.0,219612.0,891.0,2020-07-01,0.004057155346702366,219612.0
Indústrias Extrativas,Agosto/2020,4400.0,3526.0,220486.0,874.0,2020-08-01,0.003963970501528442,220486.0
Indústrias Extrativas,Setembro/2020,4611.0,3714.0,221383.0,897.0,2020-09-01,0.004051801628851357,221383.0
Indústrias Extrativas,Outubro/2020,4682.0,3462.0,222603.0,1220.0,2020-10-01,0.005480608976518735,222603.0
Indústrias Extrativas,Novembro/2020,4383.0,3303.0,223683.0,1080.0,2020-11-01,0.00482826142353241,223683.0
Indústrias Extrativas,Dezembro/2020,3405.0,3946.0,223142.0,-541.0,2020-12-01,-0.002424465138790546,223142.0
Indústrias Extrativas,Janeiro/2021,4711.0,3227.0,224626.0,1484.0,2021-01-01,0.006606537088315689,224626.0
Indústrias Extrativas,Fevereiro/2021,5560.0,3212.0,226974.0,2348.0,2021-02-01,0.010344797201441575,226974.0
Indústrias Extrativas,Março/2021,5477.0,4071.0,228380.0,1406.0,2021-03-01,0.006156405990016639,228380.0
Indústrias Extrativas,Abril/2021,5715.0,3347.0,230748.0,2368.0,2021-04-01,0.010262277462859917,230748.0
Indústrias Extrativas,Maio/2021,6209.0,3659.0,233298.0,2550.0,2021-05-01,0.0109302265771674,233298.0
Indústrias Extrativas,Junho/2021,5903.0,3664.0,235537.0,2239.0,2021-06-01,0.009505937496019733,235537.0
Indústrias Extrativas,Julho/2021,6080.0,3946.0,237671.0,2134.0,2021-07-01,0.008978798423030156,237671.0
Indústrias Extrativas,Agosto/2021,5921.0,4240.0,239352.0,1681.0,2021-08-01,0.007023129115277917,239352.0
Indústrias Extrativas,Setembro/2021,5947.0,4279.0,241020.0,1668.0,2021-09-01,0.006920587503111775,241020.0
Indústrias Extrativas,Outubro/2021,5326.0,4175.0,242171.0,1151.0,2021-10-01,0.004752839935417535,242171.0
Indústrias Extrativas,Novembro/2021,4588.0,4129.0,242630.0,459.0,2021-11-01,0.0018917693607550592,242630.0
Indústrias Extrativas,Dezembro/2021,3628.0,4753.0,241505.0,-1125.0,2021-12-01,-0.004658288648268152,241505.0
Indústrias Extrativas,Janeiro/2022,4481.0,3974.0,242012.0,507.0,2022-01-01,0.0020949374411186224,242012.0
Indústrias Extrativas,Fevereiro/2022,6167.0,4263.0,243916.0,1904.0,2022-02-01,0.007805965988291051,243916.0
Indústrias Extrativas,Março/2022,5492.0,4601.0,244807.0,891.0,2022-03-01,0.003639601808771808,244807.0
Indústrias Extrativas,Abril/2022,5767.0,4276.0,246298.0,1491.0,2022-04-01,0.006053642335707152,246298.0
Indústrias Extrativas,Maio/2022,6098.0,4577.0,247819.0,1521.0,2022-05-01,0.006137543933273881,247819.0
Indústrias Extrativas,Junho/2022,5673.0,4336.0,249156.0,1337.0,2022-06-01,0.005366116007641798,249156.0
Indústrias Extrativas,Julho/2022,5960.0,4389.0,250727.0,1571.0,2022-07-01,0.006265779114335512,250727.0
Indústrias Extrativas,Agosto/2022,6202.0,4972.0,251957.0,1230.0,2022-08-01,0.004881785384013939,251957.0
Indústrias Extrativas,Setembro/2022,5899.0,4780.0,253076.0,1119.0,2022-09-01,0.004421596674516746,253076.0
Indústrias Extrativas,Outubro/2022,5817.0,5132.0,253761.0,685.0,2022-10-01,0.0026993903712548423,253761.0
Indústrias Extrativas,Novembro/2022,5644.0,4740.0,254665.0,904.0,2022-11-01,0.0035497614513183987,254665.0
Indústrias Extrativas,Dezembro/2022,4145.0,4483.0,254327.0,-338.0,2022-12-01,-0.0013289977076755516,254327.0
Indústrias Extrativas,Janeiro/2023,5157.0,4816.0,254668.0,341.0,2023-01-01,0.0013389982251401824,254668.0
Indústrias Extrativas,Fevereiro/2023,5802.0,4477.0,255993.0,1325.0,2023-02-01,0.005175922779138492,255993.0
Indústrias Extrativas,Março/2023,6720.0,5154.0,257559.0,1566.0,2023-03-01,0.006080160273956647,257559.0
Indústrias Extrativas,Abril/2023,6933.0,4458.0,260034.0,2475.0,2023-04-01,0.009517986109508757,260034.0
Indústrias Extrativas,Maio/2023,7583.0,4939.0,262678.0,2644.0,2023-05-01,0.010065555547095683,262678.0
Indústrias Extrativas,Junho/2023,7131.0,5306.0,264503.0,1825.0,2023-06-01,0.006899732706245298,264503.0
Indústrias Extrativas,Julho/2023,6317.0,5102.0,265718.0,1215.0,2023-07-01,0.004572516728260788,265718.0
Indústrias Extrativas,Agosto/2023,6563.0,5497.0,266784.0,1066.0,2023-08-01,0.0039957418735756265,266784.0
Indústrias Extrativas,Setembro/2023,6115.0,5033.0,267866.0,1082.0,2023-09-01,0.004039333099385514,267866.0
Indústrias Extrativas,Outubro/2023,5745.0,4637.0,268974.0,1108.0,2023-10-01,0.004119357261296631,268974.0
Indústrias Extrativas,Novembro/2023,4995.0,4711.0,269258.0,284.0,2023-11-01,0.0010547504623818049,269258.0
Indústrias Extrativas,Dezembro/2023,3935.0,4370.0,268823.0,-435.0,2023-12-01,-0.0016181651123601776,268823.0
Indústrias Extrativas,Janeiro/2024,5596.0,5121.0,269298.0,475.0,2024-01-01,0.0017638452569272703,269298.0
Indústrias Extrativas,Fevereiro/2024,6401.0,5143.0,270556.0,1258.0,2024-02-01,0.004649684353701267,270556.0
Indústrias Extrativas,Março/2024,6285.0,5422.0,271419.0,863.0,2024-03-01,0.003179585806446859,271419.0
Indústrias Extrativas,Abril/2024,7130.0,5243.0,273306.0,1887.0,2024-04-01,0.0069043489714825145,273306.0
Indústrias Extrativas,Maio/2024,7044.0,5050.0,275300.0,1994.0,2024-05-01,0.007243007628042136,275300.0
Indústrias Extrativas,Junho/2024,6717.0,5060.0,276957.0,1657.0,2024-06-01,0.005982878208530566,276957.0
Indústrias Extrativas,Julho/2024,6909.0,5667.0,278199.0,1242.0,2024-07-01,0.004464430138138527,278199.0
Indústrias Extrativas,Agosto/2024,6798.0,5252.0,279745.0,1546.0,2024-08-01,0.005526461598956193,279745.0
Indústrias Extrativas,Setembro/2024,6417.0,5236.0,280926.0,1181.0,2024-09-01,0.004203954066195368,280926.0
Indústrias Extrativas,Outubro/2024,5969.0,5887.0,281008.0,82.0,2024-10-01,0.000291806638956898,281008.0
Indústrias Extrativas,Novembro/2024,5672.0,5440.0,281240.0,232.0,2024-11-01,0.0008249182193144645,281240.0
Indústrias Extrativas,Dezembro/2024,4174.0,5007.0,280407.0,-833.0,2024-12-01,-0.0029706819016643666,280407.0
Indústrias Extrativas,Janeiro/2025,6059.0,5459.0,281007.0,600.0,2025-01-01,0.0021351781272352646,281007.0
Indústrias Extrativas,Fevereiro/2025,7245.0,5511.0,282741.0,1734.0,2025-02-01,0.006132821203857948,282741.0
Indústrias Extrativas,Março/2025,6026.0,5571.0,283196.0,455.0,2025-03-01,0.0016066611110326417,283196.0
Indústrias Extrativas,Abril/2025,6292.0,5282.0,284206.0,1010.0,2025-04-01,0.00355376030062701,284206.0
Indústrias Extrativas,Maio/2025,6799.0,5485.0,285520.0,1314.0,2025-05-01,0.004602129448024656,285520.0
Indústrias Extrativas,Junho/2025,6317.0,5260.0,286577.0,1057.0,2025-06-01,0.003688362987957861,286577.0
Indústrias Extrativas,Julho/2025,7249.0,5463.0,288363.0,1786.0,2025-07-01,0.006193582394412598,288363.0
Indústrias Extrativas,Agosto/2025,6377.0,5880.0,288860.0,497.0,2025-08-01,0.0017205566710517205,288860.0
Indústrias Extrativas,Setembro/2025,6626.0,5785.0,289701.0,841.0,2025-09-01,0.00290299308597485,289701.0
Indústrias Extrativas,Outubro/2025,6627.0,5845.0,290483.0,782.0,2025-10-01,0.002692068038405001,290483.0
Indústrias Extrativas,Novembro/2025,5668.0,5365.0,290786.0,303.0,2025-11-01,0.0010420033976876466,290786.0
Indústrias Extrativas,Dezembro/2025,4497.0,5366.0,,-869.0,2025-12-01,-0.0029884519887477387,290786.0
Indústrias Extrativas,Janeiro/2026,5786.0,5345.0,290358.0,441.0,2026-01-01,0.001518814704606038,290358.0
Indústrias Extrativas,Fevereiro/2026,6297.0,5098.0,291557.0,1199.0,2026-02-01,0.004112403406538001,291557.0
Indústrias Extrativas,Março/2026,7284.0,5598.0,293243.0,1686.0,2026-03-01,0.005749497856726332,293243.0
Indústrias Extrativas,Abril/2026,6270.0,5684.0,293829.0,586.0,2026-04-01,0.00199435726221714,293829.0
Indústrias Extrativas,Maio/2026,5839.0,5417.0,294251.0,422.0,2026-05-01,0.0014341497565004027,294251.0
Indústrias Extrativas,Junho/2026,5698.0,5516.0,294433.0,182.0,2026-06-01,0.0006181372332585002,294433.0
Indústrias de Transformação,Janeiro/2020,229525.0,174052.0,6929577.0,55473.0,2020-01-01,0.008005250536937536,6929577.0
Indústrias de Transformação,Fevereiro/2020,236146.0,202923.0,6962800.0,33223.0,2020-02-01,0.004771499971275924,6962800.0
Indústrias de Transformação,Março/2020,213587.0,247770.0,6928617.0,-34183.0,2020-03-01,-0.004933596416139036,6928617.0
Indústrias de Transformação,Abril/2020,89813.0,290573.0,6727857.0,-200760.0,2020-04-01,-0.029840111048733645,6727857.0
Indústrias de Transformação,Maio/2020,95469.0,193373.0,6629953.0,-97904.0,2020-05-01,-0.014766922178784676,6629953.0
Indústrias de Transformação,Junho/2020,137323.0,141765.0,6625511.0,-4442.0,2020-06-01,-0.0006704388536974733,6625511.0
Indústrias de Transformação,Julho/2020,197406.0,145305.0,6677612.0,52101.0,2020-07-01,0.007802340117994277,6677612.0
Indústrias de Transformação,Agosto/2020,244024.0,153837.0,6767799.0,90187.0,2020-08-01,0.013325898124338504,6767799.0
Indústrias de Transformação,Setembro/2020,282477.0,174289.0,6875987.0,108188.0,2020-09-01,0.01573417750789814,6875987.0
Indústrias de Transformação,Outubro/2020,272580.0,190568.0,6957999.0,82012.0,2020-10-01,0.011786722015912908,6957999.0
Indústrias de Transformação,Novembro/2020,240342.0,192254.0,7006087.0,48088.0,2020-11-01,0.006863745768501019,7006087.0
Indústrias de Transformação,Dezembro/2020,164071.0,204975.0,6965183.0,-40904.0,2020-12-01,-0.005872638235061448,6965183.0
Indústrias de Transformação,Janeiro/2021,281902.0,194924.0,7052161.0,86978.0,2021-01-01,0.012333524433148932,7052161.0
Indústrias de Transformação,Fevereiro/2021,305903.0,218357.0,7139707.0,87546.0,2021-02-01,0.012261847720081511,7139707.0
Indústrias de Transformação,Março/2021,277754.0,239574.0,7177887.0,38180.0,2021-03-01,0.005319114106978836,7177887.0
Indústrias de Transformação,Abril/2021,227656.0,211188.0,7194355.0,16468.0,2021-04-01,0.002289016875036053,7194355.0
Indústrias de Transformação,Maio/2021,240874.0,202097.0,7233132.0,38777.0,2021-05-01,0.005361024795344534,7233132.0
Indústrias de Transformação,Junho/2021,244921.0,199948.0,7278105.0,44973.0,2021-06-01,0.006179218354228196,7278105.0
Indústrias de Transformação,Julho/2021,262016.0,207623.0,7332498.0,54393.0,2021-07-01,0.007418072258594547,7332498.0
Indústrias de Transformação,Agosto/2021,294060.0,224756.0,7401802.0,69304.0,2021-08-01,0.009363125357852047,7401802.0
Indústrias de Transformação,Setembro/2021,293711.0,220934.0,7474579.0,72777.0,2021-09-01,0.009736601887544435,7474579.0
Indústrias de Transformação,Outubro/2021,254012.0,230265.0,7498326.0,23747.0,2021-10-01,0.0031669735351597143,7498326.0
Indústrias de Transformação,Novembro/2021,227410.0,221478.0,7504258.0,5932.0,2021-11-01,0.0007904845489054347,7504258.0
Indústrias de Transformação,Dezembro/2021,152635.0,240931.0,7415962.0,-88296.0,2021-12-01,-0.011906209875401195,7415962.0
Indústrias de Transformação,Janeiro/2022,269125.0,220323.0,7464764.0,48802.0,2022-01-01,0.006537648075679285,7464764.0
Indústrias de Transformação,Fevereiro/2022,293977.0,255402.0,7503339.0,38575.0,2022-02-01,0.00514104454030399,7503339.0
Indústrias de Transformação,Março/2022,290189.0,278101.0,7515427.0,12088.0,2022-03-01,0.0016084249105207196,7515427.0
Indústrias de Transformação,Abril/2022,268011.0,245491.0,7537947.0,22520.0,2022-04-01,0.002987550854363927,7537947.0
Indústrias de Transformação,Maio/2022,289639.0,247558.0,7580028.0,42081.0,2022-05-01,0.005551562606365043,7580028.0
Indústrias de Transformação,Junho/2022,274845.0,236859.0,7618014.0,37986.0,2022-06-01,0.004986338959209054,7618014.0
Indústrias de Transformação,Julho/2022,285057.0,238786.0,7664285.0,46271.0,2022-07-01,0.006037223302630317,7664285.0
Indústrias de Transformação,Agosto/2022,305511.0,256580.0,7713216.0,48931.0,2022-08-01,0.006343787079215725,7713216.0
Indústrias de Transformação,Setembro/2022,289425.0,235302.0,7767339.0,54123.0,2022-09-01,0.006968023411878894,7767339.0
Indústrias de Transformação,Outubro/2022,246992.0,233897.0,7780434.0,13095.0,2022-10-01,0.001683068065354709,7780434.0
Indústrias de Transformação,Novembro/2022,213591.0,240219.0,7753806.0,-26628.0,2022-11-01,-0.0034341844508361443,7753806.0
Indústrias de Transformação,Dezembro/2022,142949.0,255941.0,7640814.0,-112992.0,2022-12-01,-0.014787953220690885,7640814.0
Indústrias de Transformação,Janeiro/2023,280151.0,246413.0,7674552.0,33738.0,2023-01-01,0.004396087224374791,7674552.0
Indústrias de Transformação,Fevereiro/2023,287191.0,250001.0,7711742.0,37190.0,2023-02-01,0.004822516105958939,7711742.0
Indústrias de Transformação,Março/2023,314684.0,296808.0,7729618.0,17876.0,2023-03-01,0.0023126627991189217,7729618.0
Indústrias de Transformação,Abril/2023,271801.0,257615.0,7743804.0,14186.0,2023-04-01,0.0018319162003583769,7743804.0
Indústrias de Transformação,Maio/2023,286309.0,280552.0,7749561.0,5757.0,2023-05-01,0.0007428807902796043,7749561.0
Indústrias de Transformação,Junho/2023,269659.0,259952.0,7759268.0,9707.0,2023-06-01,0.0012510200704499445,7759268.0
Indústrias de Transformação,Julho/2023,272276.0,253975.0,7777569.0,18301.0,2023-07-01,0.0023530488768405654,7777569.0
Indústrias de Transformação,Agosto/2023,307155.0,279078.0,7805646.0,28077.0,2023-08-01,0.0035970117015298926,7805646.0
Indústrias de Transformação,Setembro/2023,284246.0,242294.0,7847598.0,41952.0,2023-09-01,0.005345839580467806,7847598.0
Indústrias de Transformação,Outubro/2023,268151.0,249969.0,7865780.0,18182.0,2023-10-01,0.002311531723490868,7865780.0
Indústrias de Transformação,Novembro/2023,234514.0,248649.0,7851645.0,-14135.0,2023-11-01,-0.001800259690803647,7851645.0
Indústrias de Transformação,Dezembro/2023,160362.0,267909.0,7744098.0,-107547.0,2023-12-01,-0.013887608343799368,7744098.0
Indústrias de Transformação,Janeiro/2024,317819.0,252056.0,7809861.0,65763.0,2024-01-01,0.008420508380366822,7809861.0
Indústrias de Transformação,Fevereiro/2024,332797.0,280927.0,7861731.0,51870.0,2024-02-01,0.006597783617882626,7861731.0
Indústrias de Transformação,Março/2024,329413.0,297130.0,7894014.0,32283.0,2024-03-01,0.00408955443960449,7894014.0
Indústrias de Transformação,Abril/2024,338889.0,307214.0,7925689.0,31675.0,2024-04-01,0.003996497970081844,7925689.0
Indústrias de Transformação,Maio/2024,299516.0,285239.0,7939966.0,14277.0,2024-05-01,0.0017981185309861529,7939966.0
Indústrias de Transformação,Junho/2024,299672.0,271554.0,7968084.0,28118.0,2024-06-01,0.003528828260344645,7968084.0
Indústrias de Transformação,Julho/2024,333702.0,287899.0,8013887.0,45803.0,2024-07-01,0.005715453686831372,8013887.0
Indústrias de Transformação,Agosto/2024,341894.0,290979.0,8064802.0,50915.0,2024-08-01,0.006313236208402884,8064802.0
Indústrias de Transformação,Setembro/2024,330258.0,274398.0,8120662.0,55860.0,2024-09-01,0.006878749540369985,8120662.0
Indústrias de Transformação,Outubro/2024,325204.0,301404.0,8144462.0,23800.0,2024-10-01,0.002922231081684708,8144462.0
Indústrias de Transformação,Novembro/2024,259093.0,265846.0,8137709.0,-6753.0,2024-11-01,-0.0008298404378922864,8137709.0
Indústrias de Transformação,Dezembro/2024,161765.0,274785.0,8024689.0,-113020.0,2024-12-01,-0.014084034907770257,8024689.0
Indústrias de Transformação,Janeiro/2025,355175.0,285815.0,8094049.0,69360.0,2025-01-01,0.008569258723291643,8094049.0
Indústrias de Transformação,Fevereiro/2025,379712.0,316363.0,8157398.0,63349.0,2025-02-01,0.007765834154469354,8157398.0
Indústrias de Transformação,Março/2025,332331.0,320306.0,8169423.0,12025.0,2025-03-01,0.0014719521807109266,8169423.0
Indústrias de Transformação,Abril/2025,337958.0,306759.0,8200622.0,31199.0,2025-04-01,0.0038044675147811957,8200622.0
Indústrias de Transformação,Maio/2025,320452.0,303617.0,8217457.0,16835.0,2025-05-01,0.002048687325044719,8217457.0
Indústrias de Transformação,Junho/2025,304725.0,287304.0,8234878.0,17421.0,2025-06-01,0.0021155140367592573,8234878.0
Indústrias de Transformação,Julho/2025,331270.0,308436.0,8257712.0,22834.0,2025-07-01,0.002765172725810733,8257712.0
Indústrias de Transformação,Agosto/2025,321370.0,304029.0,8275053.0,17341.0,2025-08-01,0.002095575702052905,8275053.0
Indústrias de Transformação,Setembro/2025,335865.0,296560.0,8314358.0,39305.0,2025-09-01,0.004727364397828431,8314358.0
Indústrias de Transformação,Outubro/2025,305195.0,316944.0,8302609.0,-11749.0,2025-10-01,-0.0014150973507243325,8302609.0
Indústrias de Transformação,Novembro/2025,242208.0,273098.0,8271719.0,-30890.0,2025-11-01,-0.0037344111907089686,8271719.0
Indústrias de Transformação,Dezembro/2025,151425.0,284214.0,,-132789.0,2025-12-01,-0.01605337415354656,8271719.0
Indústrias de Transformação,Janeiro/2026,332251.0,279014.0,8192167.0,53237.0,2026-01-01,0.006498524749312362,8192167.0
Indústrias de Transformação,Fevereiro/2026,335998.0,306969.0,8221196.0,29029.0,2026-02-01,0.003530994760373065,8221196.0
Indústrias de Transformação,Março/2026,361795.0,338103.0,8244888.0,23692.0,2026-03-01,0.002873538124471794,8244888.0
Indústrias de Transformação,Abril/2026,326608.0,319258.0,8252238.0,7350.0,2026-04-01,0.0008906674771134813,8252238.0
Indústrias de Transformação,Maio/2026,308986.0,305767.0,8255457.0,3219.0,2026-05-01,0.00038992390124495836,8255457.0
Indústrias de Transformação,Junho/2026,309928.0,297336.0,8268049.0,12592.0,2026-06-01,0.0015229711386567737,8268049.0
Informação e Comunicação,Janeiro/2020,30854.0,25332.0,945819.0,5522.0,2020-01-01,0.005838326360540442,945819.0
Informação e Comunicação,Fevereiro/2020,29035.0,24962.0,949892.0,4073.0,2020-02-01,0.004287855882563491,949892.0
Informação e Comunicação,Março/2020,29298.0,29329.0,949861.0,-31.0,2020-03-01,-3.263635416129308e-05,949861.0
Informação e Comunicação,Abril/2020,12245.0,25432.0,936674.0,-13187.0,2020-04-01,-0.01407853746340776,936674.0
Informação e Comunicação,Maio/2020,13871.0,18808.0,931737.0,-4937.0,2020-05-01,-0.005298705536004259,931737.0
Informação e Comunicação,Junho/2020,19171.0,17927.0,932981.0,1244.0,2020-06-01,0.0013333604864407742,932981.0
Informação e Comunicação,Julho/2020,23734.0,19367.0,937348.0,4367.0,2020-07-01,0.004658888694486999,937348.0
Informação e Comunicação,Agosto/2020,27243.0,21342.0,943249.0,5901.0,2020-08-01,0.0062560363170276355,943249.0
Informação e Comunicação,Setembro/2020,32220.0,23101.0,952368.0,9119.0,2020-09-01,0.009575080221091006,952368.0
Informação e Comunicação,Outubro/2020,38738.0,24356.0,966750.0,14382.0,2020-10-01,0.014876648564778898,966750.0
Informação e Comunicação,Novembro/2020,32131.0,30982.0,967899.0,1149.0,2020-11-01,0.0011871073324799385,967899.0
Informação e Comunicação,Dezembro/2020,26857.0,24038.0,970718.0,2819.0,2020-12-01,0.0029040359816136095,970718.0
Informação e Comunicação,Janeiro/2021,34255.0,27650.0,977323.0,6605.0,2021-01-01,0.006758256993849526,977323.0
Informação e Comunicação,Fevereiro/2021,36304.0,26314.0,987313.0,9990.0,2021-02-01,0.010118371782808491,987313.0
Informação e Comunicação,Março/2021,41017.0,29256.0,999074.0,11761.0,2021-03-01,0.011771900780122394,999074.0
Informação e Comunicação,Abril/2021,37781.0,27768.0,1009087.0,10013.0,2021-04-01,0.00992283123258946,1009087.0
Informação e Comunicação,Maio/2021,39763.0,29009.0,1019841.0,10754.0,2021-05-01,0.010544781000175517,1019841.0
Informação e Comunicação,Junho/2021,42468.0,30123.0,1032186.0,12345.0,2021-06-01,0.011960053711249717,1032186.0
Informação e Comunicação,Julho/2021,42749.0,31396.0,1043539.0,11353.0,2021-07-01,0.010879325065953453,1043539.0
Informação e Comunicação,Agosto/2021,43843.0,32278.0,1055104.0,11565.0,2021-08-01,0.01096100479194468,1055104.0
Informação e Comunicação,Setembro/2021,43385.0,33522.0,1064967.0,9863.0,2021-09-01,0.009261319834323505,1064967.0
Informação e Comunicação,Outubro/2021,44152.0,32844.0,1076275.0,11308.0,2021-10-01,0.010506608441151193,1076275.0
Informação e Comunicação,Novembro/2021,43322.0,31319.0,1088278.0,12003.0,2021-11-01,0.011029350956281391,1088278.0
Informação e Comunicação,Dezembro/2021,36326.0,31549.0,1093055.0,4777.0,2021-12-01,0.004370319883262965,1093055.0
Informação e Comunicação,Janeiro/2022,43182.0,35830.0,1100407.0,7352.0,2022-01-01,0.006681164332833216,1100407.0
Informação e Comunicação,Fevereiro/2022,44480.0,36572.0,1108315.0,7908.0,2022-02-01,0.007135155619115504,1108315.0
Informação e Comunicação,Março/2022,47357.0,37543.0,1118129.0,9814.0,2022-03-01,0.008777162563532472,1118129.0
Informação e Comunicação,Abril/2022,44486.0,36020.0,1126595.0,8466.0,2022-04-01,0.007514679188173212,1126595.0
Informação e Comunicação,Maio/2022,45251.0,36760.0,1135086.0,8491.0,2022-05-01,0.007480490465039654,1135086.0
Informação e Comunicação,Junho/2022,45476.0,36778.0,1143784.0,8698.0,2022-06-01,0.007604582683443727,1143784.0
Informação e Comunicação,Julho/2022,41737.0,36394.0,1149127.0,5343.0,2022-07-01,0.004649616622009578,1149127.0
Informação e Comunicação,Agosto/2022,44441.0,37868.0,1155700.0,6573.0,2022-08-01,0.005687462144155058,1155700.0
Informação e Comunicação,Setembro/2022,44193.0,36131.0,1163762.0,8062.0,2022-09-01,0.006927533292889783,1163762.0
Informação e Comunicação,Outubro/2022,39427.0,37397.0,1165792.0,2030.0,2022-10-01,0.0017413054815953446,1165792.0
Informação e Comunicação,Novembro/2022,37142.0,34941.0,1167993.0,2201.0,2022-11-01,0.0018844291018867408,1167993.0
Informação e Comunicação,Dezembro/2022,27118.0,30748.0,1164363.0,-3630.0,2022-12-01,-0.003117584464638605,1164363.0
Informação e Comunicação,Janeiro/2023,37609.0,36604.0,1165368.0,1005.0,2023-01-01,0.0008623885330642338,1165368.0
Informação e Comunicação,Fevereiro/2023,33267.0,34062.0,1164573.0,-795.0,2023-02-01,-0.0006826536421503847,1164573.0
Informação e Comunicação,Março/2023,39619.0,38451.0,1165741.0,1168.0,2023-03-01,0.0010019378232386097,1165741.0
Informação e Comunicação,Abril/2023,36199.0,33659.0,1168281.0,2540.0,2023-04-01,0.0021741344762090625,1168281.0
Informação e Comunicação,Maio/2023,39479.0,36486.0,1171274.0,2993.0,2023-05-01,0.002555337179857147,1171274.0
Informação e Comunicação,Junho/2023,36560.0,36517.0,1171317.0,43.0,2023-06-01,3.671081355431536e-05,1171317.0
Informação e Comunicação,Julho/2023,36096.0,33584.0,1173829.0,2512.0,2023-07-01,0.0021400050603622846,1173829.0
Informação e Comunicação,Agosto/2023,38795.0,38152.0,1174472.0,643.0,2023-08-01,0.0005474800591244406,1174472.0
Informação e Comunicação,Setembro/2023,35505.0,33421.0,1176556.0,2084.0,2023-09-01,0.0017712714056959465,1176556.0
Informação e Comunicação,Outubro/2023,37183.0,33839.0,1179900.0,3344.0,2023-10-01,0.002834138486312399,1179900.0
Informação e Comunicação,Novembro/2023,34413.0,31282.0,1183031.0,3131.0,2023-11-01,0.002646591678493632,1183031.0
Informação e Comunicação,Dezembro/2023,28325.0,30092.0,1181264.0,-1767.0,2023-12-01,-0.00149585528721776,1181264.0
Informação e Comunicação,Janeiro/2024,37831.0,34442.0,1184653.0,3389.0,2024-01-01,0.0028607533176381607,1184653.0
Informação e Comunicação,Fevereiro/2024,38238.0,35109.0,1187782.0,3129.0,2024-02-01,0.002634321786321059,1187782.0
Informação e Comunicação,Março/2024,39899.0,35474.0,1192207.0,4425.0,2024-03-01,0.0037116037735057754,1192207.0
Informação e Comunicação,Abril/2024,41878.0,37101.0,1196984.0,4777.0,2024-04-01,0.003990863704109662,1196984.0
Informação e Comunicação,Maio/2024,39233.0,37990.0,1198227.0,1243.0,2024-05-01,0.001037366041659886,1198227.0
Informação e Comunicação,Junho/2024,38516.0,35758.0,1200985.0,2758.0,2024-06-01,0.002296448331994155,1200985.0
Informação e Comunicação,Julho/2024,42661.0,36623.0,1207023.0,6038.0,2024-07-01,0.005002390178149049,1207023.0
Informação e Comunicação,Agosto/2024,42303.0,37255.0,1212071.0,5048.0,2024-08-01,0.004164772525701878,1212071.0
Informação e Comunicação,Setembro/2024,45097.0,36927.0,1220241.0,8170.0,2024-09-01,0.006695398695831397,1220241.0
Informação e Comunicação,Outubro/2024,39496.0,44651.0,1215086.0,-5155.0,2024-10-01,-0.00424249806186558,1215086.0
Informação e Comunicação,Novembro/2024,36954.0,35042.0,1216998.0,1912.0,2024-11-01,0.0015710789993081337,1216998.0
Informação e Comunicação,Dezembro/2024,29626.0,30145.0,1216479.0,-519.0,2024-12-01,-0.0004266411504021031,1216479.0
Informação e Comunicação,Janeiro/2025,39073.0,39503.0,1216049.0,-430.0,2025-01-01,-0.00035360417220029784,1216049.0
Informação e Comunicação,Fevereiro/2025,43399.0,39393.0,1220055.0,4006.0,2025-02-01,0.0032834585326071367,1220055.0
Informação e Comunicação,Março/2025,40041.0,37561.0,1222535.0,2480.0,2025-03-01,0.0020285717791310677,1222535.0
Informação e Comunicação,Abril/2025,42844.0,38150.0,1227229.0,4694.0,2025-04-01,0.003824877019692331,1227229.0
Informação e Comunicação,Maio/2025,41644.0,38287.0,1230586.0,3357.0,2025-05-01,0.002727968626329245,1230586.0
Informação e Comunicação,Junho/2025,40077.0,37079.0,1233584.0,2998.0,2025-06-01,0.0024303168653289926,1233584.0
Informação e Comunicação,Julho/2025,41436.0,37840.0,1237180.0,3596.0,2025-07-01,0.0029066101941512146,1237180.0
Informação e Comunicação,Agosto/2025,41890.0,40748.0,1238322.0,1142.0,2025-08-01,0.0009222157080307061,1238322.0
Informação e Comunicação,Setembro/2025,42621.0,39573.0,1241370.0,3048.0,2025-09-01,0.002455351748471447,1241370.0
Informação e Comunicação,Outubro/2025,41907.0,40495.0,1242782.0,1412.0,2025-10-01,0.0011361606460344614,1242782.0
Informação e Comunicação,Novembro/2025,37347.0,33279.0,1246850.0,4068.0,2025-11-01,0.003262621806953523,1246850.0
Informação e Comunicação,Dezembro/2025,28491.0,32681.0,,-4190.0,2025-12-01,-0.0033604683803184023,1246850.0
Informação e Comunicação,Janeiro/2026,36987.0,37232.0,1242415.0,-245.0,2026-01-01,-0.000197196588901454,1242415.0
Informação e Comunicação,Fevereiro/2026,38149.0,36768.0,1243796.0,1381.0,2026-02-01,0.0011103106940366426,1243796.0
Informação e Comunicação,Março/2026,43380.0,39534.0,1247642.0,3846.0,2026-03-01,0.0030826150450209274,1247642.0
Informação e Comunicação,Abril/2026,40441.0,39928.0,1248155.0,513.0,2026-04-01,0.0004110066458092144,1248155.0
Informação e Comunicação,Maio/2026,38027.0,38494.0,1247688.0,-467.0,2026-05-01,-0.00037429229102147333,1247688.0
Informação e Comunicação,Junho/2026,39348.0,38310.0,1248726.0,1038.0,2026-06-01,0.0008312472071535309,1248726.0
"Informação, comunicação e atividades financeiras, imobiliárias, profissionais e administrativas",Janeiro/2020,315820.0,290143.0,7915105.0,25677.0,2020-01-01,0.003244050457953495,7915105.0
"Informação, comunicação e atividades financeiras, imobiliárias, profissionais e administrativas",Fevereiro/2020,304794.0,275072.0,7944827.0,29722.0,2020-02-01,0.0037410506232546034,7944827.0
"Informação, comunicação e atividades financeiras, imobiliárias, profissionais e administrativas",Março/2020,315175.0,351370.0,7908632.0,-36195.0,2020-03-01,-0.00457664486095699,7908632.0
"Informação, comunicação e atividades financeiras, imobiliárias, profissionais e administrativas",Abril/2020,163581.0,299684.0,7772529.0,-136103.0,2020-04-01,-0.017510774163724575,7772529.0
"Informação, comunicação e atividades financeiras, imobiliárias, profissionais e administrativas",Maio/2020,183809.0,225107.0,7731231.0,-41298.0,2020-05-01,-0.005341710783185756,7731231.0
"Informação, comunicação e atividades financeiras, imobiliárias, profissionais e administrativas",Junho/2020,223257.0,212424.0,7742064.0,10833.0,2020-06-01,0.0013992392726280745,7742064.0
"Informação, comunicação e atividades financeiras, imobiliárias, profissionais e administrativas",Julho/2020,210999.0,189906.0,7763157.0,21093.0,2020-07-01,0.0027170647199328828,7763157.0
"Informação, comunicação e atividades financeiras, imobiliárias, profissionais e administrativas",Agosto/2020,289336.0,234410.0,7818083.0,54926.0,2020-08-01,0.007025507403797069,7818083.0
"Informação, comunicação e atividades financeiras, imobiliárias, profissionais e administrativas",Setembro/2020,323196.0,257196.0,7884083.0,66000.0,2020-09-01,0.00837129695362162,7884083.0
"Informação, comunicação e atividades financeiras, imobiliárias, profissionais e administrativas",Outubro/2020,380327.0,277936.0,7986474.0,102391.0,2020-10-01,0.012820551347190262,7986474.0
"Informação, comunicação e atividades financeiras, imobiliárias, profissionais e administrativas",Novembro/2020,375975.0,274125.0,8088324.0,101850.0,2020-11-01,0.012592225533991962,8088324.0
"Informação, comunicação e atividades financeiras, imobiliárias, profissionais e administrativas",Dezembro/2020,326184.0,318724.0,8095784.0,7460.0,2020-12-01,0.0009214672723481753,8095784.0
"Informação, comunicação e atividades financeiras, imobiliárias, profissionais e administrativas",Janeiro/2021,364304.0,308966.0,8151122.0,55338.0,2021-01-01,0.006789004016870315,8151122.0
"Informação, comunicação e atividades financeiras, imobiliárias, profissionais e administrativas",Fevereiro/2021,375272.0,303102.0,8223292.0,72170.0,2021-02-01,0.0087762905658707,8223292.0
"Informação, comunicação e atividades financeiras, imobiliárias, profissionais e administrativas",Março/2021,382730.0,330361.0,8275661.0,52369.0,2021-03-01,0.00632807457917863,8275661.0
"Informação, comunicação e atividades financeiras, imobiliárias, profissionais e administrativas",Abril/2021,339650.0,305569.0,8309742.0,34081.0,2021-04-01,0.004101330703167439,8309742.0
"Informação, comunicação e atividades financeiras, imobiliárias, profissionais e administrativas",Maio/2021,375756.0,316736.0,8368762.0,59020.0,2021-05-01,0.0070524170719635714,8368762.0
"Informação, comunicação e atividades financeiras, imobiliárias, profissionais e administrativas",Junho/2021,384289.0,316628.0,8436423.0,67661.0,2021-06-01,0.00802010520335455,8436423.0
"Informação, comunicação e atividades financeiras, imobiliárias, profissionais e administrativas",Julho/2021,398407.0,328845.0,8505985.0,69562.0,2021-07-01,0.008178006427239173,8505985.0
"Informação, comunicação e atividades financeiras, imobiliárias, profissionais e administrativas",Agosto/2021,425007.0,345275.0,8585717.0,79732.0,2021-08-01,0.009286586082443668,8585717.0
"Informação, comunicação e atividades financeiras, imobiliárias, profissionais e administrativas",Setembro/2021,414113.0,349512.0,8650318.0,64601.0,2021-09-01,0.007468049151487841,8650318.0
"Informação, comunicação e atividades financeiras, imobiliárias, profissionais e administrativas",Outubro/2021,430233.0,358975.0,8721576.0,71258.0,2021-10-01,0.008170312338045325,8721576.0
"Informação, comunicação e atividades financeiras, imobiliárias, profissionais e administrativas",Novembro/2021,448745.0,342917.0,8827404.0,105828.0,2021-11-01,0.011988575576692763,8827404.0
"Informação, comunicação e atividades financeiras, imobiliárias, profissionais e administrativas",Dezembro/2021,390596.0,408486.0,8809514.0,-17890.0,2021-12-01,-0.002030759018034366,8809514.0
"Informação, comunicação e atividades financeiras, imobiliárias, profissionais e administrativas",Janeiro/2022,443588.0,384815.0,8868287.0,58773.0,2022-01-01,0.006627322728729911,8868287.0
"Informação, comunicação e atividades financeiras, imobiliárias, profissionais e administrativas",Fevereiro/2022,445897.0,387904.0,8926280.0,57993.0,2022-02-01,0.006496883360145548,8926280.0
"Informação, comunicação e atividades financeiras, imobiliárias, profissionais e administrativas",Março/2022,457680.0,418105.0,8965855.0,39575.0,2022-03-01,0.004413968327616273,8965855.0
"Informação, comunicação e atividades financeiras, imobiliárias, profissionais e administrativas",Abril/2022,434255.0,394645.0,9005465.0,39610.0,2022-04-01,0.004398440280429717,9005465.0
"Informação, comunicação e atividades financeiras, imobiliárias, profissionais e administrativas",Maio/2022,446409.0,397036.0,9054838.0,49373.0,2022-05-01,0.005452665194010097,9054838.0
"Informação, comunicação e atividades financeiras, imobiliárias, profissionais e administrativas",Junho/2022,444836.0,379009.0,9120665.0,65827.0,2022-06-01,0.007217346542165511,9120665.0
"Informação, comunicação e atividades financeiras, imobiliárias, profissionais e administrativas",Julho/2022,439584.0,401642.0,9158607.0,37942.0,2022-07-01,0.004142769746534598,9158607.0
"Informação, comunicação e atividades financeiras, imobiliárias, profissionais e administrativas",Agosto/2022,477359.0,415950.0,9220016.0,61409.0,2022-08-01,0.006660400589326526,9220016.0
"Informação, comunicação e atividades financeiras, imobiliárias, profissionais e administrativas",Setembro/2022,454300.0,395090.0,9279226.0,59210.0,2022-09-01,0.006380920132778316,9279226.0
"Informação, comunicação e atividades financeiras, imobiliárias, profissionais e administrativas",Outubro/2022,434632.0,385372.0,9328486.0,49260.0,2022-10-01,0.005280599660009138,9328486.0
"Informação, comunicação e atividades financeiras, imobiliárias, profissionais e administrativas",Novembro/2022,438129.0,385771.0,9380844.0,52358.0,2022-11-01,0.00558137412795693,9380844.0
"Informação, comunicação e atividades financeiras, imobiliárias, profissionais e administrativas",Dezembro/2022,369092.0,411612.0,9338324.0,-42520.0,2022-12-01,-0.004553279582074899,9338324.0
"Informação, comunicação e atividades financeiras, imobiliárias, profissionais e administrativas",Janeiro/2023,451259.0,434812.0,9354771.0,16447.0,2023-01-01,0.00175814031150522,9354771.0
"Informação, comunicação e atividades financeiras, imobiliárias, profissionais e administrativas",Fevereiro/2023,422834.0,393808.0,9383797.0,29026.0,2023-02-01,0.003093204168845511,9383797.0
"Informação, comunicação e atividades financeiras, imobiliárias, profissionais e administrativas",Março/2023,496607.0,461140.0,9419264.0,35467.0,2023-03-01,0.0037653685043757133,9419264.0
"Informação, comunicação e atividades financeiras, imobiliárias, profissionais e administrativas",Abril/2023,433638.0,401727.0,9451175.0,31911.0,2023-04-01,0.00337640557920047,9451175.0
"Informação, comunicação e atividades financeiras, imobiliárias, profissionais e administrativas",Maio/2023,470911.0,433180.0,9488906.0,37731.0,2023-05-01,0.00397632772418654,9488906.0
"Informação, comunicação e atividades financeiras, imobiliárias, profissionais e administrativas",Junho/2023,451748.0,411708.0,9528946.0,40040.0,2023-06-01,0.004201933771059254,9528946.0
"Informação, comunicação e atividades financeiras, imobiliárias, profissionais e administrativas",Julho/2023,444804.0,417586.0,9556164.0,27218.0,2023-07-01,0.0028482139904673046,9556164.0
"Informação, comunicação e atividades financeiras, imobiliárias, profissionais e administrativas",Agosto/2023,487771.0,444258.0,9599677.0,43513.0,2023-08-01,0.004532756675042295,9599677.0
"Informação, comunicação e atividades financeiras, imobiliárias, profissionais e administrativas",Setembro/2023,452688.0,410964.0,9641401.0,41724.0,2023-09-01,0.004327586831001013,9641401.0
"Informação, comunicação e atividades financeiras, imobiliárias, profissionais e administrativas",Outubro/2023,483991.0,418863.0,9706529.0,65128.0,2023-10-01,0.0067097105463755375,9706529.0
"Informação, comunicação e atividades financeiras, imobiliárias, profissionais e administrativas",Novembro/2023,475043.0,412572.0,9769000.0,62471.0,2023-11-01,0.00639482035008701,9769000.0
"Informação, comunicação e atividades financeiras, imobiliárias, profissionais e administrativas",Dezembro/2023,405135.0,441681.0,9732454.0,-36546.0,2023-12-01,-0.0037550652692527496,9732454.0
"Informação, comunicação e atividades financeiras, imobiliárias, profissionais e administrativas",Janeiro/2024,502687.0,455335.0,9779806.0,47352.0,2024-01-01,0.004841813835570971,9779806.0
"Informação, comunicação e atividades financeiras, imobiliárias, profissionais e administrativas",Fevereiro/2024,502168.0,451642.0,9830332.0,50526.0,2024-02-01,0.0051398060614839865,9830332.0
"Informação, comunicação e atividades financeiras, imobiliárias, profissionais e administrativas",Março/2024,529693.0,480114.0,9879911.0,49579.0,2024-03-01,0.005018162613003295,9879911.0
"Informação, comunicação e atividades financeiras, imobiliárias, profissionais e administrativas",Abril/2024,539140.0,478044.0,9941007.0,61096.0,2024-04-01,0.006145856249774293,9941007.0
"Informação, comunicação e atividades financeiras, imobiliárias, profissionais e administrativas",Maio/2024,508328.0,477530.0,9971805.0,30798.0,2024-05-01,0.003088508048442584,9971805.0
"Informação, comunicação e atividades financeiras, imobiliárias, profissionais e administrativas",Junho/2024,502688.0,454342.0,10020151.0,48346.0,2024-06-01,0.004824877389572273,10020151.0
"Informação, comunicação e atividades financeiras, imobiliárias, profissionais e administrativas",Julho/2024,535614.0,490262.0,10065503.0,45352.0,2024-07-01,0.00450568640235863,10065503.0
"Informação, comunicação e atividades financeiras, imobiliárias, profissionais e administrativas",Agosto/2024,527230.0,486718.0,10106015.0,40512.0,2024-08-01,0.004008701748414187,10106015.0
"Informação, comunicação e atividades financeiras, imobiliárias, profissionais e administrativas",Setembro/2024,535287.0,472892.0,10168410.0,62395.0,2024-09-01,0.006136160914046542,10168410.0
"Informação, comunicação e atividades financeiras, imobiliárias, profissionais e administrativas",Outubro/2024,563540.0,521894.0,10210056.0,41646.0,2024-10-01,0.0040789198413799105,10210056.0
"Informação, comunicação e atividades financeiras, imobiliárias, profissionais e administrativas",Novembro/2024,504984.0,464866.0,10250174.0,40118.0,2024-11-01,0.0039138847789315576,10250174.0
"Informação, comunicação e atividades financeiras, imobiliárias, profissionais e administrativas",Dezembro/2024,413475.0,480131.0,10183518.0,-66656.0,2024-12-01,-0.006545478684281797,10183518.0
"Informação, comunicação e atividades financeiras, imobiliárias, profissionais e administrativas",Janeiro/2025,552460.0,526909.0,10209069.0,25551.0,2025-01-01,0.002502774738813108,10209069.0
"Informação, comunicação e atividades financeiras, imobiliárias, profissionais e administrativas",Fevereiro/2025,599552.0,511606.0,10297015.0,87946.0,2025-02-01,0.00854092181083547,10297015.0
"Informação, comunicação e atividades financeiras, imobiliárias, profissionais e administrativas",Março/2025,541182.0,529688.0,10308509.0,11494.0,2025-03-01,0.0011150012091952386,10308509.0
"Informação, comunicação e atividades financeiras, imobiliárias, profissionais e administrativas",Abril/2025,548794.0,496348.0,10360955.0,52446.0,2025-04-01,0.005061888600037352,10360955.0
"Informação, comunicação e atividades financeiras, imobiliárias, profissionais e administrativas",Maio/2025,547589.0,517708.0,10390836.0,29881.0,2025-05-01,0.0028757070172217136,10390836.0
"Informação, comunicação e atividades financeiras, imobiliárias, profissionais e administrativas",Junho/2025,528887.0,487410.0,10432313.0,41477.0,2025-06-01,0.0039758201273293855,10432313.0
"Informação, comunicação e atividades financeiras, imobiliárias, profissionais e administrativas",Julho/2025,554039.0,527321.0,10459031.0,26718.0,2025-07-01,0.0025545387522037176,10459031.0
"Informação, comunicação e atividades financeiras, imobiliárias, profissionais e administrativas",Agosto/2025,532814.0,520668.0,10471177.0,12146.0,2025-08-01,0.0011599460117998196,10471177.0
"Informação, comunicação e atividades financeiras, imobiliárias, profissionais e administrativas",Setembro/2025,568936.0,516063.0,10524050.0,52873.0,2025-09-01,0.005024016419534305,10524050.0
"Informação, comunicação e atividades financeiras, imobiliárias, profissionais e administrativas",Outubro/2025,578884.0,543373.0,10559561.0,35511.0,2025-10-01,0.003362923894279317,10559561.0
"Informação, comunicação e atividades financeiras, imobiliárias, profissionais e administrativas",Novembro/2025,518118.0,472404.0,10605275.0,45714.0,2025-11-01,0.004310496427485379,10605275.0
"Informação, comunicação e atividades financeiras, imobiliárias, profissionais e administrativas",Dezembro/2025,418258.0,508592.0,,-90334.0,2025-12-01,-0.008517836642614171,10605275.0
"Informação, comunicação e atividades financeiras, imobiliárias, profissionais e administrativas",Janeiro/2026,552297.0,513902.0,10553336.0,38395.0,2026-01-01,0.0036381860674198187,10553336.0
"Informação, comunicação e atividades financeiras, imobiliárias, profissionais e administrativas",Fevereiro/2026,560459.0,512327.0,10601468.0,48132.0,2026-02-01,0.004540125952368106,10601468.0
"Informação, comunicação e atividades financeiras, imobiliárias, profissionais e administrativas",Março/2026,616102.0,559152.0,10658418.0,56950.0,2026-03-01,0.005343194459065126,10658418.0
"Informação, comunicação e atividades financeiras, imobiliárias, profissionais e administrativas",Abril/2026,554407.0,537429.0,10675396.0,16978.0,2026-04-01,0.0015903859678835332,10675396.0
"Informação, comunicação e atividades financeiras, imobiliárias, profissionais e administrativas",Maio/2026,542296.0,530146.0,10687546.0,12150.0,2026-05-01,0.0011368372122094257,10687546.0
"Informação, comunicação e atividades financeiras, imobiliárias, profissionais e administrativas",Junho/2026,554137.0,520582.0,10721101.0,33555.0,2026-06-01,0.0031298091492655464,10721101.0
Não identificado***,Janeiro/2020,0.0,0.0,,0.0,2020-01-01,,0.0
Não identificado***,Fevereiro/2020,0.0,1.0,,-1.0,2020-02-01,,0.0
Não identificado***,Março/2020,0.0,0.0,,0.0,2020-03-01,,0.0
Não identificado***,Abril/2020,0.0,0.0,,0.0,2020-04-01,,0.0
Não identificado***,Maio/2020,0.0,1.0,,-1.0,2020-05-01,,0.0
Não identificado***,Junho/2020,0.0,0.0,,0.0,2020-06-01,,0.0
Não identificado***,Julho/2020,0.0,0.0,,0.0,2020-07-01,,0.0
Não identificado***,Agosto/2020,0.0,0.0,,0.0,2020-08-01,,0.0
Não identificado***,Setembro/2020,0.0,0.0,,0.0,2020-09-01,,0.0
Não identificado***,Outubro/2020,0.0,0.0,,0.0,2020-10-01,,0.0
Não identificado***,Novembro/2020,0.0,0.0,,0.0,2020-11-01,,0.0
Não identificado***,Dezembro/2020,0.0,0.0,0.0,0.0,2020-12-01,,0.0
Não identificado***,Janeiro/2021,0.0,0.0,,0.0,2021-01-01,,0.0
Não identificado***,Fevereiro/2021,0.0,0.0,,0.0,2021-02-01,,0.0
Não identificado***,Março/2021,0.0,0.0,,0.0,2021-03-01,,0.0
Não identificado***,Abril/2021,0.0,0.0,,0.0,2021-04-01,,0.0
Não identificado***,Maio/2021,0.0,1.0,,-1.0,2021-05-01,,0.0
Não identificado***,Junho/2021,0.0,0.0,,0.0,2021-06-01,,0.0
Não identificado***,Julho/2021,0.0,1.0,,-1.0,2021-07-01,,0.0
Não identificado***,Agosto/2021,0.0,1.0,,-1.0,2021-08-01,,0.0
Não identificado***,Setembro/2021,0.0,0.0,,0.0,2021-09-01,,0.0
Não identificado***,Outubro/2021,0.0,2.0,,-2.0,2021-10-01,,0.0
Não identificado***,Novembro/2021,0.0,0.0,,0.0,2021-11-01,,0.0
Não identificado***,Dezembro/2021,0.0,1.0,,-1.0,2021-12-01,,0.0
Não identificado***,Janeiro/2022,0.0,2.0,,-2.0,2022-01-01,,0.0
Não identificado***,Fevereiro/2022,0.0,1.0,,-1.0,2022-02-01,,0.0
Não identificado***,Março/2022,0.0,0.0,,0.0,2022-03-01,,0.0
Não identificado***,Abril/2022,0.0,0.0,,0.0,2022-04-01,,0.0
Não identificado***,Maio/2022,0.0,0.0,,0.0,2022-05-01,,0.0
Não identificado***,Junho/2022,0.0,0.0,,0.0,2022-06-01,,0.0
Não identificado***,Julho/2022,0.0,0.0,,0.0,2022-07-01,,0.0
Não identificado***,Agosto/2022,0.0,0.0,,0.0,2022-08-01,,0.0
Não identificado***,Setembro/2022,0.0,0.0,,0.0,2022-09-01,,0.0
Não identificado***,Outubro/2022,0.0,0.0,,0.0,2022-10-01,,0.0
Não identificado***,Novembro/2022,0.0,0.0,,0.0,2022-11-01,,0.0
Não identificado***,Dezembro/2022,0.0,0.0,111.0,0.0,2022-12-01,0.0,111.0
Não identificado***,Janeiro/2023,0.0,0.0,111.0,0.0,2023-01-01,0.0,111.0
Não identificado***,Fevereiro/2023,0.0,0.0,111.0,0.0,2023-02-01,0.0,111.0
Não identificado***,Março/2023,0.0,0.0,111.0,0.0,2023-03-01,0.0,111.0
Não identificado***,Abril/2023,0.0,0.0,111.0,0.0,2023-04-01,0.0,111.0
Não identificado***,Maio/2023,0.0,3.0,108.0,-3.0,2023-05-01,-0.027777777777777776,108.0
Não identificado***,Junho/2023,1.0,6.0,103.0,-5.0,2023-06-01,-0.04854368932038835,103.0
Não identificado***,Julho/2023,2.0,2.0,103.0,0.0,2023-07-01,0.0,103.0
Não identificado***,Agosto/2023,1.0,10.0,94.0,-9.0,2023-08-01,-0.09574468085106383,94.0
Não identificado***,Setembro/2023,5.0,9.0,90.0,-4.0,2023-09-01,-0.044444444444444446,90.0
Não identificado***,Outubro/2023,2.0,0.0,92.0,2.0,2023-10-01,0.021739130434782608,92.0
Não identificado***,Novembro/2023,1.0,2.0,91.0,-1.0,2023-11-01,-0.01098901098901099,91.0
Não identificado***,Dezembro/2023,0.0,4.0,87.0,-4.0,2023-12-01,-0.04597701149425287,87.0
Não identificado***,Janeiro/2024,,,87.0,,2024-01-01,,87.0
Não identificado***,Fevereiro/2024,5.0,5.0,87.0,0.0,2024-02-01,0.0,87.0
Não identificado***,Março/2024,13.0,8.0,92.0,5.0,2024-03-01,0.05434782608695652,92.0
Não identificado***,Abril/2024,12.0,19.0,85.0,-7.0,2024-04-01,-0.08235294117647059,85.0
Não identificado***,Maio/2024,4.0,7.0,82.0,-3.0,2024-05-01,-0.036585365853658534,82.0
Não identificado***,Junho/2024,6.0,22.0,66.0,-16.0,2024-06-01,-0.24242424242424243,66.0
Não identificado***,Julho/2024,4.0,6.0,64.0,-2.0,2024-07-01,-0.03125,64.0
Não identificado***,Agosto/2024,4.0,23.0,45.0,-19.0,2024-08-01,-0.4222222222222222,45.0
Não identificado***,Setembro/2024,3.0,8.0,40.0,-5.0,2024-09-01,-0.125,40.0
Não identificado***,Outubro/2024,3.0,8.0,35.0,-5.0,2024-10-01,-0.14285714285714285,35.0
Não identificado***,Novembro/2024,0.0,8.0,27.0,-8.0,2024-11-01,-0.2962962962962963,27.0
Não identificado***,Dezembro/2024,11.0,4.0,34.0,7.0,2024-12-01,0.20588235294117646,34.0
Não identificado***,Janeiro/2025,0.0,0.0,34.0,0.0,2025-01-01,0.0,34.0
Não identificado***,Fevereiro/2025,0.0,1.0,33.0,-1.0,2025-02-01,-0.030303030303030304,33.0
Não identificado***,Março/2025,0.0,6.0,27.0,-6.0,2025-03-01,-0.2222222222222222,27.0
Não identificado***,Abril/2025,3.0,12.0,18.0,-9.0,2025-04-01,-0.5,18.0
Não identificado***,Maio/2025,7.0,7.0,18.0,0.0,2025-05-01,0.0,18.0
Não identificado***,Junho/2025,38.0,15.0,41.0,23.0,2025-06-01,0.5609756097560976,41.0
Não identificado***,Julho/2025,13.0,9.0,45.0,4.0,2025-07-01,0.08888888888888889,45.0
Não identificado***,Agosto/2025,1.0,18.0,28.0,-17.0,2025-08-01,-0.6071428571428571,28.0
Não identificado***,Setembro/2025,1.0,2.0,27.0,-1.0,2025-09-01,-0.037037037037037035,27.0
Não identificado***,Outubro/2025,10.0,7.0,30.0,3.0,2025-10-01,0.1,30.0
Não identificado***,Novembro/2025,1.0,12.0,19.0,-11.0,2025-11-01,-0.5789473684210527,19.0
Não identificado***,Dezembro/2025,4.0,3.0,,1.0,2025-12-01,0.05263157894736842,19.0
Não identificado***,Janeiro/2026,,,-67.0,,2026-01-01,,-67.0
Não identificado***,Fevereiro/2026,3.0,11.0,-67.0,-8.0,2026-02-01,,-67.0
Não identificado***,Março/2026,2.0,8.0,-67.0,-6.0,2026-03-01,,-67.0
Não identificado***,Abril/2026,1.0,3.0,-67.0,-2.0,2026-04-01,,-67.0
Não identificado***,Maio/2026,0.0,10.0,-67.0,-10.0,2026-05-01,,-67.0
Não identificado***,Junho/2026,5.0,7.0,-67.0,-2.0,2026-06-01,,-67.0
Organismos Internacionais e Outras Instituições Extraterritoriais,Janeiro/2020,35.0,30.0,4269.0,5.0,2020-01-01,0.0011712344811431249,4269.0
Organismos Internacionais e Outras Instituições Extraterritoriais,Fevereiro/2020,26.0,18.0,4277.0,8.0,2020-02-01,0.0018704699555763386,4277.0
Organismos Internacionais e Outras Instituições Extraterritoriais,Março/2020,26.0,19.0,4284.0,7.0,2020-03-01,0.0016339869281045752,4284.0
Organismos Internacionais e Outras Instituições Extraterritoriais,Abril/2020,6.0,11.0,4279.0,-5.0,2020-04-01,-0.0011684973124561813,4279.0
Organismos Internacionais e Outras Instituições Extraterritoriais,Maio/2020,12.0,12.0,4279.0,0.0,2020-05-01,0.0,4279.0
Organismos Internacionais e Outras Instituições Extraterritoriais,Junho/2020,11.0,24.0,4266.0,-13.0,2020-06-01,-0.0030473511486169714,4266.0
Organismos Internacionais e Outras Instituições Extraterritoriais,Julho/2020,18.0,13.0,4271.0,5.0,2020-07-01,0.0011706860220088973,4271.0
Organismos Internacionais e Outras Instituições Extraterritoriais,Agosto/2020,11.0,7.0,4275.0,4.0,2020-08-01,0.0009356725146198831,4275.0
Organismos Internacionais e Outras Instituições Extraterritoriais,Setembro/2020,17.0,28.0,4264.0,-11.0,2020-09-01,-0.0025797373358348967,4264.0
Organismos Internacionais e Outras Instituições Extraterritoriais,Outubro/2020,21.0,18.0,4267.0,3.0,2020-10-01,0.0007030700726505742,4267.0
Organismos Internacionais e Outras Instituições Extraterritoriais,Novembro/2020,13.0,15.0,4265.0,-2.0,2020-11-01,-0.0004689331770222743,4265.0
Organismos Internacionais e Outras Instituições Extraterritoriais,Dezembro/2020,14.0,12.0,4267.0,2.0,2020-12-01,0.00046871338176704945,4267.0
Organismos Internacionais e Outras Instituições Extraterritoriais,Janeiro/2021,20.0,21.0,4266.0,-1.0,2021-01-01,-0.00023441162681669012,4266.0
Organismos Internacionais e Outras Instituições Extraterritoriais,Fevereiro/2021,18.0,20.0,4264.0,-2.0,2021-02-01,-0.00046904315196998124,4264.0
Organismos Internacionais e Outras Instituições Extraterritoriais,Março/2021,18.0,18.0,4264.0,0.0,2021-03-01,0.0,4264.0
Organismos Internacionais e Outras Instituições Extraterritoriais,Abril/2021,29.0,21.0,4272.0,8.0,2021-04-01,0.0018726591760299626,4272.0
Organismos Internacionais e Outras Instituições Extraterritoriais,Maio/2021,27.0,16.0,4283.0,11.0,2021-05-01,0.0025682932523931824,4283.0
Organismos Internacionais e Outras Instituições Extraterritoriais,Junho/2021,24.0,23.0,4284.0,1.0,2021-06-01,0.00023342670401493932,4284.0
Organismos Internacionais e Outras Instituições Extraterritoriais,Julho/2021,24.0,13.0,4295.0,11.0,2021-07-01,0.002561117578579744,4295.0
Organismos Internacionais e Outras Instituições Extraterritoriais,Agosto/2021,26.0,24.0,4297.0,2.0,2021-08-01,0.00046544100535257155,4297.0
Organismos Internacionais e Outras Instituições Extraterritoriais,Setembro/2021,19.0,11.0,4305.0,8.0,2021-09-01,0.0018583042973286876,4305.0
Organismos Internacionais e Outras Instituições Extraterritoriais,Outubro/2021,29.0,20.0,4314.0,9.0,2021-10-01,0.002086230876216968,4314.0
Organismos Internacionais e Outras Instituições Extraterritoriais,Novembro/2021,27.0,26.0,4315.0,1.0,2021-11-01,0.0002317497103128621,4315.0
Organismos Internacionais e Outras Instituições Extraterritoriais,Dezembro/2021,21.0,32.0,4304.0,-11.0,2021-12-01,-0.0025557620817843866,4304.0
Organismos Internacionais e Outras Instituições Extraterritoriais,Janeiro/2022,34.0,37.0,4301.0,-3.0,2022-01-01,-0.0006975122064636131,4301.0
Organismos Internacionais e Outras Instituições Extraterritoriais,Fevereiro/2022,45.0,35.0,4311.0,10.0,2022-02-01,0.002319647413593134,4311.0
Organismos Internacionais e Outras Instituições Extraterritoriais,Março/2022,61.0,29.0,4343.0,32.0,2022-03-01,0.007368178678332949,4343.0
Organismos Internacionais e Outras Instituições Extraterritoriais,Abril/2022,37.0,29.0,4351.0,8.0,2022-04-01,0.0018386577798207308,4351.0
Organismos Internacionais e Outras Instituições Extraterritoriais,Maio/2022,37.0,26.0,4362.0,11.0,2022-05-01,0.0025217790004585052,4362.0
Organismos Internacionais e Outras Instituições Extraterritoriais,Junho/2022,41.0,36.0,4367.0,5.0,2022-06-01,0.001144950767117014,4367.0
Organismos Internacionais e Outras Instituições Extraterritoriais,Julho/2022,41.0,34.0,4374.0,7.0,2022-07-01,0.001600365797896662,4374.0
Organismos Internacionais e Outras Instituições Extraterritoriais,Agosto/2022,46.0,35.0,4385.0,11.0,2022-08-01,0.002508551881413911,4385.0
Organismos Internacionais e Outras Instituições Extraterritoriais,Setembro/2022,43.0,53.0,4375.0,-10.0,2022-09-01,-0.002285714285714286,4375.0
Organismos Internacionais e Outras Instituições Extraterritoriais,Outubro/2022,39.0,49.0,4365.0,-10.0,2022-10-01,-0.002290950744558992,4365.0
Organismos Internacionais e Outras Instituições Extraterritoriais,Novembro/2022,46.0,41.0,4370.0,5.0,2022-11-01,0.0011441647597254005,4370.0
Organismos Internacionais e Outras Instituições Extraterritoriais,Dezembro/2022,48.0,48.0,4370.0,0.0,2022-12-01,0.0,4370.0
Organismos Internacionais e Outras Instituições Extraterritoriais,Janeiro/2023,40.0,53.0,4357.0,-13.0,2023-01-01,-0.002983704383750287,4357.0
Organismos Internacionais e Outras Instituições Extraterritoriais,Fevereiro/2023,29.0,34.0,4352.0,-5.0,2023-02-01,-0.0011488970588235295,4352.0
Organismos Internacionais e Outras Instituições Extraterritoriais,Março/2023,47.0,56.0,4343.0,-9.0,2023-03-01,-0.002072300253281142,4343.0
Organismos Internacionais e Outras Instituições Extraterritoriais,Abril/2023,52.0,46.0,4349.0,6.0,2023-04-01,0.0013796275005748448,4349.0
Organismos Internacionais e Outras Instituições Extraterritoriais,Maio/2023,62.0,52.0,4359.0,10.0,2023-05-01,0.0022941041523285156,4359.0
Organismos Internacionais e Outras Instituições Extraterritoriais,Junho/2023,47.0,38.0,4368.0,9.0,2023-06-01,0.0020604395604395605,4368.0
Organismos Internacionais e Outras Instituições Extraterritoriais,Julho/2023,58.0,42.0,4384.0,16.0,2023-07-01,0.0036496350364963502,4384.0
Organismos Internacionais e Outras Instituições Extraterritoriais,Agosto/2023,57.0,43.0,4398.0,14.0,2023-08-01,0.0031832651205093224,4398.0
Organismos Internacionais e Outras Instituições Extraterritoriais,Setembro/2023,57.0,24.0,4431.0,33.0,2023-09-01,0.007447528774542992,4431.0
Organismos Internacionais e Outras Instituições Extraterritoriais,Outubro/2023,39.0,44.0,4426.0,-5.0,2023-10-01,-0.0011296882060551287,4426.0
Organismos Internacionais e Outras Instituições Extraterritoriais,Novembro/2023,54.0,43.0,4437.0,11.0,2023-11-01,0.0024791525805724587,4437.0
Organismos Internacionais e Outras Instituições Extraterritoriais,Dezembro/2023,48.0,65.0,4420.0,-17.0,2023-12-01,-0.0038461538461538464,4420.0
Organismos Internacionais e Outras Instituições Extraterritoriais,Janeiro/2024,67.0,52.0,4435.0,15.0,2024-01-01,0.0033821871476888386,4435.0
Organismos Internacionais e Outras Instituições Extraterritoriais,Fevereiro/2024,53.0,29.0,4459.0,24.0,2024-02-01,0.005382372729311505,4459.0
Organismos Internacionais e Outras Instituições Extraterritoriais,Março/2024,46.0,54.0,4451.0,-8.0,2024-03-01,-0.001797348910357223,4451.0
Organismos Internacionais e Outras Instituições Extraterritoriais,Abril/2024,37.0,49.0,4439.0,-12.0,2024-04-01,-0.0027033115566569045,4439.0
Organismos Internacionais e Outras Instituições Extraterritoriais,Maio/2024,55.0,50.0,4444.0,5.0,2024-05-01,0.0011251125112511251,4444.0
Organismos Internacionais e Outras Instituições Extraterritoriais,Junho/2024,45.0,31.0,4458.0,14.0,2024-06-01,0.0031404217137729925,4458.0
Organismos Internacionais e Outras Instituições Extraterritoriais,Julho/2024,60.0,44.0,4474.0,16.0,2024-07-01,0.003576218149307108,4474.0
Organismos Internacionais e Outras Instituições Extraterritoriais,Agosto/2024,63.0,43.0,4494.0,20.0,2024-08-01,0.004450378282153983,4494.0
Organismos Internacionais e Outras Instituições Extraterritoriais,Setembro/2024,64.0,44.0,4514.0,20.0,2024-09-01,0.004430660168365086,4514.0
Organismos Internacionais e Outras Instituições Extraterritoriais,Outubro/2024,39.0,53.0,4500.0,-14.0,2024-10-01,-0.003111111111111111,4500.0
Organismos Internacionais e Outras Instituições Extraterritoriais,Novembro/2024,42.0,53.0,4489.0,-11.0,2024-11-01,-0.002450434395188238,4489.0
Organismos Internacionais e Outras Instituições Extraterritoriais,Dezembro/2024,26.0,85.0,4430.0,-59.0,2024-12-01,-0.013318284424379233,4430.0
Organismos Internacionais e Outras Instituições Extraterritoriais,Janeiro/2025,43.0,68.0,4405.0,-25.0,2025-01-01,-0.0056753688989784334,4405.0
Organismos Internacionais e Outras Instituições Extraterritoriais,Fevereiro/2025,38.0,39.0,4404.0,-1.0,2025-02-01,-0.00022706630336058128,4404.0
Organismos Internacionais e Outras Instituições Extraterritoriais,Março/2025,37.0,50.0,4391.0,-13.0,2025-03-01,-0.002960601229788203,4391.0
Organismos Internacionais e Outras Instituições Extraterritoriais,Abril/2025,43.0,36.0,4398.0,7.0,2025-04-01,0.0015916325602546612,4398.0
Organismos Internacionais e Outras Instituições Extraterritoriais,Maio/2025,26.0,32.0,4392.0,-6.0,2025-05-01,-0.001366120218579235,4392.0
Organismos Internacionais e Outras Instituições Extraterritoriais,Junho/2025,44.0,43.0,4393.0,1.0,2025-06-01,0.00022763487366264513,4393.0
Organismos Internacionais e Outras Instituições Extraterritoriais,Julho/2025,34.0,51.0,4376.0,-17.0,2025-07-01,-0.0038848263254113347,4376.0
Organismos Internacionais e Outras Instituições Extraterritoriais,Agosto/2025,27.0,49.0,4354.0,-22.0,2025-08-01,-0.005052824988516307,4354.0
Organismos Internacionais e Outras Instituições Extraterritoriais,Setembro/2025,47.0,37.0,4364.0,10.0,2025-09-01,0.00229147571035747,4364.0
Organismos Internacionais e Outras Instituições Extraterritoriais,Outubro/2025,34.0,35.0,4363.0,-1.0,2025-10-01,-0.00022920009168003668,4363.0
Organismos Internacionais e Outras Instituições Extraterritoriais,Novembro/2025,27.0,35.0,4355.0,-8.0,2025-11-01,-0.0018369690011481056,4355.0
Organismos Internacionais e Outras Instituições Extraterritoriais,Dezembro/2025,34.0,62.0,,-28.0,2025-12-01,-0.00642939150401837,4355.0
Organismos Internacionais e Outras Instituições Extraterritoriais,Janeiro/2026,47.0,33.0,4341.0,14.0,2026-01-01,0.00322506334945865,4341.0
Organismos Internacionais e Outras Instituições Extraterritoriais,Fevereiro/2026,28.0,50.0,4319.0,-22.0,2026-02-01,-0.005093771706413522,4319.0
Organismos Internacionais e Outras Instituições Extraterritoriais,Março/2026,33.0,48.0,4304.0,-15.0,2026-03-01,-0.0034851301115241635,4304.0
Organismos Internacionais e Outras Instituições Extraterritoriais,Abril/2026,51.0,40.0,4315.0,11.0,2026-04-01,0.0025492468134414832,4315.0
Organismos Internacionais e Outras Instituições Extraterritoriais,Maio/2026,106.0,23.0,4398.0,83.0,2026-05-01,0.018872214643019556,4398.0
Organismos Internacionais e Outras Instituições Extraterritoriais,Junho/2026,32.0,46.0,4384.0,-14.0,2026-06-01,-0.0031934306569343066,4384.0
Outras Atividades de Serviços,Janeiro/2020,28972.0,26848.0,887989.0,2124.0,2020-01-01,0.0023919215215503797,887989.0
Outras Atividades de Serviços,Fevereiro/2020,36552.0,30664.0,893877.0,5888.0,2020-02-01,0.006587036023971978,893877.0
Outras Atividades de Serviços,Março/2020,28488.0,31645.0,890720.0,-3157.0,2020-03-01,-0.0035443236931920244,890720.0
Outras Atividades de Serviços,Abril/2020,9939.0,28289.0,872370.0,-18350.0,2020-04-01,-0.02103465272762704,872370.0
Outras Atividades de Serviços,Maio/2020,12476.0,21461.0,863385.0,-8985.0,2020-05-01,-0.010406713111763582,863385.0
Outras Atividades de Serviços,Junho/2020,14133.0,17993.0,859525.0,-3860.0,2020-06-01,-0.0044908525057444516,859525.0
Outras Atividades de Serviços,Julho/2020,17135.0,18642.0,858018.0,-1507.0,2020-07-01,-0.0017563734094156534,858018.0
Outras Atividades de Serviços,Agosto/2020,19729.0,19839.0,857908.0,-110.0,2020-08-01,-0.00012821887661614066,857908.0
Outras Atividades de Serviços,Setembro/2020,22451.0,20545.0,859814.0,1906.0,2020-09-01,0.002216758508235502,859814.0
Outras Atividades de Serviços,Outubro/2020,24779.0,24942.0,859651.0,-163.0,2020-10-01,-0.00018961183084763468,859651.0
Outras Atividades de Serviços,Novembro/2020,24645.0,19221.0,865075.0,5424.0,2020-11-01,0.006269976591625003,865075.0
Outras Atividades de Serviços,Dezembro/2020,20629.0,25741.0,859963.0,-5112.0,2020-12-01,-0.005944441795751678,859963.0
Outras Atividades de Serviços,Janeiro/2021,26087.0,23177.0,862873.0,2910.0,2021-01-01,0.0033724545790631993,862873.0
Outras Atividades de Serviços,Fevereiro/2021,33832.0,24032.0,872673.0,9800.0,2021-02-01,0.01122986502389784,872673.0
Outras Atividades de Serviços,Março/2021,31024.0,26409.0,877288.0,4615.0,2021-03-01,0.005260530179370971,877288.0
Outras Atividades de Serviços,Abril/2021,27415.0,22190.0,882513.0,5225.0,2021-04-01,0.005920592671156119,882513.0
Outras Atividades de Serviços,Maio/2021,32899.0,23782.0,891630.0,9117.0,2021-05-01,0.010225093368325427,891630.0
Outras Atividades de Serviços,Junho/2021,30399.0,24975.0,897054.0,5424.0,2021-06-01,0.006046458741614217,897054.0
Outras Atividades de Serviços,Julho/2021,31898.0,25922.0,903030.0,5976.0,2021-07-01,0.0066177203415168934,903030.0
Outras Atividades de Serviços,Agosto/2021,37013.0,28181.0,911862.0,8832.0,2021-08-01,0.009685676122044783,911862.0
Outras Atividades de Serviços,Setembro/2021,35970.0,28137.0,919695.0,7833.0,2021-09-01,0.008516953990181528,919695.0
Outras Atividades de Serviços,Outubro/2021,35533.0,26628.0,928600.0,8905.0,2021-10-01,0.009589704932155933,928600.0
Outras Atividades de Serviços,Novembro/2021,34567.0,26406.0,936761.0,8161.0,2021-11-01,0.008711933993836208,936761.0
Outras Atividades de Serviços,Dezembro/2021,26387.0,37734.0,925414.0,-11347.0,2021-12-01,-0.012261539159770653,925414.0
Outras Atividades de Serviços,Janeiro/2022,35639.0,32678.0,928375.0,2961.0,2022-01-01,0.0031894439208294064,928375.0
Outras Atividades de Serviços,Fevereiro/2022,51364.0,32967.0,946772.0,18397.0,2022-02-01,0.019431288631264972,946772.0
Outras Atividades de Serviços,Março/2022,46960.0,37341.0,956391.0,9619.0,2022-03-01,0.010057601964050268,956391.0
Outras Atividades de Serviços,Abril/2022,41848.0,33839.0,964400.0,8009.0,2022-04-01,0.00830464537536292,964400.0
Outras Atividades de Serviços,Maio/2022,41891.0,34350.0,971941.0,7541.0,2022-05-01,0.007758701402657157,971941.0
Outras Atividades de Serviços,Junho/2022,39461.0,31948.0,979454.0,7513.0,2022-06-01,0.007670600150696204,979454.0
Outras Atividades de Serviços,Julho/2022,38112.0,32590.0,984976.0,5522.0,2022-07-01,0.005606227969006352,984976.0
Outras Atividades de Serviços,Agosto/2022,43597.0,36228.0,992345.0,7369.0,2022-08-01,0.007425844842267558,992345.0
Outras Atividades de Serviços,Setembro/2022,39903.0,34571.0,997677.0,5332.0,2022-09-01,0.005344415076222064,997677.0
Outras Atividades de Serviços,Outubro/2022,36000.0,34201.0,999476.0,1799.0,2022-10-01,0.001799943170221196,999476.0
Outras Atividades de Serviços,Novembro/2022,32230.0,31825.0,999881.0,405.0,2022-11-01,0.0004050482007358876,999881.0
Outras Atividades de Serviços,Dezembro/2022,25176.0,41816.0,983241.0,-16640.0,2022-12-01,-0.016923622997820475,983241.0
Outras Atividades de Serviços,Janeiro/2023,34903.0,33598.0,984546.0,1305.0,2023-01-01,0.0013254840302027533,984546.0
Outras Atividades de Serviços,Fevereiro/2023,43511.0,33387.0,994670.0,10124.0,2023-02-01,0.010178250072888495,994670.0
Outras Atividades de Serviços,Março/2023,44819.0,38906.0,1000583.0,5913.0,2023-03-01,0.005909554729592648,1000583.0
Outras Atividades de Serviços,Abril/2023,37670.0,31706.0,1006547.0,5964.0,2023-04-01,0.005925207665414531,1006547.0
Outras Atividades de Serviços,Maio/2023,39431.0,34592.0,1011386.0,4839.0,2023-05-01,0.004784523416381085,1011386.0
Outras Atividades de Serviços,Junho/2023,36984.0,33693.0,1014677.0,3291.0,2023-06-01,0.0032433966671167277,1014677.0
Outras Atividades de Serviços,Julho/2023,37172.0,33020.0,1018829.0,4152.0,2023-07-01,0.004075266801396505,1018829.0
Outras Atividades de Serviços,Agosto/2023,40924.0,35617.0,1024136.0,5307.0,2023-08-01,0.00518192896255966,1024136.0
Outras Atividades de Serviços,Setembro/2023,36679.0,32914.0,1027901.0,3765.0,2023-09-01,0.0036628041027297375,1027901.0
Outras Atividades de Serviços,Outubro/2023,37008.0,33022.0,1031887.0,3986.0,2023-10-01,0.0038628260652571454,1031887.0
Outras Atividades de Serviços,Novembro/2023,31739.0,31085.0,1032541.0,654.0,2023-11-01,0.000633388892063366,1032541.0
Outras Atividades de Serviços,Dezembro/2023,27856.0,37836.0,1022561.0,-9980.0,2023-12-01,-0.009759808950272893,1022561.0
Outras Atividades de Serviços,Janeiro/2024,37135.0,35798.0,1023898.0,1337.0,2024-01-01,0.001305794131837351,1023898.0
Outras Atividades de Serviços,Fevereiro/2024,46293.0,36633.0,1033558.0,9660.0,2024-02-01,0.009346355018296022,1033558.0
Outras Atividades de Serviços,Março/2024,45953.0,39845.0,1039666.0,6108.0,2024-03-01,0.005874963690262065,1039666.0
Outras Atividades de Serviços,Abril/2024,46095.0,36410.0,1049351.0,9685.0,2024-04-01,0.009229514242612815,1049351.0
Outras Atividades de Serviços,Maio/2024,41849.0,36612.0,1054588.0,5237.0,2024-05-01,0.0049659203404552295,1054588.0
Outras Atividades de Serviços,Junho/2024,38984.0,34651.0,1058921.0,4333.0,2024-06-01,0.004091901095549149,1058921.0
Outras Atividades de Serviços,Julho/2024,41107.0,37617.0,1062411.0,3490.0,2024-07-01,0.0032849810478242413,1062411.0
Outras Atividades de Serviços,Agosto/2024,42178.0,37029.0,1067560.0,5149.0,2024-08-01,0.004823148113454982,1067560.0
Outras Atividades de Serviços,Setembro/2024,39869.0,34408.0,1073021.0,5461.0,2024-09-01,0.005089369173576286,1073021.0
Outras Atividades de Serviços,Outubro/2024,38381.0,36289.0,1075113.0,2092.0,2024-10-01,0.0019458419719601567,1075113.0
Outras Atividades de Serviços,Novembro/2024,34595.0,32084.0,1077624.0,2511.0,2024-11-01,0.0023301262778111847,1077624.0
Outras Atividades de Serviços,Dezembro/2024,23632.0,41245.0,1060011.0,-17613.0,2024-12-01,-0.016615865307058133,1060011.0
Outras Atividades de Serviços,Janeiro/2025,43463.0,39769.0,1063705.0,3694.0,2025-01-01,0.0034727673556108132,1063705.0
Outras Atividades de Serviços,Fevereiro/2025,51367.0,41287.0,1073785.0,10080.0,2025-02-01,0.009387354079261678,1073785.0
Outras Atividades de Serviços,Março/2025,42515.0,39154.0,1077146.0,3361.0,2025-03-01,0.003120282672915278,1077146.0
Outras Atividades de Serviços,Abril/2025,43249.0,35809.0,1084586.0,7440.0,2025-04-01,0.006859760314073757,1084586.0
Outras Atividades de Serviços,Maio/2025,41313.0,39006.0,1086893.0,2307.0,2025-05-01,0.002122564042642652,1086893.0
Outras Atividades de Serviços,Junho/2025,40240.0,36166.0,1090967.0,4074.0,2025-06-01,0.0037343017708143327,1090967.0
Outras Atividades de Serviços,Julho/2025,40651.0,38021.0,1093597.0,2630.0,2025-07-01,0.0024049078408225335,1093597.0
Outras Atividades de Serviços,Agosto/2025,44083.0,37941.0,1099739.0,6142.0,2025-08-01,0.0055849615226885654,1099739.0
Outras Atividades de Serviços,Setembro/2025,41987.0,38010.0,1103716.0,3977.0,2025-09-01,0.003603282003703851,1103716.0
Outras Atividades de Serviços,Outubro/2025,53543.0,41647.0,1115612.0,11896.0,2025-10-01,0.0106632054872124,1115612.0
Outras Atividades de Serviços,Novembro/2025,34621.0,33467.0,1116766.0,1154.0,2025-11-01,0.001033340914748479,1116766.0
Outras Atividades de Serviços,Dezembro/2025,27364.0,42664.0,,-15300.0,2025-12-01,-0.013700273826387981,1116766.0
Outras Atividades de Serviços,Janeiro/2026,40306.0,37532.0,1104240.0,2774.0,2026-01-01,0.0025121350431065712,1104240.0
Outras Atividades de Serviços,Fevereiro/2026,51816.0,38600.0,1117456.0,13216.0,2026-02-01,0.011826863876519524,1117456.0
Outras Atividades de Serviços,Março/2026,49309.0,41524.0,1125241.0,7785.0,2026-03-01,0.006918517899721037,1125241.0
Outras Atividades de Serviços,Abril/2026,43482.0,39057.0,1129666.0,4425.0,2026-04-01,0.0039170869973956905,1129666.0
Outras Atividades de Serviços,Maio/2026,41641.0,39158.0,1132149.0,2483.0,2026-05-01,0.0021931742200010777,1132149.0
Outras Atividades de Serviços,Junho/2026,40009.0,36827.0,1135331.0,3182.0,2026-06-01,0.00280270687579217,1135331.0
Outros serviços,Janeiro/2020,38991.0,34942.0,1153325.0,4049.0,2020-01-01,0.0035107190080853187,1153325.0
Outros serviços,Fevereiro/2020,46181.0,38814.0,1160692.0,7367.0,2020-02-01,0.006347075710007478,1160692.0
Outros serviços,Março/2020,35451.0,43913.0,1152230.0,-8462.0,2020-03-01,-0.007344019857146577,1152230.0
Outros serviços,Abril/2020,10829.0,43768.0,1119291.0,-32939.0,2020-04-01,-0.02942845068887358,1119291.0
Outros serviços,Maio/2020,13315.0,27988.0,1104618.0,-14673.0,2020-05-01,-0.013283325095191279,1104618.0
Outros serviços,Junho/2020,15295.0,23689.0,1096224.0,-8394.0,2020-06-01,-0.00765719415010071,1096224.0
Outros serviços,Julho/2020,19267.0,23621.0,1091870.0,-4354.0,2020-07-01,-0.0039876542079185255,1091870.0
Outros serviços,Agosto/2020,23133.0,25043.0,1089960.0,-1910.0,2020-08-01,-0.0017523578846930163,1089960.0
Outros serviços,Setembro/2020,27860.0,25557.0,1092263.0,2303.0,2020-09-01,0.0021084665506384452,1092263.0
Outros serviços,Outubro/2020,32755.0,30081.0,1094937.0,2674.0,2020-10-01,0.002442149639659633,1094937.0
Outros serviços,Novembro/2020,32384.0,24277.0,1103044.0,8107.0,2020-11-01,0.007349661482225551,1103044.0
Outros serviços,Dezembro/2020,26590.0,32551.0,1097083.0,-5961.0,2020-12-01,-0.005433499562020376,1097083.0
Outros serviços,Janeiro/2021,33340.0,30554.0,1099869.0,2786.0,2021-01-01,0.00253302893344571,1099869.0
Outros serviços,Fevereiro/2021,42684.0,30905.0,1111648.0,11779.0,2021-02-01,0.01059598002245315,1111648.0
Outros serviços,Março/2021,36735.0,34473.0,1113910.0,2262.0,2021-03-01,0.002030684705227532,1113910.0
Outros serviços,Abril/2021,32254.0,28847.0,1117317.0,3407.0,2021-04-01,0.00304926891831056,1117317.0
Outros serviços,Maio/2021,40473.0,30699.0,1127091.0,9774.0,2021-05-01,0.008671881862245373,1127091.0
Outros serviços,Junho/2021,38211.0,31371.0,1133931.0,6840.0,2021-06-01,0.006032113065080679,1133931.0
Outros serviços,Julho/2021,40566.0,32024.0,1142473.0,8542.0,2021-07-01,0.0074767631270060645,1142473.0
Outros serviços,Agosto/2021,48432.0,35123.0,1155782.0,13309.0,2021-08-01,0.011515147320169375,1155782.0
Outros serviços,Setembro/2021,47575.0,35832.0,1167525.0,11743.0,2021-09-01,0.010058028736001371,1167525.0
Outros serviços,Outubro/2021,46764.0,34294.0,1179995.0,12470.0,2021-10-01,0.01056784138915843,1179995.0
Outros serviços,Novembro/2021,45597.0,34910.0,1190682.0,10687.0,2021-11-01,0.008975528310665653,1190682.0
Outros serviços,Dezembro/2021,36443.0,46989.0,1180136.0,-10546.0,2021-12-01,-0.008936258193970864,1180136.0
Outros serviços,Janeiro/2022,47423.0,41620.0,1185939.0,5803.0,2022-01-01,0.004893169041578024,1185939.0
Outros serviços,Fevereiro/2022,63636.0,42318.0,1207257.0,21318.0,2022-02-01,0.017658211963152832,1207257.0
Outros serviços,Março/2022,59358.0,48547.0,1218068.0,10811.0,2022-03-01,0.0088755307585455,1218068.0
Outros serviços,Abril/2022,55001.0,43737.0,1229332.0,11264.0,2022-04-01,0.00916269974262445,1229332.0
Outros serviços,Maio/2022,53690.0,43682.0,1239340.0,10008.0,2022-05-01,0.008075265867316475,1239340.0
Outros serviços,Junho/2022,50790.0,41193.0,1248937.0,9597.0,2022-06-01,0.007684134588053681,1248937.0
Outros serviços,Julho/2022,50011.0,42221.0,1256727.0,7790.0,2022-07-01,0.00619864139148757,1256727.0
Outros serviços,Agosto/2022,57521.0,46601.0,1267647.0,10920.0,2022-08-01,0.008614385550551534,1267647.0
Outros serviços,Setembro/2022,52770.0,44929.0,1275488.0,7841.0,2022-09-01,0.006147451014827266,1275488.0
Outros serviços,Outubro/2022,47111.0,43663.0,1278936.0,3448.0,2022-10-01,0.002695991042554123,1278936.0
Outros serviços,Novembro/2022,43154.0,41032.0,1281058.0,2122.0,2022-11-01,0.0016564433460467833,1281058.0
Outros serviços,Dezembro/2022,35388.0,52098.0,1264348.0,-16710.0,2022-12-01,-0.013216298044525716,1264348.0
Outros serviços,Janeiro/2023,48705.0,44244.0,1268809.0,4461.0,2023-01-01,0.0035158956154945306,1268809.0
Outros serviços,Fevereiro/2023,56491.0,43887.0,1281413.0,12604.0,2023-02-01,0.009836016959403409,1281413.0
Outros serviços,Março/2023,58915.0,51694.0,1288634.0,7221.0,2023-03-01,0.005603608161820967,1288634.0
Outros serviços,Abril/2023,50864.0,42294.0,1297204.0,8570.0,2023-04-01,0.0066065167853321454,1297204.0
Outros serviços,Maio/2023,52438.0,45255.0,1304387.0,7183.0,2023-05-01,0.0055068012790682516,1304387.0
Outros serviços,Junho/2023,49409.0,43686.0,1310110.0,5723.0,2023-06-01,0.00436833548328003,1310110.0
Outros serviços,Julho/2023,49543.0,43542.0,1316111.0,6001.0,2023-07-01,0.0045596458049511025,1316111.0
Outros serviços,Agosto/2023,55385.0,47855.0,1323641.0,7530.0,2023-08-01,0.005688853699756958,1323641.0
Outros serviços,Setembro/2023,49940.0,43831.0,1329750.0,6109.0,2023-09-01,0.004594096634705772,1329750.0
Outros serviços,Outubro/2023,49950.0,43858.0,1335842.0,6092.0,2023-10-01,0.004560419570577958,1335842.0
Outros serviços,Novembro/2023,44251.0,41805.0,1338288.0,2446.0,2023-11-01,0.001827708236194302,1338288.0
Outros serviços,Dezembro/2023,39554.0,49213.0,1328629.0,-9659.0,2023-12-01,-0.007269900024762368,1328629.0
Outros serviços,Janeiro/2024,53547.0,47737.0,1334439.0,5810.0,2024-01-01,0.004353889537101359,1334439.0
Outros serviços,Fevereiro/2024,61781.0,49591.0,1346629.0,12190.0,2024-02-01,0.009052233391676549,1346629.0
Outros serviços,Março/2024,61877.0,53889.0,1354617.0,7988.0,2024-03-01,0.005896869742517627,1354617.0
Outros serviços,Abril/2024,62810.0,49468.0,1367959.0,13342.0,2024-04-01,0.009753216287915062,1367959.0
Outros serviços,Maio/2024,56021.0,49103.0,1374877.0,6918.0,2024-05-01,0.0050317228377520316,1374877.0
Outros serviços,Junho/2024,53158.0,46013.0,1382022.0,7145.0,2024-06-01,0.005169961114946072,1382022.0
Outros serviços,Julho/2024,55640.0,51175.0,1386487.0,4465.0,2024-07-01,0.0032203691776410454,1386487.0
Outros serviços,Agosto/2024,58376.0,50412.0,1394451.0,7964.0,2024-08-01,0.005711208210256223,1394451.0
Outros serviços,Setembro/2024,55480.0,46975.0,1402956.0,8505.0,2024-09-01,0.0060622000975084035,1402956.0
Outros serviços,Outubro/2024,53620.0,49561.0,1407015.0,4059.0,2024-10-01,0.0028848306521252437,1407015.0
Outros serviços,Novembro/2024,48708.0,43903.0,1411820.0,4805.0,2024-11-01,0.0034034083665056454,1411820.0
Outros serviços,Dezembro/2024,36477.0,54239.0,1394058.0,-17762.0,2024-12-01,-0.012741220236173818,1394058.0
Outros serviços,Janeiro/2025,62084.0,54385.0,1401757.0,7699.0,2025-01-01,0.005492392761370195,1401757.0
Outros serviços,Fevereiro/2025,70743.0,55847.0,1416653.0,14896.0,2025-02-01,0.010514924967511451,1416653.0
Outros serviços,Março/2025,59632.0,55638.0,1420647.0,3994.0,2025-03-01,0.0028113950897020864,1420647.0
Outros serviços,Abril/2025,61241.0,49408.0,1432480.0,11833.0,2025-04-01,0.008260499273986373,1432480.0
Outros serviços,Maio/2025,58540.0,53130.0,1437890.0,5410.0,2025-05-01,0.0037624574897940732,1437890.0
Outros serviços,Junho/2025,55815.0,49490.0,1444215.0,6325.0,2025-06-01,0.004379541827221016,1444215.0
Outros serviços,Julho/2025,56632.0,53329.0,1447518.0,3303.0,2025-07-01,0.0022818369098000853,1447518.0
Outros serviços,Agosto/2025,61690.0,53479.0,1455729.0,8211.0,2025-08-01,0.005640472917692785,1455729.0
Outros serviços,Setembro/2025,59693.0,52432.0,1462990.0,7261.0,2025-09-01,0.004963123466325812,1462990.0
Outros serviços,Outubro/2025,70482.0,56781.0,1476691.0,13701.0,2025-10-01,0.009278176680158543,1476691.0
Outros serviços,Novembro/2025,50201.0,46311.0,1480581.0,3890.0,2025-11-01,0.0026273469671703204,1480581.0
Outros serviços,Dezembro/2025,41533.0,57754.0,,-16221.0,2025-12-01,-0.010955834229940814,1480581.0
Outros serviços,Janeiro/2026,59198.0,53153.0,1470405.0,6045.0,2026-01-01,0.004111112244585676,1470405.0
Outros serviços,Fevereiro/2026,70590.0,55393.0,1485602.0,15197.0,2026-02-01,0.010229523115881642,1485602.0
Outros serviços,Março/2026,69367.0,59457.0,1495512.0,9910.0,2026-03-01,0.006626493134123965,1495512.0
Outros serviços,Abril/2026,62080.0,55019.0,1502573.0,7061.0,2026-04-01,0.004699272514546714,1502573.0
Outros serviços,Maio/2026,58127.0,54587.0,1506113.0,3540.0,2026-05-01,0.002350421249932774,1506113.0
Outros serviços,Junho/2026,56595.0,52378.0,1510330.0,4217.0,2026-06-01,0.00279210503664762,1510330.0
Saúde Humana e Serviços Sociais,Janeiro/2020,55532.0,50013.0,2458610.0,5519.0,2020-01-01,0.00224476431804963,2458610.0
Saúde Humana e Serviços Sociais,Fevereiro/2020,60283.0,50570.0,2468323.0,9713.0,2020-02-01,0.003935060362845543,2468323.0
Saúde Humana e Serviços Sociais,Março/2020,64766.0,55299.0,2477790.0,9467.0,2020-03-01,0.003820743485121822,2477790.0
Saúde Humana e Serviços Sociais,Abril/2020,58732.0,55854.0,2480668.0,2878.0,2020-04-01,0.0011601713731946395,2480668.0
Saúde Humana e Serviços Sociais,Maio/2020,55020.0,47676.0,2488012.0,7344.0,2020-05-01,0.0029517542519891383,2488012.0
Saúde Humana e Serviços Sociais,Junho/2020,58809.0,45250.0,2501571.0,13559.0,2020-06-01,0.005420193950121744,2501571.0
Saúde Humana e Serviços Sociais,Julho/2020,63240.0,49720.0,2515091.0,13520.0,2020-07-01,0.005375551023799934,2515091.0
Saúde Humana e Serviços Sociais,Agosto/2020,63675.0,55699.0,2523067.0,7976.0,2020-08-01,0.003161231945089052,2523067.0
Saúde Humana e Serviços Sociais,Setembro/2020,60645.0,54935.0,2528777.0,5710.0,2020-09-01,0.002258008515578875,2528777.0
Saúde Humana e Serviços Sociais,Outubro/2020,63690.0,58088.0,2534379.0,5602.0,2020-10-01,0.0022104034163793183,2534379.0
Saúde Humana e Serviços Sociais,Novembro/2020,63732.0,48853.0,2549258.0,14879.0,2020-11-01,0.005836600297027606,2549258.0
Saúde Humana e Serviços Sociais,Dezembro/2020,66479.0,59075.0,2556662.0,7404.0,2020-12-01,0.0028959635649921656,2556662.0
Saúde Humana e Serviços Sociais,Janeiro/2021,75972.0,54507.0,2578127.0,21465.0,2021-01-01,0.008325811723006664,2578127.0
Saúde Humana e Serviços Sociais,Fevereiro/2021,81793.0,55893.0,2604027.0,25900.0,2021-02-01,0.009946133431028173,2604027.0
Saúde Humana e Serviços Sociais,Março/2021,107555.0,67956.0,2643626.0,39599.0,2021-03-01,0.01497904771703713,2643626.0
Saúde Humana e Serviços Sociais,Abril/2021,91794.0,61554.0,2673866.0,30240.0,2021-04-01,0.011309467265749292,2673866.0
Saúde Humana e Serviços Sociais,Maio/2021,77806.0,61382.0,2690290.0,16424.0,2021-05-01,0.006104918057161124,2690290.0
Saúde Humana e Serviços Sociais,Junho/2021,81907.0,64376.0,2707821.0,17531.0,2021-06-01,0.006474209336584656,2707821.0
Saúde Humana e Serviços Sociais,Julho/2021,79526.0,69393.0,2717954.0,10133.0,2021-07-01,0.0037281719999676228,2717954.0
Saúde Humana e Serviços Sociais,Agosto/2021,80666.0,72119.0,2726501.0,8547.0,2021-08-01,0.0031347870402394866,2726501.0
Saúde Humana e Serviços Sociais,Setembro/2021,75114.0,72793.0,2728822.0,2321.0,2021-09-01,0.0008505501641367594,2728822.0
Saúde Humana e Serviços Sociais,Outubro/2021,74366.0,70176.0,2733012.0,4190.0,2021-10-01,0.0015331070628303131,2733012.0
Saúde Humana e Serviços Sociais,Novembro/2021,72284.0,64853.0,2740443.0,7431.0,2021-11-01,0.0027116053864283986,2740443.0
Saúde Humana e Serviços Sociais,Dezembro/2021,66496.0,70552.0,2736387.0,-4056.0,2021-12-01,-0.001482246480486861,2736387.0
Saúde Humana e Serviços Sociais,Janeiro/2022,89473.0,72315.0,2753545.0,17158.0,2022-01-01,0.0062312400923173585,2753545.0
Saúde Humana e Serviços Sociais,Fevereiro/2022,99093.0,75702.0,2776936.0,23391.0,2022-02-01,0.0084233126006505,2776936.0
Saúde Humana e Serviços Sociais,Março/2022,89788.0,85776.0,2780948.0,4012.0,2022-03-01,0.00144267350558155,2780948.0
Saúde Humana e Serviços Sociais,Abril/2022,88967.0,78666.0,2791249.0,10301.0,2022-04-01,0.003690462585029139,2791249.0
Saúde Humana e Serviços Sociais,Maio/2022,89861.0,79045.0,2802065.0,10816.0,2022-05-01,0.0038600103851980593,2802065.0
Saúde Humana e Serviços Sociais,Junho/2022,87662.0,75433.0,2814294.0,12229.0,2022-06-01,0.004345317155919033,2814294.0
Saúde Humana e Serviços Sociais,Julho/2022,91424.0,77788.0,2827930.0,13636.0,2022-07-01,0.004821901532216144,2827930.0
Saúde Humana e Serviços Sociais,Agosto/2022,90456.0,85655.0,2832731.0,4801.0,2022-08-01,0.0016948308893431816,2832731.0
Saúde Humana e Serviços Sociais,Setembro/2022,81050.0,76287.0,2837494.0,4763.0,2022-09-01,0.0016785938578196113,2837494.0
Saúde Humana e Serviços Sociais,Outubro/2022,74835.0,70773.0,2841556.0,4062.0,2022-10-01,0.0014294984860407467,2841556.0
Saúde Humana e Serviços Sociais,Novembro/2022,71621.0,65750.0,2847427.0,5871.0,2022-11-01,0.002061861462997998,2847427.0
Saúde Humana e Serviços Sociais,Dezembro/2022,61913.0,72760.0,2836580.0,-10847.0,2022-12-01,-0.003823971120151732,2836580.0
Saúde Humana e Serviços Sociais,Janeiro/2023,80697.0,74945.0,2842332.0,5752.0,2023-01-01,0.0020236904063283246,2842332.0
Saúde Humana e Serviços Sociais,Fevereiro/2023,87067.0,74974.0,2854425.0,12093.0,2023-02-01,0.0042365800467694895,2854425.0
Saúde Humana e Serviços Sociais,Março/2023,101124.0,86910.0,2868639.0,14214.0,2023-03-01,0.004954962963272827,2868639.0
Saúde Humana e Serviços Sociais,Abril/2023,92162.0,73828.0,2886973.0,18334.0,2023-04-01,0.006350596281988089,2886973.0
Saúde Humana e Serviços Sociais,Maio/2023,93189.0,79313.0,2900849.0,13876.0,2023-05-01,0.004783427196658634,2900849.0
Saúde Humana e Serviços Sociais,Junho/2023,88376.0,79496.0,2909729.0,8880.0,2023-06-01,0.0030518306000318243,2909729.0
Saúde Humana e Serviços Sociais,Julho/2023,92318.0,78995.0,2923052.0,13323.0,2023-07-01,0.004557907283209467,2923052.0
Saúde Humana e Serviços Sociais,Agosto/2023,95954.0,84636.0,2934370.0,11318.0,2023-08-01,0.00385704597579719,2934370.0
Saúde Humana e Serviços Sociais,Setembro/2023,85219.0,74871.0,2944718.0,10348.0,2023-09-01,0.0035140886156161642,2944718.0
Saúde Humana e Serviços Sociais,Outubro/2023,82852.0,75846.0,2951724.0,7006.0,2023-10-01,0.002373528148295708,2951724.0
Saúde Humana e Serviços Sociais,Novembro/2023,78599.0,72725.0,2957598.0,5874.0,2023-11-01,0.0019860711293421215,2957598.0
Saúde Humana e Serviços Sociais,Dezembro/2023,71663.0,79245.0,2950016.0,-7582.0,2023-12-01,-0.0025701555516987025,2950016.0
Saúde Humana e Serviços Sociais,Janeiro/2024,92841.0,79410.0,2963447.0,13431.0,2024-01-01,0.004532222104866394,2963447.0
Saúde Humana e Serviços Sociais,Fevereiro/2024,99699.0,82579.0,2980567.0,17120.0,2024-02-01,0.0057438735649961905,2980567.0
Saúde Humana e Serviços Sociais,Março/2024,111974.0,86668.0,3005873.0,25306.0,2024-03-01,0.008418852027347795,3005873.0
Saúde Humana e Serviços Sociais,Abril/2024,110399.0,89014.0,3027258.0,21385.0,2024-04-01,0.007064148480241856,3027258.0
Saúde Humana e Serviços Sociais,Maio/2024,105453.0,90111.0,3042600.0,15342.0,2024-05-01,0.005042397949122461,3042600.0
Saúde Humana e Serviços Sociais,Junho/2024,103283.0,89599.0,3056284.0,13684.0,2024-06-01,0.004477332603907229,3056284.0
Saúde Humana e Serviços Sociais,Julho/2024,107691.0,91338.0,3072637.0,16353.0,2024-07-01,0.0053221386060247275,3072637.0
Saúde Humana e Serviços Sociais,Agosto/2024,105286.0,89916.0,3088007.0,15370.0,2024-08-01,0.004977320323431909,3088007.0
Saúde Humana e Serviços Sociais,Setembro/2024,104347.0,84727.0,3107627.0,19620.0,2024-09-01,0.0063134990138777915,3107627.0
Saúde Humana e Serviços Sociais,Outubro/2024,100143.0,90328.0,3117442.0,9815.0,2024-10-01,0.0031484146296867754,3117442.0
Saúde Humana e Serviços Sociais,Novembro/2024,86406.0,80132.0,3123716.0,6274.0,2024-11-01,0.0020085052546390263,3123716.0
Saúde Humana e Serviços Sociais,Dezembro/2024,76090.0,100888.0,3098918.0,-24798.0,2024-12-01,-0.008002147846441886,3098918.0
Saúde Humana e Serviços Sociais,Janeiro/2025,105208.0,92812.0,3111314.0,12396.0,2025-01-01,0.00398416874670959,3111314.0
Saúde Humana e Serviços Sociais,Fevereiro/2025,113508.0,96901.0,3127921.0,16607.0,2025-02-01,0.005309277312310637,3127921.0
Saúde Humana e Serviços Sociais,Março/2025,104885.0,93177.0,3139629.0,11708.0,2025-03-01,0.003729103024593033,3139629.0
Saúde Humana e Serviços Sociais,Abril/2025,107917.0,87608.0,3159938.0,20309.0,2025-04-01,0.006427024834031554,3159938.0
Saúde Humana e Serviços Sociais,Maio/2025,106747.0,92120.0,3174565.0,14627.0,2025-05-01,0.004607560405913881,3174565.0
Saúde Humana e Serviços Sociais,Junho/2025,106955.0,89921.0,3191599.0,17034.0,2025-06-01,0.005337136651565563,3191599.0
Saúde Humana e Serviços Sociais,Julho/2025,110996.0,96508.0,3206087.0,14488.0,2025-07-01,0.004518904196922915,3206087.0
Saúde Humana e Serviços Sociais,Agosto/2025,110187.0,96969.0,3219305.0,13218.0,2025-08-01,0.0041058551457535085,3219305.0
Saúde Humana e Serviços Sociais,Setembro/2025,112552.0,107603.0,3224254.0,4949.0,2025-09-01,0.001534928699786059,3224254.0
Saúde Humana e Serviços Sociais,Outubro/2025,108891.0,98424.0,3234721.0,10467.0,2025-10-01,0.003235827757633502,3234721.0
Saúde Humana e Serviços Sociais,Novembro/2025,94209.0,83181.0,3245749.0,11028.0,2025-11-01,0.0033976749280366413,3245749.0
Saúde Humana e Serviços Sociais,Dezembro/2025,80962.0,92234.0,,-11272.0,2025-12-01,-0.0034728501803435816,3245749.0
Saúde Humana e Serviços Sociais,Janeiro/2026,97069.0,92262.0,3239284.0,4807.0,2026-01-01,0.0014839699143390946,3239284.0
Saúde Humana e Serviços Sociais,Fevereiro/2026,112725.0,97611.0,3254398.0,15114.0,2026-02-01,0.004644176895388948,3254398.0
Saúde Humana e Serviços Sociais,Março/2026,125306.0,102934.0,3276770.0,22372.0,2026-03-01,0.006827455085343189,3276770.0
Saúde Humana e Serviços Sociais,Abril/2026,118962.0,100812.0,3294920.0,18150.0,2026-04-01,0.005508479720296699,3294920.0
Saúde Humana e Serviços Sociais,Maio/2026,114269.0,99795.0,3309394.0,14474.0,2026-05-01,0.004373610395135786,3309394.0
Saúde Humana e Serviços Sociais,Junho/2026,121182.0,100746.0,3329830.0,20436.0,2026-06-01,0.0061372502500127634,3329830.0
Serviços,Janeiro/2020,623420.0,580953.0,18062301.0,42467.0,2020-01-01,0.002351140090069366,18062301.0
Serviços,Fevereiro/2020,692857.0,565372.0,18189786.0,127485.0,2020-02-01,0.007008603619635767,18189786.0
Serviços,Março/2020,616417.0,724639.0,18081564.0,-108222.0,2020-03-01,-0.005985212341144826,18081564.0
Serviços,Abril/2020,292663.0,671694.0,17702533.0,-379031.0,2020-04-01,-0.021411116702903476,17702533.0
Serviços,Maio/2020,312966.0,465950.0,17549549.0,-152984.0,2020-05-01,-0.008717261053261255,17549549.0
Serviços,Junho/2020,373990.0,425630.0,17497909.0,-51640.0,2020-06-01,-0.00295120977026455,17497909.0
Serviços,Julho/2020,394306.0,414699.0,17477516.0,-20393.0,2020-07-01,-0.001166813407580345,17477516.0
Serviços,Agosto/2020,504084.0,467994.0,17513606.0,36090.0,2020-08-01,0.002060683562254398,17513606.0
Serviços,Setembro/2020,562870.0,483394.0,17593082.0,79476.0,2020-09-01,0.004517457486982668,17593082.0
Serviços,Outubro/2020,665355.0,512961.0,17745476.0,152394.0,2020-10-01,0.008587766256594074,17745476.0
Serviços,Novembro/2020,666171.0,489946.0,17921701.0,176225.0,2020-11-01,0.00983305100336179,17921701.0
Serviços,Dezembro/2020,581395.0,611637.0,17891459.0,-30242.0,2020-12-01,-0.0016903037365482603,17891459.0
Serviços,Janeiro/2021,663411.0,581383.0,17973487.0,82028.0,2021-01-01,0.0045638333841396496,17973487.0
Serviços,Fevereiro/2021,752507.0,580600.0,18145394.0,171907.0,2021-02-01,0.009473864276521082,18145394.0
Serviços,Março/2021,727952.0,635367.0,18237979.0,92585.0,2021-03-01,0.005076494495360478,18237979.0
Serviços,Abril/2021,622410.0,568155.0,18292234.0,54255.0,2021-04-01,0.002966012789908548,18292234.0
Serviços,Maio/2021,681653.0,572191.0,18401696.0,109462.0,2021-05-01,0.005948473445056369,18401696.0
Serviços,Junho/2021,702723.0,576993.0,18527426.0,125730.0,2021-06-01,0.006786155831900233,18527426.0
Serviços,Julho/2021,735236.0,608079.0,18654583.0,127157.0,2021-07-01,0.0068163946629093775,18654583.0
Serviços,Agosto/2021,829651.0,649257.0,18834977.0,180394.0,2021-08-01,0.00957760659861703,18834977.0
Serviços,Setembro/2021,801237.0,655926.0,18980288.0,145311.0,2021-09-01,0.00765589015298398,18980288.0
Serviços,Outubro/2021,806916.0,662275.0,19124929.0,144641.0,2021-10-01,0.0075629561814320985,19124929.0
Serviços,Novembro/2021,818202.0,637242.0,19305889.0,180960.0,2021-11-01,0.00937330573070217,19305889.0
Serviços,Dezembro/2021,703925.0,808595.0,19201219.0,-104670.0,2021-12-01,-0.005451216404541816,19201219.0
Serviços,Janeiro/2022,836171.0,734145.0,19303245.0,102026.0,2022-01-01,0.005285432578822887,19303245.0
Serviços,Fevereiro/2022,974963.0,759542.0,19518666.0,215421.0,2022-02-01,0.011036666132818708,19518666.0
Serviços,Março/2022,918976.0,807463.0,19630179.0,111513.0,2022-03-01,0.00568069195904938,19630179.0
Serviços,Abril/2022,869424.0,752417.0,19747186.0,117007.0,2022-04-01,0.0059252492988114865,19747186.0
Serviços,Maio/2022,880415.0,760121.0,19867480.0,120294.0,2022-05-01,0.006054819232232774,19867480.0
Serviços,Junho/2022,853671.0,729137.0,19992014.0,124534.0,2022-06-01,0.0062291873144946774,19992014.0
Serviços,Julho/2022,846097.0,764224.0,20073887.0,81873.0,2022-07-01,0.004078582289518716,20073887.0
Serviços,Agosto/2022,946069.0,804956.0,20215000.0,141113.0,2022-08-01,0.006980608459065051,20215000.0
Serviços,Setembro/2022,871088.0,748526.0,20337562.0,122562.0,2022-09-01,0.006026386053549585,20337562.0
Serviços,Outubro/2022,816797.0,725503.0,20428856.0,91294.0,2022-10-01,0.004468874811198434,20428856.0
Serviços,Novembro/2022,803557.0,711344.0,20521069.0,92213.0,2022-11-01,0.004493576820973605,20521069.0
Serviços,Dezembro/2022,664710.0,852774.0,20333005.0,-188064.0,2022-12-01,-0.009249198532140231,20333005.0
Serviços,Janeiro/2023,865546.0,824860.0,20373691.0,40686.0,2023-01-01,0.001996987192944077,20373691.0
Serviços,Fevereiro/2023,937170.0,772970.0,20537891.0,164200.0,2023-02-01,0.007994978647028557,20537891.0
Serviços,Março/2023,1006970.0,884647.0,20660214.0,122323.0,2023-03-01,0.005920703435114467,20660214.0
Serviços,Abril/2023,863267.0,759373.0,20764108.0,103894.0,2023-04-01,0.00500353783557666,20764108.0
Serviços,Maio/2023,907627.0,823712.0,20848023.0,83915.0,2023-05-01,0.004025081898652932,20848023.0
Serviços,Junho/2023,863581.0,787161.0,20924443.0,76420.0,2023-06-01,0.0036521880176213052,20924443.0
Serviços,Julho/2023,852396.0,796093.0,20980746.0,56303.0,2023-07-01,0.0026835556752843773,20980746.0
Serviços,Agosto/2023,964181.0,849742.0,21095185.0,114439.0,2023-08-01,0.005424887243226357,21095185.0
Serviços,Setembro/2023,872757.0,774551.0,21193391.0,98206.0,2023-09-01,0.004633803056811437,21193391.0
Serviços,Outubro/2023,896440.0,786501.0,21303330.0,109939.0,2023-10-01,0.0051606485934358615,21303330.0
Serviços,Novembro/2023,860936.0,768316.0,21395950.0,92620.0,2023-11-01,0.0043288566294088365,21395950.0
Serviços,Dezembro/2023,730726.0,912635.0,21214041.0,-181909.0,2023-12-01,-0.00857493393172946,21214041.0
Serviços,Janeiro/2024,954061.0,873474.0,21294628.0,80587.0,2024-01-01,0.0037843816759795005,21294628.0
Serviços,Fevereiro/2024,1073482.0,880355.0,21487755.0,193127.0,2024-02-01,0.008987770011339016,21487755.0
Serviços,Março/2024,1066667.0,917945.0,21636477.0,148722.0,2024-03-01,0.00687366986778855,21636477.0
Serviços,Abril/2024,1052520.0,914211.0,21774786.0,138309.0,2024-04-01,0.00635179606357555,21774786.0
Serviços,Maio/2024,977552.0,908243.0,21844095.0,69309.0,2024-05-01,0.0031728940933465084,21844095.0
Serviços,Junho/2024,951259.0,863551.0,21931803.0,87708.0,2024-06-01,0.003999124011828849,21931803.0
Serviços,Julho/2024,1006902.0,927735.0,22010970.0,79167.0,2024-07-01,0.0035967065513241806,22010970.0
Serviços,Agosto/2024,1037277.0,918913.0,22129334.0,118364.0,2024-08-01,0.005348737562549329,22129334.0
Serviços,Setembro/2024,1009581.0,881227.0,22257688.0,128354.0,2024-09-01,0.005766726535119011,22257688.0
Serviços,Outubro/2024,1032473.0,961256.0,22328905.0,71217.0,2024-10-01,0.0031894533117499493,22328905.0
Serviços,Novembro/2024,921259.0,853542.0,22396622.0,67717.0,2024-11-01,0.0030235363172178378,22396622.0
Serviços,Dezembro/2024,745347.0,1003050.0,22138919.0,-257703.0,2024-12-01,-0.011640270240836963,22138919.0
Serviços,Janeiro/2025,1048662.0,1003497.0,22184084.0,45165.0,2025-01-01,0.0020359190850521482,22184084.0
Serviços,Fevereiro/2025,1243562.0,988750.0,22438896.0,254812.0,2025-02-01,0.011355817148936383,22438896.0
Serviços,Março/2025,1047630.0,995171.0,22491355.0,52459.0,2025-03-01,0.002332407273816984,22491355.0
Serviços,Abril/2025,1062130.0,926021.0,22627464.0,136109.0,2025-04-01,0.006015212310137804,22627464.0
Serviços,Maio/2025,1041228.0,971089.0,22697603.0,70139.0,2025-05-01,0.0030901500920603817,22697603.0
Serviços,Junho/2025,992540.0,915483.0,22774660.0,77057.0,2025-06-01,0.0033834533643970974,22774660.0
Serviços,Julho/2025,1040864.0,990705.0,22824819.0,50159.0,2025-07-01,0.0021975639763014113,22824819.0
Serviços,Agosto/2025,1056040.0,975038.0,22905821.0,81002.0,2025-08-01,0.0035363063388996188,22905821.0
Serviços,Setembro/2025,1081255.0,974649.0,23012427.0,106606.0,2025-09-01,0.004632540496489136,23012427.0
Serviços,Outubro/2025,1087847.0,1005411.0,23094863.0,82436.0,2025-10-01,0.003569451786745823,23094863.0
Serviços,Novembro/2025,945643.0,870512.0,23169994.0,75131.0,2025-11-01,0.0032425990270001795,23169994.0
Serviços,Dezembro/2025,760341.0,1041151.0,,-280810.0,2025-12-01,-0.012119554282146124,23169994.0
Serviços,Janeiro/2026,1032076.0,991551.0,22929709.0,40525.0,2026-01-01,0.001767357797693813,22929709.0
Serviços,Fevereiro/2026,1172438.0,994485.0,23107662.0,177953.0,2026-02-01,0.007701038729058786,23107662.0
Serviços,Março/2026,1214329.0,1061938.0,23260053.0,152391.0,2026-03-01,0.00655161877748086,23260053.0
Serviços,Abril/2026,1086472.0,1016871.0,23329654.0,69601.0,2026-04-01,0.0029833704348980056,23329654.0
Serviços,Maio/2026,1047797.0,1002142.0,23375309.0,45655.0,2026-05-01,0.0019531292613073053,23375309.0
Serviços,Junho/2026,1057527.0,983013.0,23449823.0,74514.0,2026-06-01,0.0031775932807680467,23449823.0
Serviços domésticos,Janeiro/2020,68.0,67.0,-47.0,1.0,2020-01-01,,-47.0
Serviços domésticos,Fevereiro/2020,69.0,65.0,-43.0,4.0,2020-02-01,,-43.0
Serviços domésticos,Março/2020,54.0,45.0,-34.0,9.0,2020-03-01,,-34.0
Serviços domésticos,Abril/2020,17.0,54.0,-71.0,-37.0,2020-04-01,,-71.0
Serviços domésticos,Maio/2020,29.0,42.0,-84.0,-13.0,2020-05-01,,-84.0
Serviços domésticos,Junho/2020,44.0,41.0,-81.0,3.0,2020-06-01,,-81.0
Serviços domésticos,Julho/2020,55.0,41.0,-67.0,14.0,2020-07-01,,-67.0
Serviços domésticos,Agosto/2020,44.0,37.0,-60.0,7.0,2020-08-01,,-60.0
Serviços domésticos,Setembro/2020,55.0,37.0,-42.0,18.0,2020-09-01,,-42.0
Serviços domésticos,Outubro/2020,88.0,69.0,-23.0,19.0,2020-10-01,,-23.0
Serviços domésticos,Novembro/2020,65.0,36.0,6.0,29.0,2020-11-01,4.833333333333333,6.0
Serviços domésticos,Dezembro/2020,65.0,37.0,34.0,28.0,2020-12-01,0.8235294117647058,34.0
Serviços domésticos,Janeiro/2021,78.0,72.0,40.0,6.0,2021-01-01,0.15,40.0
Serviços domésticos,Fevereiro/2021,95.0,46.0,89.0,49.0,2021-02-01,0.550561797752809,89.0
Serviços domésticos,Março/2021,109.0,84.0,114.0,25.0,2021-03-01,0.21929824561403508,114.0
Serviços domésticos,Abril/2021,173.0,76.0,211.0,97.0,2021-04-01,0.4597156398104265,211.0
Serviços domésticos,Maio/2021,99.0,74.0,236.0,25.0,2021-05-01,0.1059322033898305,236.0
Serviços domésticos,Junho/2021,98.0,67.0,267.0,31.0,2021-06-01,0.11610486891385768,267.0
Serviços domésticos,Julho/2021,119.0,73.0,313.0,46.0,2021-07-01,0.14696485623003194,313.0
Serviços domésticos,Agosto/2021,136.0,75.0,374.0,61.0,2021-08-01,0.16310160427807488,374.0
Serviços domésticos,Setembro/2021,115.0,83.0,406.0,32.0,2021-09-01,0.07881773399014778,406.0
Serviços domésticos,Outubro/2021,120.0,174.0,352.0,-54.0,2021-10-01,-0.1534090909090909,352.0
Serviços domésticos,Novembro/2021,119.0,103.0,368.0,16.0,2021-11-01,0.043478260869565216,368.0
Serviços domésticos,Dezembro/2021,112.0,109.0,371.0,3.0,2021-12-01,0.008086253369272238,371.0
Serviços domésticos,Janeiro/2022,135.0,91.0,415.0,44.0,2022-01-01,0.10602409638554217,415.0
Serviços domésticos,Fevereiro/2022,109.0,109.0,415.0,0.0,2022-02-01,0.0,415.0
Serviços domésticos,Março/2022,111.0,137.0,389.0,-26.0,2022-03-01,-0.06683804627249357,389.0
Serviços domésticos,Abril/2022,123.0,105.0,407.0,18.0,2022-04-01,0.044226044226044224,407.0
Serviços domésticos,Maio/2022,134.0,111.0,430.0,23.0,2022-05-01,0.053488372093023255,430.0
Serviços domésticos,Junho/2022,136.0,119.0,447.0,17.0,2022-06-01,0.03803131991051454,447.0
Serviços domésticos,Julho/2022,128.0,118.0,457.0,10.0,2022-07-01,0.02188183807439825,457.0
Serviços domésticos,Agosto/2022,130.0,109.0,478.0,21.0,2022-08-01,0.043933054393305436,478.0
Serviços domésticos,Setembro/2022,119.0,102.0,495.0,17.0,2022-09-01,0.03434343434343434,495.0
Serviços domésticos,Outubro/2022,140.0,114.0,521.0,26.0,2022-10-01,0.04990403071017274,521.0
Serviços domésticos,Novembro/2022,140.0,108.0,553.0,32.0,2022-11-01,0.05786618444846293,553.0
Serviços domésticos,Dezembro/2022,80.0,97.0,536.0,-17.0,2022-12-01,-0.03171641791044776,536.0
Serviços domésticos,Janeiro/2023,67.0,88.0,515.0,-21.0,2023-01-01,-0.040776699029126215,515.0
Serviços domésticos,Fevereiro/2023,101.0,74.0,542.0,27.0,2023-02-01,0.04981549815498155,542.0
Serviços domésticos,Março/2023,73.0,86.0,529.0,-13.0,2023-03-01,-0.024574669187145556,529.0
Serviços domésticos,Abril/2023,56.0,56.0,529.0,0.0,2023-04-01,0.0,529.0
Serviços domésticos,Maio/2023,86.0,60.0,555.0,26.0,2023-05-01,0.04684684684684685,555.0
Serviços domésticos,Junho/2023,66.0,73.0,548.0,-7.0,2023-06-01,-0.012773722627737226,548.0
Serviços domésticos,Julho/2023,82.0,82.0,548.0,0.0,2023-07-01,0.0,548.0
Serviços domésticos,Agosto/2023,110.0,104.0,554.0,6.0,2023-08-01,0.010830324909747292,554.0
Serviços domésticos,Setembro/2023,73.0,67.0,560.0,6.0,2023-09-01,0.010714285714285714,560.0
Serviços domésticos,Outubro/2023,91.0,74.0,577.0,17.0,2023-10-01,0.029462738301559793,577.0
Serviços domésticos,Novembro/2023,84.0,70.0,591.0,14.0,2023-11-01,0.023688663282571912,591.0
Serviços domésticos,Dezembro/2023,79.0,76.0,594.0,3.0,2023-12-01,0.005050505050505051,594.0
Serviços domésticos,Janeiro/2024,67.0,71.0,590.0,-4.0,2024-01-01,-0.006779661016949152,590.0
Serviços domésticos,Fevereiro/2024,75.0,72.0,593.0,3.0,2024-02-01,0.00505902192242833,593.0
Serviços domésticos,Março/2024,81.0,72.0,602.0,9.0,2024-03-01,0.014950166112956811,602.0
Serviços domésticos,Abril/2024,99.0,83.0,618.0,16.0,2024-04-01,0.025889967637540454,618.0
Serviços domésticos,Maio/2024,104.0,78.0,644.0,26.0,2024-05-01,0.040372670807453416,644.0
Serviços domésticos,Junho/2024,99.0,79.0,664.0,20.0,2024-06-01,0.030120481927710843,664.0
Serviços domésticos,Julho/2024,89.0,90.0,663.0,-1.0,2024-07-01,-0.0015082956259426848,663.0
Serviços domésticos,Agosto/2024,97.0,80.0,680.0,17.0,2024-08-01,0.025,680.0
Serviços domésticos,Setembro/2024,104.0,88.0,696.0,16.0,2024-09-01,0.022988505747126436,696.0
Serviços domésticos,Outubro/2024,96.0,90.0,702.0,6.0,2024-10-01,0.008547008547008548,702.0
Serviços domésticos,Novembro/2024,125.0,86.0,741.0,39.0,2024-11-01,0.05263157894736842,741.0
Serviços domésticos,Dezembro/2024,66.0,85.0,722.0,-19.0,2024-12-01,-0.02631578947368421,722.0
Serviços domésticos,Janeiro/2025,105.0,94.0,733.0,11.0,2025-01-01,0.015006821282401092,733.0
Serviços domésticos,Fevereiro/2025,116.0,114.0,735.0,2.0,2025-02-01,0.0027210884353741495,735.0
Serviços domésticos,Março/2025,98.0,79.0,754.0,19.0,2025-03-01,0.025198938992042442,754.0
Serviços domésticos,Abril/2025,126.0,81.0,799.0,45.0,2025-04-01,0.056320400500625784,799.0
Serviços domésticos,Maio/2025,136.0,126.0,809.0,10.0,2025-05-01,0.012360939431396786,809.0
Serviços domésticos,Junho/2025,139.0,97.0,851.0,42.0,2025-06-01,0.04935370152761457,851.0
Serviços domésticos,Julho/2025,134.0,107.0,878.0,27.0,2025-07-01,0.030751708428246014,878.0
Serviços domésticos,Agosto/2025,116.0,119.0,875.0,-3.0,2025-08-01,-0.0034285714285714284,875.0
Serviços domésticos,Setembro/2025,118.0,104.0,889.0,14.0,2025-09-01,0.015748031496062992,889.0
Serviços domésticos,Outubro/2025,122.0,106.0,905.0,16.0,2025-10-01,0.017679558011049725,905.0
Serviços domésticos,Novembro/2025,96.0,96.0,905.0,0.0,2025-11-01,0.0,905.0
Serviços domésticos,Dezembro/2025,110.0,144.0,,-34.0,2025-12-01,-0.03756906077348066,905.0
Serviços domésticos,Janeiro/2026,68.0,60.0,879.0,8.0,2026-01-01,0.009101251422070534,879.0
Serviços domésticos,Fevereiro/2026,102.0,72.0,909.0,30.0,2026-02-01,0.033003300330033,909.0
Serviços domésticos,Março/2026,103.0,89.0,923.0,14.0,2026-03-01,0.015167930660888408,923.0
Serviços domésticos,Abril/2026,97.0,74.0,946.0,23.0,2026-04-01,0.024312896405919663,946.0
Serviços domésticos,Maio/2026,111.0,76.0,981.0,35.0,2026-05-01,0.03567787971457696,981.0
Serviços domésticos,Junho/2026,101.0,96.0,986.0,5.0,2026-06-01,0.005070993914807302,986.0
"Transporte, armazenagem e correio",Janeiro/2020,65619.0,67714.0,2351048.0,-2095.0,2020-01-01,-0.0008910919726011549,2351048.0
"Transporte, armazenagem e correio",Fevereiro/2020,75198.0,66949.0,2359297.0,8249.0,2020-02-01,0.003496380489611948,2359297.0
"Transporte, armazenagem e correio",Março/2020,73853.0,79303.0,2353847.0,-5450.0,2020-03-01,-0.0023153586448057158,2353847.0
"Transporte, armazenagem e correio",Abril/2020,36059.0,88813.0,2301093.0,-52754.0,2020-04-01,-0.022925627082434303,2301093.0
"Transporte, armazenagem e correio",Maio/2020,36190.0,64003.0,2273280.0,-27813.0,2020-05-01,-0.012234744510135134,2273280.0
"Transporte, armazenagem e correio",Junho/2020,47990.0,56840.0,2264430.0,-8850.0,2020-06-01,-0.003908268305931294,2264430.0
"Transporte, armazenagem e correio",Julho/2020,60111.0,63570.0,2260971.0,-3459.0,2020-07-01,-0.0015298736693217206,2260971.0
"Transporte, armazenagem e correio",Agosto/2020,65228.0,65659.0,2260540.0,-431.0,2020-08-01,-0.00019066240809718031,2260540.0
"Transporte, armazenagem e correio",Setembro/2020,74279.0,63971.0,2270848.0,10308.0,2020-09-01,0.004539273434417451,2270848.0
"Transporte, armazenagem e correio",Outubro/2020,84679.0,67718.0,2287809.0,16961.0,2020-10-01,0.00741364335921399,2287809.0
"Transporte, armazenagem e correio",Novembro/2020,84360.0,66458.0,2305711.0,17902.0,2020-11-01,0.007764199416145388,2305711.0
"Transporte, armazenagem e correio",Dezembro/2020,67425.0,70391.0,2302745.0,-2966.0,2020-12-01,-0.001288027983993017,2302745.0
"Transporte, armazenagem e correio",Janeiro/2021,70636.0,70054.0,2303327.0,582.0,2021-01-01,0.0002526779740783658,2303327.0
"Transporte, armazenagem e correio",Fevereiro/2021,85014.0,74053.0,2314288.0,10961.0,2021-02-01,0.004736229890143318,2314288.0
"Transporte, armazenagem e correio",Março/2021,87952.0,74665.0,2327575.0,13287.0,2021-03-01,0.005708516374338099,2327575.0
"Transporte, armazenagem e correio",Abril/2021,77887.0,73484.0,2331978.0,4403.0,2021-04-01,0.0018880967144630008,2331978.0
"Transporte, armazenagem e correio",Maio/2021,79296.0,72041.0,2339233.0,7255.0,2021-05-01,0.0031014439348282107,2339233.0
"Transporte, armazenagem e correio",Junho/2021,82724.0,70008.0,2351949.0,12716.0,2021-06-01,0.005406579819545407,2351949.0
"Transporte, armazenagem e correio",Julho/2021,88687.0,74390.0,2366246.0,14297.0,2021-07-01,0.0060420598703600555,2366246.0
"Transporte, armazenagem e correio",Agosto/2021,94101.0,75422.0,2384925.0,18679.0,2021-08-01,0.007832112120926235,2384925.0
"Transporte, armazenagem e correio",Setembro/2021,96158.0,78225.0,2402858.0,17933.0,2021-09-01,0.007463195910869473,2402858.0
"Transporte, armazenagem e correio",Outubro/2021,94768.0,81000.0,2416626.0,13768.0,2021-10-01,0.00569719931838853,2416626.0
"Transporte, armazenagem e correio",Novembro/2021,97221.0,79191.0,2434656.0,18030.0,2021-11-01,0.00740556366073893,2434656.0
"Transporte, armazenagem e correio",Dezembro/2021,77707.0,89668.0,2422695.0,-11961.0,2021-12-01,-0.004937063889594026,2422695.0
"Transporte, armazenagem e correio",Janeiro/2022,89047.0,83217.0,2428525.0,5830.0,2022-01-01,0.002400634129770128,2428525.0
"Transporte, armazenagem e correio",Fevereiro/2022,105318.0,91258.0,2442585.0,14060.0,2022-02-01,0.005756196816078049,2442585.0
"Transporte, armazenagem e correio",Março/2022,106403.0,90160.0,2458828.0,16243.0,2022-03-01,0.006605992773793043,2458828.0
"Transporte, armazenagem e correio",Abril/2022,103783.0,87499.0,2475112.0,16284.0,2022-04-01,0.006579096218676165,2475112.0
"Transporte, armazenagem e correio",Maio/2022,105734.0,90955.0,2489891.0,14779.0,2022-05-01,0.00593560119700019,2489891.0
"Transporte, armazenagem e correio",Junho/2022,102200.0,85449.0,2506642.0,16751.0,2022-06-01,0.006682645547309907,2506642.0
"Transporte, armazenagem e correio",Julho/2022,98793.0,85400.0,2520035.0,13393.0,2022-07-01,0.005314608725672461,2520035.0
"Transporte, armazenagem e correio",Agosto/2022,106405.0,92287.0,2534153.0,14118.0,2022-08-01,0.005571092195301546,2534153.0
"Transporte, armazenagem e correio",Setembro/2022,99479.0,83610.0,2550022.0,15869.0,2022-09-01,0.006223083565553552,2550022.0
"Transporte, armazenagem e correio",Outubro/2022,94465.0,84036.0,2560451.0,10429.0,2022-10-01,0.004073110557476007,2560451.0
"Transporte, armazenagem e correio",Novembro/2022,94681.0,83660.0,2571472.0,11021.0,2022-11-01,0.004285872060827417,2571472.0
"Transporte, armazenagem e correio",Dezembro/2022,74863.0,93848.0,2552487.0,-18985.0,2022-12-01,-0.007437843953759608,2552487.0
"Transporte, armazenagem e correio",Janeiro/2023,92909.0,90221.0,2555175.0,2688.0,2023-01-01,0.001051982740908157,2555175.0
"Transporte, armazenagem e correio",Fevereiro/2023,105009.0,88308.0,2571876.0,16701.0,2023-02-01,0.006493703428936699,2571876.0
"Transporte, armazenagem e correio",Março/2023,119912.0,96490.0,2595298.0,23422.0,2023-03-01,0.009024782510524803,2595298.0
"Transporte, armazenagem e correio",Abril/2023,103011.0,86906.0,2611403.0,16105.0,2023-04-01,0.006167182928104165,2611403.0
"Transporte, armazenagem e correio",Maio/2023,106583.0,99070.0,2618916.0,7513.0,2023-05-01,0.0028687441674341597,2618916.0
"Transporte, armazenagem e correio",Junho/2023,102395.0,90903.0,2630408.0,11492.0,2023-06-01,0.004368903987518286,2630408.0
"Transporte, armazenagem e correio",Julho/2023,99317.0,90413.0,2639312.0,8904.0,2023-07-01,0.0033736064550155495,2639312.0
"Transporte, armazenagem e correio",Agosto/2023,109438.0,96671.0,2652079.0,12767.0,2023-08-01,0.004813959161850005,2652079.0
"Transporte, armazenagem e correio",Setembro/2023,101216.0,87874.0,2665421.0,13342.0,2023-09-01,0.005005588235404463,2665421.0
"Transporte, armazenagem e correio",Outubro/2023,105644.0,90126.0,2680939.0,15518.0,2023-10-01,0.005788270453001728,2680939.0
"Transporte, armazenagem e correio",Novembro/2023,101199.0,89575.0,2692563.0,11624.0,2023-11-01,0.004317076332104393,2692563.0
"Transporte, armazenagem e correio",Dezembro/2023,80217.0,105216.0,2667564.0,-24999.0,2023-12-01,-0.009371471499840304,2667564.0
"Transporte, armazenagem e correio",Janeiro/2024,103351.0,99055.0,2671860.0,4296.0,2024-01-01,0.0016078686757539692,2671860.0
"Transporte, armazenagem e correio",Fevereiro/2024,121838.0,101083.0,2692615.0,20755.0,2024-02-01,0.007708120173140237,2692615.0
"Transporte, armazenagem e correio",Março/2024,127545.0,100468.0,2719692.0,27077.0,2024-03-01,0.009955906771796218,2719692.0
"Transporte, armazenagem e correio",Abril/2024,123773.0,109456.0,2734009.0,14317.0,2024-04-01,0.005236632359293623,2734009.0
"Transporte, armazenagem e correio",Maio/2024,115015.0,108518.0,2740506.0,6497.0,2024-05-01,0.00237073007685442,2740506.0
"Transporte, armazenagem e correio",Junho/2024,110126.0,99772.0,2750860.0,10354.0,2024-06-01,0.00376391383058389,2750860.0
"Transporte, armazenagem e correio",Julho/2024,117601.0,107604.0,2760857.0,9997.0,2024-07-01,0.0036209771096438535,2760857.0
"Transporte, armazenagem e correio",Agosto/2024,123248.0,106159.0,2777946.0,17089.0,2024-08-01,0.006151667455018924,2777946.0
"Transporte, armazenagem e correio",Setembro/2024,116660.0,102901.0,2791705.0,13759.0,2024-09-01,0.004928529339597128,2791705.0
"Transporte, armazenagem e correio",Outubro/2024,121448.0,113584.0,2799569.0,7864.0,2024-10-01,0.0028090038145157344,2799569.0
"Transporte, armazenagem e correio",Novembro/2024,107820.0,100556.0,2806833.0,7264.0,2024-11-01,0.0025879701428620796,2806833.0
"Transporte, armazenagem e correio",Dezembro/2024,86643.0,113330.0,2780146.0,-26687.0,2024-12-01,-0.009599136160475025,2780146.0
"Transporte, armazenagem e correio",Janeiro/2025,112769.0,112689.0,2780226.0,80.0,2025-01-01,2.877463918400878e-05,2780226.0
"Transporte, armazenagem e correio",Fevereiro/2025,140184.0,113960.0,2806450.0,26224.0,2025-02-01,0.0093441892782697,2806450.0
"Transporte, armazenagem e correio",Março/2025,121909.0,108730.0,2819629.0,13179.0,2025-03-01,0.0046740191706071965,2819629.0
"Transporte, armazenagem e correio",Abril/2025,129467.0,110695.0,2838401.0,18772.0,2025-04-01,0.006613582788337518,2838401.0
"Transporte, armazenagem e correio",Maio/2025,124473.0,118679.0,2844195.0,5794.0,2025-05-01,0.002037131771907341,2844195.0
"Transporte, armazenagem e correio",Junho/2025,117735.0,108712.0,2853218.0,9023.0,2025-06-01,0.0031623941808862836,2853218.0
"Transporte, armazenagem e correio",Julho/2025,125320.0,113652.0,2864886.0,11668.0,2025-07-01,0.004072762406601868,2864886.0
"Transporte, armazenagem e correio",Agosto/2025,120586.0,110438.0,2875034.0,10148.0,2025-08-01,0.003529697387926543,2875034.0
"Transporte, armazenagem e correio",Setembro/2025,125484.0,111379.0,2889139.0,14105.0,2025-09-01,0.004882077324766998,2889139.0
"Transporte, armazenagem e correio",Outubro/2025,128042.0,117885.0,2899296.0,10157.0,2025-10-01,0.0035032642406984315,2899296.0
"Transporte, armazenagem e correio",Novembro/2025,110697.0,104288.0,2905705.0,6409.0,2025-11-01,0.0022056609325447696,2905705.0
"Transporte, armazenagem e correio",Dezembro/2025,86090.0,116728.0,,-30638.0,2025-12-01,-0.01054408482622978,2905705.0
"Transporte, armazenagem e correio",Janeiro/2026,110398.0,114778.0,2870687.0,-4380.0,2026-01-01,-0.0015257671769858573,2870687.0
"Transporte, armazenagem e correio",Fevereiro/2026,131370.0,113484.0,2888573.0,17886.0,2026-02-01,0.0061919847620260935,2888573.0
"Transporte, armazenagem e correio",Março/2026,144997.0,119603.0,2913967.0,25394.0,2026-03-01,0.008714580501426405,2913967.0
"Transporte, armazenagem e correio",Abril/2026,135342.0,123107.0,2926202.0,12235.0,2026-04-01,0.0041811877648911455,2926202.0
"Transporte, armazenagem e correio",Maio/2026,129015.0,122788.0,2932429.0,6227.0,2026-05-01,0.0021234955731238504,2932429.0
"Transporte, armazenagem e correio",Junho/2026,133884.0,117667.0,2948646.0,16217.0,2026-06-01,0.005499812456293498,2948646.0
"Água, Esgoto, Atividades de Gestão de Resíduos e Descontaminação",Janeiro/2020,6796.0,6310.0,339782.0,486.0,2020-01-01,0.0014303288579147807,339782.0
"Água, Esgoto, Atividades de Gestão de Resíduos e Descontaminação",Fevereiro/2020,8376.0,6997.0,341161.0,1379.0,2020-02-01,0.004042079839137533,341161.0
"Água, Esgoto, Atividades de Gestão de Resíduos e Descontaminação",Março/2020,7437.0,6971.0,341627.0,466.0,2020-03-01,0.001364060803156659,341627.0
"Água, Esgoto, Atividades de Gestão de Resíduos e Descontaminação",Abril/2020,3715.0,6797.0,338545.0,-3082.0,2020-04-01,-0.00910366421007547,338545.0
"Água, Esgoto, Atividades de Gestão de Resíduos e Descontaminação",Maio/2020,4166.0,6394.0,336317.0,-2228.0,2020-05-01,-0.006624702289803964,336317.0
"Água, Esgoto, Atividades de Gestão de Resíduos e Descontaminação",Junho/2020,4338.0,5715.0,334940.0,-1377.0,2020-06-01,-0.004111184092673315,334940.0
"Água, Esgoto, Atividades de Gestão de Resíduos e Descontaminação",Julho/2020,5310.0,5707.0,334543.0,-397.0,2020-07-01,-0.0011866934893272315,334543.0
"Água, Esgoto, Atividades de Gestão de Resíduos e Descontaminação",Agosto/2020,6833.0,5181.0,336195.0,1652.0,2020-08-01,0.004913814899091301,336195.0
"Água, Esgoto, Atividades de Gestão de Resíduos e Descontaminação",Setembro/2020,7179.0,5712.0,337662.0,1467.0,2020-09-01,0.004344581267658191,337662.0
"Água, Esgoto, Atividades de Gestão de Resíduos e Descontaminação",Outubro/2020,8355.0,6157.0,339860.0,2198.0,2020-10-01,0.006467368916612723,339860.0
"Água, Esgoto, Atividades de Gestão de Resíduos e Descontaminação",Novembro/2020,7144.0,6113.0,340891.0,1031.0,2020-11-01,0.00302442716293478,340891.0
"Água, Esgoto, Atividades de Gestão de Resíduos e Descontaminação",Dezembro/2020,5884.0,7011.0,339764.0,-1127.0,2020-12-01,-0.003317008276332984,339764.0
"Água, Esgoto, Atividades de Gestão de Resíduos e Descontaminação",Janeiro/2021,7755.0,6493.0,341026.0,1262.0,2021-01-01,0.003700597608393495,341026.0
"Água, Esgoto, Atividades de Gestão de Resíduos e Descontaminação",Fevereiro/2021,8984.0,6285.0,343725.0,2699.0,2021-02-01,0.007852207433267875,343725.0
"Água, Esgoto, Atividades de Gestão de Resíduos e Descontaminação",Março/2021,9197.0,7684.0,345238.0,1513.0,2021-03-01,0.004382483967581784,345238.0
"Água, Esgoto, Atividades de Gestão de Resíduos e Descontaminação",Abril/2021,7701.0,8337.0,344602.0,-636.0,2021-04-01,-0.0018456073963586978,344602.0
"Água, Esgoto, Atividades de Gestão de Resíduos e Descontaminação",Maio/2021,9397.0,7180.0,346819.0,2217.0,2021-05-01,0.006392383346933126,346819.0
"Água, Esgoto, Atividades de Gestão de Resíduos e Descontaminação",Junho/2021,9162.0,7034.0,348947.0,2128.0,2021-06-01,0.006098347313488868,348947.0
"Água, Esgoto, Atividades de Gestão de Resíduos e Descontaminação",Julho/2021,8585.0,6701.0,350831.0,1884.0,2021-07-01,0.0053701069745832036,350831.0
"Água, Esgoto, Atividades de Gestão de Resíduos e Descontaminação",Agosto/2021,8843.0,7423.0,352251.0,1420.0,2021-08-01,0.0040312163769584755,352251.0
"Água, Esgoto, Atividades de Gestão de Resíduos e Descontaminação",Setembro/2021,8737.0,7305.0,353683.0,1432.0,2021-09-01,0.004048823381389549,353683.0
"Água, Esgoto, Atividades de Gestão de Resíduos e Descontaminação",Outubro/2021,9450.0,7952.0,355181.0,1498.0,2021-10-01,0.0042175679442312515,355181.0
"Água, Esgoto, Atividades de Gestão de Resíduos e Descontaminação",Novembro/2021,9521.0,7564.0,357138.0,1957.0,2021-11-01,0.005479674523573521,357138.0
"Água, Esgoto, Atividades de Gestão de Resíduos e Descontaminação",Dezembro/2021,8610.0,10660.0,355088.0,-2050.0,2021-12-01,-0.0057732167800657866,355088.0
"Água, Esgoto, Atividades de Gestão de Resíduos e Descontaminação",Janeiro/2022,9636.0,7548.0,357176.0,2088.0,2022-01-01,0.005845857504423589,357176.0
"Água, Esgoto, Atividades de Gestão de Resíduos e Descontaminação",Fevereiro/2022,11026.0,8362.0,359840.0,2664.0,2022-02-01,0.00740329035126723,359840.0
"Água, Esgoto, Atividades de Gestão de Resíduos e Descontaminação",Março/2022,11719.0,9638.0,361921.0,2081.0,2022-03-01,0.005749873591198079,361921.0
"Água, Esgoto, Atividades de Gestão de Resíduos e Descontaminação",Abril/2022,10512.0,7988.0,364445.0,2524.0,2022-04-01,0.006925599198781709,364445.0
"Água, Esgoto, Atividades de Gestão de Resíduos e Descontaminação",Maio/2022,11696.0,8196.0,367945.0,3500.0,2022-05-01,0.009512291239179769,367945.0
"Água, Esgoto, Atividades de Gestão de Resíduos e Descontaminação",Junho/2022,11127.0,9093.0,369979.0,2034.0,2022-06-01,0.00549760932377243,369979.0
"Água, Esgoto, Atividades de Gestão de Resíduos e Descontaminação",Julho/2022,10637.0,8434.0,372182.0,2203.0,2022-07-01,0.0059191470839535494,372182.0
"Água, Esgoto, Atividades de Gestão de Resíduos e Descontaminação",Agosto/2022,11040.0,8706.0,374516.0,2334.0,2022-08-01,0.006232043490798791,374516.0
"Água, Esgoto, Atividades de Gestão de Resíduos e Descontaminação",Setembro/2022,9362.0,8007.0,375871.0,1355.0,2022-09-01,0.0036049602124133013,375871.0
"Água, Esgoto, Atividades de Gestão de Resíduos e Descontaminação",Outubro/2022,9255.0,7954.0,377172.0,1301.0,2022-10-01,0.003449354671078447,377172.0
"Água, Esgoto, Atividades de Gestão de Resíduos e Descontaminação",Novembro/2022,8764.0,8967.0,376969.0,-203.0,2022-11-01,-0.0005385058187808546,376969.0
"Água, Esgoto, Atividades de Gestão de Resíduos e Descontaminação",Dezembro/2022,8076.0,7964.0,377081.0,112.0,2022-12-01,0.00029701841248962424,377081.0
"Água, Esgoto, Atividades de Gestão de Resíduos e Descontaminação",Janeiro/2023,9893.0,9838.0,377136.0,55.0,2023-01-01,0.0001458359848966951,377136.0
"Água, Esgoto, Atividades de Gestão de Resíduos e Descontaminação",Fevereiro/2023,11079.0,9407.0,378808.0,1672.0,2023-02-01,0.0044138455365251,378808.0
"Água, Esgoto, Atividades de Gestão de Resíduos e Descontaminação",Março/2023,11844.0,10394.0,380258.0,1450.0,2023-03-01,0.0038132005112318478,380258.0
"Água, Esgoto, Atividades de Gestão de Resíduos e Descontaminação",Abril/2023,10581.0,8600.0,382239.0,1981.0,2023-04-01,0.005182621344237506,382239.0
"Água, Esgoto, Atividades de Gestão de Resíduos e Descontaminação",Maio/2023,10262.0,10447.0,382054.0,-185.0,2023-05-01,-0.00048422474309914304,382054.0
"Água, Esgoto, Atividades de Gestão de Resíduos e Descontaminação",Junho/2023,9870.0,9517.0,382407.0,353.0,2023-06-01,0.0009231002570559639,382407.0
"Água, Esgoto, Atividades de Gestão de Resíduos e Descontaminação",Julho/2023,10924.0,9627.0,383704.0,1297.0,2023-07-01,0.00338020974501178,383704.0
"Água, Esgoto, Atividades de Gestão de Resíduos e Descontaminação",Agosto/2023,12131.0,10720.0,385115.0,1411.0,2023-08-01,0.003663840670968412,385115.0
"Água, Esgoto, Atividades de Gestão de Resíduos e Descontaminação",Setembro/2023,9407.0,9483.0,385039.0,-76.0,2023-09-01,-0.00019738260280127468,385039.0
"Água, Esgoto, Atividades de Gestão de Resíduos e Descontaminação",Outubro/2023,10282.0,8814.0,386507.0,1468.0,2023-10-01,0.0037981200857940475,386507.0
"Água, Esgoto, Atividades de Gestão de Resíduos e Descontaminação",Novembro/2023,9293.0,8778.0,387022.0,515.0,2023-11-01,0.001330673708471353,387022.0
"Água, Esgoto, Atividades de Gestão de Resíduos e Descontaminação",Dezembro/2023,7834.0,10634.0,384222.0,-2800.0,2023-12-01,-0.007287453607549802,384222.0
"Água, Esgoto, Atividades de Gestão de Resíduos e Descontaminação",Janeiro/2024,10989.0,10083.0,385128.0,906.0,2024-01-01,0.002352464635134293,385128.0
"Água, Esgoto, Atividades de Gestão de Resíduos e Descontaminação",Fevereiro/2024,12007.0,10840.0,386295.0,1167.0,2024-02-01,0.0030210072612899467,386295.0
"Água, Esgoto, Atividades de Gestão de Resíduos e Descontaminação",Março/2024,13365.0,10820.0,388840.0,2545.0,2024-03-01,0.0065451085279292255,388840.0
"Água, Esgoto, Atividades de Gestão de Resíduos e Descontaminação",Abril/2024,13340.0,11497.0,390683.0,1843.0,2024-04-01,0.004717379563482414,390683.0
"Água, Esgoto, Atividades de Gestão de Resíduos e Descontaminação",Maio/2024,12594.0,11275.0,392002.0,1319.0,2024-05-01,0.0033647787511288207,392002.0
"Água, Esgoto, Atividades de Gestão de Resíduos e Descontaminação",Junho/2024,11877.0,10309.0,393570.0,1568.0,2024-06-01,0.003984043499250451,393570.0
"Água, Esgoto, Atividades de Gestão de Resíduos e Descontaminação",Julho/2024,12801.0,10815.0,395556.0,1986.0,2024-07-01,0.005020780875527106,395556.0
"Água, Esgoto, Atividades de Gestão de Resíduos e Descontaminação",Agosto/2024,12074.0,12408.0,395222.0,-334.0,2024-08-01,-0.0008450946556618811,395222.0
"Água, Esgoto, Atividades de Gestão de Resíduos e Descontaminação",Setembro/2024,12065.0,9780.0,397507.0,2285.0,2024-09-01,0.005748326444565756,397507.0
"Água, Esgoto, Atividades de Gestão de Resíduos e Descontaminação",Outubro/2024,11390.0,11667.0,397230.0,-277.0,2024-10-01,-0.0006973290033481862,397230.0
"Água, Esgoto, Atividades de Gestão de Resíduos e Descontaminação",Novembro/2024,9809.0,10352.0,396687.0,-543.0,2024-11-01,-0.0013688373957301348,396687.0
"Água, Esgoto, Atividades de Gestão de Resíduos e Descontaminação",Dezembro/2024,8690.0,11382.0,393995.0,-2692.0,2024-12-01,-0.006832574017436769,393995.0
"Água, Esgoto, Atividades de Gestão de Resíduos e Descontaminação",Janeiro/2025,13209.0,13057.0,394147.0,152.0,2025-01-01,0.00038564292002729947,394147.0
"Água, Esgoto, Atividades de Gestão de Resíduos e Descontaminação",Fevereiro/2025,18060.0,13669.0,398538.0,4391.0,2025-02-01,0.011017769949164195,398538.0
"Água, Esgoto, Atividades de Gestão de Resíduos e Descontaminação",Março/2025,13597.0,13283.0,398852.0,314.0,2025-03-01,0.0007872594345772366,398852.0
"Água, Esgoto, Atividades de Gestão de Resíduos e Descontaminação",Abril/2025,14138.0,12017.0,400973.0,2121.0,2025-04-01,0.005289632967805813,400973.0
"Água, Esgoto, Atividades de Gestão de Resíduos e Descontaminação",Maio/2025,15672.0,12554.0,404091.0,3118.0,2025-05-01,0.007716083753411979,404091.0
"Água, Esgoto, Atividades de Gestão de Resíduos e Descontaminação",Junho/2025,13419.0,12201.0,405309.0,1218.0,2025-06-01,0.003005114616255746,405309.0
"Água, Esgoto, Atividades de Gestão de Resíduos e Descontaminação",Julho/2025,12851.0,13555.0,404605.0,-704.0,2025-07-01,-0.0017399686113616984,404605.0
"Água, Esgoto, Atividades de Gestão de Resíduos e Descontaminação",Agosto/2025,12577.0,12057.0,405125.0,520.0,2025-08-01,0.0012835544585004628,405125.0
"Água, Esgoto, Atividades de Gestão de Resíduos e Descontaminação",Setembro/2025,14851.0,12731.0,407245.0,2120.0,2025-09-01,0.005205711549558619,407245.0
"Água, Esgoto, Atividades de Gestão de Resíduos e Descontaminação",Outubro/2025,12789.0,12598.0,407436.0,191.0,2025-10-01,0.00046878528161478124,407436.0
"Água, Esgoto, Atividades de Gestão de Resíduos e Descontaminação",Novembro/2025,12681.0,10359.0,409758.0,2322.0,2025-11-01,0.005666759404331337,409758.0
"Água, Esgoto, Atividades de Gestão de Resíduos e Descontaminação",Dezembro/2025,9883.0,11290.0,,-1407.0,2025-12-01,-0.0034337340576633037,409758.0
"Água, Esgoto, Atividades de Gestão de Resíduos e Descontaminação",Janeiro/2026,13332.0,12848.0,408835.0,484.0,2026-01-01,0.0011838516761040517,408835.0
"Água, Esgoto, Atividades de Gestão de Resíduos e Descontaminação",Fevereiro/2026,14156.0,12530.0,410461.0,1626.0,2026-02-01,0.00396139949958705,410461.0
"Água, Esgoto, Atividades de Gestão de Resíduos e Descontaminação",Março/2026,15208.0,12649.0,413020.0,2559.0,2026-03-01,0.006195825867996707,413020.0
"Água, Esgoto, Atividades de Gestão de Resíduos e Descontaminação",Abril/2026,13830.0,13176.0,413674.0,654.0,2026-04-01,0.0015809550515623414,413674.0
"Água, Esgoto, Atividades de Gestão de Resíduos e Descontaminação",Maio/2026,12521.0,11883.0,414312.0,638.0,2026-05-01,0.001539902295854332,414312.0
"Água, Esgoto, Atividades de Gestão de Resíduos e Descontaminação",Junho/2026,12994.0,11689.0,415617.0,1305.0,2026-06-01,0.003139910061426746,415617.0
