uf,date_base,target_date,target_taxa,taxa_atual,taxa_media_3m,taxa_media_6m,taxa_tendencia_6m,taxa_volatilidade_6m,saldo_atual,estoque_atual,admissoes_atual,desligamentos_atual,saldo_medio_6m,taxa_lag_6m,taxa_lag_5m,taxa_lag_4m,taxa_lag_3m,taxa_lag_2m,taxa_lag_1m
Acre,2020-07-01,2020-08-01,0.01181294413901304,0.005603511533894574,0.003206312349334881,0.0030675797928730454,-0.0005770853676194841,0.004736457306176814,420.0,74953.0,2020.0,1600.0,229.0,0.01165930124786761,0.0009125679393410722,-0.0037853274779750517,0.0015064697495494042,0.0025089557645606646,0.005603511533894574
Acre,2020-08-01,2020-09-01,0.007497840935856167,0.01181294413901304,0.0066418038124894255,0.003093186941397284,0.002390596687113713,0.004783024714369276,896.0,75849.0,2614.0,1718.0,233.66666666666666,0.0009125679393410722,-0.0037853274779750517,0.0015064697495494042,0.0025089557645606646,0.005603511533894574,0.01181294413901304
Acre,2020-09-01,2020-10-01,0.01032129398205105,0.007497840935856167,0.008304765536254593,0.004190732440816467,0.0025837091716251685,0.0049105701187778916,573.0,76422.0,2308.0,1735.0,317.8333333333333,-0.0037853274779750517,0.0015064697495494042,0.0025089557645606646,0.005603511533894574,0.01181294413901304,0.007497840935856167
Acre,2020-10-01,2020-11-01,0.010177790881007011,0.01032129398205105,0.009877359685640085,0.006541836017487483,0.0018642916937575194,0.003774526861340955,797.0,77219.0,2645.0,1848.0,497.5,0.0015064697495494042,0.0025089557645606646,0.005603511533894574,0.01181294413901304,0.007497840935856167,0.01032129398205105
Acre,2020-11-01,2020-12-01,-0.0006670001667500417,0.010177790881007011,0.009332308599638075,0.00798705620606375,0.0013766405635298369,0.0031836981671833184,794.0,78013.0,2412.0,1618.0,611.1666666666666,0.0025089557645606646,0.005603511533894574,0.01181294413901304,0.007497840935856167,0.01032129398205105,0.010177790881007011
Acre,2020-12-01,2021-01-01,0.0063092688895686755,-0.0006670001667500417,0.0066106948987693405,0.007457730217511966,-0.0009552732923156069,0.004163684173142485,-52.0,77961.0,1785.0,1837.0,571.3333333333334,0.005603511533894574,0.01181294413901304,0.007497840935856167,0.01032129398205105,0.010177790881007011,-0.0006670001667500417
Acre,2021-01-01,2021-02-01,0.013442313737818297,0.0063092688895686755,0.005273353201275216,0.007575356443457651,-0.0014901829330309852,0.00411937325902431,495.0,78456.0,2485.0,1990.0,583.8333333333334,0.01181294413901304,0.007497840935856167,0.01032129398205105,0.010177790881007011,-0.0006670001667500417,0.0063092688895686755
Acre,2021-02-01,2021-03-01,0.0034211383743953483,0.013442313737818297,0.006361527486878977,0.007846918043258527,0.00019547136241732674,0.004431647182188546,1069.0,79525.0,3101.0,2032.0,612.6666666666666,0.007497840935856167,0.01032129398205105,0.010177790881007011,-0.0006670001667500417,0.0063092688895686755,0.013442313737818297
Acre,2021-03-01,2021-04-01,0.007104729435478854,0.0034211383743953483,0.007724240333927441,0.007167467616348389,-0.0005065982974721691,0.004735200348437191,273.0,79798.0,2551.0,2278.0,562.6666666666666,0.01032129398205105,0.010177790881007011,-0.0006670001667500417,0.0063092688895686755,0.013442313737818297,0.0034211383743953483
Acre,2021-04-01,2021-05-01,0.01968700828220485,0.007104729435478854,0.007989393849230834,0.006631373525253024,0.00011520437840128591,0.004525219481349893,571.0,80369.0,2720.0,2149.0,525.0,0.010177790881007011,-0.0006670001667500417,0.0063092688895686755,0.013442313737818297,0.0034211383743953483,0.007104729435478854
Acre,2021-05-01,2021-06-01,0.01237200337308758,0.01968700828220485,0.010070958697359684,0.008216243092119331,0.0026895785291166287,0.006654163129302249,1614.0,81983.0,3847.0,2233.0,661.6666666666666,-0.0006670001667500417,0.0063092688895686755,0.013442313737818297,0.0034211383743953483,0.007104729435478854,0.01968700828220485
Acre,2021-06-01,2021-07-01,0.010395555661524522,0.01237200337308758,0.013054580363590427,0.010389410348758935,0.0015066099174810765,0.005411249376266001,1027.0,83010.0,3196.0,2169.0,841.5,0.0063092688895686755,0.013442313737818297,0.0034211383743953483,0.007104729435478854,0.01968700828220485,0.01237200337308758
Acre,2021-07-01,2021-08-01,0.0045924361271642,0.010395555661524522,0.014151522438938984,0.011070458144084909,0.0006914595274666798,0.005103254610435559,872.0,83882.0,3485.0,2613.0,904.3333333333334,0.013442313737818297,0.0034211383743953483,0.007104729435478854,0.01968700828220485,0.01237200337308758,0.010395555661524522
Acre,2021-08-01,2021-09-01,0.013081769845173681,0.0045924361271642,0.009119998387258767,0.009595478542309226,0.00024039892951040003,0.0054702974790202166,387.0,84269.0,3417.0,3030.0,790.6666666666666,0.0034211383743953483,0.007104729435478854,0.01968700828220485,0.01237200337308758,0.010395555661524522,0.0045924361271642
Acre,2021-09-01,2021-10-01,0.012090569355902397,0.013081769845173681,0.009356587211287468,0.011205583787438947,-0.0004964274893774533,0.004796214552310982,1117.0,85386.0,4311.0,3194.0,931.3333333333334,0.007104729435478854,0.01968700828220485,0.01237200337308758,0.010395555661524522,0.0045924361271642,0.013081769845173681
Acre,2021-10-01,2021-11-01,0.011041695272094833,0.012090569355902397,0.009921591776080093,0.01203655710750954,-0.001190171849988979,0.004431800561080892,1045.0,86431.0,3834.0,2789.0,1010.3333333333334,0.01968700828220485,0.01237200337308758,0.010395555661524522,0.0045924361271642,0.013081769845173681,0.012090569355902397
Acre,2021-11-01,2021-12-01,-0.0028342264397755567,0.011041695272094833,0.012071344824390304,0.010595671605824537,0.0001977952656051244,0.0028239622872999175,965.0,87396.0,3577.0,2612.0,902.1666666666666,0.01237200337308758,0.010395555661524522,0.0045924361271642,0.013081769845173681,0.012090569355902397,0.011041695272094833
Acre,2021-12-01,2022-01-01,0.002609382331734896,-0.0028342264397755567,0.006766012729407224,0.008061299970347345,-0.0013654952445994223,0.005575499192121881,-247.0,87149.0,2633.0,2880.0,689.8333333333334,0.010395555661524522,0.0045924361271642,0.013081769845173681,0.012090569355902397,0.011041695272094833,-0.0028342264397755567
Acre,2022-01-01,2022-02-01,0.008093994778067885,0.002609382331734896,0.003605617054684724,0.0067636044153824085,-0.0016774894833086226,0.005783420574283533,228.0,87377.0,3356.0,3128.0,582.5,0.0045924361271642,0.013081769845173681,0.012090569355902397,0.011041695272094833,-0.0028342264397755567,0.002609382331734896
Acre,2022-02-01,2022-03-01,0.008620689655172414,0.008093994778067885,0.0026230502233424075,0.007347197523866355,-0.0019216673748543383,0.005711103257661323,713.0,88090.0,4025.0,3312.0,636.8333333333334,0.013081769845173681,0.012090569355902397,0.011041695272094833,-0.0028342264397755567,0.002609382331734896,0.008093994778067885
Acre,2022-03-01,2022-04-01,0.00892299455697332,0.008620689655172414,0.006441355588325065,0.0066036841588661445,-0.0005928254632634375,0.005182016857598488,766.0,88856.0,4161.0,3395.0,578.3333333333334,0.012090569355902397,0.011041695272094833,-0.0028342264397755567,0.002609382331734896,0.008093994778067885,0.008620689655172414
Acre,2022-04-01,2022-05-01,0.01001512759073794,0.00892299455697332,0.008545892996737872,0.006075755025711299,0.0008358816330162666,0.00473850941425888,800.0,89656.0,3986.0,3186.0,537.5,0.011041695272094833,-0.0028342264397755567,0.002609382331734896,0.008093994778067885,0.008620689655172414,0.00892299455697332
Acre,2022-05-01,2022-06-01,0.012905054116210884,0.01001512759073794,0.009186270600961225,0.005904660412151816,0.002391837191582493,0.004571711610342065,907.0,90563.0,4830.0,3923.0,527.8333333333334,-0.0028342264397755567,0.002609382331734896,0.008093994778067885,0.008620689655172414,0.00892299455697332,0.01001512759073794
Acre,2022-06-01,2022-07-01,0.01105925215310489,0.012905054116210884,0.01061439208797405,0.008527873838149557,0.0016441160646340288,0.0030755259393002075,1184.0,91747.0,4780.0,3596.0,766.3333333333334,0.002609382331734896,0.008093994778067885,0.008620689655172414,0.00892299455697332,0.01001512759073794,0.012905054116210884
Acre,2022-07-01,2022-08-01,0.00923770264208975,0.01105925215310489,0.011326477953351238,0.009936185475044556,0.000822043236916145,0.0016448122122849835,1026.0,92773.0,4896.0,3870.0,899.3333333333334,0.008093994778067885,0.008620689655172414,0.00892299455697332,0.01001512759073794,0.012905054116210884,0.01105925215310489
Acre,2022-08-01,2022-09-01,0.008061526075488087,0.00923770264208975,0.011067336303801842,0.010126803452381533,0.0003538218356701238,0.001478098085733367,865.0,93638.0,4477.0,3612.0,924.6666666666666,0.008620689655172414,0.00892299455697332,0.01001512759073794,0.012905054116210884,0.01105925215310489,0.00923770264208975
Acre,2022-09-01,2022-10-01,0.007099732839682773,0.008061526075488087,0.009452826956894242,0.010033609522434145,-0.0002424405490421916,0.001583957329401155,761.0,94399.0,3799.0,3038.0,923.8333333333334,0.00892299455697332,0.01001512759073794,0.012905054116210884,0.01105925215310489,0.00923770264208975,0.008061526075488087
Acre,2022-10-01,2022-11-01,0.004825456638928142,0.007099732839682773,0.008132987185753537,0.009729732569552388,-0.0008836887825274106,0.00190934737983568,675.0,95074.0,3850.0,3175.0,903.0,0.01001512759073794,0.012905054116210884,0.01105925215310489,0.00923770264208975,0.008061526075488087,0.007099732839682773
Acre,2022-11-01,2022-12-01,-0.008455253657609728,0.004825456638928142,0.006662238518033,0.008864787410917422,-0.001527220625522335,0.0026253677781160065,461.0,95535.0,3540.0,3079.0,828.6666666666666,0.012905054116210884,0.01105925215310489,0.00923770264208975,0.008061526075488087,0.007099732839682773,0.004825456638928142
Acre,2022-12-01,2023-01-01,-0.006887315859957911,-0.008455253657609728,0.0011566452736670619,0.005304736115280653,-0.003193458865681805,0.00644168213049967,-801.0,94734.0,2366.0,3167.0,497.8333333333333,0.01105925215310489,0.00923770264208975,0.008061526075488087,0.007099732839682773,0.004825456638928142,-0.008455253657609728
Acre,2023-01-01,2023-02-01,0.008556555459546039,-0.006887315859957911,-0.003505704292879832,0.0023136414464368514,-0.003784277368865324,0.0071974926728204,-648.0,94086.0,3641.0,4289.0,218.83333333333334,0.00923770264208975,0.008061526075488087,0.007099732839682773,0.004825456638928142,-0.008455253657609728,-0.006887315859957911
Acre,2023-02-01,2023-03-01,0.005928936562473812,0.008556555459546039,-0.0022620046860072,0.0022001169160129,-0.0015076202707191468,0.007091984086179046,812.0,94898.0,4176.0,3364.0,210.0,0.008061526075488087,0.007099732839682773,0.004825456638928142,-0.008455253657609728,-0.006887315859957911,0.008556555459546039
Acre,2023-03-01,2023-04-01,0.0016314578540054382,0.005928936562473812,0.00253272538735398,0.001844685330510521,0.00019735008209887742,0.006838218805860165,566.0,95464.0,4738.0,4172.0,177.5,0.007099732839682773,0.004825456638928142,-0.008455253657609728,-0.006887315859957911,0.008556555459546039,0.005928936562473812
Acre,2023-04-01,2023-05-01,0.005843089143498783,0.0016314578540054382,0.005372316625341763,0.0009333061662309654,0.0012178985158611726,0.00642927793207889,156.0,95620.0,3659.0,3503.0,91.0,0.004825456638928142,-0.008455253657609728,-0.006887315859957911,0.008556555459546039,0.005928936562473812,0.0016314578540054382
Acre,2023-05-01,2023-06-01,0.010473251028806585,0.005843089143498783,0.004467827853326011,0.0011029115836594056,0.0026977261785817246,0.006542148296030456,562.0,96182.0,4508.0,3946.0,107.83333333333333,-0.008455253657609728,-0.006887315859957911,0.008556555459546039,0.005928936562473812,0.0016314578540054382,0.005843089143498783
Acre,2023-06-01,2023-07-01,0.007565779397800717,0.010473251028806585,0.005982599342103603,0.004257662364728791,0.0021247130510632086,0.005679322869812526,1018.0,97200.0,4401.0,3383.0,411.0,-0.006887315859957911,0.008556555459546039,0.005928936562473812,0.0016314578540054382,0.005843089143498783,0.010473251028806585
Acre,2023-07-01,2023-08-01,0.004553354541666243,0.007565779397800717,0.007960706523368695,0.006666511574355229,0.0003683055537075726,0.002752151314423738,741.0,97941.0,4213.0,3472.0,642.5,0.008556555459546039,0.005928936562473812,0.0016314578540054382,0.005843089143498783,0.010473251028806585,0.007565779397800717
Acre,2023-08-01,2023-09-01,0.0036456065377877245,0.004553354541666243,0.007530794989424515,0.005999311421375262,0.00044443475464730787,0.0026977846354908396,448.0,98389.0,4406.0,3958.0,581.8333333333334,0.005928936562473812,0.0016314578540054382,0.005843089143498783,0.010473251028806585,0.007565779397800717,0.004553354541666243
Acre,2023-09-01,2023-10-01,0.0012844370726971155,0.0036456065377877245,0.005254913492418228,0.005618756417260916,9.411622806879819e-05,0.002838259238461204,360.0,98749.0,3804.0,3444.0,547.5,0.0016314578540054382,0.005843089143498783,0.010473251028806585,0.007565779397800717,0.004553354541666243,0.0036456065377877245
Acre,2023-10-01,2023-11-01,0.0024515985835208186,0.0012844370726971155,0.003161132717383694,0.005560919620376196,-0.001322531962377125,0.0029212439361209273,127.0,98876.0,3915.0,3788.0,542.6666666666666,0.005843089143498783,0.010473251028806585,0.007565779397800717,0.004553354541666243,0.0036456065377877245,0.0012844370726971155
Acre,2023-11-01,2023-12-01,-0.0036858893220596428,0.0024515985835208186,0.0024605473980018862,0.0049956711937132,-0.0017102867773033752,0.003132443661991969,243.0,99119.0,3790.0,3547.0,489.5,0.010473251028806585,0.007565779397800717,0.004553354541666243,0.0036456065377877245,0.0012844370726971155,0.0024515985835208186
Acre,2023-12-01,2024-01-01,-0.0003342719961102895,-0.0036858893220596428,1.6715444719430452e-05,0.0026358144685688285,-0.0018549937411093912,0.0034357262534839127,-364.0,98755.0,3461.0,3825.0,259.1666666666667,0.007565779397800717,0.004553354541666243,0.0036456065377877245,0.0012844370726971155,0.0024515985835208186,-0.0036858893220596428
Acre,2024-01-01,2024-02-01,0.008566407230730605,-0.0003342719961102895,-0.0005228542448830379,0.001319139236250328,-0.0012932988216457443,0.002736796994452928,-33.0,98722.0,3939.0,3972.0,130.16666666666666,0.004553354541666243,0.0036456065377877245,0.0012844370726971155,0.0024515985835208186,-0.0036858893220596428,-0.0003342719961102895
Acre,2024-02-01,2024-03-01,0.011741003195776019,0.008566407230730605,0.0015154153041868907,0.0019879813510943886,0.00038886823864890603,0.0037487551895612993,853.0,99575.0,4798.0,3945.0,197.66666666666666,0.0036456065377877245,0.0012844370726971155,0.0024515985835208186,-0.0036858893220596428,-0.0003342719961102895,0.008566407230730605
Acre,2024-03-01,2024-04-01,0.01241852487135506,0.011741003195776019,0.00665771281013211,0.0033372141274257707,0.0021136821109420914,0.0052562681971542674,1183.0,100758.0,5003.0,3820.0,334.8333333333333,0.0012844370726971155,0.0024515985835208186,-0.0036858893220596428,-0.0003342719961102895,0.008566407230730605,0.011741003195776019
Acre,2024-04-01,2024-05-01,0.008975317875841436,0.01241852487135506,0.010908645099287228,0.005192895427202095,0.0030004568062719735,0.006101435962621696,1267.0,102025.0,5094.0,3827.0,524.8333333333334,0.0024515985835208186,-0.0036858893220596428,-0.0003342719961102895,0.008566407230730605,0.011741003195776019,0.01241852487135506
Acre,2024-05-01,2024-06-01,0.00880005391717936,0.008975317875841436,0.011044948647657505,0.006280181975922197,0.0029925435016270527,0.006097321594991087,924.0,102949.0,4710.0,3786.0,638.3333333333334,-0.0036858893220596428,-0.0003342719961102895,0.008566407230730605,0.011741003195776019,0.01241852487135506,0.008975317875841436
Acre,2024-06-01,2024-07-01,0.005210378614460717,0.00880005391717936,0.01006463222145862,0.008361172515795365,0.0013593109479245647,0.004165493798620918,914.0,103863.0,4413.0,3499.0,851.3333333333334,-0.0003342719961102895,0.008566407230730605,0.011741003195776019,0.01241852487135506,0.008975317875841436,0.00880005391717936
Acre,2024-07-01,2024-08-01,0.003360093166219609,0.005210378614460717,0.007661916802493837,0.009285280950890533,-0.000829891368932944,0.00235587634325563,544.0,104407.0,4750.0,4206.0,947.5,0.008566407230730605,0.011741003195776019,0.01241852487135506,0.008975317875841436,0.00880005391717936,0.005210378614460717
Acre,2024-08-01,2024-09-01,0.00903380819948162,0.003360093166219609,0.0057901752326198945,0.008417561940138702,-0.0018201215107750608,0.0032499839291045022,352.0,104759.0,4492.0,4140.0,864.0,0.011741003195776019,0.01241852487135506,0.008975317875841436,0.00880005391717936,0.005210378614460717,0.003360093166219609
Acre,2024-09-01,2024-10-01,0.0013886133703630231,0.00903380819948162,0.005868093326720648,0.007966362774089636,-0.0010673980797414663,0.002929373846189858,955.0,105714.0,4642.0,3687.0,826.0,0.01241852487135506,0.008975317875841436,0.00880005391717936,0.005210378614460717,0.003360093166219609,0.00903380819948162
Acre,2024-10-01,2024-11-01,-0.003526434035776242,0.0013886133703630231,0.004594171578688084,0.00612804419059096,-0.00111664414653504,0.003018165429962559,147.0,105861.0,4656.0,4509.0,639.3333333333334,0.008975317875841436,0.00880005391717936,0.005210378614460717,0.003360093166219609,0.00903380819948162,0.0013886133703630231
Acre,2024-11-01,2024-12-01,-0.007016438513087806,-0.003526434035776242,0.002298662511356134,0.004044418871988014,-0.001926400584680259,0.0043533311182446955,-372.0,105489.0,3905.0,4277.0,423.3333333333333,0.00880005391717936,0.005210378614460717,0.003360093166219609,0.00903380819948162,0.0013886133703630231,-0.003526434035776242
Acre,2024-12-01,2025-01-01,-0.0061954297899317065,-0.007016438513087806,-0.003051419726167008,0.0014083368002768201,-0.0025553960592242498,0.005350107167581114,-735.0,104754.0,3016.0,3751.0,148.5,0.005210378614460717,0.003360093166219609,0.00903380819948162,0.0013886133703630231,-0.003526434035776242,-0.007016438513087806
Acre,2025-01-01,2025-02-01,0.004103770877575619,-0.0061954297899317065,-0.0055794341129319185,-0.0004926312671219169,-0.00288124006641726,0.005677756996525525,-645.0,104109.0,3905.0,4550.0,-49.666666666666664,0.003360093166219609,0.00903380819948162,0.0013886133703630231,-0.003526434035776242,-0.007016438513087806,-0.0061954297899317065
Acre,2025-02-01,2025-03-01,0.0033748998970369523,0.004103770877575619,-0.003036032475147965,-0.0003686849818959153,-0.0014540663019350214,0.00576791120621022,429.0,104538.0,5205.0,4776.0,-36.833333333333336,0.00903380819948162,0.0013886133703630231,-0.003526434035776242,-0.007016438513087806,-0.0061954297899317065,0.004103770877575619
Acre,2025-03-01,2025-04-01,0.007193427478892969,0.0033748998970369523,0.00042774699489362143,-0.001311836365636693,0.0009612301741880377,0.004469957878630095,354.0,104892.0,4810.0,4456.0,-137.0,0.0013886133703630231,-0.003526434035776242,-0.007016438513087806,-0.0061954297899317065,0.004103770877575619,0.0033748998970369523
Acre,2025-04-01,2025-05-01,0.012939450844100638,0.007193427478892969,0.004890699417835181,-0.0003443673475483691,0.0027163578134636462,0.005466782220877308,760.0,105652.0,4660.0,3900.0,-34.833333333333336,-0.003526434035776242,-0.007016438513087806,-0.0061954297899317065,0.004103770877575619,0.0033748998970369523,0.007193427478892969
Acre,2025-05-01,2025-06-01,0.005620482711209379,0.012939450844100638,0.00783592607334352,0.0023999467990977776,0.003977632788910787,0.007076498235127362,1385.0,107037.0,5783.0,4398.0,258.0,-0.007016438513087806,-0.0061954297899317065,0.004103770877575619,0.0033748998970369523,0.007193427478892969,0.012939450844100638
Acre,2025-06-01,2025-07-01,0.0010394045696679474,0.005620482711209379,0.008584453678067662,0.004506100336480642,0.002554432285346757,0.005708899580275782,605.0,107642.0,4821.0,4216.0,481.3333333333333,-0.0061954297899317065,0.004103770877575619,0.0033748998970369523,0.007193427478892969,0.012939450844100638,0.005620482711209379
Acre,2025-07-01,2025-08-01,0.007726096525558738,0.0010394045696679474,0.006533112708325989,0.005711906063080584,-8.111599233752629e-05,0.003748791678602513,112.0,107754.0,4486.0,4374.0,607.5,0.004103770877575619,0.0033748998970369523,0.007193427478892969,0.012939450844100638,0.005620482711209379,0.0010394045696679474
Acre,2025-08-01,2025-09-01,0.00772126683601674,0.007726096525558738,0.004795327935478689,0.006315627004411104,-0.00011500153479878272,0.0037328412970021804,839.0,108593.0,4963.0,4124.0,675.8333333333334,0.0033748998970369523,0.007193427478892969,0.012939450844100638,0.005620482711209379,0.0010394045696679474,0.007726096525558738
Acre,2025-09-01,2025-10-01,-0.0015741401716911024,0.00772126683601674,0.005495589310414475,0.007040021494241069,-0.0005023412660442363,0.0035067574777469424,845.0,109438.0,4568.0,3723.0,757.6666666666666,0.007193427478892969,0.012939450844100638,0.005620482711209379,0.0010394045696679474,0.007726096525558738,0.00772126683601674
Acre,2025-10-01,2025-11-01,-0.0006777053263975382,-0.0015741401716911024,0.004624407729961459,0.0055787602191437234,-0.0017022545928184513,0.004746097146998753,-172.0,109266.0,4200.0,4372.0,602.3333333333334,0.012939450844100638,0.005620482711209379,0.0010394045696679474,0.007726096525558738,0.00772126683601674,-0.0015741401716911024
Acre,2025-11-01,2025-12-01,-0.0042219210198549345,-0.0006777053263975382,0.0018231404459760332,0.0033092341907273604,-0.0011238972600472496,0.003855985240652043,-74.0,109192.0,4555.0,4629.0,359.1666666666667,0.005620482711209379,0.0010394045696679474,0.007726096525558738,0.00772126683601674,-0.0015741401716911024,-0.0006777053263975382
Acre,2025-12-01,2026-01-01,-0.008271590055545766,-0.0042219210198549345,-0.0021579221726478587,0.0016688335688833083,-0.0017375268717483158,0.0045541679982614245,-461.0,,3294.0,3755.0,181.5,0.0010394045696679474,0.007726096525558738,0.00772126683601674,-0.0015741401716911024,-0.0006777053263975382,-0.0042219210198549345
Acre,2026-01-01,2026-02-01,0.0025528372566248902,-0.008271590055545766,-0.00439040546726608,0.00011700113134768964,-0.003283473189366971,0.00589363236073842,-892.0,107839.0,3810.0,4702.0,14.166666666666666,0.007726096525558738,0.00772126683601674,-0.0015741401716911024,-0.0006777053263975382,-0.0042219210198549345,-0.008271590055545766
Acre,2026-02-01,2026-03-01,0.009763603557395518,0.0025528372566248902,-0.003313557939591937,-0.0007452087468079518,-0.0014136775211994466,0.005032957117645076,276.0,108115.0,5170.0,4894.0,-79.66666666666667,0.00772126683601674,-0.0015741401716911024,-0.0006777053263975382,-0.0042219210198549345,-0.008271590055545766,0.0025528372566248902
Acre,2026-03-01,2026-04-01,0.00909396186344536,0.009763603557395518,0.0013482835861582138,-0.00040481929324482236,0.0017808764959659868,0.005627946361065093,1066.0,109181.0,5725.0,4659.0,-42.833333333333336,-0.0015741401716911024,-0.0006777053263975382,-0.0042219210198549345,-0.008271590055545766,0.0025528372566248902,0.009763603557395518
Acre,2026-04-01,2026-05-01,0.0076375066422890905,0.00909396186344536,0.007136800892488589,0.0013731977126112546,0.0029039810569467563,0.006581972181210793,1002.0,110183.0,5212.0,4210.0,152.83333333333334,-0.0006777053263975382,-0.0042219210198549345,-0.008271590055545766,0.0025528372566248902,0.009763603557395518,0.00909396186344536
Acre,2026-05-01,2026-06-01,0.008749140709394613,0.0076375066422890905,0.00883169068770999,0.002759066374059026,0.0033887017248132602,0.006873205440643207,848.0,111031.0,4780.0,3932.0,306.5,-0.0042219210198549345,-0.008271590055545766,0.0025528372566248902,0.009763603557395518,0.00909396186344536,0.0076375066422890905
Alagoas,2020-07-01,2020-08-01,0.01173415584178091,0.005116390955183006,-2.981209950216404e-05,-0.01094112095528603,0.006399719897694634,0.011851598505485528,1659.0,324252.0,7377.0,5718.0,-3622.3333333333335,-0.024739880284213926,-0.017003626637107364,-0.023813782511888388,-0.007750829780092737,0.002545002526403239,0.005116390955183006
Alagoas,2020-08-01,2020-09-01,0.048298346932441484,0.01173415584178091,0.006465183107789051,-0.004862114934286888,0.006879293288632899,0.012548564701439136,3850.0,328102.0,9806.0,5956.0,-1588.5,-0.017003626637107364,-0.023813782511888388,-0.007750829780092737,0.002545002526403239,0.005116390955183006,0.01173415584178091
Alagoas,2020-09-01,2020-10-01,0.01349475919180242,0.048298346932441484,0.0217162979098018,0.006021547327304586,0.012045342643315712,0.022032902027441587,16651.0,344753.0,22879.0,6228.0,2127.5,-0.023813782511888388,-0.007750829780092737,0.002545002526403239,0.005116390955183006,0.01173415584178091,0.048298346932441484
Alagoas,2020-10-01,2020-11-01,0.010563420158550397,0.01349475919180242,0.02450908732200827,0.012239637611253053,0.007145878370405382,0.017542361769857105,4716.0,349469.0,10958.0,6242.0,4200.5,-0.007750829780092737,0.002545002526403239,0.005116390955183006,0.01173415584178091,0.048298346932441484,0.01349475919180242
Alagoas,2020-11-01,2020-12-01,0.004318753312359753,0.010563420158550397,0.024118842094264768,0.01529201260102691,0.0029083252560358455,0.015240820727804043,3731.0,353200.0,9578.0,5847.0,5238.0,0.002545002526403239,0.005116390955183006,0.01173415584178091,0.048298346932441484,0.01349475919180242,0.010563420158550397
Alagoas,2020-12-01,2021-01-01,-0.0004794648044629712,0.004318753312359753,0.009458977554237523,0.015587637732019662,-0.001208685228698482,0.015006095911371508,1532.0,354732.0,8317.0,6785.0,5356.5,0.005116390955183006,0.01173415584178091,0.048298346932441484,0.01349475919180242,0.010563420158550397,0.004318753312359753
Alagoas,2021-01-01,2021-02-01,-0.0014828958555179262,-0.0004794648044629712,0.004800902888815726,0.014654995105412,-0.005598234946420475,0.015781758078291554,-170.0,354562.0,9443.0,9613.0,5051.666666666667,0.01173415584178091,0.048298346932441484,0.01349475919180242,0.010563420158550397,0.004318753312359753,-0.0004794648044629712
Alagoas,2021-02-01,2021-03-01,-0.024282209440927658,-0.0014828958555179262,0.0007854642174596186,0.012452153155862193,-0.008487815793565251,0.016917291326652744,-525.0,354037.0,9104.0,9629.0,4322.5,0.048298346932441484,0.01349475919180242,0.010563420158550397,0.004318753312359753,-0.0004794648044629712,-0.0014828958555179262
Alagoas,2021-03-01,2021-04-01,-0.009500833842011034,-0.024282209440927658,-0.008748190033636185,0.00035539376030066923,-0.006566343123505087,0.012272209355998662,-8393.0,345644.0,9993.0,18386.0,148.5,0.01349475919180242,0.010563420158550397,0.004318753312359753,-0.0004794648044629712,-0.0014828958555179262,-0.024282209440927658
Alagoas,2021-04-01,2021-05-01,0.009354095780385622,-0.009500833842011034,-0.011755313046152205,-0.0034772050786682396,-0.0053465025518206945,0.011105645338505395,-3253.0,342391.0,8656.0,11909.0,-1179.6666666666667,0.010563420158550397,0.004318753312359753,-0.0004794648044629712,-0.0014828958555179262,-0.024282209440927658,-0.009500833842011034
Alagoas,2021-05-01,2021-06-01,0.014223740840989017,0.009354095780385622,-0.008142982500851022,-0.0036787591416957027,-0.0007053345245121308,0.010857190633781204,3233.0,345624.0,10307.0,7074.0,-1262.6666666666667,0.004318753312359753,-0.0004794648044629712,-0.0014828958555179262,-0.024282209440927658,-0.009500833842011034,0.009354095780385622
Alagoas,2021-06-01,2021-07-01,0.01154198559366234,0.014223740840989017,0.0046923342597878686,-0.0020279278869241575,0.0034516679638253484,0.012566220380690371,4987.0,350611.0,11828.0,6841.0,-686.8333333333334,-0.0004794648044629712,-0.0014828958555179262,-0.024282209440927658,-0.009500833842011034,0.009354095780385622,0.014223740840989017
Alagoas,2021-07-01,2021-08-01,0.0152335421108742,0.01154198559366234,0.011706607405012325,-2.4352820569939596e-05,0.005699919648972801,0.013571528430321991,4094.0,354705.0,12073.0,7979.0,23.833333333333332,-0.0014828958555179262,-0.024282209440927658,-0.009500833842011034,0.009354095780385622,0.014223740840989017,0.01154198559366234
Alagoas,2021-08-01,2021-09-01,0.04501418458520031,0.0152335421108742,0.013666422848508518,0.0027617201738287475,0.0075879103179037925,0.01465845090260061,5487.0,360192.0,14350.0,8863.0,1025.8333333333333,-0.024282209440927658,-0.009500833842011034,0.009354095780385622,0.014223740840989017,0.01154198559366234,0.0152335421108742
Alagoas,2021-09-01,2021-10-01,0.009340050324905575,0.04501418458520031,0.02392990409657895,0.01431111917818341,0.008215190739434162,0.01603530486582293,16978.0,377170.0,25628.0,8650.0,5254.333333333333,-0.009500833842011034,0.009354095780385622,0.014223740840989017,0.01154198559366234,0.0152335421108742,0.04501418458520031
Alagoas,2021-10-01,2021-11-01,0.009694292930475247,0.009340050324905575,0.023195925673660026,0.017451266539336176,0.0027426474420698716,0.012525475899467592,3556.0,380726.0,12520.0,8964.0,6389.166666666667,0.009354095780385622,0.014223740840989017,0.01154198559366234,0.0152335421108742,0.04501418458520031,0.009340050324905575
Alagoas,2021-11-01,2021-12-01,0.0016152697526455886,0.009694292930475247,0.021349509280193715,0.017507966064351115,1.5074203299627861e-05,0.012489411884345611,3727.0,384453.0,12200.0,8473.0,6471.5,0.014223740840989017,0.01154198559366234,0.0152335421108742,0.04501418458520031,0.009340050324905575,0.009694292930475247
Alagoas,2021-12-01,2022-01-01,-0.000735462275722988,0.0016152697526455886,0.006883204336008804,0.015406554216293876,-0.002912156028759296,0.01385164566341246,622.0,385075.0,10231.0,9609.0,5744.0,0.01154198559366234,0.0152335421108742,0.04501418458520031,0.009340050324905575,0.009694292930475247,0.0016152697526455886
Alagoas,2022-01-01,2022-02-01,-0.0013870852732141602,-0.000735462275722988,0.0035247001357992824,0.013360312904729653,-0.005991072109288011,0.015120161541613915,-283.0,384792.0,11448.0,11731.0,5014.5,0.0152335421108742,0.04501418458520031,0.009340050324905575,0.009694292930475247,0.0016152697526455886,-0.000735462275722988
Alagoas,2022-02-01,2022-03-01,-0.0269362338981239,-0.0013870852732141602,-0.00016909259876385322,0.01059020834071493,-0.00772319743633679,0.016019007459128147,-533.0,384259.0,12526.0,13059.0,4011.1666666666665,0.04501418458520031,0.009340050324905575,0.009694292930475247,0.0016152697526455886,-0.000735462275722988,-0.0013870852732141602
Alagoas,2022-03-01,2022-04-01,-0.0006257587993988437,-0.0269362338981239,-0.009686260482353682,-0.0014015280731724394,-0.006199322507273831,0.01224789011188402,-10079.0,374180.0,11801.0,21880.0,-498.3333333333333,0.009340050324905575,0.009694292930475247,0.0016152697526455886,-0.000735462275722988,-0.0013870852732141602,-0.0269362338981239
Alagoas,2022-04-01,2022-05-01,0.009083826654724491,-0.0006257587993988437,-0.0096496926569123,-0.0030624962605565087,-0.003940182645690573,0.011319101059152046,-234.0,373946.0,13071.0,13305.0,-1130.0,0.009694292930475247,0.0016152697526455886,-0.000735462275722988,-0.0013870852732141602,-0.0269362338981239,-0.0006257587993988437
Alagoas,2022-05-01,2022-06-01,0.009199796260219807,0.009083826654724491,-0.0061593886809327494,-0.0031642406398483015,0.0003463641804130631,0.011206156575065724,3428.0,377374.0,15011.0,11583.0,-1179.8333333333333,0.0016152697526455886,-0.000735462275722988,-0.0013870852732141602,-0.0269362338981239,-0.0006257587993988437,0.009083826654724491
Alagoas,2022-06-01,2022-07-01,0.005010501677133512,0.009199796260219807,0.005885954705181818,-0.0019001528885859316,0.003068557244635857,0.01206859459455458,3504.0,380878.0,13429.0,9925.0,-699.5,-0.000735462275722988,-0.0013870852732141602,-0.0269362338981239,-0.0006257587993988437,0.009083826654724491,0.009199796260219807
Alagoas,2022-07-01,2022-08-01,0.011256502580368536,0.005010501677133512,0.007764708197359271,-0.0009424922297765153,0.004288731733739793,0.012347765058265216,1918.0,382796.0,12602.0,10684.0,-332.6666666666667,-0.0013870852732141602,-0.0269362338981239,-0.0006257587993988437,0.009083826654724491,0.009199796260219807,0.005010501677133512
Alagoas,2022-08-01,2022-09-01,0.03882639469901413,0.011256502580368536,0.008488933505907285,0.0011647724124872678,0.0059425266693587,0.013145203417807033,4358.0,387154.0,16114.0,11756.0,482.5,-0.0269362338981239,-0.0006257587993988437,0.009083826654724491,0.009199796260219807,0.005010501677133512,0.011256502580368536
Alagoas,2022-09-01,2022-10-01,0.01071822417396729,0.03882639469901413,0.018364466318838726,0.012125210512010274,0.005702557162454591,0.012548055991243624,15639.0,402793.0,26693.0,11054.0,4768.833333333333,-0.0006257587993988437,0.009083826654724491,0.009199796260219807,0.005010501677133512,0.011256502580368536,0.03882639469901413
Alagoas,2022-10-01,2022-11-01,0.006500398954665573,0.01071822417396729,0.020267040484449987,0.014015874340904627,0.0029513652518809138,0.011274358731563669,4364.0,407157.0,15410.0,11046.0,5535.166666666667,0.009083826654724491,0.009199796260219807,0.005010501677133512,0.011256502580368536,0.03882639469901413,0.01071822417396729
Alagoas,2022-11-01,2022-12-01,-0.009632653463443957,0.006500398954665573,0.018681672609215664,0.013585303057561475,0.0008913163737535931,0.01150153551321219,2664.0,409821.0,13452.0,10788.0,5407.833333333333,0.009199796260219807,0.005010501677133512,0.011256502580368536,0.03882639469901413,0.01071822417396729,0.006500398954665573
Alagoas,2022-12-01,2023-01-01,-0.0003277654283869505,-0.009632653463443957,0.002528656555062969,0.010446561436950849,-0.003302635917286945,0.014459383091647533,-3910.0,405911.0,9906.0,13816.0,4172.166666666667,0.005010501677133512,0.011256502580368536,0.03882639469901413,0.01071822417396729,0.006500398954665573,-0.009632653463443957
Alagoas,2023-01-01,2023-02-01,0.0004163105035879068,-0.0003277654283869505,-0.0011533399790551113,0.00955685025269744,-0.005929037421441523,0.014923295067816271,-133.0,405778.0,13282.0,13415.0,3830.3333333333335,0.011256502580368536,0.03882639469901413,0.01071822417396729,0.006500398954665573,-0.009632653463443957,-0.0003277654283869505
Alagoas,2023-02-01,2023-03-01,0.00031275087791880296,0.0004163105035879068,-0.0031813694627476664,0.007750151573233999,-0.006894898348637238,0.015260537901433337,169.0,405947.0,11656.0,11487.0,3132.1666666666665,0.03882639469901413,0.01071822417396729,0.006500398954665573,-0.009632653463443957,-0.0003277654283869505,0.0004163105035879068
Alagoas,2023-03-01,2023-04-01,-0.010106688622948128,0.00031275087791880296,0.00013376531770658643,0.0013312109363847779,-0.0017421355370976688,0.006320197137487256,127.0,406074.0,14951.0,14824.0,546.8333333333334,0.01071822417396729,0.006500398954665573,-0.009632653463443957,-0.0003277654283869505,0.0004163105035879068,0.00031275087791880296
Alagoas,2023-04-01,2023-05-01,-0.020791066037280707,-0.010106688622948128,-0.0031258757471471395,-0.0021396078631011253,-0.001498718540914439,0.005917479490372322,-4063.0,402011.0,12148.0,16211.0,-857.6666666666666,0.006500398954665573,-0.009632653463443957,-0.0003277654283869505,0.0004163105035879068,0.00031275087791880296,-0.010106688622948128
Alagoas,2023-05-01,2023-06-01,0.0037061585476918096,-0.020791066037280707,-0.01019500126077001,-0.006688185361758838,-0.002435211202243896,0.007737239082926656,-8188.0,393823.0,13246.0,21434.0,-2666.3333333333335,-0.009632653463443957,-0.0003277654283869505,0.0004163105035879068,0.00031275087791880296,-0.010106688622948128,-0.020791066037280707
Alagoas,2023-06-01,2023-07-01,0.00545719411156427,0.0037061585476918096,-0.009063865370845676,-0.004465050026569544,-0.0015391985498022565,0.008454857778745656,1465.0,395288.0,13549.0,12084.0,-1770.5,-0.0003277654283869505,0.0004163105035879068,0.00031275087791880296,-0.010106688622948128,-0.020791066037280707,0.0037061585476918096
Alagoas,2023-07-01,2023-08-01,0.008439776469414231,0.00545719411156427,-0.003875904459341542,-0.003500890103244341,0.000705721818139093,0.00917118584750439,2169.0,397457.0,13605.0,11436.0,-1386.8333333333333,0.0004163105035879068,0.00031275087791880296,-0.010106688622948128,-0.020791066037280707,0.0037061585476918096,0.00545719411156427
Alagoas,2023-08-01,2023-09-01,0.038752997601918464,0.008439776469414231,0.005867709709556771,-0.0021636457756066202,0.0031949714498853378,0.010174884293783002,3383.0,400840.0,16761.0,13378.0,-851.1666666666666,0.00031275087791880296,-0.010106688622948128,-0.020791066037280707,0.0037061585476918096,0.00545719411156427,0.008439776469414231
Alagoas,2023-09-01,2023-10-01,0.009884534016520919,0.038752997601918464,0.017549989394298988,0.004243062011726657,0.009535485548808289,0.018452341130669327,16160.0,417000.0,27443.0,11283.0,1821.0,-0.010106688622948128,-0.020791066037280707,0.0037061585476918096,0.00545719411156427,0.008439776469414231,0.038752997601918464
Alagoas,2023-10-01,2023-11-01,0.006684009556671392,0.009884534016520919,0.01902576936261787,0.007574932451638164,0.0074714599939868015,0.017331262978352815,4163.0,421163.0,15583.0,11420.0,3192.0,-0.020791066037280707,0.0037061585476918096,0.00545719411156427,0.008439776469414231,0.038752997601918464,0.009884534016520919
Alagoas,2023-11-01,2023-12-01,0.00023815250248763258,0.006684009556671392,0.018440513725036925,0.012154111717296849,0.0016709855969220594,0.012059481991349765,2834.0,423997.0,14582.0,11748.0,5029.0,0.0037061585476918096,0.00545719411156427,0.008439776469414231,0.038752997601918464,0.009884534016520919,0.006684009556671392
Alagoas,2023-12-01,2024-01-01,0.0018193757634670288,0.00023815250248763258,0.005602232025226648,0.011576110709762819,-0.0017208849248288366,0.012524670958173117,101.0,424098.0,11015.0,10914.0,4801.666666666667,0.00545719411156427,0.008439776469414231,0.038752997601918464,0.009884534016520919,0.006684009556671392,0.00023815250248763258
Alagoas,2024-01-01,2024-02-01,-0.006839105655414292,0.0018193757634670288,0.002913845940875351,0.010969807651746608,-0.0043384875225108005,0.012888957882302663,773.0,424871.0,14097.0,13324.0,4569.0,0.008439776469414231,0.038752997601918464,0.009884534016520919,0.006684009556671392,0.00023815250248763258,0.0018193757634670288
Alagoas,2024-02-01,2024-03-01,-0.023251922909048584,-0.006839105655414292,-0.0015938591298198768,0.008423327297608524,-0.007388624231428833,0.014540749487703872,-2886.0,421985.0,13135.0,16021.0,3524.1666666666665,0.038752997601918464,0.009884534016520919,0.006684009556671392,0.00023815250248763258,0.0018193757634670288,-0.006839105655414292
Alagoas,2024-03-01,2024-04-01,-0.003911984011256387,-0.023251922909048584,-0.009423884266998616,-0.0019108261208859842,-0.0058477259143750035,0.010887795825366914,-9589.0,412396.0,14865.0,24454.0,-767.3333333333334,0.009884534016520919,0.006684009556671392,0.00023815250248763258,0.0018193757634670288,-0.006839105655414292,-0.023251922909048584
Alagoas,2024-04-01,2024-05-01,0.005384818395546872,-0.003911984011256387,-0.011334337525239754,-0.004210245792182202,-0.0037745335855179666,0.009525533360323916,-1607.0,410789.0,15678.0,17285.0,-1729.0,0.006684009556671392,0.00023815250248763258,0.0018193757634670288,-0.006839105655414292,-0.023251922909048584,-0.003911984011256387
Alagoas,2024-05-01,2024-06-01,0.006461405969222923,0.005384818395546872,-0.007259696174919367,-0.004426777652369621,-0.00022495906035738142,0.009287212137069817,2224.0,413013.0,15370.0,13146.0,-1830.6666666666667,0.00023815250248763258,0.0018193757634670288,-0.006839105655414292,-0.023251922909048584,-0.003911984011256387,0.005384818395546872
Alagoas,2024-06-01,2024-07-01,0.007036988379175674,0.006461405969222923,0.0026447467845044695,-0.0033895687412470728,0.0022634817736987187,0.01006520417866729,2686.0,415699.0,14601.0,11915.0,-1399.8333333333333,0.0018193757634670288,-0.006839105655414292,-0.023251922909048584,-0.003911984011256387,0.005384818395546872,0.006461405969222923
Alagoas,2024-07-01,2024-08-01,0.0122010495120524,0.007036988379175674,0.0062944042479818225,-0.0025199666386289655,0.004794778834701931,0.010684043823856747,2946.0,418645.0,16625.0,13679.0,-1037.6666666666667,-0.006839105655414292,-0.023251922909048584,-0.003911984011256387,0.005384818395546872,0.006461405969222923,0.007036988379175674
Alagoas,2024-08-01,2024-09-01,0.03510641204272874,0.0122010495120524,0.008566481286817,0.0006533925559488165,0.00603395333858506,0.011708436116578402,5171.0,423816.0,20445.0,15274.0,305.1666666666667,-0.023251922909048584,-0.003911984011256387,0.005384818395546872,0.006461405969222923,0.007036988379175674,0.0122010495120524
Alagoas,2024-09-01,2024-10-01,0.007782127536533079,0.03510641204272874,0.01811481664465227,0.010379781714578372,0.006174750172268426,0.012044745919976473,15420.0,439236.0,28968.0,13548.0,4473.333333333333,-0.003911984011256387,0.005384818395546872,0.006461405969222923,0.007036988379175674,0.0122010495120524,0.03510641204272874
Alagoas,2024-10-01,2024-11-01,0.003989164232968991,0.007782127536533079,0.018363196363771407,0.012328800305876615,0.002945303573095006,0.01040958392149556,3445.0,442681.0,17844.0,14399.0,5315.333333333333,0.005384818395546872,0.006461405969222923,0.007036988379175674,0.0122010495120524,0.03510641204272874,0.007782127536533079
Alagoas,2024-11-01,2024-12-01,-0.008095081483833652,0.003989164232968991,0.015625901270743606,0.012096191278780302,0.0003651306091851112,0.010576409502698197,1773.0,444454.0,15216.0,13443.0,5240.166666666667,0.006461405969222923,0.007036988379175674,0.0122010495120524,0.03510641204272874,0.007782127536533079,0.003989164232968991
Alagoas,2024-12-01,2025-01-01,-0.0021366307152030366,-0.008095081483833652,0.001225403428556139,0.009670110036604207,-0.0036462939902426445,0.012985787724407458,-3569.0,440885.0,11369.0,14938.0,4197.666666666667,0.007036988379175674,0.0122010495120524,0.03510641204272874,0.007782127536533079,0.003989164232968991,-0.008095081483833652
Alagoas,2025-01-01,2025-02-01,-0.012592237970511469,-0.0021366307152030366,-0.002080849322022566,0.00814117352087442,-0.005859595571986527,0.013724819447768117,-940.0,439945.0,15760.0,16700.0,3550.0,0.0122010495120524,0.03510641204272874,0.007782127536533079,0.003989164232968991,-0.008095081483833652,-0.0021366307152030366
Alagoas,2025-02-01,2025-03-01,-0.019935114629256637,-0.012592237970511469,-0.007607983389849385,0.00400895894044711,-0.008009536301091772,0.015498196605939976,-5471.0,434474.0,16349.0,21820.0,1776.3333333333333,0.03510641204272874,0.007782127536533079,0.003989164232968991,-0.008095081483833652,-0.0021366307152030366,-0.012592237970511469
Alagoas,2025-03-01,2025-04-01,0.0009709284327245096,-0.019935114629256637,-0.01155466110499038,-0.005164628838217121,-0.005210627619164552,0.00950879751847248,-8492.0,425982.0,14042.0,22534.0,-2209.0,0.007782127536533079,0.003989164232968991,-0.008095081483833652,-0.0021366307152030366,-0.012592237970511469,-0.019935114629256637
Alagoas,2025-04-01,2025-05-01,0.0007592800899887515,0.0009709284327245096,-0.010518808055681199,-0.006299828688851882,-0.001744768162651423,0.008213787917037555,414.0,426396.0,16246.0,15832.0,-2714.1666666666665,0.003989164232968991,-0.008095081483833652,-0.0021366307152030366,-0.012592237970511469,-0.019935114629256637,0.0009709284327245096
Alagoas,2025-05-01,2025-06-01,0.005233527210844708,0.0007592800899887515,-0.00606830203551446,-0.0068381427126819215,0.0013214745329756994,0.007605116930430734,324.0,426720.0,15820.0,15496.0,-2955.6666666666665,-0.008095081483833652,-0.0021366307152030366,-0.012592237970511469,-0.019935114629256637,0.0009709284327245096,0.0007592800899887515
Alagoas,2025-06-01,2025-07-01,0.0072024199390386436,0.005233527210844708,0.002321245244519323,-0.004616707930235528,0.002794611053534872,0.008770818147559195,2245.0,428965.0,14882.0,12637.0,-1986.6666666666667,-0.0021366307152030366,-0.012592237970511469,-0.019935114629256637,0.0009709284327245096,0.0007592800899887515,0.005233527210844708
Alagoas,2025-07-01,2025-08-01,0.006445456217807211,0.0072024199390386436,0.004398409079957368,-0.0030601994878619154,0.004979073335009109,0.009836735529601699,3112.0,432077.0,17395.0,14283.0,-1311.3333333333333,-0.012592237970511469,-0.019935114629256637,0.0009709284327245096,0.0007592800899887515,0.005233527210844708,0.0072024199390386436
Alagoas,2025-08-01,2025-09-01,0.030936151153281355,0.006445456217807211,0.006293801122563521,0.00011274954352453075,0.004430616453574788,0.009306452015504452,2803.0,434880.0,18488.0,15685.0,67.66666666666667,-0.019935114629256637,0.0009709284327245096,0.0007592800899887515,0.005233527210844708,0.0072024199390386436,0.006445456217807211
Alagoas,2025-09-01,2025-10-01,0.010270830576507432,0.030936151153281355,0.014861342436709071,0.008591293840614196,0.004824386706126672,0.010299767337349,13883.0,448763.0,27742.0,13859.0,3796.8333333333335,0.0009709284327245096,0.0007592800899887515,0.005233527210844708,0.0072024199390386436,0.006445456217807211,0.030936151153281355
Alagoas,2025-10-01,2025-11-01,0.006673005218351421,0.010270830576507432,0.015884145982532,0.010141277531244684,0.0035402474439620545,0.009719802992441583,4657.0,453420.0,19504.0,14847.0,4504.0,0.0007592800899887515,0.005233527210844708,0.0072024199390386436,0.006445456217807211,0.030936151153281355,0.010270830576507432
Alagoas,2025-11-01,2025-12-01,-0.006460503082376344,0.006673005218351421,0.01595999564938007,0.011126898385971794,0.0011683804824404013,0.008990974801657765,3046.0,456466.0,16004.0,12958.0,4957.666666666667,0.005233527210844708,0.0072024199390386436,0.006445456217807211,0.030936151153281355,0.010270830576507432,0.006673005218351421
Alagoas,2025-12-01,2026-01-01,-0.0064847590408238,-0.006460503082376344,0.0034944442374941695,0.009177893337101622,-0.0025227796766347484,0.011081658343272877,-2949.0,,11401.0,14350.0,4092.0,0.0072024199390386436,0.006445456217807211,0.030936151153281355,0.010270830576507432,0.006673005218351421,-0.006460503082376344
Alagoas,2026-01-01,2026-02-01,-0.006754220549989722,-0.0064847590408238,-0.0020907523016162406,0.00689669684045788,-0.005155396124522404,0.012563252958858866,-2922.0,450595.0,14376.0,17298.0,3086.3333333333335,0.006445456217807211,0.030936151153281355,0.010270830576507432,0.006673005218351421,-0.006460503082376344,-0.0064847590408238
Alagoas,2026-02-01,2026-03-01,-0.011853168116944627,-0.006754220549989722,-0.006566494224396622,0.004696750712491724,-0.007195775304830766,0.013565380564481233,-3023.0,447572.0,15531.0,18554.0,2115.3333333333335,0.030936151153281355,0.010270830576507432,0.006673005218351421,-0.006460503082376344,-0.0064847590408238,-0.006754220549989722
Alagoas,2026-03-01,2026-04-01,-0.0034140609404206667,-0.011853168116944627,-0.008364049235919381,-0.002434802499212607,-0.004312169335163747,0.008003714446595301,-5243.0,442329.0,17949.0,23192.0,-1072.3333333333333,0.010270830576507432,0.006673005218351421,-0.006460503082376344,-0.0064847590408238,-0.006754220549989722,-0.011853168116944627
Alagoas,2026-04-01,2026-05-01,-0.00017016487842286653,-0.0034140609404206667,-0.007340483202451673,-0.004715617752033957,-0.0019109367830494627,0.005666712680068003,-1505.0,440824.0,16496.0,18001.0,-2099.3333333333335,0.006673005218351421,-0.006460503082376344,-0.0064847590408238,-0.006754220549989722,-0.011853168116944627,-0.0034140609404206667
Alagoas,2026-05-01,2026-06-01,0.0062522264960926405,-0.00017016487842286653,-0.005145797978596053,-0.005856146101496339,0.0010161382215434823,0.003554934944546021,-75.0,440749.0,15254.0,15329.0,-2619.5,-0.006460503082376344,-0.0064847590408238,-0.006754220549989722,-0.011853168116944627,-0.0034140609404206667,-0.00017016487842286653
Amapá,2020-07-01,2020-08-01,0.00558467449137214,-0.0009824747742963357,-0.0015387357834717504,-0.0025459670656000086,-0.00021385776875423293,0.0046482946156479405,-74.0,75320.0,1590.0,1664.0,-192.16666666666666,0.0038946490908143595,-0.0031359431348978203,-0.011418300999101337,-0.00348783237185863,-0.00014590020426028595,-0.0009824747742963357
Amapá,2020-08-01,2020-09-01,0.00620604597459851,0.00558467449137214,0.001485433170938506,-0.002264296165507045,0.0022357856849532327,0.005062766399264198,423.0,75743.0,1821.0,1398.0,-171.5,-0.0031359431348978203,-0.011418300999101337,-0.00348783237185863,-0.00014590020426028595,-0.0009824747742963357,0.00558467449137214
Amapá,2020-09-01,2020-10-01,0.01046454259821869,0.00620604597459851,0.0036027485638914377,-0.00070729798059099,0.0032715051682330135,0.0059193339873857415,473.0,76216.0,1797.0,1324.0,-52.666666666666664,-0.011418300999101337,-0.00348783237185863,-0.00014590020426028595,-0.0009824747742963357,0.00558467449137214,0.00620604597459851
Amapá,2020-10-01,2020-11-01,0.003170823249252592,0.01046454259821869,0.007418421021396446,0.002939842618962348,0.002725281790075184,0.004839175516270981,806.0,77022.0,2096.0,1290.0,225.66666666666666,-0.00348783237185863,-0.00014590020426028595,-0.0009824747742963357,0.00558467449137214,0.00620604597459851,0.01046454259821869
Amapá,2020-11-01,2020-12-01,0.0036107135027789597,0.003170823249252592,0.00661380394068993,0.004049618555814218,0.0014727440248095954,0.003912681274767773,245.0,77267.0,1334.0,1089.0,310.3333333333333,-0.00014590020426028595,-0.0009824747742963357,0.00558467449137214,0.00620604597459851,0.01046454259821869,0.003170823249252592
Amapá,2020-12-01,2021-01-01,0.0004124827595096611,0.0036107135027789597,0.005748693116750081,0.004675720840320759,0.0005709395509325146,0.003466330531050742,280.0,77547.0,1871.0,1591.0,358.8333333333333,-0.0009824747742963357,0.00558467449137214,0.00620604597459851,0.01046454259821869,0.003170823249252592,0.0036107135027789597
Amapá,2021-01-01,2021-02-01,0.0038009630818619583,0.0004124827595096611,0.0023980065038470707,0.004908213762621758,-0.0011697335835353462,0.0031072063462713184,32.0,77579.0,1803.0,1771.0,376.5,0.00558467449137214,0.00620604597459851,0.01046454259821869,0.003170823249252592,0.0036107135027789597,0.0004124827595096611
Amapá,2021-02-01,2021-03-01,0.0032637911173684885,0.0038009630818619583,0.00260805311471686,0.004610928527703395,-0.0011926201064652415,0.003113586398269989,296.0,77875.0,2005.0,1709.0,355.3333333333333,0.00620604597459851,0.01046454259821869,0.003170823249252592,0.0036107135027789597,0.0004124827595096611,0.0038009630818619583
Amapá,2021-03-01,2021-04-01,-0.0008198191274050163,0.0032637911173684885,0.002492412319580036,0.004120552718165059,-0.0010660448185626343,0.003054889263743277,255.0,78130.0,1992.0,1737.0,319.0,0.01046454259821869,0.003170823249252592,0.0036107135027789597,0.0004124827595096611,0.0038009630818619583,0.0032637911173684885
Amapá,2021-04-01,2021-05-01,0.0060224856440749186,-0.0008198191274050163,0.00208164502394181,0.0022398257638944403,-0.0005030142490619185,0.001776342384299923,-64.0,78066.0,1422.0,1486.0,174.0,0.003170823249252592,0.0036107135027789597,0.0004124827595096611,0.0038009630818619583,0.0032637911173684885,-0.0008198191274050163
Amapá,2021-05-01,2021-06-01,0.004827673593512417,0.0060224856440749186,0.002822152544679464,0.002715102829698162,0.0002235652308926367,0.002273718808225555,473.0,78539.0,2125.0,1652.0,212.0,0.0036107135027789597,0.0004124827595096611,0.0038009630818619583,0.0032637911173684885,-0.0008198191274050163,0.0060224856440749186
Amapá,2021-06-01,2021-07-01,0.010568810099921016,0.004827673593512417,0.0033434467033941068,0.002917929511487071,0.0007044831889108327,0.0023955788476060554,381.0,78920.0,2111.0,1730.0,228.83333333333334,0.0004124827595096611,0.0038009630818619583,0.0032637911173684885,-0.0008198191274050163,0.0060224856440749186,0.004827673593512417
Amapá,2021-07-01,2021-08-01,0.010789627075763026,0.010568810099921016,0.007139656445836117,0.004610650734888963,0.0012963767797201998,0.003403421503946074,843.0,79763.0,2579.0,1736.0,364.0,0.0038009630818619583,0.0032637911173684885,-0.0008198191274050163,0.0060224856440749186,0.004827673593512417,0.010568810099921016
Amapá,2021-08-01,2021-09-01,0.0035836535966288943,0.010789627075763026,0.008728703589732153,0.005775428067205809,0.0020171501549539504,0.0040596302114740595,870.0,80633.0,2695.0,1825.0,459.6666666666667,0.0032637911173684885,-0.0008198191274050163,0.0060224856440749186,0.004827673593512417,0.010568810099921016,0.010789627075763026
Amapá,2021-09-01,2021-10-01,-0.0012248836979115115,0.0035836535966288943,0.008314030257437646,0.005828738480415875,0.001201712126332642,0.004028276883164445,290.0,80923.0,2608.0,2318.0,465.5,-0.0008198191274050163,0.0060224856440749186,0.004827673593512417,0.010568810099921016,0.010789627075763026,0.0035836535966288943
Amapá,2021-10-01,2021-11-01,0.011883221673431464,-0.0012248836979115115,0.00438279899149347,0.0057612277186647924,-0.0011356597064211627,0.00414095418225051,-99.0,80824.0,2514.0,2613.0,459.6666666666667,0.0060224856440749186,0.004827673593512417,0.010568810099921016,0.010789627075763026,0.0035836535966288943,-0.0012248836979115115
Amapá,2021-11-01,2021-12-01,-0.003989149513323759,0.011883221673431464,0.004747330524049616,0.006738017056890884,-0.0002088375563724712,0.00473587125120544,972.0,81796.0,3013.0,2041.0,542.8333333333334,0.004827673593512417,0.010568810099921016,0.010789627075763026,0.0035836535966288943,-0.0012248836979115115,0.011883221673431464
Amapá,2021-12-01,2022-01-01,0.005663025569048636,-0.003989149513323759,0.002223062820732065,0.005268546539084855,-0.002123358616221683,0.006232140989911574,-325.0,81471.0,2209.0,2534.0,425.1666666666667,0.010568810099921016,0.010789627075763026,0.0035836535966288943,-0.0012248836979115115,0.011883221673431464,-0.003989149513323759
Amapá,2022-01-01,2022-02-01,0.0018881715190644415,0.005663025569048636,0.004519032576385446,0.004450915783939459,-0.0010069517569167693,0.005789202413243293,464.0,81935.0,2868.0,2404.0,362.0,0.010789627075763026,0.0035836535966288943,-0.0012248836979115115,0.011883221673431464,-0.003989149513323759,0.005663025569048636
Amapá,2022-02-01,2022-03-01,0.01470323471163656,0.0018881715190644415,0.0011873491915964393,0.0029673398578230277,-0.00010531582210562985,0.005070693569321602,155.0,82090.0,2764.0,2609.0,242.83333333333334,0.0035836535966288943,-0.0012248836979115115,0.011883221673431464,-0.003989149513323759,0.005663025569048636,0.0018881715190644415
Amapá,2022-03-01,2022-04-01,0.008980611395265849,0.01470323471163656,0.007418143933249879,0.004820603376990972,0.00169450333334319,0.006720806883725722,1225.0,83315.0,3844.0,2619.0,398.6666666666667,-0.0012248836979115115,0.011883221673431464,-0.003989149513323759,0.005663025569048636,0.0018881715190644415,0.01470323471163656
Amapá,2022-04-01,2022-05-01,0.003909952606635071,0.008980611395265849,0.008524005875322283,0.006521519225853864,0.001079692778116248,0.00625052711643627,755.0,84070.0,3110.0,2355.0,541.0,0.011883221673431464,-0.003989149513323759,0.005663025569048636,0.0018881715190644415,0.01470323471163656,0.008980611395265849
Amapá,2022-05-01,2022-06-01,0.010156451575070955,0.003909952606635071,0.009197932904512493,0.005192641048054465,0.0017789523220290827,0.00580073930922459,330.0,84400.0,3308.0,2978.0,434.0,-0.003989149513323759,0.005663025569048636,0.0018881715190644415,0.01470323471163656,0.008980611395265849,0.003909952606635071
Amapá,2022-06-01,2022-07-01,0.008869102279463902,0.010156451575070955,0.007682338525657292,0.007550241229453585,0.0006517099993272218,0.004259810726323544,866.0,85266.0,3807.0,2941.0,632.5,0.005663025569048636,0.0018881715190644415,0.01470323471163656,0.008980611395265849,0.003909952606635071,0.010156451575070955
Amapá,2022-07-01,2022-08-01,0.011535854216216838,0.008869102279463902,0.007645168820389976,0.008084587347856128,0.00046267558867627717,0.0041900791842050785,763.0,86029.0,3546.0,2783.0,682.3333333333334,0.0018881715190644415,0.01470323471163656,0.008980611395265849,0.003909952606635071,0.010156451575070955,0.008869102279463902
Amapá,2022-08-01,2022-09-01,0.008408244180879789,0.011535854216216838,0.010187136023583898,0.009692534464048197,-0.00028356945303053063,0.0032491868655089183,1004.0,87033.0,3926.0,2922.0,823.8333333333334,0.01470323471163656,0.008980611395265849,0.003909952606635071,0.010156451575070955,0.008869102279463902,0.011535854216216838
Amapá,2022-09-01,2022-10-01,-0.005717755981299844,0.008408244180879789,0.009604400225520176,0.008643369375588733,0.0005351005560345129,0.0023551748691332105,738.0,87771.0,3578.0,2840.0,742.6666666666666,0.008980611395265849,0.003909952606635071,0.010156451575070955,0.008869102279463902,0.011535854216216838,0.008408244180879789
Amapá,2022-10-01,2022-11-01,-0.0015033107262941668,-0.005717755981299844,0.004742114138598927,0.006193641479494452,-0.001449040376728431,0.005822403294347861,-499.0,87272.0,3248.0,3747.0,533.6666666666666,0.003909952606635071,0.010156451575070955,0.008869102279463902,0.011535854216216838,0.008408244180879789,-0.005717755981299844
Amapá,2022-11-01,2022-12-01,-0.01136231749495137,-0.0015033107262941668,0.0003957258244285927,0.005291430924006246,-0.0030053427521272527,0.006487760473945837,-131.0,87141.0,3134.0,3265.0,456.8333333333333,0.010156451575070955,0.008869102279463902,0.011535854216216838,0.008408244180879789,-0.005717755981299844,-0.0015033107262941668
Amapá,2022-12-01,2023-01-01,0.0007654126269889131,-0.01136231749495137,-0.00619446140084846,0.001704969412335858,-0.004411445538908256,0.008456249062303495,-979.0,86162.0,2437.0,3416.0,149.33333333333334,0.008869102279463902,0.011535854216216838,0.008408244180879789,-0.005717755981299844,-0.0015033107262941668,-0.01136231749495137
Amapá,2023-01-01,2023-02-01,0.0017249962374243143,0.0007654126269889131,-0.004033405198085541,0.0003543544702566931,-0.0031128413633893545,0.00782796154932937,66.0,86228.0,3305.0,3239.0,33.166666666666664,0.011535854216216838,0.008408244180879789,-0.005717755981299844,-0.0015033107262941668,-0.01136231749495137,0.0007654126269889131
Amapá,2023-02-01,2023-03-01,-0.0004748888065233506,0.0017249962374243143,-0.0029573028768460474,-0.0012807885262087276,-0.000680735447459094,0.006170797607526554,149.0,86377.0,2984.0,2835.0,-109.33333333333333,0.008408244180879789,-0.005717755981299844,-0.0015033107262941668,-0.01136231749495137,0.0007654126269889131,0.0017249962374243143
Amapá,2023-03-01,2023-04-01,0.004542834082785657,-0.0004748888065233506,0.0006718400192966255,-0.0027613106907759173,0.0013721996253422335,0.004510966322176108,-41.0,86336.0,3207.0,3248.0,-239.16666666666666,-0.005717755981299844,-0.0015033107262941668,-0.01136231749495137,0.0007654126269889131,0.0017249962374243143,-0.0004748888065233506
Amapá,2023-04-01,2023-05-01,0.000668295156012352,0.004542834082785657,0.0019309805045622068,-0.0010512123467616675,0.0018243598206033878,0.004985917618635616,394.0,86730.0,2820.0,2426.0,-90.33333333333333,-0.0015033107262941668,-0.01136231749495137,0.0007654126269889131,0.0017249962374243143,-0.0004748888065233506,0.004542834082785657
Amapá,2023-05-01,2023-06-01,0.005739554812175646,0.000668295156012352,0.0015787468107582193,-0.0006892780330439142,0.0019795840736646047,0.005018674815486131,58.0,86788.0,3056.0,2998.0,-58.833333333333336,-0.01136231749495137,0.0007654126269889131,0.0017249962374243143,-0.0004748888065233506,0.004542834082785657,0.000668295156012352
Amapá,2023-06-01,2023-07-01,0.011225645672859086,0.005739554812175646,0.003650228016991218,0.0021610340181439217,0.0007633808734573365,0.0022283412770873947,501.0,87289.0,3270.0,2769.0,187.83333333333334,0.0007654126269889131,0.0017249962374243143,-0.0004748888065233506,0.004542834082785657,0.000668295156012352,0.005739554812175646
Amapá,2023-07-01,2023-08-01,0.011078873965206286,0.011225645672859086,0.005877831880349027,0.003904406192455618,0.0017792011173285007,0.003911018095018902,991.0,88280.0,3809.0,2818.0,342.0,0.0017249962374243143,-0.0004748888065233506,0.004542834082785657,0.000668295156012352,0.005739554812175646,0.011225645672859086
Amapá,2023-08-01,2023-09-01,0.011373704261539825,0.011078873965206286,0.009348024816747005,0.0054633858137526125,0.00236824309385805,0.0045445394073514965,989.0,89269.0,4016.0,3027.0,482.0,-0.0004748888065233506,0.004542834082785657,0.000668295156012352,0.005739554812175646,0.011225645672859086,0.011078873965206286
Amapá,2023-09-01,2023-10-01,0.004991790543146481,0.011373704261539825,0.011226074633201731,0.0074381513250964745,0.0020249193766296017,0.004086310403642574,1027.0,90296.0,3852.0,2825.0,660.0,0.004542834082785657,0.000668295156012352,0.005739554812175646,0.011225645672859086,0.011078873965206286,0.011373704261539825
Amapá,2023-10-01,2023-11-01,0.004541316104121189,0.004991790543146481,0.00914812292329753,0.007512977401823279,0.0010963758164602966,0.0040364138741543825,453.0,90749.0,3713.0,3260.0,669.8333333333334,0.000668295156012352,0.005739554812175646,0.011225645672859086,0.011078873965206286,0.011373704261539825,0.004991790543146481
Amapá,2023-11-01,2023-12-01,-0.008708064087810923,0.004541316104121189,0.0069689369696024975,0.008158480893174752,-0.0006970836752307586,0.0030886045678389954,414.0,91163.0,3362.0,2948.0,729.1666666666666,0.005739554812175646,0.011225645672859086,0.011078873965206286,0.011373704261539825,0.004991790543146481,0.004541316104121189
Amapá,2023-12-01,2024-01-01,0.01313619934701187,-0.008708064087810923,0.0002750141864855821,0.005750544409843658,-0.003590375317285674,0.007083749673520248,-787.0,90376.0,2795.0,3582.0,514.5,0.011225645672859086,0.011078873965206286,0.011373704261539825,0.004991790543146481,0.004541316104121189,-0.008708064087810923
Amapá,2024-01-01,2024-02-01,0.001657018892195659,0.01313619934701187,0.0029898171211073785,0.006068970022202454,-0.00144026150222999,0.007360251947789071,1203.0,91579.0,4222.0,3019.0,549.8333333333334,0.011078873965206286,0.011373704261539825,0.004991790543146481,0.004541316104121189,-0.008708064087810923,0.01313619934701187
Amapá,2024-02-01,2024-03-01,0.00301060777323711,0.001657018892195659,0.002028384717132202,0.00449866084336735,-0.0010685594464873358,0.007125199437702746,152.0,91731.0,3811.0,3659.0,410.3333333333333,0.011373704261539825,0.004991790543146481,0.004541316104121189,-0.008708064087810923,0.01313619934701187,0.001657018892195659
Amapá,2024-03-01,2024-04-01,0.009708319879453234,0.00301060777323711,0.005934608670814879,0.003104811428650231,9.387022712855282e-05,0.0064278299209318554,277.0,92008.0,3516.0,3239.0,285.3333333333333,0.004991790543146481,0.004541316104121189,-0.008708064087810923,0.01313619934701187,0.001657018892195659,0.00301060777323711
Amapá,2024-04-01,2024-05-01,0.0033896123399051767,0.009708319879453234,0.004791982181628668,0.003890899651368023,0.0014146244001425167,0.006882829002579159,902.0,92910.0,3778.0,2876.0,360.1666666666667,0.004541316104121189,-0.008708064087810923,0.01313619934701187,0.001657018892195659,0.00301060777323711,0.009708319879453234
Amapá,2024-05-01,2024-06-01,0.02073529411764706,0.0033896123399051767,0.005369513330865174,0.003698949023998688,0.0014730952176270292,0.006878071285118206,316.0,93226.0,3595.0,3279.0,343.8333333333333,-0.008708064087810923,0.01313619934701187,0.001657018892195659,0.00301060777323711,0.009708319879453234,0.0033896123399051767
Amapá,2024-06-01,2024-07-01,0.004933522869805168,0.02073529411764706,0.011277742112335157,0.008606175391575018,0.0014254561800720168,0.006778213182401006,1974.0,95200.0,5081.0,3107.0,804.0,0.01313619934701187,0.001657018892195659,0.00301060777323711,0.009708319879453234,0.0033896123399051767,0.02073529411764706
Amapá,2024-07-01,2024-08-01,0.013914369936715383,0.004933522869805168,0.009686143109119135,0.007239062645373901,0.0018067963251922664,0.00655004223421913,472.0,95672.0,4153.0,3681.0,682.1666666666666,0.001657018892195659,0.00301060777323711,0.009708319879453234,0.0033896123399051767,0.02073529411764706,0.004933522869805168
Amapá,2024-08-01,2024-09-01,0.009757292453407907,0.013914369936715383,0.013194395641389203,0.009281954486127189,0.001644002901891115,0.0064002394766871605,1350.0,97022.0,4622.0,3272.0,881.8333333333334,0.00301060777323711,0.009708319879453234,0.0033896123399051767,0.02073529411764706,0.004933522869805168,0.013914369936715383
Amapá,2024-09-01,2024-10-01,0.004035578144853875,0.009757292453407907,0.009535061753309487,0.010406401932822322,0.00045763898321034605,0.0057603277739675905,956.0,97978.0,4206.0,3250.0,995.0,0.009708319879453234,0.0033896123399051767,0.02073529411764706,0.004933522869805168,0.013914369936715383,0.009757292453407907
Amapá,2024-10-01,2024-11-01,0.00227182831468879,0.004035578144853875,0.00923574684499239,0.009460944977055763,-0.0005920951114589636,0.006242662365184145,397.0,98375.0,4086.0,3689.0,910.8333333333334,0.0033896123399051767,0.02073529411764706,0.004933522869805168,0.013914369936715383,0.009757292453407907,0.004035578144853875
Amapá,2024-11-01,2024-12-01,-0.011147345967675774,0.00227182831468879,0.00535489963765019,0.009274647639519698,-0.002833378304941505,0.006434789282233379,224.0,98599.0,3307.0,3083.0,895.5,0.02073529411764706,0.004933522869805168,0.013914369936715383,0.009757292453407907,0.004035578144853875,0.00227182831468879
Amapá,2024-12-01,2025-01-01,0.005770917025224821,-0.011147345967675774,-0.001613313169377703,0.003960874291965892,-0.0034586766674868145,0.007796723250840208,-1087.0,97512.0,2688.0,3775.0,385.3333333333333,0.004933522869805168,0.013914369936715383,0.009757292453407907,0.004035578144853875,0.00227182831468879,-0.011147345967675774
Amapá,2025-01-01,2025-02-01,0.006955905432086265,0.005770917025224821,-0.001034866875920721,0.004100439984535835,-0.0030055694185962554,0.007820344180897127,566.0,98078.0,4299.0,3733.0,401.0,0.013914369936715383,0.009757292453407907,0.004035578144853875,0.00227182831468879,-0.011147345967675774,0.005770917025224821
Amapá,2025-02-01,2025-03-01,0.003923190188998931,0.006955905432086265,0.0005264921632117707,0.0029406959004309803,-0.0006348597927959982,0.00671710654992559,687.0,98765.0,4537.0,3850.0,290.5,0.009757292453407907,0.004035578144853875,0.00227182831468879,-0.011147345967675774,0.005770917025224821,0.006955905432086265
Amapá,2025-03-01,2025-04-01,0.007755506409550781,0.003923190188998931,0.005550004215436673,0.0019683455230294846,0.0008688158447376658,0.006049016963396262,389.0,99154.0,4046.0,3657.0,196.0,0.004035578144853875,0.00227182831468879,-0.011147345967675774,0.005770917025224821,0.006955905432086265,0.003923190188998931
Amapá,2025-04-01,2025-05-01,0.0017880688856035483,0.007755506409550781,0.006211534010211992,0.002588333567145636,0.0021089996386055862,0.0064090444777335255,775.0,99929.0,3881.0,3106.0,259.0,0.00227182831468879,-0.011147345967675774,0.005770917025224821,0.006955905432086265,0.003923190188998931,0.007755506409550781
Amapá,2025-05-01,2025-06-01,0.012556593444531026,0.0017880688856035483,0.004488921828051087,0.0025077069956314286,0.0019313750621796327,0.006415558573069139,179.0,100108.0,4125.0,3946.0,251.5,-0.011147345967675774,0.005770917025224821,0.006955905432086265,0.003923190188998931,0.007755506409550781,0.0017880688856035483
Amapá,2025-06-01,2025-07-01,0.007751558630949468,0.012556593444531026,0.007366722913228453,0.006458363564332562,0.0006359196765038487,0.0033622877706533465,1273.0,101381.0,4589.0,3316.0,644.8333333333334,0.005770917025224821,0.006955905432086265,0.003923190188998931,0.007755506409550781,0.0017880688856035483,0.012556593444531026
Amapá,2025-07-01,2025-08-01,0.007672659110554277,0.007751558630949468,0.007365406987028014,0.006788470498620004,0.0006831725210561447,0.0033757917965990705,792.0,102173.0,4465.0,3673.0,682.5,0.006955905432086265,0.003923190188998931,0.007755506409550781,0.0017880688856035483,0.012556593444531026,0.007751558630949468
Amapá,2025-08-01,2025-09-01,0.007087889833940867,0.007672659110554277,0.009326937062011589,0.006907929445031339,0.0008429721665971502,0.003392244928489506,790.0,102963.0,4539.0,3749.0,699.6666666666666,0.003923190188998931,0.007755506409550781,0.0017880688856035483,0.012556593444531026,0.007751558630949468,0.007672659110554277
Amapá,2025-09-01,2025-10-01,0.0071235709771930835,0.007087889833940867,0.007504035858481538,0.007435379385854995,0.0002717329423777445,0.003122457648599976,735.0,103698.0,4444.0,3709.0,757.3333333333334,0.007755506409550781,0.0017880688856035483,0.012556593444531026,0.007751558630949468,0.007672659110554277,0.007087889833940867
Amapá,2025-10-01,2025-11-01,0.003587170142532771,0.0071235709771930835,0.007294706640562742,0.007330056813795379,0.00029121428873662893,0.0031205404636350893,744.0,104442.0,4579.0,3835.0,752.1666666666666,0.0017880688856035483,0.012556593444531026,0.007751558630949468,0.007672659110554277,0.007087889833940867,0.0071235709771930835
Amapá,2025-11-01,2025-12-01,-0.01084737354271213,0.003587170142532771,0.0059328769845555735,0.007629907023283582,-0.0013518813927963951,0.0026198837843186217,376.0,104818.0,3910.0,3534.0,785.0,0.012556593444531026,0.007751558630949468,0.007672659110554277,0.007087889833940867,0.0071235709771930835,0.003587170142532771
Amapá,2025-12-01,2026-01-01,0.004407528327251777,-0.01084737354271213,-4.55441409954252e-05,0.0037292458587430554,-0.003006155617974865,0.0066712000314524235,-1137.0,,3199.0,4336.0,383.3333333333333,0.007751558630949468,0.007672659110554277,0.007087889833940867,0.0071235709771930835,0.003587170142532771,-0.01084737354271213
Amapá,2026-01-01,2026-02-01,0.0022801739830232426,0.004407528327251777,-0.0009508916909758604,0.003171907474793441,-0.002104795568032337,0.006447826116635422,459.0,104140.0,4502.0,4043.0,327.8333333333333,0.007672659110554277,0.007087889833940867,0.0071235709771930835,0.003587170142532771,-0.01084737354271213,0.004407528327251777
Amapá,2026-02-01,2026-03-01,0.007775961063158295,0.0022801739830232426,-0.0013865570774790365,0.0022731599535382686,-0.001332035739704484,0.006125611676586019,238.0,104378.0,4044.0,3806.0,235.83333333333334,0.007087889833940867,0.0071235709771930835,0.003587170142532771,-0.01084737354271213,0.004407528327251777,0.0022801739830232426
Amapá,2026-03-01,2026-04-01,0.008464192131506024,0.007775961063158295,0.0048212211244777715,0.002387838491741173,0.0004170246806074678,0.006220383156767885,818.0,105196.0,5067.0,4249.0,249.66666666666666,0.0071235709771930835,0.003587170142532771,-0.01084737354271213,0.004407528327251777,0.0022801739830232426,0.007775961063158295
Amapá,2026-04-01,2026-05-01,0.005315907407581028,0.008464192131506024,0.006173442392562521,0.00261127535079333,0.0022322216976642566,0.006407734478787204,898.0,106094.0,4621.0,3723.0,275.3333333333333,0.003587170142532771,-0.01084737354271213,0.004407528327251777,0.0022801739830232426,0.007775961063158295,0.008464192131506024
Amapá,2026-05-01,2026-06-01,0.010308800059384627,0.005315907407581028,0.007185353534081782,0.002899398228301373,0.002813776664124673,0.006483555378373664,567.0,106661.0,4870.0,4303.0,307.1666666666667,-0.01084737354271213,0.004407528327251777,0.0022801739830232426,0.007775961063158295,0.008464192131506024,0.005315907407581028
Amazonas,2020-07-01,2020-08-01,0.017928470740865485,0.008645196365105213,-0.0016608797146644722,-0.004948020078895263,0.0013265704687115188,0.010626542780422021,3403.0,393629.0,12863.0,9460.0,-1949.3333333333333,0.004633949883598715,-0.006361241405898606,-0.022978189807078265,-0.012597663249946241,-0.0010301722591523886,0.008645196365105213
Amazonas,2020-08-01,2020-09-01,0.014392575762046682,0.017928470740865485,0.00851449828227277,-0.002732266602684134,0.006511034578318991,0.013413940334873314,7186.0,400815.0,15973.0,8787.0,-1066.1666666666667,-0.006361241405898606,-0.022978189807078265,-0.012597663249946241,-0.0010301722591523886,0.008645196365105213,0.017928470740865485
Amazonas,2020-09-01,2020-10-01,0.013923037753691714,0.014392575762046682,0.013655414289339127,0.0007267029253067468,0.0082316456697805,0.014650976751092651,5853.0,406668.0,15919.0,10066.0,338.3333333333333,-0.022978189807078265,-0.012597663249946241,-0.0010301722591523886,0.008645196365105213,0.017928470740865485,0.014392575762046682
Amazonas,2020-10-01,2020-11-01,0.013033198039516006,0.013923037753691714,0.015414694752201294,0.006876907518768411,0.005375857813072777,0.01059227653187838,5742.0,412410.0,16336.0,10594.0,2810.1666666666665,-0.012597663249946241,-0.0010301722591523886,0.008645196365105213,0.017928470740865485,0.014392575762046682,0.013923037753691714
Amazonas,2020-11-01,2020-12-01,-0.003641254743719076,0.013033198039516006,0.013782937185084802,0.011148717733678785,0.0023604137337223615,0.006087264903654523,5446.0,417856.0,15686.0,10240.0,4538.0,-0.0010301722591523886,0.008645196365105213,0.017928470740865485,0.014392575762046682,0.013923037753691714,0.013033198039516006
Amazonas,2020-12-01,2021-01-01,0.004526185164728752,-0.003641254743719076,0.007771660349829548,0.010713537319584335,-0.0021882174759007087,0.006971494298348323,-1516.0,416340.0,11565.0,13081.0,4352.333333333333,0.008645196365105213,0.017928470740865485,0.014392575762046682,0.013923037753691714,0.013033198039516006,-0.003641254743719076
Amazonas,2021-01-01,2021-02-01,-0.0017628869189479205,0.004526185164728752,0.004639376153508561,0.010027035452854927,-0.003485793117490191,0.007334711764587864,1893.0,418233.0,13712.0,11819.0,4100.666666666667,0.017928470740865485,0.014392575762046682,0.013923037753691714,0.013033198039516006,-0.003641254743719076,0.004526185164728752
Amazonas,2021-02-01,2021-03-01,0.004214528316287589,-0.0017628869189479205,-0.0002926521659794149,0.006745142509552693,-0.0035897806844313413,0.007469188289145376,-736.0,417497.0,10526.0,11262.0,2780.3333333333335,0.014392575762046682,0.013923037753691714,0.013033198039516006,-0.003641254743719076,0.004526185164728752,-0.0017628869189479205
Amazonas,2021-03-01,2021-04-01,0.004846833417990724,0.004214528316287589,0.0023259421873561403,0.005048801268592844,-0.0024218103472561305,0.006650663793955148,1767.0,419264.0,14895.0,13128.0,2099.3333333333335,0.013923037753691714,0.013033198039516006,-0.003641254743719076,0.004526185164728752,-0.0017628869189479205,0.004214528316287589
Amazonas,2021-04-01,2021-05-01,0.009113765666857173,0.004846833417990724,0.002432824938443464,0.0035361005459760126,-0.0006758156003223738,0.005368847026493666,2042.0,421306.0,14523.0,12481.0,1482.6666666666667,0.013033198039516006,-0.003641254743719076,0.004526185164728752,-0.0017628869189479205,0.004214528316287589,0.004846833417990724
Amazonas,2021-05-01,2021-06-01,0.01264438282871912,0.009113765666857173,0.006058375800378495,0.00288286181719954,0.0020204132013686474,0.004307015067336637,3875.0,425181.0,15673.0,11798.0,1220.8333333333333,-0.003641254743719076,0.004526185164728752,-0.0017628869189479205,0.004214528316287589,0.004846833417990724,0.009113765666857173
Amazonas,2021-06-01,2021-07-01,0.017111633034558787,0.01264438282871912,0.008868327304522338,0.00559713474593924,0.002110092890830578,0.0044688142183607555,5445.0,430626.0,17683.0,12238.0,2381.0,0.004526185164728752,-0.0017628869189479205,0.004214528316287589,0.004846833417990724,0.009113765666857173,0.01264438282871912
Amazonas,2021-07-01,2021-08-01,0.013287599966668394,0.017111633034558787,0.01295659384337836,0.007694709390910912,0.0035408313015341305,0.006121813791613,7497.0,438123.0,20979.0,13482.0,3315.0,-0.0017628869189479205,0.004214528316287589,0.004846833417990724,0.009113765666857173,0.01264438282871912,0.017111633034558787
Amazonas,2021-08-01,2021-09-01,0.009591299130314528,0.013287599966668394,0.014347871943315433,0.010203123871846964,0.002448296407527718,0.0046357498922005086,5900.0,444023.0,20045.0,14145.0,4421.0,0.004214528316287589,0.004846833417990724,0.009113765666857173,0.01264438282871912,0.017111633034558787,0.013287599966668394
Amazonas,2021-09-01,2021-10-01,0.0046600743302947015,0.009591299130314528,0.01333017737718057,0.011099252340851453,0.0011631737619112092,0.0038434758090116366,4300.0,448323.0,18401.0,14101.0,4843.166666666667,0.004846833417990724,0.009113765666857173,0.01264438282871912,0.017111633034558787,0.013287599966668394,0.009591299130314528
Amazonas,2021-10-01,2021-11-01,0.010516048672148398,0.0046600743302947015,0.009179657809092542,0.011068125826235451,-0.0010071925955976151,0.0038944040124252594,2099.0,450422.0,17305.0,15206.0,4852.666666666667,0.009113765666857173,0.01264438282871912,0.017111633034558787,0.013287599966668394,0.009591299130314528,0.0046600743302947015
Amazonas,2021-11-01,2021-12-01,-0.006979254690811274,0.010516048672148398,0.008255807377585876,0.011301839660450654,-0.001476932792342849,0.0038112952366538533,4787.0,455209.0,17848.0,13061.0,5004.666666666667,0.01264438282871912,0.017111633034558787,0.013287599966668394,0.009591299130314528,0.0046600743302947015,0.010516048672148398
Amazonas,2021-12-01,2022-01-01,0.0013806693042973056,-0.006979254690811274,0.002732289437210608,0.00803123340719559,-0.003820009066012287,0.007696001399251993,-3155.0,452054.0,13456.0,16611.0,3571.3333333333335,0.017111633034558787,0.013287599966668394,0.009591299130314528,0.0046600743302947015,0.010516048672148398,-0.006979254690811274
Amazonas,2022-01-01,2022-02-01,0.00706078991353329,0.0013806693042973056,0.0016391544285448095,0.005409406118818676,-0.0029540097266679746,0.006781139293872456,625.0,452679.0,17884.0,17259.0,2426.0,0.013287599966668394,0.009591299130314528,0.0046600743302947015,0.010516048672148398,-0.006979254690811274,0.0013806693042973056
Amazonas,2022-02-01,2022-03-01,0.003656263181014531,0.00706078991353329,0.00048740150900644045,0.004371604443296159,-0.0011424589864245155,0.005917516891459501,3219.0,455898.0,18819.0,15600.0,1979.1666666666667,0.009591299130314528,0.0046600743302947015,0.010516048672148398,-0.006979254690811274,0.0013806693042973056,0.00706078991353329
Amazonas,2022-03-01,2022-04-01,0.008021315018720014,0.003656263181014531,0.004032574132948376,0.0033824317850794914,-0.00020071165791821701,0.0054390220042072725,1673.0,457571.0,18079.0,16406.0,1541.3333333333333,0.0046600743302947015,0.010516048672148398,-0.006979254690811274,0.0013806693042973056,0.00706078991353329,0.003656263181014531
Amazonas,2022-04-01,2022-05-01,0.00896989124409706,0.008021315018720014,0.006246122704422613,0.00394263856648371,0.0007175144559306138,0.005708205198482925,3700.0,461271.0,19220.0,15520.0,1808.1666666666667,0.010516048672148398,-0.006979254690811274,0.0013806693042973056,0.00706078991353329,0.003656263181014531,0.008021315018720014
Amazonas,2022-05-01,2022-06-01,0.01112638442433655,0.00896989124409706,0.006882489814610535,0.003684945661808487,0.0027503754310083148,0.00543394814716582,4175.0,465446.0,19830.0,15655.0,1706.1666666666667,-0.006979254690811274,0.0013806693042973056,0.00706078991353329,0.003656263181014531,0.008021315018720014,0.00896989124409706
Amazonas,2022-06-01,2022-07-01,0.007636436470203772,0.01112638442433655,0.009372530229051207,0.006702552180999792,0.0016805980408455135,0.0032705988713630026,5237.0,470683.0,21042.0,15805.0,3104.8333333333335,0.0013806693042973056,0.00706078991353329,0.003656263181014531,0.008021315018720014,0.00896989124409706,0.01112638442433655
Amazonas,2022-07-01,2022-08-01,0.008626095244465254,0.007636436470203772,0.009244237379545795,0.0077451800419842025,0.0007496335068198718,0.0022438125009843933,3622.0,474305.0,21793.0,18171.0,3604.3333333333335,0.00706078991353329,0.003656263181014531,0.008021315018720014,0.00896989124409706,0.01112638442433655,0.007636436470203772
Amazonas,2022-08-01,2022-09-01,0.010774476214894043,0.008626095244465254,0.00912963871300186,0.008006064263806198,0.0007386005100555534,0.0022400679126725223,4127.0,478432.0,22537.0,18410.0,3755.6666666666665,0.003656263181014531,0.008021315018720014,0.00896989124409706,0.01112638442433655,0.007636436470203772,0.008626095244465254
Amazonas,2022-09-01,2022-10-01,0.007148062612265846,0.010774476214894043,0.009012335976521022,0.009192433102786116,0.0002641277150811986,0.0013169367650451367,5211.0,483643.0,21286.0,16075.0,4345.333333333333,0.008021315018720014,0.00896989124409706,0.01112638442433655,0.007636436470203772,0.008626095244465254,0.010774476214894043
Amazonas,2022-10-01,2022-11-01,0.0043209964863798675,0.007148062612265846,0.008849544690541715,0.009046891035043756,-0.0002621488289492032,0.0014768645183604577,3482.0,487125.0,19796.0,16314.0,4309.0,0.00896989124409706,0.01112638442433655,0.007636436470203772,0.008626095244465254,0.010774476214894043,0.007148062612265846
Amazonas,2022-11-01,2022-12-01,-0.011167007002372704,0.0043209964863798675,0.00741451177117992,0.00827207524209089,-0.0009526765798048109,0.002302639285428156,2114.0,489239.0,18926.0,16812.0,3965.5,0.01112638442433655,0.007636436470203772,0.008626095244465254,0.010774476214894043,0.007148062612265846,0.0043209964863798675
Amazonas,2022-12-01,2023-01-01,0.0009003204810519707,-0.011167007002372704,0.00010068403209100307,0.004556510004306013,-0.003158826492564763,0.007288245941863493,-5403.0,483836.0,13300.0,18703.0,2192.1666666666665,0.007636436470203772,0.008626095244465254,0.010774476214894043,0.007148062612265846,0.0043209964863798675,-0.011167007002372704
Amazonas,2023-01-01,2023-02-01,0.003223296654440369,0.0009003204810519707,-0.001981896678313622,0.0034338240061140466,-0.003065153988421503,0.007246038057057289,436.0,484272.0,19391.0,18955.0,1661.1666666666667,0.008626095244465254,0.010774476214894043,0.007148062612265846,0.0043209964863798675,-0.011167007002372704,0.0009003204810519707
Amazonas,2023-02-01,2023-03-01,0.003174082091159966,0.003223296654440369,-0.002347796622293455,0.002533357574443232,-0.0020567750767046446,0.006870832161290378,1566.0,485838.0,18240.0,16674.0,1234.3333333333333,0.010774476214894043,0.007148062612265846,0.0043209964863798675,-0.011167007002372704,0.0009003204810519707,0.003223296654440369
Amazonas,2023-03-01,2023-04-01,0.004013495480730522,0.003174082091159966,0.002432566408884102,0.0012666252204875524,-0.000317019274797806,0.005861126652966997,1547.0,487385.0,19634.0,18087.0,623.6666666666666,0.007148062612265846,0.0043209964863798675,-0.011167007002372704,0.0009003204810519707,0.003223296654440369,0.003174082091159966
Amazonas,2023-04-01,2023-05-01,0.003841330847087754,0.004013495480730522,0.0034702914087769523,0.0007441973652316652,0.0012516782407354188,0.005438033331733028,1964.0,489349.0,18497.0,16533.0,370.6666666666667,0.0043209964863798675,-0.011167007002372704,0.0009003204810519707,0.003223296654440369,0.003174082091159966,0.004013495480730522
Amazonas,2023-05-01,2023-06-01,0.004420196304545648,0.003841330847087754,0.0036763028063260803,0.0006642530920163127,0.002409485705230215,0.00538816042251751,1887.0,491236.0,20191.0,18304.0,332.8333333333333,-0.011167007002372704,0.0009003204810519707,0.003223296654440369,0.003174082091159966,0.004013495480730522,0.003841330847087754
Amazonas,2023-06-01,2023-07-01,0.0074888361427364524,0.004420196304545648,0.004091674210787975,0.0032621203098360386,0.000579797002428031,0.001142259890074144,2181.0,493417.0,20129.0,17948.0,1596.8333333333333,0.0009003204810519707,0.003223296654440369,0.003174082091159966,0.004013495480730522,0.003841330847087754,0.004420196304545648
Amazonas,2023-07-01,2023-08-01,0.009075271131947227,0.0074888361427364524,0.005250121098123285,0.004360206253450119,0.0007112535842284195,0.0014651972451006278,3723.0,497140.0,21211.0,17488.0,2144.6666666666665,0.003223296654440369,0.003174082091159966,0.004013495480730522,0.003841330847087754,0.004420196304545648,0.0074888361427364524
Amazonas,2023-08-01,2023-09-01,0.005891024955118831,0.009075271131947227,0.006994767859743109,0.005335535333034595,0.0011574523613546276,0.0021645819570808834,4553.0,501693.0,23053.0,18500.0,2642.5,0.003174082091159966,0.004013495480730522,0.003841330847087754,0.004420196304545648,0.0074888361427364524,0.009075271131947227
Amazonas,2023-09-01,2023-10-01,0.005386293626909001,0.005891024955118831,0.007485044076600837,0.005788359143694406,0.0008045173732774505,0.0019373040750809167,2973.0,504666.0,19809.0,16836.0,2880.1666666666665,0.004013495480730522,0.003841330847087754,0.004420196304545648,0.0074888361427364524,0.009075271131947227,0.005891024955118831
Amazonas,2023-10-01,2023-11-01,0.005066835561185373,0.005386293626909001,0.006784196571325019,0.0060171588347241525,0.00039210670971532967,0.0017896136613776569,2733.0,507399.0,20125.0,17392.0,3008.3333333333335,0.003841330847087754,0.004420196304545648,0.0074888361427364524,0.009075271131947227,0.005891024955118831,0.005386293626909001
Amazonas,2023-11-01,2023-12-01,-0.005592066994382299,0.005066835561185373,0.0054480513810710686,0.00622140962040709,-0.00017881935546034644,0.0015882316651794578,2584.0,509983.0,19630.0,17046.0,3124.5,0.004420196304545648,0.0074888361427364524,0.009075271131947227,0.005891024955118831,0.005386293626909001,0.005066835561185373
Amazonas,2023-12-01,2024-01-01,0.002077909811630392,-0.005592066994382299,0.0016203540645706915,0.004552699070585764,-0.0022267015350311177,0.0047388671265416295,-2836.0,507147.0,15411.0,18247.0,2288.3333333333335,0.0074888361427364524,0.009075271131947227,0.005891024955118831,0.005386293626909001,0.005066835561185373,-0.005592066994382299
Amazonas,2024-01-01,2024-02-01,0.006612768918617788,0.002077909811630392,0.0005175594594778219,0.003650878015401421,-0.001993015443308891,0.004607334072513119,1056.0,508203.0,21584.0,20528.0,1843.8333333333333,0.009075271131947227,0.005891024955118831,0.005386293626909001,0.005066835561185373,-0.005592066994382299,0.002077909811630392
Amazonas,2024-02-01,2024-03-01,0.0062161752650615985,0.006612768918617788,0.0010328705786219604,0.003240460979846515,-0.00048500954811167747,0.004197286181088248,3383.0,511586.0,21421.0,18038.0,1648.8333333333333,0.005891024955118831,0.005386293626909001,0.005066835561185373,-0.005592066994382299,0.002077909811630392,0.006612768918617788
Amazonas,2024-03-01,2024-04-01,0.0068986538365080775,0.0062161752650615985,0.004968951331769926,0.003294652698170309,0.00047020528768779775,0.004233104325471216,3200.0,514786.0,22651.0,19451.0,1686.6666666666667,0.005386293626909001,0.005066835561185373,-0.005592066994382299,0.002077909811630392,0.006612768918617788,0.0062161752650615985
Amazonas,2024-04-01,2024-05-01,0.006643938914855249,0.0068986538365080775,0.006575866006729154,0.003546712733103488,0.00140339077891236,0.0043921841613833515,3576.0,518362.0,23687.0,20111.0,1827.1666666666667,0.005066835561185373,-0.005592066994382299,0.002077909811630392,0.006612768918617788,0.0062161752650615985,0.0068986538365080775
Amazonas,2024-05-01,2024-06-01,0.009558425782695758,0.006643938914855249,0.006586256005474976,0.0038095632920484676,0.002149876227636131,0.004520604390924726,3467.0,521829.0,23375.0,19908.0,1974.3333333333333,-0.005592066994382299,0.002077909811630392,0.006612768918617788,0.0062161752650615985,0.0068986538365080775,0.006643938914855249
Amazonas,2024-06-01,2024-07-01,0.008914530364707565,0.009558425782695758,0.007700339511353027,0.006334645421561477,0.001090816240442448,0.002199155659353942,5036.0,526865.0,23844.0,18808.0,3286.3333333333335,0.002077909811630392,0.006612768918617788,0.0062161752650615985,0.0068986538365080775,0.006643938914855249,0.009558425782695758
Amazonas,2024-07-01,2024-08-01,0.009970984695264806,0.008914530364707565,0.008372298354086191,0.007474082180407672,0.0006080241103342438,0.001275658338987351,4739.0,531604.0,26037.0,21298.0,3900.1666666666665,0.006612768918617788,0.0062161752650615985,0.0068986538365080775,0.006643938914855249,0.009558425782695758,0.008914530364707565
Amazonas,2024-08-01,2024-09-01,0.004934945081825948,0.009970984695264806,0.00948131361422271,0.008033784809848843,0.0007924618172415716,0.0014931445911404784,5354.0,536958.0,27276.0,21922.0,4228.666666666667,0.0062161752650615985,0.0068986538365080775,0.006643938914855249,0.009558425782695758,0.008914530364707565,0.009970984695264806
Amazonas,2024-09-01,2024-10-01,0.00479509277582388,0.004934945081825948,0.007940153380599441,0.007820246445976233,-1.3751481433433112e-05,0.0017982582325642854,2663.0,539621.0,24472.0,21809.0,4139.166666666667,0.0068986538365080775,0.006643938914855249,0.009558425782695758,0.008914530364707565,0.009970984695264806,0.004934945081825948
Amazonas,2024-10-01,2024-11-01,0.00992049724826259,0.00479509277582388,0.006567007517638212,0.0074696529358622005,-0.0006302348133488296,0.0021200284180531177,2600.0,542221.0,26221.0,23621.0,3976.5,0.006643938914855249,0.009558425782695758,0.008914530364707565,0.009970984695264806,0.004934945081825948,0.00479509277582388
Amazonas,2024-11-01,2024-12-01,-0.007913809413384276,0.00992049724826259,0.006550178368637472,0.00801574599143009,-0.00044525700149302175,0.0022547228731124155,5433.0,547654.0,25689.0,20256.0,4304.166666666667,0.009558425782695758,0.008914530364707565,0.009970984695264806,0.004934945081825948,0.00479509277582388,0.00992049724826259
Amazonas,2024-12-01,2025-01-01,0.004397585725436735,-0.007913809413384276,0.002267260203567398,0.00510370679208342,-0.002412371815356226,0.006204752104539166,-4300.0,543354.0,18788.0,23088.0,2748.1666666666665,0.008914530364707565,0.009970984695264806,0.004934945081825948,0.00479509277582388,0.00992049724826259,-0.007913809413384276
Amazonas,2025-01-01,2025-02-01,0.006015768854599796,0.004397585725436735,0.0021347578534383497,0.004350882685538281,-0.0017510815389237806,0.005966146968792908,2400.0,545754.0,27739.0,25339.0,2358.3333333333335,0.009970984695264806,0.004934945081825948,0.00479509277582388,0.00992049724826259,-0.007913809413384276,0.004397585725436735
Amazonas,2025-02-01,2025-03-01,0.0015493472556368417,0.006015768854599796,0.0008331817222174184,0.0036916800454274454,-0.0003892202556839731,0.005509816520708689,3303.0,549057.0,27922.0,24619.0,2016.5,0.004934945081825948,0.00479509277582388,0.00992049724826259,-0.007913809413384276,0.004397585725436735,0.006015768854599796
Amazonas,2025-03-01,2025-04-01,0.004846295696424274,0.0015493472556368417,0.003987567278557791,0.003127413741062594,-0.00044661478980293005,0.005526933622562605,852.0,549909.0,24282.0,23430.0,1714.6666666666667,0.00479509277582388,0.00992049724826259,-0.007913809413384276,0.004397585725436735,0.006015768854599796,0.0015493472556368417
Amazonas,2025-04-01,2025-05-01,0.003712277741117758,0.004846295696424274,0.004137137268886971,0.0031359475611626598,0.0001324755822009947,0.005529540916240255,2678.0,552587.0,25806.0,23128.0,1727.6666666666667,0.00992049724826259,-0.007913809413384276,0.004397585725436735,0.006015768854599796,0.0015493472556368417,0.004846295696424274
Amazonas,2025-05-01,2025-06-01,0.004705097008979521,0.003712277741117758,0.003369306897726291,0.0021012443099718545,0.0015717184024717087,0.0046785559306567566,2059.0,554646.0,26251.0,24192.0,1165.3333333333333,-0.007913809413384276,0.004397585725436735,0.006015768854599796,0.0015493472556368417,0.004846295696424274,0.003712277741117758
Amazonas,2025-06-01,2025-07-01,0.0018109224957413765,0.004705097008979521,0.004421223482173851,0.004204395380365821,-5.9313385198421336e-05,0.0013706807812619603,2622.0,557268.0,24956.0,22334.0,2319.0,0.004397585725436735,0.006015768854599796,0.0015493472556368417,0.004846295696424274,0.003712277741117758,0.004705097008979521
Amazonas,2025-07-01,2025-08-01,0.004701238688145819,0.0018109224957413765,0.003409432415279552,0.003773284842083261,-0.00036260001398773076,0.0016252613629515898,1011.0,558279.0,26267.0,25256.0,2087.5,0.006015768854599796,0.0015493472556368417,0.004846295696424274,0.003712277741117758,0.004705097008979521,0.0018109224957413765
Amazonas,2025-08-01,2025-09-01,0.006616464654335768,0.004701238688145819,0.0037390860642889053,0.0035541964810075987,0.00021846162366736998,0.0013779944679192702,2637.0,560916.0,26855.0,24218.0,1976.5,0.0015493472556368417,0.004846295696424274,0.003712277741117758,0.004705097008979521,0.0018109224957413765,0.004701238688145819
Amazonas,2025-09-01,2025-10-01,0.0021171688610055668,0.006616464654335768,0.004376208612740988,0.0043987160474574195,0.00025495866049724306,0.001441758109734202,3736.0,564652.0,26617.0,22881.0,2457.1666666666665,0.004846295696424274,0.003712277741117758,0.004705097008979521,0.0018109224957413765,0.004701238688145819,0.006616464654335768
Amazonas,2025-10-01,2025-11-01,0.006674250244008623,0.0021171688610055668,0.004478290734495718,0.003943861574887635,1.8539277940349413e-05,0.0016449809095367785,1198.0,565850.0,25172.0,23974.0,2210.5,0.003712277741117758,0.004705097008979521,0.0018109224957413765,0.004701238688145819,0.006616464654335768,0.0021171688610055668
Amazonas,2025-11-01,2025-12-01,-0.01170890297936284,0.006674250244008623,0.005135961253116653,0.0044375236587027795,0.00036227803534651467,0.0019224528971630293,3802.0,569652.0,24434.0,20632.0,2501.0,0.004705097008979521,0.0018109224957413765,0.004701238688145819,0.006616464654335768,0.0021171688610055668,0.006674250244008623
Amazonas,2025-12-01,2026-01-01,0.0023232611427042335,-0.01170890297936284,-0.000972494624782883,0.001701856993979052,-0.0018908396714646526,0.006296920092773344,-6670.0,,17538.0,24208.0,952.3333333333334,0.0018109224957413765,0.004701238688145819,0.006616464654335768,0.0021171688610055668,0.006674250244008623,-0.01170890297936284
Amazonas,2026-01-01,2026-02-01,0.003637307474313723,0.0023232611427042335,-0.0009037971975499943,0.0017872467684728619,-0.0017802545498657348,0.006301292397589106,1311.0,564293.0,25622.0,24311.0,1002.3333333333334,0.004701238688145819,0.006616464654335768,0.0021171688610055668,0.006674250244008623,-0.01170890297936284,0.0023232611427042335
Amazonas,2026-02-01,2026-03-01,0.003652171159458789,0.003637307474313723,-0.0019161114541149608,0.001609924899500846,-0.0009331617793824479,0.006231378027311565,2060.0,566353.0,24787.0,22727.0,906.1666666666666,0.006616464654335768,0.0021171688610055668,0.006674250244008623,-0.01170890297936284,0.0023232611427042335,0.003637307474313723
Amazonas,2026-03-01,2026-04-01,0.0029992685994117223,0.003652171159458789,0.0032042465921589152,0.0011158759836880161,0.0003598956372928138,0.005924824275844854,2076.0,568429.0,26925.0,24849.0,629.5,0.0021171688610055668,0.006674250244008623,-0.01170890297936284,0.0023232611427042335,0.003637307474313723,0.003652171159458789
Amazonas,2026-04-01,2026-05-01,0.0025839024799865643,0.0029992685994117223,0.0034295824110614115,0.0012628926067557087,0.0008292103007168528,0.005958693273863116,1710.0,570139.0,25264.0,23554.0,714.8333333333334,0.006674250244008623,-0.01170890297936284,0.0023232611427042335,0.003637307474313723,0.003652171159458789,0.0029992685994117223
Amazonas,2026-05-01,2026-06-01,0.005179327244375139,0.0025839024799865643,0.003078447412952359,0.0005811679794186989,0.002100197524343272,0.0055183019428338125,1477.0,571616.0,24932.0,23455.0,327.3333333333333,-0.01170890297936284,0.0023232611427042335,0.003637307474313723,0.003652171159458789,0.0029992685994117223,0.0025839024799865643
Bahia,2020-07-01,2020-08-01,0.005763846507150542,0.002638858038929801,-0.0034934348492318096,-0.006051869218240788,0.0006159322651958142,0.008978088347799649,4170.0,1580229.0,37528.0,33358.0,-9644.166666666666,0.004280497174701666,-0.008207787623418639,-0.021903620313032324,-0.011298164768650141,-0.0018209978179750885,0.002638858038929801
Bahia,2020-08-01,2020-09-01,0.010478016710039721,0.005763846507150542,0.0021939022427017512,-0.00580464432949931,0.004370364933125923,0.009274724113030253,9161.0,1589390.0,45140.0,35979.0,-9291.0,-0.008207787623418639,-0.021903620313032324,-0.011298164768650141,-0.0018209978179750885,0.002638858038929801,0.005763846507150542
Bahia,2020-09-01,2020-10-01,0.01012541213447139,0.010478016710039721,0.006293573752040022,-0.0026903436072562487,0.006215830708561917,0.01093373817702939,16830.0,1606220.0,52410.0,35580.0,-4253.833333333333,-0.021903620313032324,-0.011298164768650141,-0.0018209978179750885,0.002638858038929801,0.005763846507150542,0.010478016710039721
Bahia,2020-10-01,2020-11-01,0.008566779762090243,0.01012541213447139,0.008789091783887216,0.002647828467327704,0.0042039976162249375,0.0075431745087272935,16430.0,1622650.0,56248.0,39818.0,4313.666666666667,-0.011298164768650141,-0.0018209978179750885,0.002638858038929801,0.005763846507150542,0.010478016710039721,0.01012541213447139
Bahia,2020-11-01,2020-12-01,-5.193738673066982e-05,0.008566779762090243,0.009723402868867118,0.005958652555784434,0.002260363439709731,0.004400204734598129,14021.0,1636671.0,55100.0,41079.0,9623.666666666666,-0.0018209978179750885,0.002638858038929801,0.005763846507150542,0.010478016710039721,0.01012541213447139,0.008566779762090243
Bahia,2020-12-01,2021-01-01,0.009350297481951026,-5.193738673066982e-05,0.006213418169943655,0.006253495960991839,-0.00015422234111575923,0.003899859953806889,-85.0,1636586.0,49854.0,49939.0,10087.833333333334,0.002638858038929801,0.005763846507150542,0.010478016710039721,0.01012541213447139,0.008566779762090243,-5.193738673066982e-05
Bahia,2021-01-01,2021-02-01,0.011840332857207798,0.009350297481951026,0.0059550466191035335,0.007372069201495375,-0.0004347497082482832,0.0036576582158129242,15447.0,1652033.0,58816.0,43369.0,11967.333333333334,0.005763846507150542,0.010478016710039721,0.01012541213447139,0.008566779762090243,-5.193738673066982e-05,0.009350297481951026
Bahia,2021-02-01,2021-03-01,0.006277382935813299,0.011840332857207798,0.007046230984142718,0.00838481692650492,-0.00011807086772976064,0.003905035934053733,19795.0,1671828.0,63353.0,43558.0,13739.666666666666,0.010478016710039721,0.01012541213447139,0.008566779762090243,-5.193738673066982e-05,0.009350297481951026,0.011840332857207798
Bahia,2021-03-01,2021-04-01,0.005880024108630653,0.006277382935813299,0.009156004424990708,0.007684711297467182,-4.929096930305891e-07,0.003843061696485754,10561.0,1682389.0,60544.0,49983.0,12694.833333333334,0.01012541213447139,0.008566779762090243,-5.193738673066982e-05,0.009350297481951026,0.011840332857207798,0.006277382935813299
Bahia,2021-04-01,2021-05-01,0.0065267238757867815,0.005880024108630653,0.007999246633883917,0.006977146626493725,0.0002298348021597353,0.0037173182069451353,9951.0,1692340.0,55254.0,45303.0,11615.0,0.008566779762090243,-5.193738673066982e-05,0.009350297481951026,0.011840332857207798,0.006277382935813299,0.005880024108630653
Bahia,2021-05-01,2021-06-01,0.004982511559660465,0.0065267238757867815,0.006228043640076911,0.006637137312109815,0.00048341532203518943,0.003649041816136483,11118.0,1703458.0,59030.0,47912.0,11131.166666666666,-5.193738673066982e-05,0.009350297481951026,0.011840332857207798,0.006277382935813299,0.005880024108630653,0.0065267238757867815
Bahia,2021-06-01,2021-07-01,0.006358306688033208,0.004982511559660465,0.005796419848025967,0.007476212136508338,-0.0010907747252256713,0.0023686432031805337,8530.0,1711988.0,56833.0,48303.0,12567.0,0.009350297481951026,0.011840332857207798,0.006277382935813299,0.005880024108630653,0.0065267238757867815,0.004982511559660465
Bahia,2021-07-01,2021-08-01,0.01051257488881538,0.006358306688033208,0.005955847374493485,0.006977547004188701,-0.0008756584344907233,0.0022326493592598013,10955.0,1722943.0,59316.0,48361.0,11818.333333333334,0.011840332857207798,0.006277382935813299,0.005880024108630653,0.0065267238757867815,0.004982511559660465,0.006358306688033208
Bahia,2021-08-01,2021-09-01,0.0065486562075304415,0.01051257488881538,0.007284464378836351,0.0067562540094566305,0.0006019027196311923,0.001754244914679807,18305.0,1741248.0,65262.0,46957.0,11570.0,0.006277382935813299,0.005880024108630653,0.0065267238757867815,0.004982511559660465,0.006358306688033208,0.01051257488881538
Bahia,2021-09-01,2021-10-01,0.0071329924693454665,0.0065486562075304415,0.007806512594793009,0.006801466221409488,0.0004764716760559276,0.001744790617887718,11478.0,1752726.0,63599.0,52121.0,11722.833333333334,0.005880024108630653,0.0065267238757867815,0.004982511559660465,0.006358306688033208,0.01051257488881538,0.0065486562075304415
Bahia,2021-10-01,2021-11-01,0.008976549816202476,0.0071329924693454665,0.008064741188563762,0.0070102942815286244,0.0003395441460624438,0.0016963178227818183,12592.0,1765318.0,67157.0,54565.0,12163.0,0.0065267238757867815,0.004982511559660465,0.006358306688033208,0.01051257488881538,0.0065486562075304415,0.0071329924693454665
Bahia,2021-11-01,2021-12-01,-0.0031734446601373112,0.008976549816202476,0.007552732831026127,0.007418598604931239,0.0005237237127246252,0.0018210350034432844,15990.0,1781308.0,67422.0,51432.0,12975.0,0.004982511559660465,0.006358306688033208,0.01051257488881538,0.0065486562075304415,0.0071329924693454665,0.008976549816202476
Bahia,2021-12-01,2022-01-01,0.006338556239507555,-0.0031734446601373112,0.004312032541803544,0.006059272568298277,-0.0014766427341964654,0.004379255410385278,-5635.0,1775673.0,57636.0,63271.0,10614.166666666666,0.006358306688033208,0.01051257488881538,0.0065486562075304415,0.0071329924693454665,0.008976549816202476,-0.0031734446601373112
Bahia,2022-01-01,2022-02-01,0.0070087290989785025,0.006338556239507555,0.0040472204651909064,0.006055980826877334,-0.0013769382429338678,0.004379036816607076,11327.0,1787000.0,67117.0,55790.0,10676.166666666666,0.01051257488881538,0.0065486562075304415,0.0071329924693454665,0.008976549816202476,-0.0031734446601373112,0.006338556239507555
Bahia,2022-02-01,2022-03-01,0.004399288545640129,0.0070087290989785025,0.0033912802261162485,0.005472006528571188,-0.00034951253453180604,0.003959295463374739,12613.0,1799613.0,73197.0,60584.0,9727.5,0.0065486562075304415,0.0071329924693454665,0.008976549816202476,-0.0031734446601373112,0.006338556239507555,0.0070087290989785025
Bahia,2022-03-01,2022-04-01,0.0087234681969342,0.004399288545640129,0.005915524628042062,0.005113778584922803,-0.00028742802487296426,0.0039428777388230045,7952.0,1807565.0,74220.0,66268.0,9139.833333333334,0.0071329924693454665,0.008976549816202476,-0.0031734446601373112,0.006338556239507555,0.0070087290989785025,0.004399288545640129
Bahia,2022-04-01,2022-05-01,0.00926421457379234,0.0087234681969342,0.00671049528051761,0.005378857872854258,0.0006320846965846251,0.004119238226309008,15907.0,1823472.0,74882.0,58975.0,9692.333333333334,0.008976549816202476,-0.0031734446601373112,0.006338556239507555,0.0070087290989785025,0.004399288545640129,0.0087234681969342
Bahia,2022-05-01,2022-06-01,0.007205960249897243,0.00926421457379234,0.007462323772122223,0.005426801999119236,0.0019066740425311372,0.00416228220509983,17051.0,1840523.0,77684.0,60633.0,9869.166666666666,-0.0031734446601373112,0.006338556239507555,0.0070087290989785025,0.004399288545640129,0.0087234681969342,0.00926421457379234
Bahia,2022-06-01,2022-07-01,0.007022522312617133,0.007205960249897243,0.008397881006874594,0.0071567028174583285,0.000440790175076686,0.0015912981787867787,13359.0,1853882.0,70096.0,56737.0,13034.833333333334,0.006338556239507555,0.0070087290989785025,0.004399288545640129,0.0087234681969342,0.00926421457379234,0.007205960249897243
Bahia,2022-07-01,2022-08-01,0.00906809590685736,0.007022522312617133,0.007830899045435573,0.00727069716297659,0.0002579922159377893,0.0015526349475899978,13111.0,1866993.0,73743.0,60632.0,13332.166666666666,0.0070087290989785025,0.004399288545640129,0.0087234681969342,0.00926421457379234,0.007205960249897243,0.007022522312617133
Bahia,2022-08-01,2022-09-01,0.008211918019790723,0.00906809590685736,0.007765526156457245,0.007613924964289733,0.0004623698522639958,0.0016792475854406988,17085.0,1884078.0,81977.0,64892.0,14077.5,0.004399288545640129,0.0087234681969342,0.00926421457379234,0.007205960249897243,0.007022522312617133,0.00906809590685736
Bahia,2022-09-01,2022-10-01,0.003530721896508042,0.008211918019790723,0.008100845413088406,0.008249363209981498,-9.512985210864068e-05,0.0008679720161620592,15600.0,1899678.0,74874.0,59274.0,15352.166666666666,0.0087234681969342,0.00926421457379234,0.007205960249897243,0.007022522312617133,0.00906809590685736,0.008211918019790723
Bahia,2022-10-01,2022-11-01,0.002220707904945537,0.003530721896508042,0.0069369119410520414,0.0073839054932438065,-0.0006744004709285949,0.0019177656476067296,6731.0,1906409.0,70303.0,63572.0,13822.833333333334,0.00926421457379234,0.007205960249897243,0.007022522312617133,0.00906809590685736,0.008211918019790723,0.003530721896508042
Bahia,2022-11-01,2022-12-01,-0.008582696409879048,0.002220707904945537,0.004654449273748101,0.0062099877151026725,-0.0010359383102900694,0.0024806417137924765,4243.0,1910652.0,65230.0,60987.0,11688.166666666666,0.007205960249897243,0.007022522312617133,0.00906809590685736,0.008211918019790723,0.003530721896508042,0.002220707904945537
Bahia,2022-12-01,2023-01-01,0.001919878274238068,-0.008582696409879048,-0.0009437555361418229,0.0035785449384732916,-0.0029499843926142585,0.005961069474579975,-16259.0,1894393.0,54958.0,71217.0,6751.833333333333,0.007022522312617133,0.00906809590685736,0.008211918019790723,0.003530721896508042,0.002220707904945537,-0.008582696409879048
Bahia,2023-01-01,2023-02-01,0.004249954620284576,0.001919878274238068,-0.0014807034102318143,0.002728104265410114,-0.0024981412983905217,0.005769991256545147,3644.0,1898037.0,69684.0,66040.0,5174.0,0.00906809590685736,0.008211918019790723,0.003530721896508042,0.002220707904945537,-0.008582696409879048,0.001919878274238068
Bahia,2023-02-01,2023-03-01,0.004869833241623709,0.004249954620284576,-0.0008042878384521349,0.001925080717647983,-0.0010127357765475783,0.005131735381965383,8101.0,1906138.0,69366.0,61265.0,3676.6666666666665,0.008211918019790723,0.003530721896508042,0.002220707904945537,-0.008582696409879048,0.001919878274238068,0.004249954620284576
Bahia,2023-03-01,2023-04-01,0.0058399828101465805,0.004869833241623709,0.003679888712048784,0.0013680665879534806,0.0006653106158775019,0.004569717422023387,9328.0,1915466.0,82035.0,72707.0,2631.3333333333335,0.003530721896508042,0.002220707904945537,-0.008582696409879048,0.001919878274238068,0.004249954620284576,0.004869833241623709
Bahia,2023-04-01,2023-05-01,0.004869467488505515,0.0058399828101465805,0.004986590224018288,0.001752943406893237,0.0017366868521874286,0.004825731026193785,11252.0,1926718.0,74386.0,63134.0,3384.8333333333335,0.002220707904945537,-0.008582696409879048,0.001919878274238068,0.004249954620284576,0.004869833241623709,0.0058399828101465805
Bahia,2023-05-01,2023-06-01,0.00427829762942506,0.004869467488505515,0.005193094513425269,0.002194403337486567,0.002275457477742499,0.00496740504231888,9428.0,1936146.0,76189.0,66761.0,4249.0,-0.008582696409879048,0.001919878274238068,0.004249954620284576,0.004869833241623709,0.0058399828101465805,0.004869467488505515
Bahia,2023-06-01,2023-07-01,0.0026568939473596473,0.00427829762942506,0.004995915976025719,0.004337902344037252,0.0004177367128320182,0.0012027666464955844,8319.0,1944465.0,71199.0,62880.0,8345.333333333334,0.001919878274238068,0.004249954620284576,0.004869833241623709,0.0058399828101465805,0.004869467488505515,0.00427829762942506
Bahia,2023-07-01,2023-08-01,0.005873045738676489,0.0026568939473596473,0.003934886355096741,0.004460738289557515,-0.00030601215779604737,0.0009633537292565199,5180.0,1949645.0,72577.0,67397.0,8601.333333333334,0.004249954620284576,0.004869833241623709,0.0058399828101465805,0.004869467488505515,0.00427829762942506,0.0026568939473596473
Bahia,2023-08-01,2023-09-01,0.004999449522759063,0.005873045738676489,0.0042694124384870654,0.004731253475956167,-0.0001464106846336386,0.0010862331107398678,11518.0,1961163.0,82230.0,70712.0,9170.833333333334,0.004869833241623709,0.0058399828101465805,0.004869467488505515,0.00427829762942506,0.0026568939473596473,0.005873045738676489
Bahia,2023-09-01,2023-10-01,0.00298696660768609,0.004999449522759063,0.004509796402931733,0.004752856189478725,-8.0381010528288e-05,0.0010900564916465464,9854.0,1971017.0,72460.0,62606.0,9258.5,0.0058399828101465805,0.004869467488505515,0.00427829762942506,0.0026568939473596473,0.005873045738676489,0.004999449522759063
Bahia,2023-10-01,2023-11-01,0.0037161794409705006,0.00298696660768609,0.004619820623040547,0.004277353489068644,-0.00011522562665080787,0.0011335228086971493,5905.0,1976922.0,71894.0,65989.0,8367.333333333334,0.004869467488505515,0.00427829762942506,0.0026568939473596473,0.005873045738676489,0.004999449522759063,0.00298696660768609
Bahia,2023-11-01,2023-12-01,-0.00879462449612277,0.0037161794409705006,0.0039008651904718847,0.004085138814479475,-7.697054792031134e-05,0.0011144417275169105,7374.0,1984296.0,70975.0,63601.0,8025.0,0.00427829762942506,0.0026568939473596473,0.005873045738676489,0.004999449522759063,0.00298696660768609,0.0037161794409705006
Bahia,2023-12-01,2024-01-01,0.002444951816039817,-0.00879462449612277,-0.0006971594824887265,0.001906318460221503,-0.0018783049721600863,0.004912896735069796,-17299.0,1966997.0,58434.0,75733.0,3755.3333333333335,0.0026568939473596473,0.005873045738676489,0.004999449522759063,0.00298696660768609,0.0037161794409705006,-0.00879462449612277
Bahia,2024-01-01,2024-02-01,0.0031591447610217448,0.002444951816039817,-0.0008778310797041509,0.0018709947716681983,-0.0016512422524726986,0.004908132736065489,4821.0,1971818.0,73389.0,68568.0,3695.5,0.005873045738676489,0.004999449522759063,0.00298696660768609,0.0037161794409705006,-0.00879462449612277,0.002444951816039817
Bahia,2024-02-01,2024-03-01,0.006270631870905966,0.0031591447610217448,-0.0010635093063537362,0.0014186779420590743,-0.0006668106320205337,0.004635982044390736,6249.0,1978067.0,79199.0,72950.0,2817.3333333333335,0.004999449522759063,0.00298696660768609,0.0037161794409705006,-0.00879462449612277,0.002444951816039817,0.0031591447610217448
Bahia,2024-03-01,2024-04-01,0.005321312533792259,0.006270631870905966,0.003958242815989176,0.0016305416667502248,0.0007424799596690198,0.004820169282693708,12482.0,1990549.0,86774.0,74292.0,3255.3333333333335,0.00298696660768609,0.0037161794409705006,-0.00879462449612277,0.002444951816039817,0.0031591447610217448,0.006270631870905966
Bahia,2024-04-01,2024-05-01,0.0043706837321509685,0.005321312533792259,0.004917029721906657,0.0020195993211012528,0.001541017928862198,0.005004629478544548,10649.0,2001198.0,84239.0,73590.0,4046.0,0.0037161794409705006,-0.00879462449612277,0.002444951816039817,0.0031591447610217448,0.006270631870905966,0.005321312533792259
Bahia,2024-05-01,2024-06-01,0.004407885156239939,0.0043706837321509685,0.005320876045616397,0.0021286833696313305,0.002216203154414578,0.00504737085243373,8785.0,2009983.0,82982.0,74197.0,4281.166666666667,-0.00879462449612277,0.002444951816039817,0.0031591447610217448,0.006270631870905966,0.005321312533792259,0.0043706837321509685
Bahia,2024-06-01,2024-07-01,0.004739472002902643,0.004407885156239939,0.004699960474061055,0.004329101645025116,0.00035714183649355926,0.0012702216122851893,8899.0,2018882.0,77192.0,68293.0,8647.5,0.002444951816039817,0.0031591447610217448,0.006270631870905966,0.005321312533792259,0.0043706837321509685,0.004407885156239939
Bahia,2024-07-01,2024-08-01,0.007898192595780685,0.004739472002902643,0.0045060136304311835,0.00471152167616892,3.8936207536146195e-05,0.0009505866992843021,9614.0,2028496.0,83823.0,74209.0,9446.333333333334,0.0031591447610217448,0.006270631870905966,0.005321312533792259,0.0043706837321509685,0.004407885156239939,0.004739472002902643
Bahia,2024-08-01,2024-09-01,0.007227859158225829,0.007898192595780685,0.005681849918307756,0.005501362981962077,0.00018369952730839167,0.0012532352911785655,16149.0,2044645.0,89778.0,73629.0,11096.333333333334,0.006270631870905966,0.005321312533792259,0.0043706837321509685,0.004407885156239939,0.004739472002902643,0.007898192595780685
Bahia,2024-09-01,2024-10-01,-0.00028121102386068254,0.007227859158225829,0.006621841252303052,0.0056609008631820544,0.0005841956159919915,0.001394028489679221,14886.0,2059531.0,83366.0,68480.0,11497.0,0.005321312533792259,0.0043706837321509685,0.004407885156239939,0.004739472002902643,0.007898192595780685,0.007227859158225829
Bahia,2024-10-01,2024-11-01,0.0034803980169814,-0.00028121102386068254,0.004948280243381944,0.004727146936906563,-0.00033259517660635805,0.0026338149661625644,-579.0,2058952.0,82210.0,82789.0,9625.666666666666,0.0043706837321509685,0.004407885156239939,0.004739472002902643,0.007898192595780685,0.007227859158225829,-0.00028121102386068254
Bahia,2024-11-01,2024-12-01,-0.009114121638187783,0.0034803980169814,0.0034756820504488486,0.004578765984378302,-0.0005819948061182146,0.0026744813536597528,7191.0,2066143.0,76694.0,69503.0,9360.0,0.004407885156239939,0.004739472002902643,0.007898192595780685,0.007227859158225829,-0.00028121102386068254,0.0034803980169814
Bahia,2024-12-01,2025-01-01,0.003374198189848784,-0.009114121638187783,-0.001971644881689022,0.0023250981853070152,-0.002572297774969614,0.005772188535870595,-18661.0,2047482.0,61748.0,80409.0,4766.666666666667,0.004739472002902643,0.007898192595780685,0.007227859158225829,-0.00028121102386068254,0.0034803980169814,-0.009114121638187783
Bahia,2025-01-01,2025-02-01,0.009704291927004751,0.003374198189848784,-0.0007531751437858665,0.002097552549798039,-0.0019395515822302359,0.005698972286778537,6932.0,2054414.0,87155.0,80223.0,4319.666666666667,0.007898192595780685,0.007227859158225829,-0.00028121102386068254,0.0034803980169814,-0.009114121638187783,0.003374198189848784
Bahia,2025-02-01,2025-03-01,0.0014430500629589553,0.009704291927004751,0.0013214561595552507,0.0023985691050020497,0.0003072534808529664,0.006035189916418911,20132.0,2074546.0,99593.0,79461.0,4983.5,0.007227859158225829,-0.00028121102386068254,0.0034803980169814,-0.009114121638187783,0.003374198189848784,0.009704291927004751
Bahia,2025-03-01,2025-04-01,0.006861236475792068,0.0014430500629589553,0.00484051339327083,0.0014344342557909041,0.0011366087712058517,0.005635523373213699,2998.0,2077544.0,83957.0,80959.0,3002.1666666666665,-0.00028121102386068254,0.0034803980169814,-0.009114121638187783,0.003374198189848784,0.009704291927004751,0.0014430500629589553
Bahia,2025-04-01,2025-05-01,0.006109024565804571,0.006861236475792068,0.006002859488585258,0.0026248421723996957,0.0015687371752757002,0.005895747898586134,14353.0,2091897.0,90186.0,75833.0,5490.833333333333,0.0034803980169814,-0.009114121638187783,0.003374198189848784,0.009704291927004751,0.0014430500629589553,0.006861236475792068
Bahia,2025-05-01,2025-06-01,0.00377898074490034,0.006109024565804571,0.004804437034851865,0.003062946597203558,0.0022375886861070227,0.006038970634239127,12858.0,2104755.0,90611.0,77753.0,6435.333333333333,-0.009114121638187783,0.003374198189848784,0.009704291927004751,0.0014430500629589553,0.006861236475792068,0.006109024565804571
Bahia,2025-06-01,2025-07-01,0.0044463816603249025,0.00377898074490034,0.005583080595498994,0.0052117969943849115,-9.553436844313264e-05,0.0026876682533907674,7984.0,2112739.0,78450.0,70466.0,10876.166666666666,0.003374198189848784,0.009704291927004751,0.0014430500629589553,0.006861236475792068,0.006109024565804571,0.00377898074490034
Bahia,2025-07-01,2025-08-01,0.005163628181268429,0.0044463816603249025,0.004778128990343271,0.005390494239464264,-0.0005723991770732166,0.002593545156617847,9436.0,2122175.0,88709.0,79273.0,11293.5,0.009704291927004751,0.0014430500629589553,0.006861236475792068,0.006109024565804571,0.00377898074490034,0.0044463816603249025
Bahia,2025-08-01,2025-09-01,0.005292510281925261,0.005163628181268429,0.004462996862164557,0.004633716948508212,0.00025795092354976147,0.0017495335276956124,11015.0,2133190.0,89751.0,78736.0,9774.0,0.0014430500629589553,0.006861236475792068,0.006109024565804571,0.00377898074490034,0.0044463816603249025,0.005163628181268429
Bahia,2025-09-01,2025-10-01,0.0020702758366841338,0.005292510281925261,0.004967506707839531,0.005275293651669261,-0.000286069120214797,0.001012351624730464,11350.0,2144540.0,87368.0,76018.0,11166.0,0.006861236475792068,0.006109024565804571,0.00377898074490034,0.0044463816603249025,0.005163628181268429,0.005292510281925261
Bahia,2025-10-01,2025-11-01,0.004061171070632769,0.0020702758366841338,0.0041754714332926076,0.00447680021181794,-0.000426740243245254,0.0012961808505913505,4449.0,2148989.0,89834.0,85385.0,9515.333333333334,0.006109024565804571,0.00377898074490034,0.0044463816603249025,0.005163628181268429,0.005292510281925261,0.0020702758366841338
Bahia,2025-11-01,2025-12-01,-0.009036256251876953,0.004061171070632769,0.003807985729747388,0.004135491295955972,-0.0001596709640458095,0.001071614776059345,8763.0,2157752.0,80433.0,71670.0,8832.833333333334,0.00377898074490034,0.0044463816603249025,0.005163628181268429,0.005292510281925261,0.0020702758366841338,0.004061171070632769
Bahia,2025-12-01,2026-01-01,0.0028558397819787367,-0.009036256251876953,-0.0009682697815200167,0.0019996184631597574,-0.002112651295375925,0.005047875238044542,-19498.0,,63901.0,83399.0,4252.5,0.0044463816603249025,0.005163628181268429,0.005292510281925261,0.0020702758366841338,0.004061171070632769,-0.009036256251876953
Bahia,2026-01-01,2026-02-01,0.003202762277875188,0.0028558397819787367,-0.0007064151330884822,0.0017345281501020629,-0.0015009813246830415,0.004953300146914102,6124.0,2144378.0,84539.0,78415.0,3700.5,0.005163628181268429,0.005292510281925261,0.0020702758366841338,0.004061171070632769,-0.009036256251876953,0.0028558397819787367
Bahia,2026-02-01,2026-03-01,0.006469383117902752,0.003202762277875188,-0.0009925513973410092,0.0014077171662031894,-0.0006054135859107504,0.004777852481110916,6890.0,2151268.0,86927.0,80037.0,3013.0,0.005292510281925261,0.0020702758366841338,0.004061171070632769,-0.009036256251876953,0.0028558397819787367,0.003202762277875188
Bahia,2026-03-01,2026-04-01,0.003892375204544064,0.006469383117902752,0.004175995059252226,0.0016038626388661045,0.0008946401731907438,0.004954211211408979,14008.0,2165276.0,97206.0,83198.0,3456.0,0.0020702758366841338,0.004061171070632769,-0.009036256251876953,0.0028558397819787367,0.003202762277875188,0.006469383117902752
Bahia,2026-04-01,2026-05-01,0.0032825957771484746,0.003892375204544064,0.004521506866774001,0.0019075458668427598,0.0013148531792797722,0.005028778178940746,8461.0,2173737.0,90824.0,82363.0,4124.666666666667,0.004061171070632769,-0.009036256251876953,0.0028558397819787367,0.003202762277875188,0.006469383117902752,0.003892375204544064
Bahia,2026-05-01,2026-06-01,0.0041029626724009205,0.0032825957771484746,0.00454811803319843,0.0017777833179287107,0.001942013921510019,0.004981353408140734,7159.0,2180896.0,90175.0,83016.0,3857.3333333333335,-0.009036256251876953,0.0028558397819787367,0.003202762277875188,0.006469383117902752,0.003892375204544064,0.0032825957771484746
Brasil,2020-07-01,2020-08-01,0.0064697857541145595,0.0033717575373330734,-0.0023121703952746473,-0.005395780692661234,0.0006323372574525269,0.009970476401698321,123297.0,36567576.0,1061898.0,938601.0,-198144.83333333334,0.005226425433844187,-0.006158553077756226,-0.02450604532623143,-0.009674122551682476,-0.0006341461714745407,0.0033717575373330734
Brasil,2020-08-01,2020-09-01,0.008447473299915825,0.0064697857541145595,0.0030691323733243645,-0.005188553972616173,0.00445185940372158,0.01019938841866525,238125.0,36805701.0,1257362.0,1019237.0,-191518.66666666666,-0.006158553077756226,-0.02450604532623143,-0.009674122551682476,-0.0006341461714745407,0.0033717575373330734,0.0064697857541145595
Brasil,2020-09-01,2020-10-01,0.010369411725749698,0.008447473299915825,0.006096338863787819,-0.0027542162430041635,0.0062058634787695716,0.011354951086869593,313564.0,37119265.0,1406746.0,1093182.0,-100538.66666666667,-0.02450604532623143,-0.009674122551682476,-0.0006341461714745407,0.0033717575373330734,0.0064697857541145595,0.008447473299915825
Brasil,2020-10-01,2020-11-01,0.010785303990798254,0.010369411725749698,0.008428890259926694,0.0030583599323260233,0.0037303016576603837,0.006707965127908712,388938.0,37508203.0,1571402.0,1182464.0,114670.5,-0.009674122551682476,-0.0006341461714745407,0.0033717575373330734,0.0064697857541145595,0.008447473299915825,0.010369411725749698
Brasil,2020-11-01,2020-12-01,-0.002170422317326907,0.010785303990798254,0.009867396338821258,0.0064682643560728115,0.0022876543120690027,0.0040374423039445115,408948.0,37917151.0,1552837.0,1143889.0,241626.83333333334,-0.0006341461714745407,0.0033717575373330734,0.0064697857541145595,0.008447473299915825,0.010369411725749698,0.010785303990798254
Brasil,2020-12-01,2021-01-01,0.006748356062985462,-0.002170422317326907,0.006328097799740348,0.0062122183317640835,-0.0003669258896404264,0.004501758117411041,-82118.0,37835033.0,1256247.0,1338365.0,231792.33333333334,0.0033717575373330734,0.0064697857541145595,0.008447473299915825,0.010369411725749698,0.010785303990798254,-0.002170422317326907
Brasil,2021-01-01,2021-02-01,0.010338137896415555,0.006748356062985462,0.005121079245485602,0.006774984752706149,-0.0008584269440664329,0.0043188336921163705,257059.0,38092092.0,1550075.0,1293016.0,254086.0,0.0064697857541145595,0.008447473299915825,0.010369411725749698,0.010785303990798254,-0.002170422317326907,0.006748356062985462
Brasil,2021-02-01,2021-03-01,0.004560297501157143,0.010338137896415555,0.00497202388069137,0.007419710109756315,-0.0004104448661119776,0.004509671753420664,397915.0,38490007.0,1715425.0,1317510.0,280717.6666666667,0.008447473299915825,0.010369411725749698,0.010785303990798254,-0.002170422317326907,0.006748356062985462,0.010338137896415555
Brasil,2021-03-01,2021-04-01,0.0029376286527637682,0.004560297501157143,0.007215597153519386,0.006771847476629868,-0.0006133797435942429,0.004593916689209059,176330.0,38666337.0,1626885.0,1450555.0,257845.33333333334,0.010369411725749698,0.010785303990798254,-0.002170422317326907,0.006748356062985462,0.010338137896415555,0.004560297501157143
Brasil,2021-04-01,2021-05-01,0.007135493916326096,0.0029376286527637682,0.0059453546834454885,0.005533216964465546,-0.0004416124400368622,0.0044567917360869656,113922.0,38780259.0,1396311.0,1282389.0,212009.33333333334,0.010785303990798254,-0.002170422317326907,0.006748356062985462,0.010338137896415555,0.004560297501157143,0.0029376286527637682
Brasil,2021-05-01,2021-06-01,0.007875130178566893,0.007135493916326096,0.004877806690082336,0.004924915285386852,0.0008377016726383289,0.003914516640548568,278705.0,39058964.0,1558316.0,1279611.0,190302.16666666666,-0.002170422317326907,0.006748356062985462,0.010338137896415555,0.004560297501157143,0.0029376286527637682,0.007135493916326096
Brasil,2021-06-01,2021-07-01,0.007980829378825762,0.007875130178566893,0.0059827509158855855,0.006599174034702486,-0.00015990657745013136,0.0023622637884131276,310036.0,39369000.0,1609748.0,1299712.0,255661.16666666666,0.006748356062985462,0.010338137896415555,0.004560297501157143,0.0029376286527637682,0.007135493916326096,0.007875130178566893
Brasil,2021-07-01,2021-08-01,0.009319837163464783,0.007980829378825762,0.007663817824572918,0.006804586254009203,6.730916308121763e-05,0.0024192041518381743,316725.0,39685725.0,1666051.0,1349326.0,265605.5,0.010338137896415555,0.004560297501157143,0.0029376286527637682,0.007135493916326096,0.007875130178566893,0.007980829378825762
Brasil,2021-08-01,2021-09-01,0.007851013305854346,0.009319837163464783,0.008391932240285812,0.006634869465184074,0.0011333410500561421,0.002190242359768137,373344.0,40059069.0,1819411.0,1446067.0,261510.33333333334,0.004560297501157143,0.0029376286527637682,0.007135493916326096,0.007875130178566893,0.007980829378825762,0.009319837163464783
Brasil,2021-09-01,2021-10-01,0.0062290998247686484,0.007851013305854346,0.008383893282714964,0.007183322099300274,0.0008921614916322228,0.002006378363419849,316993.0,40376062.0,1789967.0,1472974.0,284954.1666666667,0.0029376286527637682,0.007135493916326096,0.007875130178566893,0.007980829378825762,0.009319837163464783,0.007851013305854346
Brasil,2021-10-01,2021-11-01,0.007914193491374812,0.0062290998247686484,0.007799983431362591,0.007731900627967755,-9.329466546531056e-05,0.0009338381121082383,253083.0,40629145.0,1760739.0,1507656.0,308147.6666666667,0.007135493916326096,0.007875130178566893,0.007980829378825762,0.009319837163464783,0.007851013305854346,0.0062290998247686484
Brasil,2021-11-01,2021-12-01,-0.0065329979178344105,0.007914193491374812,0.0073314355406659355,0.007861683890475875,-0.0001865341701640623,0.000895245708241569,324112.0,40953257.0,1772766.0,1448654.0,315715.5,0.007875130178566893,0.007980829378825762,0.009319837163464783,0.007851013305854346,0.0062290998247686484,0.007914193491374812
Brasil,2021-12-01,2022-01-01,0.003799413083743101,-0.0065329979178344105,0.002536765132769683,0.005460329207742324,-0.002240228028018755,0.005437775999966457,-265811.0,40687446.0,1437910.0,1703721.0,219741.0,0.007980829378825762,0.009319837163464783,0.007851013305854346,0.0062290998247686484,0.007914193491374812,-0.0065329979178344105
Brasil,2022-01-01,2022-02-01,0.007979061833399718,0.003799413083743101,0.0017268695524278344,0.004763426491895212,-0.001973401725801957,0.0053371048306684295,155178.0,40842624.0,1777646.0,1622468.0,192816.5,0.009319837163464783,0.007851013305854346,0.0062290998247686484,0.007914193491374812,-0.0065329979178344105,0.003799413083743101
Brasil,2022-02-01,2022-03-01,0.003296970125391819,0.007979061833399718,0.001748492333102803,0.004539963936884369,-0.0006027431141302573,0.005167009889704966,328507.0,41171131.0,2013143.0,1684636.0,185343.66666666666,0.007851013305854346,0.0062290998247686484,0.007914193491374812,-0.0065329979178344105,0.003799413083743101,0.007979061833399718
Brasil,2022-03-01,2022-04-01,0.004745678554740106,0.003296970125391819,0.0050251483475115466,0.0037809567401406144,-0.00011810378483519776,0.00495502070875681,136189.0,41307320.0,1953071.0,1816882.0,155209.66666666666,0.0062290998247686484,0.007914193491374812,-0.0065329979178344105,0.003799413083743101,0.007979061833399718,0.003296970125391819
Brasil,2022-04-01,2022-05-01,0.0066301903837180385,0.004745678554740106,0.005340570171177214,0.003533719861802524,0.0005093422341760505,0.004862850818843183,196966.0,41504286.0,1854557.0,1657591.0,145856.83333333334,0.007914193491374812,-0.0065329979178344105,0.003799413083743101,0.007979061833399718,0.003296970125391819,0.004745678554740106
Brasil,2022-05-01,2022-06-01,0.006608392047332848,0.0066301903837180385,0.004890946354616655,0.003319719343859729,0.0018277898917927239,0.004690570534977199,277018.0,41781304.0,1960960.0,1683942.0,138007.83333333334,-0.0065329979178344105,0.003799413083743101,0.007979061833399718,0.003296970125391819,0.004745678554740106,0.0066301903837180385
Brasil,2022-06-01,2022-07-01,0.005177662693377076,0.006608392047332848,0.005994753661930331,0.005509951004720939,0.0003270568256643423,0.0016815347158587065,277944.0,42059248.0,1898876.0,1620932.0,228633.66666666666,0.003799413083743101,0.007979061833399718,0.003296970125391819,0.004745678554740106,0.0066301903837180385,0.006608392047332848
Brasil,2022-07-01,2022-08-01,0.00654746296765952,0.005177662693377076,0.006138748374809321,0.005739659272993267,-6.252051729463418e-05,0.0015184001567167477,218902.0,42278150.0,1886537.0,1667635.0,239254.33333333334,0.007979061833399718,0.003296970125391819,0.004745678554740106,0.0066301903837180385,0.006608392047332848,0.005177662693377076
Brasil,2022-08-01,2022-09-01,0.006492023298586101,0.00654746296765952,0.006111172569456481,0.005501059462036568,0.0005007605225961201,0.0012335097606920068,278639.0,42556789.0,2051800.0,1773161.0,230943.0,0.003296970125391819,0.004745678554740106,0.0066301903837180385,0.006608392047332848,0.005177662693377076,0.00654746296765952
Brasil,2022-09-01,2022-10-01,0.003708721764415064,0.006492023298586101,0.006072382986540899,0.0060335683242356145,0.0002015089176313898,0.000769402730461476,278085.0,42834874.0,1926572.0,1648487.0,254592.33333333334,0.004745678554740106,0.0066301903837180385,0.006608392047332848,0.005177662693377076,0.00654746296765952,0.006492023298586101
Brasil,2022-10-01,2022-11-01,0.0031415616985026812,0.003708721764415064,0.005582736010220228,0.0058607421925147745,-0.0003881899733849335,0.0010892598104029305,159454.0,42994328.0,1789462.0,1630008.0,248340.33333333334,0.0066301903837180385,0.006608392047332848,0.005177662693377076,0.00654746296765952,0.006492023298586101,0.003708721764415064
Brasil,2022-11-01,2022-12-01,-0.010094215267628524,0.0031415616985026812,0.004447435587167948,0.0052793040783122155,-0.0006227546914317222,0.0014078584187540233,135495.0,43129823.0,1747894.0,1612399.0,224753.16666666666,0.006608392047332848,0.005177662693377076,0.00654746296765952,0.006492023298586101,0.003708721764415064,0.0031415616985026812
Brasil,2022-12-01,2023-01-01,0.00194700546436362,-0.010094215267628524,-0.0010813106015702594,0.0024955361924853194,-0.0025531541470477,0.005773139416891404,-431011.0,42698812.0,1382923.0,1813934.0,106594.0,0.005177662693377076,0.00654746296765952,0.006492023298586101,0.003708721764415064,0.0031415616985026812,-0.010094215267628524
Brasil,2023-01-01,2023-02-01,0.005619784206422599,0.00194700546436362,-0.0016685493682540742,0.0019570933209830765,-0.002095090379458164,0.005647158450626146,83297.0,42782109.0,1874226.0,1790929.0,83993.16666666667,0.00654746296765952,0.006492023298586101,0.003708721764415064,0.0031415616985026812,-0.010094215267628524,0.00194700546436362
Brasil,2023-02-01,2023-03-01,0.004515854287916687,0.005619784206422599,-0.0008424751989474349,0.0018024801941102567,-0.0006537748950600873,0.0055308644760413165,241785.0,43023894.0,1949844.0,1708059.0,77850.83333333333,0.006492023298586101,0.003708721764415064,0.0031415616985026812,-0.010094215267628524,0.00194700546436362,0.005619784206422599
Brasil,2023-03-01,2023-04-01,0.004147669523793943,0.004515854287916687,0.004027547986234302,0.0014731186923320212,0.0006717585963788573,0.005295634704878727,195171.0,43219065.0,2168418.0,1973247.0,64031.833333333336,0.003708721764415064,0.0031415616985026812,-0.010094215267628524,0.00194700546436362,0.005619784206422599,0.004515854287916687
Brasil,2023-04-01,2023-05-01,0.003564971940798552,0.004147669523793943,0.004761102672711077,0.0015462766522285007,0.001500957901004312,0.005328940953208327,180005.0,43399070.0,1865279.0,1685274.0,67457.0,0.0031415616985026812,-0.010094215267628524,0.00194700546436362,0.005619784206422599,0.004515854287916687,0.004147669523793943
Brasil,2023-05-01,2023-06-01,0.0035962587269292605,0.003564971940798552,0.004076165250836394,0.0016168450259444796,0.00210839995148344,0.005352351305948015,155270.0,43554340.0,2000202.0,1844932.0,70752.83333333333,-0.010094215267628524,0.00194700546436362,0.005619784206422599,0.004515854287916687,0.004147669523793943,0.003564971940798552
Brasil,2023-06-01,2023-07-01,0.003254006910164217,0.0035962587269292605,0.0037696333971739184,0.0038985906917041106,4.896127862380916e-05,0.0011118267786521079,157198.0,43711538.0,1914130.0,1756932.0,168787.66666666666,0.00194700546436362,0.005619784206422599,0.004515854287916687,0.004147669523793943,0.003564971940798552,0.0035962587269292605
Brasil,2023-07-01,2023-08-01,0.005010631403447807,0.003254006910164217,0.0034717458592973434,0.00411642426600421,-0.0004334391642071305,0.0007894140516509734,142702.0,43854240.0,1883198.0,1740496.0,178688.5,0.005619784206422599,0.004515854287916687,0.004147669523793943,0.003564971940798552,0.0035962587269292605,0.003254006910164217
Brasil,2023-08-01,2023-09-01,0.00478164533181499,0.005010631403447807,0.003953632346847095,0.004014898798841744,-5.02329934579615e-06,0.0006078264611121862,220844.0,44075084.0,2099211.0,1878367.0,175198.33333333334,0.004515854287916687,0.004147669523793943,0.003564971940798552,0.0035962587269292605,0.003254006910164217,0.005010631403447807
Brasil,2023-09-01,2023-10-01,0.00428007923338004,0.00478164533181499,0.004348761215142338,0.004059197306158128,0.0002047030174653701,0.0006508824443602705,211764.0,44286848.0,1917057.0,1705293.0,177963.83333333334,0.004147669523793943,0.003564971940798552,0.0035962587269292605,0.003254006910164217,0.005010631403447807,0.00478164533181499
Brasil,2023-10-01,2023-11-01,0.0029164950113222472,0.00428007923338004,0.004690785322880946,0.004081265591089144,0.00025395202202423454,0.0006557345976764649,190366.0,44477214.0,1941281.0,1750915.0,179690.66666666666,0.003564971940798552,0.0035962587269292605,0.003254006910164217,0.005010631403447807,0.00478164533181499,0.00428007923338004
Brasil,2023-11-01,2023-12-01,-0.009737137423435535,0.0029164950113222472,0.003992739858839092,0.0039731861028430935,-1.5702505143440287e-05,0.0007745936021577649,130097.0,44607311.0,1866752.0,1736655.0,175495.16666666666,0.0035962587269292605,0.003254006910164217,0.005010631403447807,0.00478164533181499,0.00428007923338004,0.0029164950113222472
Brasil,2023-12-01,2024-01-01,0.004066838953019652,-0.009737137423435535,-0.0008468543929110827,0.0017509534111156274,-0.0020497056269374392,0.005192959330068045,-430159.0,44177152.0,1502563.0,1932722.0,77602.33333333333,0.003254006910164217,0.005010631403447807,0.00478164533181499,0.00428007923338004,0.0029164950113222472,-0.009737137423435535
Brasil,2024-01-01,2024-02-01,0.006853692995768506,0.004066838953019652,-0.0009179344863645455,0.0018864254182582002,-0.001418254135427147,0.005240785559060255,180395.0,44357547.0,2067817.0,1887422.0,83884.5,0.005010631403447807,0.00478164533181499,0.00428007923338004,0.0029164950113222472,-0.009737137423435535,0.004066838953019652
Brasil,2024-02-01,2024-03-01,0.00544034797562562,0.006853692995768506,0.00039446484178420747,0.00219360235031165,-8.380328445918172e-05,0.005464154978882873,306111.0,44663658.0,2249070.0,1942959.0,98095.66666666667,0.00478164533181499,0.00428007923338004,0.0029164950113222472,-0.009737137423435535,0.004066838953019652,0.006853692995768506
Brasil,2024-03-01,2024-04-01,0.005316580315861569,0.00544034797562562,0.0054536266414712585,0.0023033861242800885,0.0008976261154577673,0.005521367789759001,244315.0,44907973.0,2262420.0,2018105.0,103520.83333333333,0.00428007923338004,0.0029164950113222472,-0.009737137423435535,0.004066838953019652,0.006853692995768506,0.00544034797562562
Brasil,2024-04-01,2024-05-01,0.00291103208301394,0.005316580315861569,0.005870207095751898,0.0024761363046936764,0.0017234210503608266,0.005596218685540395,240033.0,45148006.0,2260439.0,2020406.0,111798.66666666667,0.0029164950113222472,-0.009737137423435535,0.004066838953019652,0.006853692995768506,0.00544034797562562,0.005316580315861569
Brasil,2024-05-01,2024-06-01,0.004434877970882329,0.00291103208301394,0.004555986791500376,0.0024752258166422917,0.0018736207600180065,0.005596147410375508,131811.0,45279817.0,2116326.0,1984515.0,112084.33333333333,-0.009737137423435535,0.004066838953019652,0.006853692995768506,0.00544034797562562,0.005316580315861569,0.00291103208301394
Brasil,2024-06-01,2024-07-01,0.0041169888649860145,0.004434877970882329,0.004220830123252612,0.004837228382361935,-0.000288901580248982,0.001233239566286788,201705.0,45481522.0,2071649.0,1869944.0,217395.0,0.004066838953019652,0.006853692995768506,0.00544034797562562,0.005316580315861569,0.00291103208301394,0.004434877970882329
Brasil,2024-07-01,2024-08-01,0.005065415806211382,0.0041169888649860145,0.003820966306294094,0.004845586701022996,-0.0005458708257425702,0.0012281493454064589,188021.0,45669543.0,2187633.0,1999612.0,218666.0,0.006853692995768506,0.00544034797562562,0.005316580315861569,0.00291103208301394,0.004434877970882329,0.0041169888649860145
Brasil,2024-08-01,2024-09-01,0.00536985214737531,0.005065415806211382,0.004539094214026575,0.004547540502763476,-0.00011284540890941363,0.0008691901992126106,232513.0,45902056.0,2231410.0,1998897.0,206399.66666666666,0.00544034797562562,0.005316580315861569,0.00291103208301394,0.004434877970882329,0.0041169888649860145,0.005065415806211382
Brasil,2024-09-01,2024-10-01,0.002867471456004146,0.00536985214737531,0.004850752272857569,0.004535791198055091,0.00018318917775042055,0.00085743926847547,247818.0,46149874.0,2163929.0,1916111.0,206983.5,0.005316580315861569,0.00291103208301394,0.004434877970882329,0.0041169888649860145,0.005065415806211382,0.00536985214737531
Brasil,2024-10-01,2024-11-01,0.0022984869348829005,0.002867471456004146,0.004434246469863613,0.004127606388078854,0.00010101560959015244,0.000964812820827818,132714.0,46282588.0,2222962.0,2090248.0,189097.0,0.00291103208301394,0.004434877970882329,0.0041169888649860145,0.005065415806211382,0.00536985214737531,0.002867471456004146
Brasil,2024-11-01,2024-12-01,-0.011679480545786677,0.0022984869348829005,0.003511936846087452,0.004025515530057013,-0.00040360203045082337,0.0011096750537858864,106625.0,46389213.0,1978371.0,1871746.0,184899.33333333334,0.004434877970882329,0.0041169888649860145,0.005065415806211382,0.00536985214737531,0.002867471456004146,0.0022984869348829005
Brasil,2024-12-01,2025-01-01,0.002985433944651177,-0.011679480545786677,-0.00217117405163321,0.0013397891106121786,-0.00256530041026343,0.005924368293802186,-535547.0,45853666.0,1524251.0,2059798.0,62024.0,0.0041169888649860145,0.005065415806211382,0.00536985214737531,0.002867471456004146,0.0022984869348829005,-0.011679480545786677
Brasil,2025-01-01,2025-02-01,0.009305631583541283,0.002985433944651177,-0.0021318532220841995,0.0011511966238897066,-0.0017747683402402352,0.0058505091483771424,137303.0,45990969.0,2271611.0,2134308.0,53571.0,0.005065415806211382,0.00536985214737531,0.002867471456004146,0.0022984869348829005,-0.011679480545786677,0.002985433944651177
Brasil,2025-02-01,2025-03-01,0.0015394495783806013,0.009305631583541283,0.00020386166080192786,0.00185789925344469,0.00017299477617432513,0.0065006136868719444,431995.0,46422964.0,2579192.0,2147197.0,86818.0,0.00536985214737531,0.002867471456004146,0.0022984869348829005,-0.011679480545786677,0.002985433944651177,0.009305631583541283
Brasil,2025-03-01,2025-04-01,0.005508376656194118,0.0015394495783806013,0.00461017170219102,0.0012194988252789052,0.000829892544237008,0.006309650495629008,71576.0,46494540.0,2234662.0,2163086.0,57444.333333333336,0.002867471456004146,0.0022984869348829005,-0.011679480545786677,0.002985433944651177,0.009305631583541283,0.0015394495783806013
Brasil,2025-04-01,2025-05-01,0.003176729907596971,0.005508376656194118,0.005451152606038668,0.001659649691977234,0.0017721839033699432,0.006498543411233437,257528.0,46752068.0,2282187.0,2024659.0,78246.66666666667,0.0022984869348829005,-0.011679480545786677,0.002985433944651177,0.009305631583541283,0.0015394495783806013,0.005508376656194118
Brasil,2025-05-01,2025-06-01,0.003540029941139441,0.003176729907596971,0.0034081853807238966,0.0018060235207629123,0.0021166770970396107,0.006521135718790277,148992.0,46901060.0,2256225.0,2107233.0,85307.83333333333,-0.011679480545786677,0.002985433944651177,0.009305631583541283,0.0015394495783806013,0.005508376656194118,0.003176729907596971
Brasil,2025-06-01,2025-07-01,0.0027496185387619197,0.003540029941139441,0.00407504550164351,0.004342608601917266,-0.0003327085133593743,0.0025064464044627956,166621.0,47067681.0,2139182.0,1972561.0,202335.83333333334,0.002985433944651177,0.009305631583541283,0.0015394495783806013,0.005508376656194118,0.003176729907596971,0.003540029941139441
Brasil,2025-07-01,2025-08-01,0.0031124422624197023,0.0027496185387619197,0.003155459462499444,0.004303306034269055,-0.000831713453834784,0.002529165462186778,129775.0,47197456.0,2251440.0,2121665.0,201081.16666666666,0.009305631583541283,0.0015394495783806013,0.005508376656194118,0.003176729907596971,0.003540029941139441,0.0027496185387619197
Brasil,2025-08-01,2025-09-01,0.004478801129135114,0.0031124422624197023,0.0031340302474403546,0.0032711078140821256,-1.3717399588176647e-06,0.0011819732257521696,147358.0,47344814.0,2239895.0,2092537.0,153641.66666666666,0.0015394495783806013,0.005508376656194118,0.003176729907596971,0.003540029941139441,0.0027496185387619197,0.0031124422624197023
Brasil,2025-09-01,2025-10-01,0.0017871894323617111,0.004478801129135114,0.0034469539767722455,0.003760999739207877,-0.00017517577066298166,0.0009488837781397155,213002.0,47557816.0,2292492.0,2079490.0,177212.66666666666,0.005508376656194118,0.003176729907596971,0.003540029941139441,0.0027496185387619197,0.0031124422624197023,0.004478801129135114
Brasil,2025-10-01,2025-11-01,0.0017989966524842524,0.0017871894323617111,0.0031261442746388425,0.0031408018685691427,-0.0001076732882437571,0.000810042302540131,85147.0,47642963.0,2271460.0,2186313.0,148482.5,0.003176729907596971,0.003540029941139441,0.0027496185387619197,0.0031124422624197023,0.004478801129135114,0.0017871894323617111
Brasil,2025-11-01,2025-12-01,-0.012951585841403561,0.0017989966524842524,0.002688329071327026,0.00291117965938369,-0.00029217413987889007,0.0009504212620064931,85864.0,47728827.0,1979902.0,1894038.0,137961.16666666666,0.003540029941139441,0.0027496185387619197,0.0031124422624197023,0.004478801129135114,0.0017871894323617111,0.0017989966524842524
Brasil,2025-12-01,2026-01-01,0.002378798617969969,-0.012951585841403561,-0.0031217999188525324,0.00016257702895985647,-0.002432513440783061,0.005934683108472166,-618164.0,,1523309.0,2141473.0,7163.666666666667,0.0027496185387619197,0.0031124422624197023,0.004478801129135114,0.0017871894323617111,0.0017989966524842524,-0.012951585841403561
Brasil,2026-01-01,2026-02-01,0.00537763363900128,0.002378798617969969,-0.002924596856983113,0.00010077370882786479,-0.0015985020546783473,0.005909296602864968,112334.0,47222997.0,2208030.0,2095696.0,4256.833333333333,0.0031124422624197023,0.004478801129135114,0.0017871894323617111,0.0017989966524842524,-0.012951585841403561,0.002378798617969969
Brasil,2026-02-01,2026-03-01,0.004783580342865461,0.00537763363900128,-0.001731717861477437,0.0004783056049247945,-0.00024233121107806308,0.006156820598522439,255321.0,47478318.0,2381767.0,2126446.0,22250.666666666668,0.004478801129135114,0.0017871894323617111,0.0017989966524842524,-0.012951585841403561,0.002378798617969969,0.00537763363900128
Brasil,2026-03-01,2026-04-01,0.001797105289554949,0.004783580342865461,0.004180004199945571,0.0005291021405465188,0.0011728071420412387,0.006190780560587352,228208.0,47706526.0,2526660.0,2298452.0,24785.0,0.0017871894323617111,0.0017989966524842524,-0.012951585841403561,0.002378798617969969,0.00537763363900128,0.004783580342865461
Brasil,2026-04-01,2026-05-01,0.0015242751472076663,0.001797105289554949,0.00398610642380723,0.0005307547834120584,0.0016055679074054815,0.00619111750360648,85888.0,47792414.0,2268655.0,2182767.0,24908.5,0.0017989966524842524,-0.012951585841403561,0.002378798617969969,0.00537763363900128,0.004783580342865461,0.001797105289554949
Brasil,2026-05-01,2026-06-01,0.003023523899494142,0.0015242751472076663,0.0027016535932093584,0.0004849678658659609,0.0020011477617621494,0.006182578780798428,72960.0,47865374.0,2207303.0,2134343.0,22757.833333333332,-0.012951585841403561,0.002378798617969969,0.00537763363900128,0.004783580342865461,0.001797105289554949,0.0015242751472076663
Ceará,2020-07-01,2020-08-01,0.012539889388143686,0.0070668147216501965,-0.001605359866876834,-0.0054258590223210355,0.0007877707891281897,0.01297694691317737,6956.0,984319.0,27111.0,20155.0,-5329.833333333333,0.006296822842213744,-0.002629267412769495,-0.031406629962739956,-0.010038134494049018,-0.0018447598282316806,0.0070668147216501965
Ceará,2020-08-01,2020-09-01,0.0127768094125104,0.012539889388143686,0.0059206480938540675,-0.004385347931332711,0.005698842649244391,0.01407869414513024,12500.0,996819.0,34352.0,21852.0,-4319.833333333333,-0.002629267412769495,-0.031406629962739956,-0.010038134494049018,-0.0018447598282316806,0.0070668147216501965,0.012539889388143686
Ceará,2020-09-01,2020-10-01,0.016341059957486356,0.0127768094125104,0.010794504507434759,-0.0018176684604527293,0.008501795516363191,0.015498148984684303,12901.0,1009720.0,37177.0,24276.0,-1722.6666666666667,-0.031406629962739956,-0.010038134494049018,-0.0018447598282316806,0.0070668147216501965,0.012539889388143686,0.0127768094125104
Ceará,2020-10-01,2020-11-01,0.015871737569375936,0.016341059957486356,0.013885919586046814,0.006140279859584989,0.00517810727561133,0.00926835887931904,16774.0,1026494.0,43310.0,26536.0,6249.833333333333,-0.010038134494049018,-0.0018447598282316806,0.0070668147216501965,0.012539889388143686,0.0127768094125104,0.016341059957486356
Ceará,2020-11-01,2020-12-01,0.0035566484392016598,0.015871737569375936,0.014996535646457565,0.010458591870155813,0.003332632649140378,0.0062781117693519115,16555.0,1043049.0,40033.0,23478.0,10647.166666666666,-0.0018447598282316806,0.0070668147216501965,0.012539889388143686,0.0127768094125104,0.016341059957486356,0.015871737569375936
Ceará,2020-12-01,2021-01-01,0.00763444173204086,0.0035566484392016598,0.011923148655354649,0.011358826581394704,-0.00011402960924485625,0.004616816168977824,3723.0,1046772.0,30101.0,26378.0,11568.166666666666,0.0070668147216501965,0.012539889388143686,0.0127768094125104,0.016341059957486356,0.015871737569375936,0.0035566484392016598
Ceará,2021-01-01,2021-02-01,0.01171985526554949,0.00763444173204086,0.009020942580206153,0.011453431083126483,-0.0015044869596728791,0.004532952052475147,8053.0,1054825.0,39468.0,31415.0,11751.0,0.012539889388143686,0.0127768094125104,0.016341059957486356,0.015871737569375936,0.0035566484392016598,0.00763444173204086
Ceará,2021-02-01,2021-03-01,-0.001196932999893064,0.01171985526554949,0.007636981812264003,0.011316758729360783,-0.0012491347011804373,0.004510440482239838,12509.0,1067334.0,43549.0,31040.0,11752.5,0.0127768094125104,0.016341059957486356,0.015871737569375936,0.0035566484392016598,0.00763444173204086,0.01171985526554949
Ceará,2021-03-01,2021-04-01,0.003186637069341148,-0.001196932999893064,0.006052454665899095,0.008987801660626873,-0.0027447948115867783,0.0063767929059515525,-1276.0,1066058.0,34955.0,36231.0,9389.666666666666,0.016341059957486356,0.015871737569375936,0.0035566484392016598,0.00763444173204086,0.01171985526554949,-0.001196932999893064
Ceará,2021-04-01,2021-05-01,0.0042596139253529425,0.003186637069341148,0.0045698531116658584,0.006795397845936006,-0.0021028809509699843,0.005696844487772628,3408.0,1069466.0,30606.0,27198.0,7162.0,0.015871737569375936,0.0035566484392016598,0.00763444173204086,0.01171985526554949,-0.001196932999893064,0.003186637069341148
Ceará,2021-05-01,2021-06-01,0.009159847597258226,0.0042596139253529425,0.0020831059982670086,0.0048600439052655054,-0.0006498678520795792,0.004006264069549362,4575.0,1074041.0,31868.0,27293.0,5165.333333333333,0.0035566484392016598,0.00763444173204086,0.01171985526554949,-0.001196932999893064,0.003186637069341148,0.0042596139253529425
Ceará,2021-06-01,2021-07-01,0.012461189743888752,0.009159847597258226,0.005535366197317439,0.005793910431608267,-0.00029628927500767406,0.004239845568814009,9929.0,1083970.0,38319.0,28390.0,6199.666666666667,0.00763444173204086,0.01171985526554949,-0.001196932999893064,0.003186637069341148,0.0042596139253529425,0.009159847597258226
Ceará,2021-07-01,2021-08-01,0.015050864978316094,0.012461189743888752,0.008626883755499973,0.006598368433582916,0.0010242854582617703,0.004916636461762515,13678.0,1097648.0,43355.0,29677.0,7137.166666666667,0.01171985526554949,-0.001196932999893064,0.003186637069341148,0.0042596139253529425,0.009159847597258226,0.012461189743888752
Ceará,2021-08-01,2021-09-01,0.012497729336966395,0.015050864978316094,0.012223967439821024,0.0071535367190440164,0.003256082331045539,0.005603654820746071,16773.0,1114421.0,48557.0,31784.0,7847.833333333333,-0.001196932999893064,0.003186637069341148,0.0042596139253529425,0.009159847597258226,0.012461189743888752,0.015050864978316094
Ceará,2021-09-01,2021-10-01,0.007005799450411663,0.012497729336966395,0.013336594686390415,0.009435980441853925,0.0023494444755327486,0.004396559985265541,14104.0,1128525.0,47532.0,33428.0,10411.166666666666,0.003186637069341148,0.0042596139253529425,0.009159847597258226,0.012461189743888752,0.015050864978316094,0.012497729336966395
Ceará,2021-10-01,2021-11-01,0.010959202144324155,0.007005799450411663,0.011518131255231384,0.01007250750536568,0.0007524070879670121,0.0036605765728076546,7962.0,1136487.0,43860.0,35898.0,11170.166666666666,0.0042596139253529425,0.009159847597258226,0.012461189743888752,0.015050864978316094,0.012497729336966395,0.007005799450411663
Ceará,2021-11-01,2021-12-01,-0.0012957555509662399,0.010959202144324155,0.010154243643900737,0.01118910554186088,-0.00028350096532718115,0.002579233530589536,12593.0,1149080.0,43190.0,30597.0,12506.5,0.009159847597258226,0.012461189743888752,0.015050864978316094,0.012497729336966395,0.007005799450411663,0.010959202144324155
Ceará,2021-12-01,2022-01-01,-0.0013122890107138277,-0.0012957555509662399,0.005556415347923192,0.009446505017156803,-0.0024729041389372998,0.005376625379070129,-1487.0,1147593.0,33542.0,35029.0,10603.833333333334,0.012461189743888752,0.015050864978316094,0.012497729336966395,0.007005799450411663,0.010959202144324155,-0.0012957555509662399
Ceará,2022-01-01,2022-02-01,0.006977477641399412,-0.0013122890107138277,0.0027837191942146956,0.007150925224723039,-0.0034069377690009997,0.00643549801534606,-1504.0,1146089.0,40679.0,42183.0,8073.5,0.015050864978316094,0.012497729336966395,0.007005799450411663,0.010959202144324155,-0.0012957555509662399,-0.0013122890107138277
Ceará,2022-02-01,2022-03-01,0.002925199217643115,0.006977477641399412,0.0014564776932397816,0.00580536066857026,-0.0018517280444714792,0.005404497823391359,8053.0,1154142.0,46076.0,38023.0,6620.166666666667,0.012497729336966395,0.007005799450411663,0.010959202144324155,-0.0012957555509662399,-0.0013122890107138277,0.006977477641399412
Ceará,2022-03-01,2022-04-01,0.0045689823458237196,0.002925199217643115,0.002863462616109567,0.0042099389820163795,-0.000924705946638987,0.004536645048571494,3386.0,1157528.0,44540.0,41154.0,4833.833333333333,0.007005799450411663,0.010959202144324155,-0.0012957555509662399,-0.0013122890107138277,0.006977477641399412,0.002925199217643115
Ceará,2022-04-01,2022-05-01,0.006384616764916736,0.0045689823458237196,0.004823886401622082,0.003803802797918389,-0.00031424194384459595,0.004374343504240113,5313.0,1162841.0,40931.0,35618.0,4392.333333333333,0.010959202144324155,-0.0012957555509662399,-0.0013122890107138277,0.006977477641399412,0.002925199217643115,0.0045689823458237196
Ceará,2022-05-01,2022-06-01,0.008133671212211101,0.006384616764916736,0.0046262661094611905,0.003041371901350486,0.0014855256350077492,0.0033362239695996568,7472.0,1170313.0,45434.0,37962.0,3538.8333333333335,-0.0012957555509662399,-0.0013122890107138277,0.006977477641399412,0.002925199217643115,0.0045689823458237196,0.006384616764916736
Ceará,2022-06-01,2022-07-01,0.008484824038850192,0.008133671212211101,0.006362423440983853,0.00461294302854671,0.0013455714746673487,0.0031380504866004265,9597.0,1179910.0,46233.0,36636.0,5386.166666666667,-0.0013122890107138277,0.006977477641399412,0.002925199217643115,0.0045689823458237196,0.006384616764916736,0.008133671212211101
Ceará,2022-07-01,2022-08-01,0.007263617510098322,0.008484824038850192,0.0076677040053260105,0.006245795203474046,0.000713650925430025,0.00195661338484802,10097.0,1190007.0,48261.0,38164.0,7319.666666666667,0.006977477641399412,0.002925199217643115,0.0045689823458237196,0.006384616764916736,0.008133671212211101,0.008484824038850192
Ceará,2022-08-01,2022-09-01,0.009985918459206891,0.007263617510098322,0.007960704253719872,0.006293485181590531,0.0010053905996757087,0.001977244407435746,8707.0,1198714.0,50829.0,42122.0,7428.666666666667,0.002925199217643115,0.0045689823458237196,0.006384616764916736,0.008133671212211101,0.008484824038850192,0.007263617510098322
Ceará,2022-09-01,2022-10-01,0.004120692704070932,0.009985918459206891,0.008578120002718468,0.00747027172185116,0.000859223875117134,0.001704734900559206,12091.0,1210805.0,50487.0,38396.0,8879.5,0.0045689823458237196,0.006384616764916736,0.008133671212211101,0.008484824038850192,0.007263617510098322,0.009985918459206891
Ceará,2022-10-01,2022-11-01,0.0053641608282912236,0.004120692704070932,0.0071234095577920485,0.00739555678155903,-0.00019954528834267206,0.0018350945527953212,5010.0,1215815.0,44194.0,39184.0,8829.0,0.006384616764916736,0.008133671212211101,0.008484824038850192,0.007263617510098322,0.009985918459206891,0.004120692704070932
Ceará,2022-11-01,2022-12-01,-0.005733900607452836,0.0053641608282912236,0.006490257330523015,0.007225480792121444,-0.0006919327135665315,0.001963688996709994,6557.0,1222372.0,43542.0,36985.0,8676.5,0.008133671212211101,0.008484824038850192,0.007263617510098322,0.009985918459206891,0.004120692704070932,0.0053641608282912236
Ceará,2022-12-01,2023-01-01,-0.002458714869905033,-0.005733900607452836,0.0012503176416364399,0.0049142188221774534,-0.0023616348294877823,0.005134939336107623,-6969.0,1215403.0,30570.0,37539.0,5915.5,0.008484824038850192,0.007263617510098322,0.009985918459206891,0.004120692704070932,0.0053641608282912236,-0.005733900607452836
Ceará,2023-01-01,2023-02-01,0.003573395136303492,-0.002458714869905033,-0.0009428182163555486,0.00309029567071825,-0.002700790027879305,0.005475039840843986,-2981.0,1212422.0,44657.0,47638.0,3735.8333333333335,0.007263617510098322,0.009985918459206891,0.004120692704070932,0.0053641608282912236,-0.005733900607452836,-0.002458714869905033
Ceará,2023-02-01,2023-03-01,0.0038845204520615794,0.003573395136303492,-0.0015397401136847922,0.0024752586084191117,-0.00179711145063397,0.0051704853728247215,4348.0,1216770.0,43169.0,38821.0,3009.3333333333335,0.009985918459206891,0.004120692704070932,0.0053641608282912236,-0.005733900607452836,-0.002458714869905033,0.003573395136303492
Ceará,2023-03-01,2023-04-01,0.0036606761973665644,0.0038845204520615794,0.0016664002394866796,0.0014583589405615597,-9.365635995606144e-05,0.0040778877679166345,4745.0,1221515.0,47553.0,42808.0,1785.0,0.004120692704070932,0.0053641608282912236,-0.005733900607452836,-0.002458714869905033,0.003573395136303492,0.0038845204520615794
Ceará,2023-04-01,2023-05-01,0.0027939595164619933,0.0036606761973665644,0.003706197261910545,0.0013816895227774983,0.0007534271437179567,0.004031168625429928,4488.0,1226003.0,42883.0,38395.0,1698.0,0.0053641608282912236,-0.005733900607452836,-0.002458714869905033,0.003573395136303492,0.0038845204520615794,0.0036606761973665644
Ceará,2023-05-01,2023-06-01,0.00531630433111733,0.0027939595164619933,0.003446385388630046,0.0009533226374726267,0.0017516742610613435,0.003708893874305616,3435.0,1229438.0,46216.0,42781.0,1177.6666666666667,-0.005733900607452836,-0.002458714869905033,0.003573395136303492,0.0038845204520615794,0.0036606761973665644,0.0027939595164619933
Ceará,2023-06-01,2023-07-01,0.005223344244140237,0.00531630433111733,0.003923646681648629,0.002795023460567654,0.0010375127111683512,0.0024664700020489575,6571.0,1236009.0,48059.0,41488.0,3434.3333333333335,-0.002458714869905033,0.003573395136303492,0.0038845204520615794,0.0036606761973665644,0.0027939595164619933,0.00531630433111733
Ceará,2023-07-01,2023-08-01,0.008721660785476025,0.005223344244140237,0.004444536030573186,0.004075366646241866,0.0003336680141556115,0.000909225766818725,6490.0,1242499.0,47597.0,41107.0,5012.833333333333,0.003573395136303492,0.0038845204520615794,0.0036606761973665644,0.0027939595164619933,0.00531630433111733,0.005223344244140237
Ceará,2023-08-01,2023-09-01,0.008294076970426785,0.008721660785476025,0.006420436453577864,0.004933410921103955,0.0008970300177728163,0.0019095716332916495,10932.0,1253431.0,54276.0,43344.0,6110.166666666667,0.0038845204520615794,0.0036606761973665644,0.0027939595164619933,0.00531630433111733,0.005223344244140237,0.008721660785476025
Ceará,2023-09-01,2023-10-01,0.004826604432602335,0.008294076970426785,0.007413027333347683,0.0056683370074981565,0.0011673470738676028,0.0021921066694042604,10483.0,1263914.0,50402.0,39919.0,7066.5,0.0036606761973665644,0.0027939595164619933,0.00531630433111733,0.005223344244140237,0.008721660785476025,0.008294076970426785
Ceará,2023-10-01,2023-11-01,0.0036666933392326775,0.004826604432602335,0.007280780729501714,0.00586265838003745,0.0006455674011418815,0.002052771984595018,6130.0,1270044.0,47610.0,41480.0,7340.166666666667,0.0027939595164619933,0.00531630433111733,0.005223344244140237,0.008721660785476025,0.008294076970426785,0.004826604432602335
Ceará,2023-11-01,2023-12-01,-0.0029307793197916906,0.0036666933392326775,0.005595791580753933,0.006008114017165898,-0.00028188166311674873,0.001851199728793995,4674.0,1274718.0,45220.0,40546.0,7546.666666666667,0.00531630433111733,0.005223344244140237,0.008721660785476025,0.008294076970426785,0.004826604432602335,0.0036666933392326775
Ceará,2023-12-01,2024-01-01,0.0009935099590727345,-0.0029307793197916906,0.001854172817347774,0.004633600075347729,-0.001697228362748975,0.0038438505998889703,-3725.0,1270993.0,35081.0,38806.0,5830.666666666667,0.005223344244140237,0.008721660785476025,0.008294076970426785,0.004826604432602335,0.0036666933392326775,-0.0029307793197916906
Ceará,2024-01-01,2024-02-01,0.0030537066843029917,0.0009935099590727345,0.0005764746595045738,0.003928627694503144,-0.0020992924027440443,0.004053222301022912,1264.0,1272257.0,47820.0,46556.0,4959.666666666667,0.008721660785476025,0.008294076970426785,0.004826604432602335,0.0036666933392326775,-0.0029307793197916906,0.0009935099590727345
Ceará,2024-02-01,2024-03-01,0.004823217573512152,0.0030537066843029917,0.0003721457745280118,0.0029839686776409725,-0.0012656745002923469,0.0034401962817827555,3897.0,1276154.0,48488.0,44591.0,3787.1666666666665,0.008294076970426785,0.004826604432602335,0.0036666933392326775,-0.0029307793197916906,0.0009935099590727345,0.0030537066843029917
Ceará,2024-03-01,2024-04-01,0.004408326908728689,0.004823217573512152,0.002956811405629293,0.0024054921114885336,5.909700053212729e-05,0.002713775916119979,6185.0,1282339.0,49129.0,42944.0,3070.8333333333335,0.004826604432602335,0.0036666933392326775,-0.0029307793197916906,0.0009935099590727345,0.0030537066843029917,0.004823217573512152
Ceará,2024-04-01,2024-05-01,0.00537154056493842,0.004408326908728689,0.0040950837221812786,0.0023357791908429257,0.0008294387215034811,0.002655430955081626,5678.0,1288017.0,50529.0,44851.0,2995.5,0.0036666933392326775,-0.0029307793197916906,0.0009935099590727345,0.0030537066843029917,0.004823217573512152,0.004408326908728689
Ceará,2024-05-01,2024-06-01,0.00584987022039885,0.00537154056493842,0.004867695015726421,0.0026199203951272165,0.0015293017474807876,0.002865541794305447,6956.0,1294973.0,52255.0,45299.0,3375.8333333333335,-0.0029307793197916906,0.0009935099590727345,0.0030537066843029917,0.004823217573512152,0.004408326908728689,0.00537154056493842
Ceará,2024-06-01,2024-07-01,0.002670584749337905,0.00584987022039885,0.005209912564688654,0.004083361985158973,0.0008805832081072398,0.0016350494117625854,7620.0,1302593.0,53016.0,45396.0,5266.666666666667,0.0009935099590727345,0.0030537066843029917,0.004823217573512152,0.004408326908728689,0.00537154056493842,0.00584987022039885
Ceará,2024-07-01,2024-08-01,0.007065665684690678,0.002670584749337905,0.004630665178225058,0.004362874450203168,6.078748348698266e-05,0.001156165367330408,3488.0,1306081.0,54863.0,51375.0,5637.333333333333,0.0030537066843029917,0.004823217573512152,0.004408326908728689,0.00537154056493842,0.00584987022039885,0.002670584749337905
Ceará,2024-08-01,2024-09-01,0.007186973779848547,0.007065665684690678,0.005195373551475811,0.005031534283601116,0.00018506696380516305,0.0013496193612050633,9294.0,1315375.0,57431.0,48137.0,6536.833333333333,0.004823217573512152,0.004408326908728689,0.00537154056493842,0.00584987022039885,0.002670584749337905,0.007065665684690678
Ceará,2024-09-01,2024-10-01,0.0023996976094885565,0.007186973779848547,0.005641074737959043,0.005425493651323849,0.0004513235498227173,0.0015599216962516363,9522.0,1324897.0,54899.0,45377.0,7093.0,0.004408326908728689,0.00537154056493842,0.00584987022039885,0.002670584749337905,0.007065665684690678,0.007186973779848547
Ceará,2024-10-01,2024-11-01,0.003334266397603951,0.0023996976094885565,0.005550779024675927,0.005090722101450493,-0.00018436637610135583,0.0019169644298358936,3187.0,1328084.0,53756.0,50569.0,6677.833333333333,0.00537154056493842,0.00584987022039885,0.002670584749337905,0.007065665684690678,0.007186973779848547,0.0023996976094885565
Ceará,2024-11-01,2024-12-01,-0.0046912286389631346,0.003334266397603951,0.0043069792623136845,0.004751176406894748,-0.00037912492681041953,0.002015070127378846,4443.0,1332527.0,49349.0,44906.0,6259.0,0.00584987022039885,0.002670584749337905,0.007065665684690678,0.007186973779848547,0.0023996976094885565,0.003334266397603951
Ceará,2024-12-01,2025-01-01,-0.0009244724846801702,-0.0046912286389631346,0.0003475784560431243,0.002994326597001084,-0.0015083011706607244,0.003953812572201617,-6222.0,1326305.0,36586.0,42808.0,3952.0,0.002670584749337905,0.007065665684690678,0.007186973779848547,0.0023996976094885565,0.003334266397603951,-0.0046912286389631346
Ceará,2025-01-01,2025-02-01,0.004872451125289884,-0.0009244724846801702,-0.000760478242013118,0.0023951503913314048,-0.002132877980433539,0.004220859072167864,-1225.0,1325080.0,53040.0,54265.0,3166.5,0.007065665684690678,0.007186973779848547,0.0023996976094885565,0.003334266397603951,-0.0046912286389631346,-0.0009244724846801702
Ceará,2025-02-01,2025-03-01,-0.001972238170521473,0.004872451125289884,-0.00024774999945114014,0.002029614631431272,-0.0008448748169104735,0.0038819135168321377,6488.0,1331568.0,60215.0,53727.0,2698.8333333333335,0.007186973779848547,0.0023996976094885565,0.003334266397603951,-0.0046912286389631346,-0.0009244724846801702,0.004872451125289884
Ceará,2025-03-01,2025-04-01,0.006890764089411793,-0.001972238170521473,0.0006585801566960803,0.0005030793063696023,-0.00038509624464883914,0.0033128569539435087,-2621.0,1328947.0,47958.0,50579.0,675.0,0.0023996976094885565,0.003334266397603951,-0.0046912286389631346,-0.0009244724846801702,0.004872451125289884,-0.001972238170521473
Ceará,2025-04-01,2025-05-01,0.004292611930469955,0.006890764089411793,0.0032636590147267345,0.0012515903863568082,0.0009067538135524067,0.004076229263718133,9221.0,1338168.0,56152.0,46931.0,1680.6666666666667,0.003334266397603951,-0.0046912286389631346,-0.0009244724846801702,0.004872451125289884,-0.001972238170521473,0.006890764089411793
Ceará,2025-05-01,2025-06-01,0.005417178227383836,0.004292611930469955,0.0030703792831200914,0.0014113146418344759,0.001757720664960856,0.0041723508900770616,5769.0,1343937.0,56207.0,50438.0,1901.6666666666667,-0.0046912286389631346,-0.0009244724846801702,0.004872451125289884,-0.001972238170521473,0.006890764089411793,0.004292611930469955
Ceará,2025-06-01,2025-07-01,0.005464122925101625,0.005417178227383836,0.005533518082421861,0.003096049119558971,0.0011094782353083857,0.0033223234517673924,7320.0,1351257.0,55969.0,48649.0,4158.666666666667,-0.0009244724846801702,0.004872451125289884,-0.001972238170521473,0.006890764089411793,0.004292611930469955,0.005417178227383836
Ceará,2025-07-01,2025-08-01,0.005076837232190062,0.005464122925101625,0.005057971027651806,0.00416081502118927,0.0006436701723952223,0.0028538809755511794,7424.0,1358681.0,60395.0,52971.0,5600.166666666667,0.004872451125289884,-0.001972238170521473,0.006890764089411793,0.004292611930469955,0.005417178227383836,0.005464122925101625
Ceará,2025-08-01,2025-09-01,0.00767416934619507,0.005076837232190062,0.005319379461558508,0.0041948793723392995,0.0009168577090726015,0.0028633758689685777,6933.0,1365614.0,60773.0,53840.0,5674.333333333333,-0.001972238170521473,0.006890764089411793,0.004292611930469955,0.005417178227383836,0.005464122925101625,0.005076837232190062
Ceará,2025-09-01,2025-10-01,0.002449342323678522,0.00767416934619507,0.006071709834495585,0.005802613958458724,0.00018047562533698546,0.0011370125431904114,10561.0,1376175.0,62868.0,52307.0,7871.333333333333,0.006890764089411793,0.004292611930469955,0.005417178227383836,0.005464122925101625,0.005076837232190062,0.00767416934619507
Ceará,2025-10-01,2025-11-01,0.004239845015403182,0.002449342323678522,0.005066782967354551,0.0050623769975031785,-8.093315344100084e-05,0.001556140553804725,3379.0,1379554.0,58667.0,55288.0,6897.666666666667,0.004292611930469955,0.005417178227383836,0.005464122925101625,0.005076837232190062,0.00767416934619507,0.002449342323678522
Ceará,2025-11-01,2025-12-01,-0.0077954249517116735,0.004239845015403182,0.004787785561758924,0.005053582511658716,-0.00035239073571907345,0.001560608699858228,5874.0,1385428.0,51158.0,45284.0,6915.166666666667,0.005417178227383836,0.005464122925101625,0.005076837232190062,0.00767416934619507,0.002449342323678522,0.004239845015403182
Ceará,2025-12-01,2026-01-01,-0.0009400460338576766,-0.0077954249517116735,-0.0003687458708766563,0.0028514819818094644,-0.0021152440873412476,0.005008032008223046,-10800.0,,36728.0,47528.0,3895.1666666666665,0.005464122925101625,0.005076837232190062,0.00767416934619507,0.002449342323678522,0.004239845015403182,-0.0077954249517116735
Ceará,2026-01-01,2026-02-01,0.003132864371507194,-0.0009400460338576766,-0.0014985419900553892,0.001784120488649581,-0.002134362758063836,0.005019902658831454,-1291.0,1373337.0,52725.0,54016.0,2442.6666666666665,0.005076837232190062,0.00767416934619507,0.002449342323678522,0.004239845015403182,-0.0077954249517116735,-0.0009400460338576766
Ceará,2026-02-01,2026-03-01,0.004788764139098825,0.003132864371507194,-0.001867535538020719,0.0014601250118691028,-0.001283141711804652,0.004857019393265918,4316.0,1377653.0,54784.0,50468.0,2006.5,0.00767416934619507,0.002449342323678522,0.004239845015403182,-0.0077954249517116735,-0.0009400460338576766,0.003132864371507194
Ceará,2026-03-01,2026-04-01,0.0025284787118521447,0.004788764139098825,0.002327194158916114,0.000979224144019729,0.00043518703037907287,0.004332468924711283,6629.0,1384282.0,60148.0,53519.0,1351.1666666666667,0.002449342323678522,0.004239845015403182,-0.0077954249517116735,-0.0009400460338576766,0.003132864371507194,0.004788764139098825
Ceará,2026-04-01,2026-05-01,0.002459006966587407,0.0025284787118521447,0.003483369074152721,0.000992413542048666,0.0009505327474297483,0.004337042394574091,3509.0,1387791.0,56557.0,53048.0,1372.8333333333333,0.004239845015403182,-0.0077954249517116735,-0.0009400460338576766,0.003132864371507194,0.004788764139098825,0.0025284787118521447
Ceará,2026-05-01,2026-06-01,0.0037887494692098764,0.002459006966587407,0.0032587499391794595,0.0006956072005793701,0.001809532388463328,0.00416205360903217,3421.0,1391212.0,57914.0,54493.0,964.0,-0.0077954249517116735,-0.0009400460338576766,0.003132864371507194,0.004788764139098825,0.0025284787118521447,0.002459006966587407
Centro-Oeste,2020-07-01,2020-08-01,0.005483706826921804,0.005521234737908569,0.0014800269434215065,-0.0017309277395173887,0.0007486854816616696,0.008658180535816417,17417.0,3154548.0,108907.0,91490.0,-5365.5,0.007454507229788129,-0.003979425563071831,-0.01830072893408515,-0.004437405208593866,0.003356251300949817,0.005521234737908569
Centro-Oeste,2020-08-01,2020-09-01,0.006013540022788152,0.005483706826921804,0.004787064288593396,-0.0020593944733284433,0.003616434556442657,0.008334825884257541,17394.0,3171942.0,114050.0,96656.0,-6455.5,-0.003979425563071831,-0.01830072893408515,-0.004437405208593866,0.003356251300949817,0.005521234737908569,0.005483706826921804
Centro-Oeste,2020-09-01,2020-10-01,0.007758812344822976,0.006013540022788152,0.0056728271958728415,-0.0003939002090184456,0.004385704695082065,0.008771720282168603,19190.0,3191132.0,122371.0,103181.0,-1136.1666666666667,-0.01830072893408515,-0.004437405208593866,0.003356251300949817,0.005521234737908569,0.005483706826921804,0.006013540022788152
Centro-Oeste,2020-10-01,2020-11-01,0.005256289747327548,0.007758812344822976,0.0064186863981776435,0.003949356670799575,0.0019690121720460693,0.003964159963637065,24953.0,3216085.0,134700.0,109747.0,12601.5,-0.004437405208593866,0.003356251300949817,0.005521234737908569,0.005483706826921804,0.006013540022788152,0.007758812344822976
Centro-Oeste,2020-11-01,2020-12-01,-0.002725560441039596,0.005256289747327548,0.006342880704979559,0.005564972496786477,0.00047836452138566343,0.0012907618916501691,16994.0,3233079.0,127149.0,110155.0,17746.166666666668,0.003356251300949817,0.005521234737908569,0.005483706826921804,0.006013540022788152,0.007758812344822976,0.005256289747327548
Centro-Oeste,2020-12-01,2021-01-01,0.012322492937701676,-0.002725560441039596,0.0034298472170369763,0.004551337206454909,-0.001147741566042536,0.0033587236074394257,-8788.0,3224291.0,107522.0,116310.0,14526.666666666666,0.005521234737908569,0.005483706826921804,0.006013540022788152,0.007758812344822976,0.005256289747327548,-0.002725560441039596
Centro-Oeste,2021-01-01,2021-02-01,0.013383994151359269,0.012322492937701676,0.004951074081329876,0.005684880239753759,0.00015640304471201916,0.004461441974570421,40227.0,3264518.0,149356.0,109129.0,18328.333333333332,0.005483706826921804,0.006013540022788152,0.007758812344822976,0.005256289747327548,-0.002725560441039596,0.012322492937701676
Centro-Oeste,2021-02-01,2021-03-01,0.0048135124835817535,0.013383994151359269,0.007660308882673783,0.007001594793826671,0.001216041778089272,0.0052955995558443825,44285.0,3308803.0,157074.0,112789.0,22810.166666666668,0.006013540022788152,0.007758812344822976,0.005256289747327548,-0.002725560441039596,0.012322492937701676,0.013383994151359269
Centro-Oeste,2021-03-01,2021-04-01,0.00628928373955796,0.0048135124835817535,0.0101733331908809,0.006801590203958939,0.0007058476367037234,0.005351505845479089,16004.0,3324807.0,142682.0,126678.0,22279.166666666668,0.007758812344822976,0.005256289747327548,-0.002725560441039596,0.012322492937701676,0.013383994151359269,0.0048135124835817535
Centro-Oeste,2021-04-01,2021-05-01,0.008775955251308483,0.00628928373955796,0.008162263458166327,0.006556668769748103,0.0008241054271049626,0.005335696666760466,21043.0,3345850.0,136568.0,115525.0,21627.5,0.005256289747327548,-0.002725560441039596,0.012322492937701676,0.013383994151359269,0.0048135124835817535,0.00628928373955796
Centro-Oeste,2021-05-01,2021-06-01,0.011624594127442446,0.008775955251308483,0.006626250491482732,0.007143279687078258,0.0008810705485580489,0.005353931984896274,29623.0,3375473.0,147305.0,117682.0,23732.333333333332,-0.002725560441039596,0.012322492937701676,0.013383994151359269,0.0048135124835817535,0.00628928373955796,0.008775955251308483
Centro-Oeste,2021-06-01,2021-07-01,0.011098016504994934,0.011624594127442446,0.008896611039436295,0.009534972115158599,-0.0004525096998706368,0.0031716069483575283,39700.0,3415173.0,159562.0,119862.0,31813.666666666668,0.012322492937701676,0.013383994151359269,0.0048135124835817535,0.00628928373955796,0.008775955251308483,0.011624594127442446
Centro-Oeste,2021-07-01,2021-08-01,0.008685732853506802,0.011098016504994934,0.01049952196124862,0.009330892709707474,0.0003282865203288833,0.0030215197284184222,38327.0,3453500.0,163419.0,125092.0,31497.0,0.013383994151359269,0.0048135124835817535,0.00628928373955796,0.008775955251308483,0.011624594127442446,0.011098016504994934
Centro-Oeste,2021-08-01,2021-09-01,0.0063694867018568545,0.008685732853506802,0.01046944782864806,0.008547849160065396,0.0010467411149162893,0.00241823439569889,30259.0,3483759.0,167291.0,137032.0,29159.333333333332,0.0048135124835817535,0.00628928373955796,0.008775955251308483,0.011624594127442446,0.011098016504994934,0.008685732853506802
Centro-Oeste,2021-09-01,2021-10-01,0.004596735866123155,0.0063694867018568545,0.008717745353452863,0.00880717819644458,-1.132085726737382e-05,0.002060890941906452,22332.0,3506091.0,165842.0,143510.0,30214.0,0.00628928373955796,0.008775955251308483,0.011624594127442446,0.011098016504994934,0.008685732853506802,0.0063694867018568545
Centro-Oeste,2021-10-01,2021-11-01,0.004014726507713885,0.004596735866123155,0.0065506518071622695,0.008525086884205444,-0.0011163915101191863,0.0024628644541431063,16191.0,3522282.0,163476.0,147285.0,29405.333333333332,0.008775955251308483,0.011624594127442446,0.011098016504994934,0.008685732853506802,0.0063694867018568545,0.004596735866123155
Centro-Oeste,2021-11-01,2021-12-01,-0.006663400768159824,0.004014726507713885,0.004993649691897965,0.007731548760273013,-0.001710555033340231,0.0029691863975477815,14198.0,3536480.0,159673.0,145475.0,26834.5,0.011624594127442446,0.011098016504994934,0.008685732853506802,0.0063694867018568545,0.004596735866123155,0.004014726507713885
Centro-Oeste,2021-12-01,2022-01-01,0.009975290745189191,-0.006663400768159824,0.0006493538685590725,0.0046835496110059684,-0.002988367321111035,0.0056156534792190516,-23409.0,3513071.0,134308.0,157717.0,16316.333333333334,0.011098016504994934,0.008685732853506802,0.0063694867018568545,0.004596735866123155,0.004014726507713885,-0.006663400768159824
Centro-Oeste,2022-01-01,2022-02-01,0.011376860632830384,0.009975290745189191,0.0024422054949144174,0.004496428651038344,-0.0009495109231442097,0.005413877802573083,35397.0,3548468.0,187294.0,151897.0,15828.0,0.008685732853506802,0.0063694867018568545,0.004596735866123155,0.004014726507713885,-0.006663400768159824,0.009975290745189191
Centro-Oeste,2022-02-01,2022-03-01,0.005439831972590251,0.011376860632830384,0.004896250203286584,0.004944949947592274,0.000871268771891201,0.005837286521458889,40835.0,3589303.0,195495.0,154660.0,17590.666666666668,0.0063694867018568545,0.004596735866123155,0.004014726507713885,-0.006663400768159824,0.009975290745189191,0.011376860632830384
Centro-Oeste,2022-03-01,2022-04-01,0.0070976327559685954,0.005439831972590251,0.008930661116869942,0.004790007492714507,0.0012268735548866853,0.005809690810334456,19632.0,3608935.0,193097.0,173465.0,17140.666666666668,0.004596735866123155,0.004014726507713885,-0.006663400768159824,0.009975290745189191,0.011376860632830384,0.005439831972590251
Centro-Oeste,2022-04-01,2022-05-01,0.00949591220137242,0.0070976327559685954,0.007971441787129744,0.005206823641022081,0.0015178799814618562,0.005870269870217939,25798.0,3634733.0,187263.0,161465.0,18741.833333333332,0.004014726507713885,-0.006663400768159824,0.009975290745189191,0.011376860632830384,0.005439831972590251,0.0070976327559685954
Centro-Oeste,2022-05-01,2022-06-01,0.009453649664295832,0.00949591220137242,0.0073444589766437545,0.006120354589965169,0.001892187491993122,0.006037775010028619,34846.0,3669579.0,197765.0,162919.0,22183.166666666668,-0.006663400768159824,0.009975290745189191,0.011376860632830384,0.005439831972590251,0.0070976327559685954,0.00949591220137242
Centro-Oeste,2022-06-01,2022-07-01,0.006782755569854419,0.009453649664295832,0.008682398207212281,0.008806529662041112,-0.00018837856901321023,0.0019630587662909722,35022.0,3704601.0,196484.0,161462.0,31921.666666666668,0.009975290745189191,0.011376860632830384,0.005439831972590251,0.0070976327559685954,0.00949591220137242,0.009453649664295832
Centro-Oeste,2022-07-01,2022-08-01,0.0056837493712047354,0.006782755569854419,0.008577439145174223,0.008274440466151984,-0.0002437369369816932,0.0020063459302881934,25299.0,3729900.0,191467.0,166168.0,30238.666666666668,0.011376860632830384,0.005439831972590251,0.0070976327559685954,0.00949591220137242,0.009453649664295832,0.006782755569854419
Centro-Oeste,2022-08-01,2022-09-01,0.006771349782024177,0.0056837493712047354,0.007306718201784995,0.007325588589214376,6.64836850437997e-06,0.001624668894704496,21321.0,3751221.0,199931.0,178610.0,26986.333333333332,0.005439831972590251,0.0070976327559685954,0.00949591220137242,0.009453649664295832,0.006782755569854419,0.0056837493712047354
Centro-Oeste,2022-09-01,2022-10-01,0.0021696128963565983,0.006771349782024177,0.006412618241027777,0.0075475082241200295,-0.00044967992727618664,0.0014313692044470318,25574.0,3776795.0,191628.0,166054.0,27976.666666666668,0.0070976327559685954,0.00949591220137242,0.009453649664295832,0.006782755569854419,0.0056837493712047354,0.006771349782024177
Centro-Oeste,2022-10-01,2022-11-01,-0.0003184627525436056,0.0021696128963565983,0.004874904016528504,0.006726171580851363,-0.0013079257820155356,0.0024820929920370363,8212.0,3785007.0,175322.0,167110.0,25045.666666666668,0.00949591220137242,0.009453649664295832,0.006782755569854419,0.0056837493712047354,0.006771349782024177,0.0021696128963565983
Centro-Oeste,2022-11-01,2022-12-01,-0.009630414306336403,-0.0003184627525436056,0.002874166641945723,0.005090442421865359,-0.001760353991253462,0.003236934357888048,-1205.0,3783802.0,163737.0,164942.0,19037.166666666668,0.009453649664295832,0.006782755569854419,0.0056837493712047354,0.006771349782024177,0.0021696128963565983,-0.0003184627525436056
Centro-Oeste,2022-12-01,2023-01-01,0.007799752777938833,-0.009630414306336403,-0.00259308805417447,0.0019097650934266535,-0.0029906920753676202,0.005771081065531803,-36092.0,3747710.0,137797.0,173889.0,7184.833333333333,0.006782755569854419,0.0056837493712047354,0.006771349782024177,0.0021696128963565983,-0.0003184627525436056,-0.009630414306336403
Centro-Oeste,2023-01-01,2023-02-01,0.00789185381342855,0.007799752777938833,-0.0007163747603137252,0.0020792646281073894,-0.001174667168008899,0.005924606853010666,29461.0,3777171.0,203409.0,173948.0,7878.5,0.0056837493712047354,0.006771349782024177,0.0021696128963565983,-0.0003184627525436056,-0.009630414306336403,0.007799752777938833
Centro-Oeste,2023-02-01,2023-03-01,0.005853561985296767,0.00789185381342855,0.0020203974283436598,0.0024472820351446917,0.00037659966422787906,0.00619928840108876,30046.0,3807217.0,198060.0,168014.0,9332.666666666666,0.006771349782024177,0.0021696128963565983,-0.0003184627525436056,-0.009630414306336403,0.007799752777938833,0.00789185381342855
Centro-Oeste,2023-03-01,2023-04-01,0.006484669086267683,0.005853561985296767,0.00718172285888805,0.0022943174023567904,0.0017280246350540724,0.006101254682783736,22417.0,3829634.0,212365.0,189948.0,8806.5,0.0021696128963565983,-0.0003184627525436056,-0.009630414306336403,0.007799752777938833,0.00789185381342855,0.005853561985296767
Centro-Oeste,2023-04-01,2023-05-01,0.0037406603029177562,0.006484669086267683,0.006743361628330999,0.003013493434008637,0.0023017054029841615,0.006295395979856574,24996.0,3854630.0,190032.0,165036.0,11603.833333333334,-0.0003184627525436056,-0.009630414306336403,0.007799752777938833,0.00789185381342855,0.005853561985296767,0.006484669086267683
Centro-Oeste,2023-05-01,2023-06-01,0.0055381491524552455,0.0037406603029177562,0.005359630458160736,0.0036900139432521975,0.001739195146946444,0.0061165461780422325,14473.0,3869103.0,198439.0,183966.0,14216.833333333334,-0.009630414306336403,0.007799752777938833,0.00789185381342855,0.005853561985296767,0.006484669086267683,0.0037406603029177562
Centro-Oeste,2023-06-01,2023-07-01,0.004684110351602472,0.0055381491524552455,0.005254492847213562,0.006218107853050807,-0.0006608711873708402,0.0014205084176232682,21547.0,3890650.0,197500.0,175953.0,23823.333333333332,0.007799752777938833,0.00789185381342855,0.005853561985296767,0.006484669086267683,0.0037406603029177562,0.0055381491524552455
Centro-Oeste,2023-07-01,2023-08-01,0.004552518986655163,0.004684110351602472,0.004654306602325158,0.005698834115328079,-0.0005636847026001395,0.0013128049718780176,18310.0,3908960.0,194058.0,175748.0,21964.833333333332,0.00789185381342855,0.005853561985296767,0.006484669086267683,0.0037406603029177562,0.0055381491524552455,0.004684110351602472
Centro-Oeste,2023-08-01,2023-09-01,0.003753015884291524,0.004552518986655163,0.004924926163570959,0.005142278310865848,-0.00028884006707617595,0.0009116759440914278,17877.0,3926837.0,208192.0,190315.0,19936.666666666668,0.005853561985296767,0.006484669086267683,0.0037406603029177562,0.0055381491524552455,0.004684110351602472,0.004552518986655163
Centro-Oeste,2023-09-01,2023-10-01,0.0025338827419379736,0.003753015884291524,0.00432988174084972,0.00479218729403164,-0.00034504939312918117,0.0009725963076718204,14793.0,3941630.0,191781.0,176988.0,18666.0,0.006484669086267683,0.0037406603029177562,0.0055381491524552455,0.004684110351602472,0.004552518986655163,0.003753015884291524
Centro-Oeste,2023-10-01,2023-11-01,-0.0013381945194080017,0.0025338827419379736,0.0036131392042948866,0.0041337229033100225,-0.000329167970695354,0.0009407137517196937,10013.0,3951643.0,191766.0,181753.0,16168.833333333334,0.0037406603029177562,0.0055381491524552455,0.004684110351602472,0.004552518986655163,0.003753015884291524,0.0025338827419379736
Centro-Oeste,2023-11-01,2023-12-01,-0.010915399061056917,-0.0013381945194080017,0.0016495680356071653,0.0032872470995890628,-0.0011894829797335245,0.002265609135587856,-5281.0,3946362.0,178725.0,184006.0,12876.5,0.0055381491524552455,0.004684110351602472,0.004552518986655163,0.003753015884291524,0.0025338827419379736,-0.0013381945194080017
Centro-Oeste,2023-12-01,2024-01-01,0.010149153970926856,-0.010915399061056917,-0.0032399036128423152,0.0005449890640037022,-0.002768252020681142,0.005512510493445415,-42611.0,3903751.0,145820.0,188431.0,2183.5,0.004684110351602472,0.004552518986655163,0.003753015884291524,0.0025338827419379736,-0.0013381945194080017,-0.010915399061056917
Centro-Oeste,2024-01-01,2024-02-01,0.008558454490536401,0.010149153970926856,-0.0007014798698460212,0.0014558296672244327,-0.00056840420502951,0.006486608083083469,40026.0,3943777.0,224353.0,184327.0,5802.833333333333,0.004552518986655163,0.003753015884291524,0.0025338827419379736,-0.0013381945194080017,-0.010915399061056917,0.010149153970926856
Centro-Oeste,2024-02-01,2024-03-01,0.007001478830555575,0.008558454490536401,0.0025974031334687797,0.0021234855845379728,0.001065594347901203,0.006959881639765279,34044.0,3977821.0,224260.0,190216.0,8497.333333333334,0.003753015884291524,0.0025338827419379736,-0.0013381945194080017,-0.010915399061056917,0.010149153970926856,0.008558454490536401
Centro-Oeste,2024-03-01,2024-04-01,0.00605616091801157,0.007001478830555575,0.008569695764006277,0.002664896075581981,0.0020883565858544283,0.007188189524360479,28047.0,4005868.0,225279.0,197232.0,10706.333333333334,0.0025338827419379736,-0.0013381945194080017,-0.010915399061056917,0.010149153970926856,0.008558454490536401,0.007001478830555575
Centro-Oeste,2024-04-01,2024-05-01,0.002296541226219832,0.00605616091801157,0.007205364746367849,0.003251942438260914,0.002546620325186997,0.007296530956272456,24408.0,4030276.0,224531.0,200123.0,13105.5,-0.0013381945194080017,-0.010915399061056917,0.010149153970926856,0.008558454490536401,0.007001478830555575,0.00605616091801157
Centro-Oeste,2024-05-01,2024-06-01,0.005685939704916959,0.002296541226219832,0.005118060324928992,0.0038577317291988863,0.0014921070462187728,0.007036544300658459,9277.0,4039553.0,208794.0,199517.0,15531.833333333334,-0.010915399061056917,0.010149153970926856,0.008558454490536401,0.007001478830555575,0.00605616091801157,0.002296541226219832
Centro-Oeste,2024-06-01,2024-07-01,0.0037633643943109367,0.005685939704916959,0.004679547283049454,0.006624621523527865,-0.0012013465438726625,0.0024576618435509716,23100.0,4062653.0,208318.0,185218.0,26483.666666666668,0.010149153970926856,0.008558454490536401,0.007001478830555575,0.00605616091801157,0.002296541226219832,0.005685939704916959
Centro-Oeste,2024-07-01,2024-08-01,0.003552562357988525,0.0037633643943109367,0.003915281775149242,0.005560323260758546,-0.0009051910728524257,0.002049743441563756,15347.0,4078000.0,214165.0,198818.0,22370.5,0.008558454490536401,0.007001478830555575,0.00605616091801157,0.002296541226219832,0.005685939704916959,0.0037633643943109367
Centro-Oeste,2024-08-01,2024-09-01,0.003739622741638613,0.003552562357988525,0.004333955485738806,0.0047260079053339,-0.0005923878130068577,0.0016367910350917473,14539.0,4092539.0,211598.0,197059.0,19119.666666666668,0.007001478830555575,0.00605616091801157,0.002296541226219832,0.005685939704916959,0.0037633643943109367,0.003552562357988525
Centro-Oeste,2024-09-01,2024-10-01,0.0010838064195772838,0.003739622741638613,0.0036851831646460254,0.004182365223847739,-0.0002782057942047064,0.0012972029476382698,15362.0,4107901.0,204218.0,188856.0,17005.5,0.00605616091801157,0.002296541226219832,0.005685939704916959,0.0037633643943109367,0.003552562357988525,0.003739622741638613
Centro-Oeste,2024-10-01,2024-11-01,-0.00193938307152474,0.0010838064195772838,0.0027919971730681406,0.0033536394741086914,-0.00034609791312486247,0.0014180768123612732,4457.0,4112358.0,208566.0,204109.0,13680.333333333334,0.002296541226219832,0.005685939704916959,0.0037633643943109367,0.003552562357988525,0.003739622741638613,0.0010838064195772838
Centro-Oeste,2024-11-01,2024-12-01,-0.015384151053927899,-0.00193938307152474,0.000961348696563719,0.0026476520911512627,-0.001313663640650267,0.0024485973171070783,-7960.0,4104398.0,181871.0,189831.0,10807.5,0.005685939704916959,0.0037633643943109367,0.003552562357988525,0.003739622741638613,0.0010838064195772838,-0.00193938307152474
Centro-Oeste,2024-12-01,2025-01-01,0.010855789995289454,-0.015384151053927899,-0.005413242568625118,-0.0008640297019895466,-0.003281977995765579,0.006805598820938154,-62186.0,4042212.0,150210.0,212396.0,-3406.8333333333335,0.0037633643943109367,0.003552562357988525,0.003739622741638613,0.0010838064195772838,-0.00193938307152474,-0.015384151053927899
Centro-Oeste,2025-01-01,2025-02-01,0.011048992408945094,0.010855789995289454,-0.002155914710054395,0.0003180412315068728,-0.0006822392197513408,0.008015138794105798,44363.0,4086575.0,245512.0,201149.0,1429.1666666666667,0.003552562357988525,0.003739622741638613,0.0010838064195772838,-0.00193938307152474,-0.015384151053927899,0.010855789995289454
Centro-Oeste,2025-02-01,2025-03-01,0.0016819699680662467,0.011048992408945094,0.0021735437834355495,0.0015674462399996342,0.0014976580308933068,0.00895153439673989,45657.0,4132232.0,245826.0,200169.0,6615.5,0.003739622741638613,0.0010838064195772838,-0.00193938307152474,-0.015384151053927899,0.010855789995289454,0.011048992408945094
Centro-Oeste,2025-03-01,2025-04-01,0.007519622688107458,0.0016819699680662467,0.00786225079076693,0.001224504111070907,0.0019484538638020476,0.008901019767825829,6962.0,4139194.0,217530.0,210568.0,5215.5,0.0010838064195772838,-0.00193938307152474,-0.015384151053927899,0.010855789995289454,0.011048992408945094,0.0016819699680662467
Centro-Oeste,2025-04-01,2025-05-01,0.002512282175401017,0.007519622688107458,0.006750195021706267,0.0022971401558259355,0.002819616979365688,0.009202122499681525,31361.0,4170555.0,224505.0,193144.0,9699.5,-0.00193938307152474,-0.015384151053927899,0.010855789995289454,0.011048992408945094,0.0016819699680662467,0.007519622688107458
Centro-Oeste,2025-05-01,2025-06-01,0.005678090148837021,0.002512282175401017,0.0039046249438582405,0.003039084363646895,0.0020030469081205636,0.009008048445533401,10504.0,4181059.0,217694.0,207190.0,12776.833333333334,-0.015384151053927899,0.010855789995289454,0.011048992408945094,0.0016819699680662467,0.007519622688107458,0.002512282175401017
Centro-Oeste,2025-06-01,2025-07-01,0.005031236113405004,0.005678090148837021,0.005236665004115165,0.006549457897441049,-0.0013045993489386623,0.003662468088251653,23876.0,4204935.0,213731.0,189855.0,27120.5,0.010855789995289454,0.011048992408945094,0.0016819699680662467,0.007519622688107458,0.002512282175401017,0.005678090148837021
Centro-Oeste,2025-07-01,2025-08-01,0.0027205622259291362,0.005031236113405004,0.00440720281254768,0.005578698917126974,-0.0006602217556598449,0.0031248546165160464,21263.0,4226198.0,225927.0,204664.0,23270.5,0.011048992408945094,0.0016819699680662467,0.007519622688107458,0.002512282175401017,0.005678090148837021,0.005031236113405004
Centro-Oeste,2025-08-01,2025-09-01,0.003426149073347669,0.0027205622259291362,0.004476629496057053,0.0041906272199576464,2.5531701104088227e-05,0.002052343152196952,11529.0,4237727.0,216595.0,205066.0,17582.5,0.0016819699680662467,0.007519622688107458,0.002512282175401017,0.005678090148837021,0.005031236113405004,0.0027205622259291362
Centro-Oeste,2025-09-01,2025-10-01,0.0028535818678310176,0.003426149073347669,0.0037259824708939363,0.00448132373750455,-0.0005854109130756169,0.0017821669077984746,14569.0,4252296.0,219206.0,204637.0,18850.333333333332,0.007519622688107458,0.002512282175401017,0.005678090148837021,0.005031236113405004,0.0027205622259291362,0.003426149073347669
Centro-Oeste,2025-10-01,2025-11-01,-0.002543465065028919,0.0028535818678310176,0.0030000977223692744,0.003703650267458477,-0.00021028567576554036,0.0012142446382068439,12169.0,4264465.0,225657.0,213488.0,15651.666666666666,0.002512282175401017,0.005678090148837021,0.005031236113405004,0.0027205622259291362,0.003426149073347669,0.0028535818678310176
Centro-Oeste,2025-11-01,2025-12-01,-0.014230615335643822,-0.002543465065028919,0.001245421958716589,0.002861025727386821,-0.001341004341675232,0.0026518338183832047,-10819.0,4253646.0,181864.0,192683.0,12097.833333333334,0.005678090148837021,0.005031236113405004,0.0027205622259291362,0.003426149073347669,0.0028535818678310176,-0.002543465065028919
Centro-Oeste,2025-12-01,2026-01-01,0.008374549429281031,-0.014230615335643822,-0.004640166177613908,-0.0004570918533599857,-0.0032192544663895693,0.0065868840913443725,-60532.0,,151338.0,211870.0,-1970.1666666666667,0.005031236113405004,0.0027205622259291362,0.003426149073347669,0.0028535818678310176,-0.002543465065028919,-0.014230615335643822
Centro-Oeste,2026-01-01,2026-02-01,0.007587211390017118,0.008374549429281031,-0.0027998436571305702,0.0001001270326193523,-0.0008599258326592842,0.007145341591437454,35412.0,4228526.0,235269.0,199857.0,388.0,0.0027205622259291362,0.003426149073347669,0.0028535818678310176,-0.002543465065028919,-0.014230615335643822,0.008374549429281031
Centro-Oeste,2026-02-01,2026-03-01,0.004725438697301899,0.007587211390017118,0.0005770484945514425,0.000911235226634016,0.0007337446856309252,0.0076548221327912315,32328.0,4260854.0,232652.0,200324.0,3854.5,0.003426149073347669,0.0028535818678310176,-0.002543465065028919,-0.014230615335643822,0.008374549429281031,0.007587211390017118
Centro-Oeste,2026-03-01,2026-04-01,0.0025372940283422034,0.004725438697301899,0.006895733172200016,0.001127783497293054,0.0017816136650690671,0.00774079893428464,20230.0,4281084.0,241191.0,220961.0,4798.0,0.0028535818678310176,-0.002543465065028919,-0.014230615335643822,0.008374549429281031,0.007587211390017118,0.004725438697301899
Centro-Oeste,2026-04-01,2026-05-01,0.00046949340822871036,0.0025372940283422034,0.004949981371887073,0.0010750688573782517,0.0023281319864693955,0.007729936133500201,10890.0,4291974.0,221420.0,210530.0,4584.833333333333,-0.002543465065028919,-0.014230615335643822,0.008374549429281031,0.007587211390017118,0.004725438697301899,0.0025372940283422034
Centro-Oeste,2026-05-01,2026-06-01,0.004547702189837878,0.00046949340822871036,0.0025774087112909374,0.0015772286029211902,0.0015179144235380271,0.007574864390256886,2016.0,4293990.0,210650.0,208634.0,6724.0,-0.014230615335643822,0.008374549429281031,0.007587211390017118,0.004725438697301899,0.0025372940283422034,0.00046949340822871036
Distrito Federal,2020-07-01,2020-08-01,0.004136156862745098,0.0016898128604713582,-0.0030781762677423784,-0.005697455621637297,0.00036854034929253385,0.008404380251733843,1341.0,793579.0,19568.0,18227.0,-4557.666666666667,0.005595098504743539,-0.010154849524928265,-0.020390453906411924,-0.0071716814782491695,-0.0037526601854493222,0.0016898128604713582
Distrito Federal,2020-08-01,2020-09-01,0.003023926174664578,0.004136156862745098,0.0006911031792557112,-0.00594061256197037,0.004031852958051901,0.008089345343355156,3296.0,796875.0,21510.0,18214.0,-4778.166666666667,-0.010154849524928265,-0.020390453906411924,-0.0071716814782491695,-0.0037526601854493222,0.0016898128604713582,0.004136156862745098
Distrito Federal,2020-09-01,2020-10-01,0.005730819418857344,0.003023926174664578,0.0029499652992936777,-0.003744149945371563,0.00446965395640817,0.008428933522183595,2417.0,799292.0,21112.0,18695.0,-2992.1666666666665,-0.020390453906411924,-0.0071716814782491695,-0.0037526601854493222,0.0016898128604713582,0.004136156862745098,0.003023926174664578
Distrito Federal,2020-10-01,2020-11-01,0.005188765635595947,0.005730819418857344,0.00429696748542234,0.0006093956088399808,0.0024939602162327994,0.004568679193933767,4607.0,803899.0,24057.0,19450.0,497.5,-0.0071716814782491695,-0.0037526601854493222,0.0016898128604713582,0.004136156862745098,0.003023926174664578,0.005730819418857344
Distrito Federal,2020-11-01,2020-12-01,-0.0011869156794286947,0.005188765635595947,0.004647837076372623,0.002669470127814167,0.001591940516922965,0.003167517548671898,4193.0,808092.0,23406.0,19213.0,2146.8333333333335,-0.0037526601854493222,0.0016898128604713582,0.004136156862745098,0.003023926174664578,0.005730819418857344,0.005188765635595947
Distrito Federal,2020-12-01,2021-01-01,0.004711728764234761,-0.0011869156794286947,0.003244223125008199,0.0030970942121509378,-0.00024339780390728423,0.002335586440118904,-958.0,807134.0,20450.0,21408.0,2482.6666666666665,0.0016898128604713582,0.004136156862745098,0.003023926174664578,0.005730819418857344,0.005188765635595947,-0.0011869156794286947
Distrito Federal,2021-01-01,2021-02-01,0.004139619759162792,0.004711728764234761,0.002904526240134004,0.0036007468627781724,-0.0002941919953740833,0.0023034174645042297,3821.0,810955.0,24485.0,20664.0,2896.0,0.004136156862745098,0.003023926174664578,0.005730819418857344,0.005188765635595947,-0.0011869156794286947,0.004711728764234761
Distrito Federal,2021-02-01,2021-03-01,0.0025953983428154987,0.004139619759162792,0.0025548109479896193,0.0036013240121811215,-0.0001101281530400379,0.002303551975626747,3371.0,814326.0,25299.0,21928.0,2908.5,0.003023926174664578,0.005730819418857344,0.005188765635595947,-0.0011869156794286947,0.004711728764234761,0.004139619759162792
Distrito Federal,2021-03-01,2021-04-01,0.004359649764639887,0.0025953983428154987,0.003815582288737684,0.0035299027068729414,-0.00036931138759557785,0.0023268720921332596,2119.0,816445.0,23638.0,21519.0,2858.8333333333335,0.005730819418857344,0.005188765635595947,-0.0011869156794286947,0.004711728764234761,0.004139619759162792,0.0025953983428154987
Distrito Federal,2021-04-01,2021-05-01,0.004317755738389657,0.004359649764639887,0.00369822262220606,0.0033013744311700317,0.00018940724876800888,0.002160906336428378,3575.0,820020.0,23046.0,19471.0,2686.8333333333335,0.005188765635595947,-0.0011869156794286947,0.004711728764234761,0.004139619759162792,0.0025953983428154987,0.004359649764639887
Distrito Federal,2021-05-01,2021-06-01,0.00573445720646219,0.004317755738389657,0.0037576012819483477,0.0031562061149689835,0.0007120828192559955,0.0020559442085429248,3556.0,823576.0,24577.0,21021.0,2580.6666666666665,-0.0011869156794286947,0.004711728764234761,0.004139619759162792,0.0025953983428154987,0.004359649764639887,0.004317755738389657
Distrito Federal,2021-06-01,2021-07-01,0.00925053225845035,0.00573445720646219,0.004803954236497245,0.0043097682626174645,0.00021178004487548932,0.0009275305503267548,4750.0,828326.0,27406.0,22656.0,3532.0,0.004711728764234761,0.004139619759162792,0.0025953983428154987,0.004359649764639887,0.004317755738389657,0.00573445720646219
Distrito Federal,2021-07-01,2021-08-01,0.011064401583129685,0.00925053225845035,0.0064342484011007325,0.005066235511653396,0.0009979955731750747,0.0020807850263466626,7734.0,836060.0,29292.0,21558.0,4184.166666666667,0.004139619759162792,0.0025953983428154987,0.004359649764639887,0.004317755738389657,0.00573445720646219,0.00925053225845035
Distrito Federal,2021-08-01,2021-09-01,0.007683459317338842,0.011064401583129685,0.008683130349347408,0.0062203658156478785,0.0016695532900307098,0.002975042769212629,9354.0,845414.0,31878.0,22524.0,5181.333333333333,0.0025953983428154987,0.004359649764639887,0.004317755738389657,0.00573445720646219,0.00925053225845035,0.011064401583129685
Distrito Federal,2021-09-01,2021-10-01,0.006299563427774298,0.007683459317338842,0.009332797719639626,0.007068375978068434,0.0011535731528486577,0.0025096747091357084,6546.0,851960.0,30269.0,23723.0,5919.166666666667,0.004359649764639887,0.004317755738389657,0.00573445720646219,0.00925053225845035,0.011064401583129685,0.007683459317338842
Distrito Federal,2021-10-01,2021-11-01,0.00913248341833639,0.006299563427774298,0.008349141442747609,0.00739169492192417,0.000501997545835214,0.0022515723052825144,5401.0,857361.0,29996.0,24595.0,6223.5,0.004317755738389657,0.00573445720646219,0.00925053225845035,0.011064401583129685,0.007683459317338842,0.006299563427774298
Distrito Federal,2021-11-01,2021-12-01,-0.0037131900025752207,0.00913248341833639,0.007705168721149843,0.008194149535248626,0.00013589378004434235,0.001831898337881107,7902.0,865263.0,31796.0,23894.0,6947.833333333333,0.00573445720646219,0.00925053225845035,0.011064401583129685,0.007683459317338842,0.006299563427774298,0.00913248341833639
Distrito Federal,2021-12-01,2022-01-01,0.0035739301904632007,-0.0037131900025752207,0.003906285614511822,0.006619541667075724,-0.0020570931911163496,0.004847566709316636,-3201.0,862062.0,26850.0,30051.0,5622.666666666667,0.00925053225845035,0.011064401583129685,0.007683459317338842,0.006299563427774298,0.00913248341833639,-0.0037131900025752207
Distrito Federal,2022-01-01,2022-02-01,0.00825353010360473,0.0035739301904632007,0.0029977412020747896,0.0056734413224112,-0.001965982426643215,0.004795421785571032,3092.0,865154.0,31723.0,28631.0,4849.0,0.011064401583129685,0.007683459317338842,0.006299563427774298,0.00913248341833639,-0.0037131900025752207,0.0035739301904632007
Distrito Federal,2022-02-01,2022-03-01,0.005220473195185031,0.00825353010360473,0.0027047567638309026,0.005204962742490373,-0.0005192062629004421,0.004363752076602248,7200.0,872354.0,35872.0,28672.0,4490.0,0.007683459317338842,0.006299563427774298,0.00913248341833639,-0.0037131900025752207,0.0035739301904632007,0.00825353010360473
Distrito Federal,2022-03-01,2022-04-01,0.006217008265923859,0.005220473195185031,0.005682644496417653,0.004794465055464738,-2.1291168974368e-05,0.004224930735380748,4578.0,876932.0,33701.0,29123.0,4162.0,0.006299563427774298,0.00913248341833639,-0.0037131900025752207,0.0035739301904632007,0.00825353010360473,0.005220473195185031
Distrito Federal,2022-04-01,2022-05-01,0.005025510923185342,0.006217008265923859,0.006563670521571206,0.004780705861822998,0.0004829489641245609,0.004220138435632687,5486.0,882418.0,32349.0,26863.0,4176.166666666667,0.00913248341833639,-0.0037131900025752207,0.0035739301904632007,0.00825353010360473,0.005220473195185031,0.006217008265923859
Distrito Federal,2022-05-01,2022-06-01,0.004870873054343728,0.005025510923185342,0.005487664128098077,0.00409621044596449,0.0013882766270504308,0.003767584731764125,4457.0,886875.0,34095.0,29638.0,3602.0,-0.0037131900025752207,0.0035739301904632007,0.00825353010360473,0.005220473195185031,0.006217008265923859,0.005025510923185342
Distrito Federal,2022-06-01,2022-07-01,0.004708341895308633,0.004870873054343728,0.005371130747817643,0.005526887622117648,-6.293737574619175e-05,0.001443405230875248,4341.0,891216.0,33269.0,28928.0,4859.0,0.0035739301904632007,0.00825353010360473,0.005220473195185031,0.006217008265923859,0.005025510923185342,0.004870873054343728
Distrito Federal,2022-07-01,2022-08-01,0.0059271446349849185,0.004708341895308633,0.004868241957612568,0.005715956239591887,-0.0005704639659069405,0.0012343692510380492,4216.0,895432.0,34215.0,29999.0,5046.333333333333,0.00825353010360473,0.005220473195185031,0.006217008265923859,0.005025510923185342,0.004870873054343728,0.004708341895308633
Distrito Federal,2022-08-01,2022-09-01,0.0075012753710696255,0.0059271446349849185,0.005168786528212427,0.005328225328155252,-3.277942233393878e-05,0.0005545737931625394,5339.0,900771.0,35994.0,30655.0,4736.166666666667,0.005220473195185031,0.006217008265923859,0.005025510923185342,0.004870873054343728,0.004708341895308633,0.0059271446349849185
Distrito Federal,2022-09-01,2022-10-01,0.00526097159184944,0.0075012753710696255,0.006045587300454392,0.005708359024136018,0.0002561058714883564,0.0009737247008529214,6808.0,907579.0,35461.0,28653.0,5107.833333333333,0.006217008265923859,0.005025510923185342,0.004870873054343728,0.004708341895308633,0.0059271446349849185,0.0075012753710696255
Distrito Federal,2022-10-01,2022-11-01,0.004510574318094779,0.00526097159184944,0.006229797199301328,0.005549019578456948,0.00029392322951927037,0.0009555047416599093,4800.0,912379.0,33231.0,28431.0,4993.5,0.005025510923185342,0.004870873054343728,0.004708341895308633,0.0059271446349849185,0.0075012753710696255,0.00526097159184944
Distrito Federal,2022-11-01,2022-12-01,-0.009096604352761516,0.004510574318094779,0.005757607093671281,0.0054631968109418545,4.087217555606794e-05,0.0010196445320215023,4134.0,916513.0,31818.0,27684.0,4939.666666666667,0.004870873054343728,0.004708341895308633,0.0059271446349849185,0.0075012753710696255,0.00526097159184944,0.004510574318094779
Distrito Federal,2022-12-01,2023-01-01,-0.0011783743504610981,-0.009096604352761516,0.00022498051906090095,0.003135283909757647,-0.0021575641705783243,0.005558176281704823,-8262.0,908251.0,26494.0,34756.0,2839.1666666666665,0.004708341895308633,0.0059271446349849185,0.0075012753710696255,0.00526097159184944,0.004510574318094779,-0.009096604352761516
Distrito Federal,2023-01-01,2023-02-01,0.008218003955399535,-0.0011783743504610981,-0.001921468128375945,0.002154164535462691,-0.0024591894677850907,0.005711355739101158,-1069.0,907182.0,31903.0,32972.0,1958.3333333333333,0.0059271446349849185,0.0075012753710696255,0.00526097159184944,0.004510574318094779,-0.009096604352761516,-0.0011783743504610981
Distrito Federal,2023-02-01,2023-03-01,0.005543608487950615,0.008218003955399535,-0.0006856582492743597,0.0025359744221984614,-0.000838330673603953,0.006019102967678775,7517.0,914699.0,36792.0,29275.0,2321.3333333333335,0.0075012753710696255,0.00526097159184944,0.004510574318094779,-0.009096604352761516,-0.0011783743504610981,0.008218003955399535
Distrito Federal,2023-03-01,2023-04-01,0.006231862449571398,0.005543608487950615,0.004194412697629684,0.0022096966083452927,0.0005843915255634447,0.005789797191365339,5099.0,919798.0,36276.0,31177.0,2036.5,0.00526097159184944,0.004510574318094779,-0.009096604352761516,-0.0011783743504610981,0.008218003955399535,0.005543608487950615
Distrito Federal,2023-04-01,2023-05-01,0.0016998474883027626,0.006231862449571398,0.00666449163097385,0.002371511751298952,0.0017692416424394317,0.005885588943757525,5768.0,925566.0,31807.0,26039.0,2197.8333333333335,0.004510574318094779,-0.009096604352761516,-0.0011783743504610981,0.008218003955399535,0.005543608487950615,0.006231862449571398
Distrito Federal,2023-05-01,2023-06-01,0.0029498271291611327,0.0016998474883027626,0.004491772808608258,0.0019030572796669492,0.002101102118227712,0.005808037390186866,1576.0,927142.0,33418.0,31842.0,1771.5,-0.009096604352761516,-0.0011783743504610981,0.008218003955399535,0.005543608487950615,0.006231862449571398,0.0016998474883027626
Distrito Federal,2023-06-01,2023-07-01,0.00457630384516571,0.0029498271291611327,0.003627179022345098,0.003910795859987391,5.070834166976058e-05,0.003117607945292359,2743.0,929885.0,33300.0,30557.0,3605.6666666666665,-0.0011783743504610981,0.008218003955399535,0.005543608487950615,0.006231862449571398,0.0016998474883027626,0.0029498271291611327
Distrito Federal,2023-07-01,2023-08-01,0.004122482615105962,0.00457630384516571,0.0030753261542098686,0.00486990889259186,-0.0008720531311087483,0.0021346637672339883,4275.0,934160.0,35042.0,30767.0,4496.333333333333,0.008218003955399535,0.005543608487950615,0.006231862449571398,0.0016998474883027626,0.0029498271291611327,0.00457630384516571
Distrito Federal,2023-08-01,2023-09-01,0.00434445718167537,0.004122482615105962,0.0038828711964776015,0.0041873220025429305,-0.00030920930104519855,0.0015217365469932095,3867.0,938027.0,37207.0,33340.0,3888.0,0.005543608487950615,0.006231862449571398,0.0016998474883027626,0.0029498271291611327,0.00457630384516571,0.004122482615105962
Distrito Federal,2023-09-01,2023-10-01,0.005467122840834837,0.00434445718167537,0.004347747880649014,0.003987463451497056,-1.5504121230455917e-05,0.0014047307275888272,4093.0,942120.0,34061.0,29968.0,3720.3333333333335,0.006231862449571398,0.0016998474883027626,0.0029498271291611327,0.00457630384516571,0.004122482615105962,0.00434445718167537
Distrito Federal,2023-10-01,2023-11-01,0.004259206118456805,0.005467122840834837,0.0046446875458720565,0.0038600068500409626,0.0006447555911469525,0.001217525115179925,5179.0,947299.0,35858.0,30679.0,3622.1666666666665,0.0016998474883027626,0.0029498271291611327,0.00457630384516571,0.004122482615105962,0.00434445718167537,0.005467122840834837
Distrito Federal,2023-11-01,2023-12-01,-0.006060574014932003,0.004259206118456805,0.004690262046989004,0.004286566621733303,0.0002697521857158616,0.0007411203896134289,4052.0,951351.0,33194.0,29142.0,4034.8333333333335,0.0029498271291611327,0.00457630384516571,0.004122482615105962,0.00434445718167537,0.005467122840834837,0.004259206118456805
Distrito Federal,2023-12-01,2024-01-01,0.003013248594063331,-0.006060574014932003,0.0012219183147865464,0.00278483309771778,-0.0014757586608936158,0.003979966122393935,-5731.0,945620.0,27519.0,33250.0,2622.5,0.00457630384516571,0.004122482615105962,0.00434445718167537,0.005467122840834837,0.004259206118456805,-0.006060574014932003
Distrito Federal,2024-01-01,2024-02-01,0.006817879577670528,0.003013248594063331,0.0004039602325293778,0.002524323889200717,-0.001084833726211809,0.0039046211494863474,2858.0,948478.0,35508.0,32650.0,2386.3333333333335,0.004122482615105962,0.00434445718167537,0.005467122840834837,0.004259206118456805,-0.006060574014932003,0.003013248594063331
Distrito Federal,2024-02-01,2024-03-01,0.007300324736073978,0.006817879577670528,0.001256851385600619,0.0029735567162948117,-0.0001518368826779297,0.004206067963178658,6511.0,954989.0,38813.0,32302.0,2827.0,0.00434445718167537,0.005467122840834837,0.004259206118456805,-0.006060574014932003,0.003013248594063331,0.006817879577670528
Distrito Federal,2024-03-01,2024-04-01,0.005435917582474387,0.007300324736073978,0.005710484302602612,0.0034662013086945794,0.0007404529275094915,0.004500581582968766,7023.0,962012.0,39878.0,32855.0,3315.3333333333335,0.005467122840834837,0.004259206118456805,-0.006060574014932003,0.003013248594063331,0.006817879577670528,0.007300324736073978
Distrito Federal,2024-04-01,2024-05-01,0.0025707311992723995,0.005435917582474387,0.0065180406320729635,0.003461000432301171,0.0014220252730489436,0.004498283754879277,5258.0,967270.0,38284.0,33026.0,3328.5,0.004259206118456805,-0.006060574014932003,0.003013248594063331,0.006817879577670528,0.007300324736073978,0.005435917582474387
Distrito Federal,2024-05-01,2024-06-01,0.003264336201961274,0.0025707311992723995,0.005102324505940254,0.003179587945770437,0.0014544850912759607,0.004492357018701853,2493.0,969763.0,37001.0,34508.0,3068.6666666666665,-0.006060574014932003,0.003013248594063331,0.006817879577670528,0.007300324736073978,0.005435917582474387,0.0025707311992723995
Distrito Federal,2024-06-01,2024-07-01,0.0030545536519386834,0.003264336201961274,0.0037569949945693536,0.004733739648585983,-0.0003814404071229793,0.0018806866483462486,3176.0,972939.0,35542.0,32366.0,4553.166666666667,0.003013248594063331,0.006817879577670528,0.007300324736073978,0.005435917582474387,0.0025707311992723995,0.003264336201961274
Distrito Federal,2024-07-01,2024-08-01,0.0041795235996147,0.0030545536519386834,0.0029632070177241193,0.004740623824898541,-0.0009654223318342659,0.001874441490460113,2981.0,975920.0,38171.0,35190.0,4573.666666666667,0.006817879577670528,0.007300324736073978,0.005435917582474387,0.0025707311992723995,0.003264336201961274,0.0030545536519386834
Distrito Federal,2024-08-01,2024-09-01,0.006297738755884802,0.0041795235996147,0.003499471151171553,0.004300897828555903,-0.0006301283563204178,0.0016289502599415617,4096.0,980016.0,39671.0,35575.0,4171.166666666667,0.007300324736073978,0.005435917582474387,0.0025707311992723995,0.003264336201961274,0.0030545536519386834,0.0041795235996147
Distrito Federal,2024-09-01,2024-10-01,0.0038775192764926784,0.006297738755884802,0.004510605335812728,0.004133800165191041,0.00025502001480161095,0.001338167642529789,6211.0,986227.0,39539.0,33328.0,4035.8333333333335,0.005435917582474387,0.0025707311992723995,0.003264336201961274,0.0030545536519386834,0.0041795235996147,0.006297738755884802
Distrito Federal,2024-10-01,2024-11-01,0.0032377512126465597,0.0038775192764926784,0.00478492721066406,0.00387406711419409,0.0004788319427299424,0.0012048207623211473,3839.0,990066.0,40436.0,36597.0,3799.3333333333335,0.0025707311992723995,0.003264336201961274,0.0030545536519386834,0.0041795235996147,0.006297738755884802,0.0038775192764926784
Distrito Federal,2024-11-01,2024-12-01,-0.005942796030844205,0.0032377512126465597,0.0044710030816746795,0.003985237116423116,0.00012726248809595743,0.0011061659925906645,3216.0,993282.0,34863.0,31647.0,3919.8333333333335,0.003264336201961274,0.0030545536519386834,0.0041795235996147,0.006297738755884802,0.0038775192764926784,0.0032377512126465597
Distrito Federal,2024-12-01,2025-01-01,0.0075233767447750975,-0.005942796030844205,0.0003908248194316776,0.002450715077622203,-0.001435208144406028,0.003899983246510106,-5868.0,987414.0,32965.0,38833.0,2412.5,0.0030545536519386834,0.0041795235996147,0.006297738755884802,0.0038775192764926784,0.0032377512126465597,-0.005942796030844205
Distrito Federal,2025-01-01,2025-02-01,0.007016465238554827,0.0075233767447750975,0.001606110642192484,0.0031955189264282723,-0.0005897744770923182,0.004345459213645681,7485.0,994899.0,43191.0,35706.0,3163.1666666666665,0.0041795235996147,0.006297738755884802,0.0038775192764926784,0.0032377512126465597,-0.005942796030844205,0.0075233767447750975
Distrito Federal,2025-02-01,2025-03-01,0.0030368733339237257,0.007016465238554827,0.0028656819841619066,0.003668342532918293,0.00015287593070590353,0.004575079001338378,7030.0,1001929.0,43723.0,36693.0,3652.1666666666665,0.006297738755884802,0.0038775192764926784,0.0032377512126465597,-0.005942796030844205,0.0075233767447750975,0.007016465238554827
Distrito Federal,2025-03-01,2025-04-01,0.0066599520222512375,0.0030368733339237257,0.005858905105751217,0.0031248649625914473,0.0005885452897285525,0.004421555323001216,3052.0,1004981.0,38667.0,35615.0,3125.6666666666665,0.0038775192764926784,0.0032377512126465597,-0.005942796030844205,0.0075233767447750975,0.007016465238554827,0.0030368733339237257
Distrito Federal,2025-04-01,2025-05-01,0.002914230749520044,0.0066599520222512375,0.00557109686490993,0.003588603753551207,0.001244088589603054,0.0046177364377628675,6738.0,1011719.0,38820.0,32082.0,3608.8333333333335,0.0032377512126465597,-0.005942796030844205,0.0075233767447750975,0.007016465238554827,0.0030368733339237257,0.0066599520222512375
Distrito Federal,2025-05-01,2025-06-01,0.003794643514595878,0.002914230749520044,0.004203685368565003,0.0035346836763634547,0.0010775790808462444,0.004623403797467484,2957.0,1014676.0,40089.0,37132.0,3565.6666666666665,-0.005942796030844205,0.0075233767447750975,0.007016465238554827,0.0030368733339237257,0.0066599520222512375,0.002914230749520044
Distrito Federal,2025-06-01,2025-07-01,0.001714218506503053,0.003794643514595878,0.004456275428789053,0.005157590267270134,-0.000780779740847798,0.0019449583863042472,3865.0,1018541.0,38730.0,34865.0,5187.833333333333,0.0075233767447750975,0.007016465238554827,0.0030368733339237257,0.0066599520222512375,0.002914230749520044,0.003794643514595878
Distrito Federal,2025-07-01,2025-08-01,0.002975565186375918,0.001714218506503053,0.002807697590206325,0.004189397227558127,-0.0007995326968849599,0.001971997954679193,1749.0,1020290.0,39542.0,37793.0,4231.833333333333,0.007016465238554827,0.0030368733339237257,0.0066599520222512375,0.002914230749520044,0.003794643514595878,0.001714218506503053
Distrito Federal,2025-08-01,2025-09-01,0.00361812607163617,0.002975565186375918,0.0028281424024916165,0.003515913885528309,-0.00040752367199736457,0.0015325496953880122,3045.0,1023335.0,40423.0,37378.0,3567.6666666666665,0.0030368733339237257,0.0066599520222512375,0.002914230749520044,0.003794643514595878,0.001714218506503053,0.002975565186375918
Distrito Federal,2025-09-01,2025-10-01,0.014836194674816167,0.00361812607163617,0.0027693032548383803,0.0036127893418137166,-0.0004887300414457298,0.0015175039686783703,3716.0,1027051.0,42171.0,38455.0,3678.3333333333335,0.0066599520222512375,0.002914230749520044,0.003794643514595878,0.001714218506503053,0.002975565186375918,0.00361812607163617
Distrito Federal,2025-10-01,2025-11-01,0.004142885117805236,0.014836194674816167,0.007143295310942752,0.004975496450574538,0.0017240461136421238,0.004460095526853295,15467.0,1042518.0,53430.0,37963.0,5133.166666666667,0.002914230749520044,0.003794643514595878,0.001714218506503053,0.002975565186375918,0.00361812607163617,0.014836194674816167
Distrito Federal,2025-11-01,2025-12-01,-0.0070506421615218915,0.004142885117805236,0.007532401954752525,0.005180272178622071,0.0011928484973213252,0.0043883850370470085,4337.0,1046855.0,36452.0,32115.0,5363.166666666667,0.003794643514595878,0.001714218506503053,0.002975565186375918,0.00361812607163617,0.014836194674816167,0.004142885117805236
Distrito Federal,2025-12-01,2026-01-01,0.0019318550609417698,-0.0070506421615218915,0.0039761458770331696,0.003372724565935775,-0.000831550712647336,0.006372067534284157,-7381.0,,31064.0,38445.0,3488.8333333333335,0.001714218506503053,0.002975565186375918,0.00361812607163617,0.014836194674816167,0.004142885117805236,-0.0070506421615218915
Distrito Federal,2026-01-01,2026-02-01,0.006547431678351695,0.0019318550609417698,-0.000325300660924962,0.0034089973250088948,-0.0013690904252473106,0.00636313649431645,2012.0,1041486.0,39381.0,37369.0,3532.6666666666665,0.002975565186375918,0.00361812607163617,0.014836194674816167,0.004142885117805236,-0.0070506421615218915,0.0019318550609417698
Distrito Federal,2026-02-01,2026-03-01,0.006360769661659374,0.006547431678351695,0.00047621485925719115,0.004004308407004858,-0.0010074290882106486,0.006461070233033768,6864.0,1048350.0,43391.0,36527.0,4169.166666666667,0.00361812607163617,0.014836194674816167,0.004142885117805236,-0.0070506421615218915,0.0019318550609417698,0.006547431678351695
Distrito Federal,2026-03-01,2026-04-01,0.003964088137001303,0.006360769661659374,0.0049466854669842795,0.004461415672008725,-0.000748028233190883,0.006514377200666632,6711.0,1055061.0,45739.0,39028.0,4668.333333333333,0.014836194674816167,0.004142885117805236,-0.0070506421615218915,0.0019318550609417698,0.006547431678351695,0.006360769661659374
Distrito Federal,2026-04-01,2026-05-01,0.0017999001102556613,0.003964088137001303,0.0056240964923374576,0.0026493979157062478,0.0012558807766552581,0.004610377914741931,4199.0,1059260.0,40845.0,36646.0,2790.3333333333335,0.004142885117805236,-0.0070506421615218915,0.0019318550609417698,0.006547431678351695,0.006360769661659374,0.003964088137001303
Distrito Federal,2026-05-01,2026-06-01,0.005159964525243889,0.0017999001102556613,0.0040415859696387784,0.002258900414447985,0.0014332213877249725,0.004566357406951759,1910.0,1061170.0,40567.0,38657.0,2385.8333333333335,-0.0070506421615218915,0.0019318550609417698,0.006547431678351695,0.006360769661659374,0.003964088137001303,0.0017999001102556613
Espírito Santo,2020-07-01,2020-08-01,0.007773157413514424,0.002734500928617686,-0.0023748610308676732,-0.005547275634137923,0.0004960361799457399,0.010109705325931837,1917.0,701042.0,21964.0,20047.0,-3906.8333333333335,0.00510300069074525,-0.0055066824447571215,-0.025755388958212645,-0.008252790439958415,-0.0016062935812622922,0.002734500928617686
Espírito Santo,2020-08-01,2020-09-01,0.009507707663924544,0.007773157413514424,0.0029671215869566062,-0.005102249513676394,0.004529010451729852,0.010614880372667976,5492.0,706534.0,25284.0,19792.0,-3610.8333333333335,-0.0055066824447571215,-0.025755388958212645,-0.008252790439958415,-0.0016062935812622922,0.002734500928617686,0.007773157413514424
Espírito Santo,2020-09-01,2020-10-01,0.012667689087959606,0.009507707663924544,0.006671788668685552,-0.0025998511622294493,0.006535260605170984,0.011914762619232463,6782.0,713316.0,28017.0,21235.0,-1815.8333333333333,-0.025755388958212645,-0.008252790439958415,-0.0016062935812622922,0.002734500928617686,0.007773157413514424,0.009507707663924544
Espírito Santo,2020-10-01,2020-11-01,0.015170454622906037,0.012667689087959606,0.00998285138846619,0.003803995178799259,0.00408523022457278,0.007102027604246211,9152.0,722468.0,31982.0,22830.0,2740.1666666666665,-0.008252790439958415,-0.0016062935812622922,0.002734500928617686,0.007773157413514424,0.009507707663924544,0.012667689087959606
Espírito Santo,2020-11-01,2020-12-01,-0.002581630923811138,0.015170454622906037,0.012448617124930063,0.007707869355943336,0.0032976530214079286,0.005701194258528344,11129.0,733597.0,32994.0,21865.0,5558.166666666667,-0.0016062935812622922,0.002734500928617686,0.007773157413514424,0.009507707663924544,0.012667689087959606,0.015170454622906037
Espírito Santo,2020-12-01,2021-01-01,0.007045732121047632,-0.002581630923811138,0.008418837595684835,0.007545313132185194,-3.5108177426691425e-05,0.005971925059138758,-1889.0,731708.0,27580.0,29469.0,5430.5,0.002734500928617686,0.007773157413514424,0.009507707663924544,0.012667689087959606,0.015170454622906037,-0.002581630923811138
Espírito Santo,2021-01-01,2021-02-01,0.009935576619485553,0.007045732121047632,0.00654485194004751,0.00826385166425685,-0.0010686393340169878,0.005597487752972783,5192.0,736900.0,30799.0,25607.0,5976.333333333333,0.007773157413514424,0.009507707663924544,0.012667689087959606,0.015170454622906037,-0.002581630923811138,0.007045732121047632
Espírito Santo,2021-02-01,2021-03-01,0.006060096176317016,0.009935576619485553,0.0047998926055740155,0.00862425486525204,-0.0009279603334185162,0.005623844407855108,7395.0,744295.0,33407.0,26012.0,6293.5,0.009507707663924544,0.012667689087959606,0.015170454622906037,-0.002581630923811138,0.007045732121047632,0.009935576619485553
Espírito Santo,2021-03-01,2021-04-01,0.0028270631035639906,0.006060096176317016,0.0076804683056167335,0.008049652950650785,-0.0011175781578175894,0.005680070015935208,4538.0,748833.0,34742.0,30204.0,5919.5,0.012667689087959606,0.015170454622906037,-0.002581630923811138,0.007045732121047632,0.009935576619485553,0.006060096176317016
Espírito Santo,2021-04-01,2021-05-01,0.014012089891653144,0.0028270631035639906,0.006274245299788854,0.006409548619918181,-0.0009400551942253663,0.005528542694761945,2123.0,750956.0,27453.0,25330.0,4748.0,0.015170454622906037,-0.002581630923811138,0.007045732121047632,0.009935576619485553,0.006060096176317016,0.0028270631035639906
Espírito Santo,2021-05-01,2021-06-01,0.006146113072821653,0.014012089891653144,0.00763308305717805,0.006216487831376033,0.0018982033309057691,0.005231478932922055,10672.0,761628.0,37781.0,27109.0,4671.833333333333,-0.002581630923811138,0.007045732121047632,0.009935576619485553,0.006060096176317016,0.0028270631035639906,0.014012089891653144
Espírito Santo,2021-06-01,2021-07-01,0.0032438816282360774,0.006146113072821653,0.007661755356012929,0.007671111830814831,0.00012852604293199526,0.00351455791557177,4710.0,766338.0,34708.0,29998.0,5771.666666666667,0.007045732121047632,0.009935576619485553,0.006060096176317016,0.0028270631035639906,0.014012089891653144,0.006146113072821653
Espírito Santo,2021-07-01,2021-08-01,0.0065691883873702055,0.0032438816282360774,0.007800694864236959,0.0070374700820129065,-0.0006290113565326946,0.0038925775595299644,2494.0,768832.0,33856.0,31362.0,5322.0,0.009935576619485553,0.006060096176317016,0.0028270631035639906,0.014012089891653144,0.006146113072821653,0.0032438816282360774
Espírito Santo,2021-08-01,2021-09-01,0.007778374656883548,0.0065691883873702055,0.005319727696142646,0.006476405376660349,-0.00011628743398712249,0.0036707053128606213,5084.0,773916.0,37763.0,32679.0,4936.833333333333,0.006060096176317016,0.0028270631035639906,0.014012089891653144,0.006146113072821653,0.0032438816282360774,0.0065691883873702055
Espírito Santo,2021-09-01,2021-10-01,0.00425753014739863,0.007778374656883548,0.005863814890829944,0.006762785123421437,-1.3553662595331279e-05,0.0036940085603447987,6067.0,779983.0,34612.0,28545.0,5191.666666666667,0.0028270631035639906,0.014012089891653144,0.006146113072821653,0.0032438816282360774,0.0065691883873702055,0.007778374656883548
Espírito Santo,2021-10-01,2021-11-01,0.010728543229272568,0.00425753014739863,0.006201697730550795,0.007001196297393877,-0.0011585916345700784,0.0034717803025117303,3335.0,783318.0,34406.0,31071.0,5393.666666666667,0.014012089891653144,0.006146113072821653,0.0032438816282360774,0.0065691883873702055,0.007778374656883548,0.00425753014739863
Espírito Santo,2021-11-01,2021-12-01,-0.006329170230531765,0.010728543229272568,0.007588149344518249,0.006453938520330447,0.0007760652174073018,0.002424289948509738,8495.0,791813.0,35989.0,27494.0,5030.833333333333,0.006146113072821653,0.0032438816282360774,0.0065691883873702055,0.007778374656883548,0.00425753014739863,0.010728543229272568
Espírito Santo,2021-12-01,2022-01-01,0.004647650178935797,-0.006329170230531765,0.002885634382046477,0.00437472463643821,-0.0011116582650747722,0.0053640379862420606,-4980.0,786833.0,30580.0,35560.0,3415.8333333333335,0.0032438816282360774,0.0065691883873702055,0.007778374656883548,0.00425753014739863,0.010728543229272568,-0.006329170230531765
Espírito Santo,2022-01-01,2022-02-01,0.008875531917561241,0.004647650178935797,0.003015674392558867,0.0046086860615548305,-0.0012988375035012589,0.00534017284144404,3674.0,790507.0,36563.0,32889.0,3612.5,0.0065691883873702055,0.007778374656883548,0.00425753014739863,0.010728543229272568,-0.006329170230531765,0.004647650178935797
Espírito Santo,2022-02-01,2022-03-01,0.003681297335650123,0.008875531917561241,0.002398003955321758,0.004993076649920003,-0.00029718763033726754,0.005546478511960364,7079.0,797586.0,41628.0,34549.0,3945.0,0.007778374656883548,0.00425753014739863,0.010728543229272568,-0.006329170230531765,0.004647650178935797,0.008875531917561241
Espírito Santo,2022-03-01,2022-04-01,0.006733584793289989,0.003681297335650123,0.005734826477382386,0.0043102304297144315,7.247492615974465e-05,0.005412112180422806,2947.0,800533.0,38862.0,35915.0,3425.0,0.00425753014739863,0.010728543229272568,-0.006329170230531765,0.004647650178935797,0.008875531917561241,0.003681297335650123
Espírito Santo,2022-04-01,2022-05-01,0.016193333707670413,0.006733584793289989,0.006430138015500451,0.004722906204029659,0.0004081283502073777,0.0054862526798709925,5427.0,805960.0,39260.0,33833.0,3773.6666666666665,0.010728543229272568,-0.006329170230531765,0.004647650178935797,0.008875531917561241,0.003681297335650123,0.006733584793289989
Espírito Santo,2022-05-01,2022-06-01,0.002821516559064396,0.016193333707670413,0.008869405278870176,0.005633704617095967,0.0032478882557760657,0.006722096886961624,13266.0,819226.0,49503.0,36237.0,4568.833333333333,-0.006329170230531765,0.004647650178935797,0.008875531917561241,0.003681297335650123,0.006733584793289989,0.016193333707670413
Espírito Santo,2022-06-01,2022-07-01,-0.0006260428973362727,0.002821516559064396,0.008582811686674933,0.007158819082028659,0.0004535721351031539,0.004508541922710796,2318.0,821544.0,39380.0,37062.0,5785.166666666667,0.004647650178935797,0.008875531917561241,0.003681297335650123,0.006733584793289989,0.016193333707670413,0.002821516559064396
Espírito Santo,2022-07-01,2022-08-01,0.0052642738149326065,-0.0006260428973362727,0.006129602456466179,0.0062798702359833135,-0.0011607847854246953,0.005348278569582911,-514.0,821030.0,37051.0,37565.0,5087.166666666667,0.008875531917561241,0.003681297335650123,0.006733584793289989,0.016193333707670413,0.002821516559064396,-0.0006260428973362727
Espírito Santo,2022-08-01,2022-09-01,0.009284488242849083,0.0052642738149326065,0.002486582492220243,0.005677993885545209,-0.0007867376521163539,0.005224062078898276,4345.0,825375.0,42474.0,38129.0,4631.5,0.003681297335650123,0.006733584793289989,0.016193333707670413,0.002821516559064396,-0.0006260428973362727,0.0052642738149326065
Espírito Santo,2022-09-01,2022-10-01,0.003792978923377521,0.009284488242849083,0.004640906386815139,0.006611859036745036,-0.0006708634824805319,0.005284132337136766,7735.0,833110.0,41062.0,33327.0,5429.5,0.006733584793289989,0.016193333707670413,0.002821516559064396,-0.0006260428973362727,0.0052642738149326065,0.009284488242849083
Espírito Santo,2022-10-01,2022-11-01,0.00440604155084091,0.003792978923377521,0.006113913660386404,0.006121758058426292,-0.0010492154902240426,0.005385511449842147,3172.0,836282.0,37514.0,34342.0,5053.666666666667,0.016193333707670413,0.002821516559064396,-0.0006260428973362727,0.0052642738149326065,0.009284488242849083,0.003792978923377521
Espírito Santo,2022-11-01,2022-12-01,-0.008504022091487573,0.00440604155084091,0.005827836239022505,0.004157209365621374,0.0007199972813982976,0.0029544525475917985,3701.0,839983.0,36505.0,32804.0,3459.5,0.002821516559064396,-0.0006260428973362727,0.0052642738149326065,0.009284488242849083,0.003792978923377521,0.00440604155084091
Espírito Santo,2022-12-01,2023-01-01,0.0019591748698376942,-0.008504022091487573,-0.000101667205756381,0.002269619590529379,-0.0013558886309286617,0.0056201642164417824,-7083.0,832900.0,30276.0,37359.0,1892.6666666666667,-0.0006260428973362727,0.0052642738149326065,0.009284488242849083,0.003792978923377521,0.00440604155084091,-0.008504022091487573
Espírito Santo,2023-01-01,2023-02-01,0.004254857111493722,0.0019591748698376942,-0.0007129352236029896,0.0027004892183917074,-0.0019793703743148897,0.0054789764521962145,1635.0,834535.0,39760.0,38125.0,2250.8333333333335,0.0052642738149326065,0.009284488242849083,0.003792978923377521,0.00440604155084091,-0.008504022091487573,0.0019591748698376942
Espírito Santo,2023-02-01,2023-03-01,0.005279218181969239,0.004254857111493722,-0.0007633300367187188,0.002532253101151893,-0.0012445608988492785,0.005412768015305819,3566.0,838101.0,39368.0,35802.0,2121.0,0.009284488242849083,0.003792978923377521,0.00440604155084091,-0.008504022091487573,0.0019591748698376942,0.004254857111493722
Espírito Santo,2023-03-01,2023-04-01,0.006823931027491401,0.005279218181969239,0.003831083387766885,0.0018647080910052522,0.0004983097124640656,0.004744607205873061,4448.0,842549.0,46457.0,42009.0,1573.1666666666667,0.003792978923377521,0.00440604155084091,-0.008504022091487573,0.0019591748698376942,0.004254857111493722,0.005279218181969239
Espírito Santo,2023-04-01,2023-05-01,0.015770403895439426,0.006823931027491401,0.005452668773651454,0.0023698667750242323,0.0015924242984365403,0.00507300596593856,5789.0,848338.0,40150.0,34361.0,2009.3333333333333,0.00440604155084091,-0.008504022091487573,0.0019591748698376942,0.004254857111493722,0.005279218181969239,0.006823931027491401
Espírito Santo,2023-05-01,2023-06-01,0.0007373340273856987,0.015770403895439426,0.009291184368300022,0.004263927165790652,0.003914021699373474,0.0071684021464273025,13593.0,861931.0,53928.0,40335.0,3658.0,-0.008504022091487573,0.0019591748698376942,0.004254857111493722,0.005279218181969239,0.006823931027491401,0.015770403895439426
Espírito Santo,2023-06-01,2023-07-01,0.0020951481874827912,0.0007373340273856987,0.007777222983438841,0.005804153185602863,0.0008566328281456942,0.004890441182759747,636.0,862567.0,42581.0,41945.0,4944.5,0.0019591748698376942,0.004254857111493722,0.005279218181969239,0.006823931027491401,0.015770403895439426,0.0007373340273856987
Espírito Santo,2023-07-01,2023-08-01,0.000364291141480271,0.0020951481874827912,0.006200962036769305,0.005826815405210379,-0.0004422206918816356,0.004872854538878032,1811.0,864378.0,41987.0,40176.0,4973.833333333333,0.004254857111493722,0.005279218181969239,0.006823931027491401,0.015770403895439426,0.0007373340273856987,0.0020951481874827912
Espírito Santo,2023-08-01,2023-09-01,0.005079921022473617,0.000364291141480271,0.0010655911187829204,0.005178387743541471,-0.001536972959729268,0.00528068234231361,315.0,864693.0,43789.0,43474.0,4432.0,0.005279218181969239,0.006823931027491401,0.015770403895439426,0.0007373340273856987,0.0020951481874827912,0.000364291141480271
Espírito Santo,2023-09-01,2023-10-01,0.00392421137562863,0.005079921022473617,0.00251312011714556,0.0051451715502922,-0.0015308735464819804,0.005280570439946442,4415.0,869108.0,40325.0,35910.0,4426.5,0.006823931027491401,0.015770403895439426,0.0007373340273856987,0.0020951481874827912,0.000364291141480271,0.005079921022473617
Espírito Santo,2023-10-01,2023-11-01,0.0020267549959739404,0.00392421137562863,0.003122807846527506,0.004661884941648406,-0.0013695445331369349,0.005237328512971074,3424.0,872532.0,41141.0,37717.0,4032.3333333333335,0.015770403895439426,0.0007373340273856987,0.0020951481874827912,0.000364291141480271,0.005079921022473617,0.00392421137562863
Espírito Santo,2023-11-01,2023-12-01,-0.007919910909648458,0.0020267549959739404,0.003676962464692063,0.0023712767917374914,0.00047571212252491625,0.0016653859423521528,1772.0,874304.0,39677.0,37905.0,2062.1666666666665,0.0007373340273856987,0.0020951481874827912,0.000364291141480271,0.005079921022473617,0.00392421137562863,0.0020267549959739404
Espírito Santo,2023-12-01,2024-01-01,0.004151311635382585,-0.007919910909648458,-0.0006563148460152959,0.0009284026355651321,-0.0013212461019720056,0.004230613083754021,-6870.0,867434.0,34300.0,41170.0,811.1666666666666,0.0020951481874827912,0.000364291141480271,0.005079921022473617,0.00392421137562863,0.0020267549959739404,-0.007919910909648458
Espírito Santo,2024-01-01,2024-02-01,0.005428155158003389,0.004151311635382585,-0.000580614759430644,0.001271096543548431,-0.0006274814201859814,0.004391463972628334,3616.0,871050.0,43899.0,40283.0,1112.0,0.000364291141480271,0.005079921022473617,0.00392421137562863,0.0020267549959739404,-0.007919910909648458,0.004151311635382585
Espírito Santo,2024-02-01,2024-03-01,0.006917978693850245,0.005428155158003389,0.0005531852945791718,0.0021150738796356173,-0.00021497698424890503,0.00461690352150257,4754.0,875804.0,45858.0,41104.0,1851.8333333333333,0.005079921022473617,0.00392421137562863,0.0020267549959739404,-0.007919910909648458,0.004151311635382585,0.005428155158003389
Espírito Santo,2024-03-01,2024-04-01,0.009175662193620291,0.006917978693850245,0.005499148495745405,0.002421416824865055,0.001064121703492213,0.004858142457679295,6101.0,881905.0,49167.0,43066.0,2132.8333333333335,0.00392421137562863,0.0020267549959739404,-0.007919910909648458,0.004151311635382585,0.005428155158003389,0.006917978693850245
Espírito Santo,2024-04-01,2024-05-01,0.008109442368576775,0.009175662193620291,0.007173932015157976,0.003296658627863665,0.00232957280918139,0.005482919517189825,8167.0,890072.0,51972.0,43805.0,2923.3333333333335,0.0020267549959739404,-0.007919910909648458,0.004151311635382585,0.005428155158003389,0.006917978693850245,0.009175662193620291
Espírito Santo,2024-05-01,2024-06-01,0.00015710481453832354,0.008109442368576775,0.008067694418682436,0.004310439856630805,0.002763132617191032,0.005711948827001002,7277.0,897349.0,52900.0,45623.0,3840.8333333333335,-0.007919910909648458,0.004151311635382585,0.005428155158003389,0.006917978693850245,0.009175662193620291,0.008109442368576775
Espírito Santo,2024-06-01,2024-07-01,-0.0011478469225097356,0.00015710481453832354,0.00581406979224513,0.005656609143995268,-0.00027627111350660285,0.0029595562172352306,141.0,897490.0,45337.0,45196.0,5009.333333333333,0.004151311635382585,0.005428155158003389,0.006917978693850245,0.009175662193620291,0.008109442368576775,0.00015710481453832354
Espírito Santo,2024-07-01,2024-08-01,0.002797627522870466,-0.0011478469225097356,0.0023729000868684545,0.004773416051013214,-0.0015493957675869969,0.0039138293173580484,-1029.0,896461.0,48876.0,49905.0,4235.166666666667,0.005428155158003389,0.006917978693850245,0.009175662193620291,0.008109442368576775,0.00015710481453832354,-0.0011478469225097356
Espírito Santo,2024-08-01,2024-09-01,0.006229196859202464,0.002797627522870466,0.0006022951382996847,0.004334994778491061,-0.0017007034502093544,0.0039629563310107,2515.0,898976.0,48666.0,46151.0,3862.0,0.006917978693850245,0.009175662193620291,0.008109442368576775,0.00015710481453832354,-0.0011478469225097356,0.002797627522870466
Espírito Santo,2024-09-01,2024-10-01,0.004726556182315682,0.006229196859202464,0.002626325819854398,0.004220197806049764,-0.0009135063698930323,0.0038958795077890466,5635.0,904611.0,46307.0,40672.0,3784.3333333333335,0.009175662193620291,0.008109442368576775,0.00015710481453832354,-0.0011478469225097356,0.002797627522870466,0.006229196859202464
Espírito Santo,2024-10-01,2024-11-01,0.00021449738313192578,0.004726556182315682,0.004584460188129537,0.003478680137498996,0.0001499234185162048,0.0032523822968033972,4296.0,908907.0,48747.0,44451.0,3139.1666666666665,0.008109442368576775,0.00015710481453832354,-0.0011478469225097356,0.002797627522870466,0.006229196859202464,0.004726556182315682
Espírito Santo,2024-11-01,2024-12-01,-0.007860205850919944,0.00021449738313192578,0.0037234168082166904,0.0021628559732581876,0.0006097640426793218,0.002654885887481534,195.0,909102.0,41923.0,41728.0,1958.8333333333333,0.00015710481453832354,-0.0011478469225097356,0.002797627522870466,0.006229196859202464,0.004726556182315682,0.00021449738313192578
Espírito Santo,2024-12-01,2025-01-01,0.000610483700306793,-0.007860205850919944,-0.0009730507618241121,0.0008266375290151429,-0.001223252163947241,0.0046190974350961474,-7090.0,902012.0,34766.0,41856.0,753.6666666666666,-0.0011478469225097356,0.002797627522870466,0.006229196859202464,0.004726556182315682,0.00021449738313192578,-0.007860205850919944
Espírito Santo,2025-01-01,2025-02-01,0.006903328099538201,0.000610483700306793,-0.002345074922493742,0.0011196926328178977,-0.0016490281726391242,0.004539625765681454,551.0,902563.0,47282.0,46731.0,1017.0,0.002797627522870466,0.006229196859202464,0.004726556182315682,0.00021449738313192578,-0.007860205850919944,0.000610483700306793
Espírito Santo,2025-02-01,2025-03-01,0.001988693765318762,0.006903328099538201,-0.00011546468369165019,0.0018039760622625203,-0.00048720755652571,0.005024518607130569,6274.0,908837.0,54914.0,48640.0,1643.5,0.006229196859202464,0.004726556182315682,0.00021449738313192578,-0.007860205850919944,0.000610483700306793,0.006903328099538201
Espírito Santo,2025-03-01,2025-04-01,0.009304820164468925,0.001988693765318762,0.0031675018550545854,0.0010972255466152366,0.00042422484615602763,0.004635538213633777,1811.0,910648.0,48232.0,46421.0,1006.1666666666666,0.004726556182315682,0.00021449738313192578,-0.007860205850919944,0.000610483700306793,0.006903328099538201,0.001988693765318762
Espírito Santo,2025-04-01,2025-05-01,0.007872681449980842,0.009304820164468925,0.006065614009775296,0.001860269543640777,0.0023226044901323573,0.005471569532284757,8553.0,919201.0,52854.0,44301.0,1715.6666666666667,0.00021449738313192578,-0.007860205850919944,0.000610483700306793,0.006903328099538201,0.001988693765318762,0.009304820164468925
Espírito Santo,2025-05-01,2025-06-01,-0.0036267246711520484,0.007872681449980842,0.006388731793256175,0.003136633554782263,0.002852366044650596,0.005820858173747976,7294.0,926495.0,55835.0,48541.0,2898.8333333333335,-0.007860205850919944,0.000610483700306793,0.006903328099538201,0.001988693765318762,0.009304820164468925,0.007872681449980842
Espírito Santo,2025-06-01,2025-07-01,-0.002585890443391698,-0.0036267246711520484,0.004516925647765906,0.003842213751410246,-0.00031319586876617467,0.0045665416594982584,-3348.0,923147.0,46033.0,49381.0,3522.5,0.000610483700306793,0.006903328099538201,0.001988693765318762,0.009304820164468925,0.007872681449980842,-0.0036267246711520484
Espírito Santo,2025-07-01,2025-08-01,0.0009829961200947842,-0.002585890443391698,0.0005533554451456986,0.0033094847274604973,-0.0018778424782442858,0.005071052808274844,-2381.0,920766.0,49576.0,51957.0,3033.8333333333335,0.006903328099538201,0.001988693765318762,0.009304820164468925,0.007872681449980842,-0.0036267246711520484,-0.002585890443391698
Espírito Santo,2025-08-01,2025-09-01,0.004098480223455236,0.0009829961200947842,-0.0017432063314829875,0.002322762730886594,-0.0014914293191667046,0.004846795793303586,906.0,921672.0,47949.0,47043.0,2139.1666666666665,0.001988693765318762,0.009304820164468925,0.007872681449980842,-0.0036267246711520484,-0.002585890443391698,0.0009829961200947842
Espírito Santo,2025-09-01,2025-10-01,-0.00031994154581487276,0.004098480223455236,0.0008318619667194408,0.002674393807242673,-0.0013045691847704648,0.0048861757511782615,3793.0,925465.0,48619.0,44826.0,2469.5,0.009304820164468925,0.007872681449980842,-0.0036267246711520484,-0.002585890443391698,0.0009829961200947842,0.004098480223455236
Espírito Santo,2025-10-01,2025-11-01,0.0010894234153693999,-0.00031994154581487276,0.0015871782659117155,0.0010702668555287072,-0.00040624610661914925,0.003933031733347137,-296.0,925169.0,49017.0,49313.0,994.6666666666666,0.007872681449980842,-0.0036267246711520484,-0.002585890443391698,0.0009829961200947842,0.004098480223455236,-0.00031994154581487276
Espírito Santo,2025-11-01,2025-12-01,-0.010766828838517001,0.0010894234153693999,0.0016226540310032543,-6.027615023986658e-05,0.0009569734636770904,0.0025452959691919796,1009.0,926178.0,41395.0,40386.0,-52.833333333333336,-0.0036267246711520484,-0.002585890443391698,0.0009829961200947842,0.004098480223455236,-0.00031994154581487276,0.0010894234153693999
Espírito Santo,2025-12-01,2026-01-01,0.002649568927980493,-0.010766828838517001,-0.0033324489896541577,-0.0012502935114673587,-0.0012858237674020793,0.004695477556811273,-9972.0,,34437.0,44409.0,-1156.8333333333333,-0.002585890443391698,0.0009829961200947842,0.004098480223455236,-0.00031994154581487276,0.0010894234153693999,-0.010766828838517001
Espírito Santo,2026-01-01,2026-02-01,0.003088489678627782,0.002649568927980493,-0.002342612165055703,-0.00037771694957199374,-0.00099581994815154,0.004850117278014107,2434.0,918640.0,48349.0,45915.0,-354.3333333333333,0.0009829961200947842,0.004098480223455236,-0.00031994154581487276,0.0010894234153693999,-0.010766828838517001,0.002649568927980493
Espírito Santo,2026-02-01,2026-03-01,0.007957988024261528,0.003088489678627782,-0.0016762567439695755,-2.6801356483160607e-05,-0.00022850495876107347,0.005009424841794425,2846.0,921486.0,49789.0,46943.0,-31.0,0.004098480223455236,-0.00031994154581487276,0.0010894234153693999,-0.010766828838517001,0.002649568927980493,0.003088489678627782
Espírito Santo,2026-03-01,2026-04-01,0.003872431739141159,0.007957988024261528,0.0045653488769566005,0.0006164499436512215,0.0017372355544758467,0.005698279029728321,7392.0,928878.0,56440.0,49048.0,568.8333333333334,-0.00031994154581487276,0.0010894234153693999,-0.010766828838517001,0.002649568927980493,0.003088489678627782,0.007957988024261528
Espírito Santo,2026-04-01,2026-05-01,0.010118670390575157,0.003872431739141159,0.004972969814010156,0.0013151788244772265,0.00201509751308119,0.005796803135370744,3611.0,932489.0,50634.0,47023.0,1220.0,0.0010894234153693999,-0.010766828838517001,0.002649568927980493,0.003088489678627782,0.007957988024261528,0.003872431739141159
Espírito Santo,2026-05-01,2026-06-01,-0.0024038001110919575,0.010118670390575157,0.00731636338465928,0.002820053320344853,0.0032275880835593287,0.0066518189780591,9532.0,942021.0,58688.0,49156.0,2640.5,-0.010766828838517001,0.002649568927980493,0.003088489678627782,0.007957988024261528,0.003872431739141159,0.010118670390575157
Goiás,2020-07-01,2020-08-01,0.006654484794134714,0.005448919966430683,0.0016586046279061708,-0.0008875388022329986,0.0003254128713556538,0.008870272366422417,6259.0,1148668.0,40277.0,34018.0,-976.6666666666666,0.008685916039579477,-0.000630632952719712,-0.01835632978397627,-0.0043727602345964775,0.0038996541518843074,0.005448919966430683
Goiás,2020-08-01,2020-09-01,0.006736780260538084,0.006654484794134714,0.005334352970816567,-0.0012261106764737929,0.003317535782056393,0.008530667109150824,7695.0,1156363.0,44291.0,36596.0,-1380.1666666666667,-0.000630632952719712,-0.01835632978397627,-0.0043727602345964775,0.0038996541518843074,0.005448919966430683,0.006654484794134714
Goiás,2020-09-01,2020-10-01,0.007198244655041116,0.006736780260538084,0.006280061673701161,1.791525735839675e-06,0.004574187174951763,0.009042863331646278,7843.0,1164206.0,47474.0,39631.0,49.333333333333336,-0.01835632978397627,-0.0043727602345964775,0.0038996541518843074,0.005448919966430683,0.006654484794134714,0.006736780260538084
Goiás,2020-10-01,2020-11-01,0.004348054964984615,0.007198244655041116,0.00686316990323797,0.004260887265572072,0.0019306276457672377,0.004011840888807198,8441.0,1172647.0,52452.0,44011.0,4952.833333333333,-0.0043727602345964775,0.0038996541518843074,0.005448919966430683,0.006654484794134714,0.006736780260538084,0.007198244655041116
Goiás,2020-11-01,2020-12-01,-0.0010233187484913699,0.004348054964984615,0.006094359960187939,0.005714356465502254,0.0002163506742210344,0.0012490994531002529,5121.0,1177768.0,50791.0,45670.0,6635.666666666667,0.0038996541518843074,0.005448919966430683,0.006654484794134714,0.006736780260538084,0.007198244655041116,0.004348054964984615
Goiás,2020-12-01,2021-01-01,0.014145591840770341,-0.0010233187484913699,0.003507660290511454,0.0048938609821063085,-0.0011091148190730718,0.002811445133586015,-1204.0,1176564.0,44043.0,45247.0,5692.5,0.005448919966430683,0.006654484794134714,0.006736780260538084,0.007198244655041116,0.004348054964984615,-0.0010233187484913699
Goiás,2021-01-01,2021-02-01,0.01612522938880764,0.014145591840770341,0.0058234426857545285,0.00634330629449625,0.0003235728147438071,0.00447411863868943,16882.0,1193446.0,59075.0,42193.0,7463.0,0.006654484794134714,0.006736780260538084,0.007198244655041116,0.004348054964984615,-0.0010233187484913699,0.014145591840770341
Goiás,2021-02-01,2021-03-01,0.0052256150266775355,0.01612522938880764,0.009749167493695537,0.00792176372694174,0.0017832260995731275,0.005784266673868288,19560.0,1213006.0,61991.0,42431.0,9440.5,0.006736780260538084,0.007198244655041116,0.004348054964984615,-0.0010233187484913699,0.014145591840770341,0.01612522938880764
Goiás,2021-03-01,2021-04-01,0.009193201873417557,0.0052256150266775355,0.01183214541875184,0.007669902854631647,0.001161065306254654,0.005862747853052374,6372.0,1219378.0,54609.0,48237.0,9195.333333333334,0.007198244655041116,0.004348054964984615,-0.0010233187484913699,0.014145591840770341,0.01612522938880764,0.0052256150266775355
Goiás,2021-04-01,2021-05-01,0.010411373066160625,0.009193201873417557,0.010181348762967578,0.008002395724361054,0.001284347811877392,0.005883104958603763,11314.0,1230692.0,56092.0,44778.0,9674.166666666666,0.004348054964984615,-0.0010233187484913699,0.014145591840770341,0.01612522938880764,0.0052256150266775355,0.009193201873417557
Goiás,2021-05-01,2021-06-01,0.01308516826451895,0.010411373066160625,0.008276729988751905,0.009012948741223723,0.0008976192802591853,0.005686053182598211,12948.0,1243640.0,59203.0,46255.0,10978.666666666666,-0.0010233187484913699,0.014145591840770341,0.01612522938880764,0.0052256150266775355,0.009193201873417557,0.010411373066160625
Goiás,2021-06-01,2021-07-01,0.010738667051863389,0.01308516826451895,0.010896581068032379,0.01136436324339211,-0.0005278885714987986,0.0035746470811060353,16489.0,1260129.0,62773.0,46284.0,13927.5,0.014145591840770341,0.01612522938880764,0.0052256150266775355,0.009193201873417557,0.010411373066160625,0.01308516826451895
Goiás,2021-07-01,2021-08-01,0.00927332389123386,0.010738667051863389,0.011411736127514322,0.01079654244524095,-6.102802224154121e-05,0.003351376607383408,13679.0,1273808.0,63143.0,49464.0,13393.666666666666,0.01612522938880764,0.0052256150266775355,0.009193201873417557,0.010411373066160625,0.01308516826451895,0.010738667051863389
Goiás,2021-08-01,2021-09-01,0.005344875603416265,0.00927332389123386,0.011032386402538731,0.009654558195645318,0.0007871067158993551,0.0023625859084869523,11923.0,1285731.0,65715.0,53792.0,12120.833333333334,0.0052256150266775355,0.009193201873417557,0.010411373066160625,0.01308516826451895,0.010738667051863389,0.00927332389123386
Goiás,2021-09-01,2021-10-01,0.0028088045724653835,0.005344875603416265,0.008452288848837837,0.009674434958435108,-0.0007143508596412098,0.00232545081606085,6909.0,1292640.0,64396.0,57487.0,12210.333333333334,0.009193201873417557,0.010411373066160625,0.01308516826451895,0.010738667051863389,0.00927332389123386,0.005344875603416265
Goiás,2021-10-01,2021-11-01,0.002178412776121517,0.0028088045724653835,0.005809001355705169,0.008610368741609746,-0.0017914018174975367,0.0034775039616418714,3641.0,1296281.0,64469.0,60828.0,10931.5,0.010411373066160625,0.01308516826451895,0.010738667051863389,0.00927332389123386,0.005344875603416265,0.0028088045724653835
Goiás,2021-11-01,2021-12-01,-0.005775553922847581,0.002178412776121517,0.003444030984001055,0.007238208693269895,-0.0023500518047999655,0.004069965286395327,2830.0,1299111.0,63052.0,60222.0,9245.166666666666,0.01308516826451895,0.010738667051863389,0.00927332389123386,0.005344875603416265,0.0028088045724653835,0.002178412776121517
Goiás,2021-12-01,2022-01-01,0.009793579704789694,-0.005775553922847581,-0.0002627788580868932,0.004094754995375472,-0.0030397688357097913,0.005404796926354358,-7460.0,1291651.0,54144.0,61604.0,5253.666666666667,0.010738667051863389,0.00927332389123386,0.005344875603416265,0.0028088045724653835,0.002178412776121517,-0.005775553922847581
Goiás,2022-01-01,2022-02-01,0.013371857757137293,0.009793579704789694,0.0020654795193545436,0.003937240437529856,-0.0008968686087816067,0.005219469154512776,12775.0,1304426.0,72051.0,59276.0,5103.0,0.00927332389123386,0.005344875603416265,0.0028088045724653835,0.002178412776121517,-0.005775553922847581,0.009793579704789694
Goiás,2022-02-01,2022-03-01,0.0063208607193455165,0.013371857757137293,0.005796627846359803,0.0046203294151804285,0.0015181505561888274,0.006071733738722939,17679.0,1322105.0,76911.0,59232.0,6062.333333333333,0.005344875603416265,0.0028088045724653835,0.002178412776121517,-0.005775553922847581,0.009793579704789694,0.013371857757137293
Goiás,2022-03-01,2022-04-01,0.009907510553798139,0.0063208607193455165,0.009828766060424168,0.004782993601168638,0.0019059928372881503,0.0061019639635778705,8410.0,1330515.0,75579.0,67169.0,6312.5,0.0028088045724653835,0.002178412776121517,-0.005775553922847581,0.009793579704789694,0.013371857757137293,0.0063208607193455165
Goiás,2022-04-01,2022-05-01,0.011078216446890572,0.009907510553798139,0.00986674301009365,0.0059661112647240964,0.002243228881923142,0.006289785800786475,13314.0,1343829.0,77674.0,64360.0,7924.666666666667,0.002178412776121517,-0.005775553922847581,0.009793579704789694,0.013371857757137293,0.0063208607193455165,0.009907510553798139
Goiás,2022-05-01,2022-06-01,0.009011551588343398,0.011078216446890572,0.009102195906678075,0.007449411876518939,0.002215989924512123,0.006271022083652131,15054.0,1358883.0,78989.0,63935.0,9962.0,-0.005775553922847581,0.009793579704789694,0.013371857757137293,0.0063208607193455165,0.009907510553798139,0.011078216446890572
Goiás,2022-06-01,2022-07-01,0.006572427103437484,0.009011551588343398,0.009999092863010702,0.009913929461717435,-0.00020584041938625773,0.0021233537293726895,12357.0,1371240.0,77677.0,65320.0,13264.833333333334,0.009793579704789694,0.013371857757137293,0.0063208607193455165,0.009907510553798139,0.011078216446890572,0.009011551588343398
Goiás,2022-07-01,2022-08-01,0.005467969257173242,0.006572427103437484,0.00888739837955715,0.0093770706948254,-0.0007072678505260845,0.002465550523145907,9072.0,1380312.0,73512.0,64440.0,12647.666666666666,0.013371857757137293,0.0063208607193455165,0.009907510553798139,0.011078216446890572,0.009011551588343398,0.006572427103437484
Goiás,2022-08-01,2022-09-01,0.0059995215852430535,0.005467969257173242,0.007017315982984708,0.008059755944831394,-0.00046675350058544276,0.0020568778024974066,7589.0,1387901.0,78259.0,70670.0,10966.0,0.0063208607193455165,0.009907510553798139,0.011078216446890572,0.009011551588343398,0.006572427103437484,0.005467969257173242
Goiás,2022-09-01,2022-10-01,0.0006770567926116356,0.0059995215852430535,0.00601330598195126,0.008006199422480981,-0.0011088517399095244,0.0021050762840941,8377.0,1396278.0,74262.0,65885.0,10960.5,0.009907510553798139,0.011078216446890572,0.009011551588343398,0.006572427103437484,0.005467969257173242,0.0059995215852430535
Goiás,2022-10-01,2022-11-01,-0.001801088683541835,0.0006770567926116356,0.00404818254500931,0.006467790462283231,-0.0017756098893417127,0.0032272075614771,946.0,1397224.0,68868.0,67922.0,8899.166666666666,0.011078216446890572,0.009011551588343398,0.006572427103437484,0.005467969257173242,0.0059995215852430535,0.0006770567926116356
Goiás,2022-11-01,2022-12-01,-0.008840570275372698,-0.001801088683541835,0.001625163231437618,0.0043212396072111635,-0.0020347931418238257,0.0036959767089224686,-2512.0,1394712.0,63656.0,66168.0,5971.5,0.009011551588343398,0.006572427103437484,0.005467969257173242,0.0059995215852430535,0.0006770567926116356,-0.001801088683541835
Goiás,2022-12-01,2023-01-01,0.007618957378630741,-0.008840570275372698,-0.003321534055434299,0.0013458859632584806,-0.0029769893002522156,0.00547843195423074,-12222.0,1382490.0,53659.0,65881.0,1875.0,0.006572427103437484,0.005467969257173242,0.0059995215852430535,0.0006770567926116356,-0.001801088683541835,-0.008840570275372698
Goiás,2023-01-01,2023-02-01,0.008212074419121211,0.007618957378630741,-0.0010075671934279306,0.00152030767579069,-0.0010355280128775215,0.005655844398383846,10614.0,1393104.0,78243.0,67629.0,2132.0,0.005467969257173242,0.0059995215852430535,0.0006770567926116356,-0.001801088683541835,-0.008840570275372698,0.007618957378630741
Goiás,2023-02-01,2023-03-01,0.009638238211842412,0.008212074419121211,0.002330153840793085,0.0019776585361153515,0.0007099709810176355,0.006053540926347184,11535.0,1404639.0,75453.0,63918.0,2789.6666666666665,0.0059995215852430535,0.0006770567926116356,-0.001801088683541835,-0.008840570275372698,0.007618957378630741,0.008212074419121211
Goiás,2023-03-01,2023-04-01,0.008337796472465344,0.009638238211842412,0.008489756669864788,0.0025841113072152446,0.002608712115947042,0.006585014999761925,13670.0,1418309.0,86222.0,72552.0,3671.8333333333335,0.0006770567926116356,-0.001801088683541835,-0.008840570275372698,0.007618957378630741,0.008212074419121211,0.009638238211842412
Goiás,2023-04-01,2023-05-01,0.004383476583519604,0.008337796472465344,0.00872936970114299,0.00386090125385753,0.0030492562366334765,0.00682960974891203,11925.0,1430234.0,77787.0,65862.0,5501.666666666667,-0.001801088683541835,-0.008840570275372698,0.007618957378630741,0.008212074419121211,0.009638238211842412,0.008337796472465344
Goiás,2023-05-01,2023-06-01,0.003531438893135649,0.004383476583519604,0.007453170422609121,0.004891662131701103,0.001991511867676757,0.006346935782128886,6297.0,1436531.0,78198.0,71901.0,6969.833333333333,-0.008840570275372698,0.007618957378630741,0.008212074419121211,0.009638238211842412,0.008337796472465344,0.004383476583519604
Goiás,2023-06-01,2023-07-01,0.003755899041986598,0.003531438893135649,0.005417570649706866,0.006953663659785826,-0.0009492522192473528,0.0022160949701637814,5091.0,1441622.0,76905.0,71814.0,9855.333333333334,0.007618957378630741,0.008212074419121211,0.009638238211842412,0.008337796472465344,0.004383476583519604,0.003531438893135649
Goiás,2023-07-01,2023-08-01,0.004232704471761785,0.003755899041986598,0.0038902715062139504,0.006309820603678469,-0.0012730169923068312,0.002475289243497261,5435.0,1447057.0,74011.0,68576.0,8992.166666666666,0.008212074419121211,0.009638238211842412,0.008337796472465344,0.004383476583519604,0.003531438893135649,0.003755899041986598
Goiás,2023-08-01,2023-09-01,0.0030795151530119084,0.004232704471761785,0.0038400141356280102,0.0056465922791185666,-0.0011892971052063798,0.002408974609591886,6151.0,1453208.0,80421.0,74270.0,8094.833333333333,0.009638238211842412,0.008337796472465344,0.004383476583519604,0.003531438893135649,0.003755899041986598,0.004232704471761785
Goiás,2023-09-01,2023-10-01,0.00046764249896631807,0.0030795151530119084,0.003689372888920097,0.004553471769313482,-0.0007576932223911338,0.0017467171610080583,4489.0,1457697.0,74409.0,69920.0,6564.666666666667,0.008337796472465344,0.004383476583519604,0.003531438893135649,0.003755899041986598,0.004232704471761785,0.0030795151530119084
Goiás,2023-10-01,2023-11-01,-0.0048735414860821905,0.00046764249896631807,0.002593287374580004,0.0032417794403969773,-0.000584518177524642,0.001313759986734645,682.0,1458379.0,74489.0,73807.0,4690.833333333333,0.004383476583519604,0.003531438893135649,0.003755899041986598,0.004232704471761785,0.0030795151530119084,0.00046764249896631807
Goiás,2023-11-01,2023-12-01,-0.011308096145296632,-0.0048735414860821905,-0.0004421279447013213,0.0016989430954633445,-0.0015155103098257114,0.003178801903918031,-7073.0,1451306.0,69259.0,76332.0,2462.5,0.003531438893135649,0.003755899041986598,0.004232704471761785,0.0030795151530119084,0.00046764249896631807,-0.0048735414860821905
Goiás,2023-12-01,2024-01-01,0.01029376470685598,-0.011308096145296632,-0.005237998377470836,-0.0007743127442753689,-0.0030071596132569614,0.005623636894624491,-16228.0,1435078.0,56825.0,73053.0,-1090.6666666666667,0.003755899041986598,0.004232704471761785,0.0030795151530119084,0.00046764249896631807,-0.0048735414860821905,-0.011308096145296632
Goiás,2024-01-01,2024-02-01,0.009634521996298093,0.01029376470685598,-0.001962624308174281,0.0003153315332028615,-0.0005199633344143762,0.006887274778685444,14926.0,1450004.0,86239.0,71313.0,491.1666666666667,0.004232704471761785,0.0030795151530119084,0.00046764249896631807,-0.0048735414860821905,-0.011308096145296632,0.01029376470685598
Goiás,2024-02-01,2024-03-01,0.010637550241510637,0.009634521996298093,0.002873396852619147,0.001215634453958913,0.0015948241765967278,0.007651204167925245,14106.0,1464110.0,86855.0,72749.0,1817.0,0.0030795151530119084,0.00046764249896631807,-0.0048735414860821905,-0.011308096145296632,0.01029376470685598,0.009634521996298093
Goiás,2024-03-01,2024-04-01,0.009095803234956169,0.010637550241510637,0.010188612314888237,0.0024753069687087005,0.0033135882860575727,0.00843626445863904,15742.0,1479852.0,90833.0,75091.0,3692.5,0.00046764249896631807,-0.0048735414860821905,-0.011308096145296632,0.01029376470685598,0.009634521996298093,0.010637550241510637
Goiás,2024-04-01,2024-05-01,0.001171759002881243,0.009095803234956169,0.009789291824254967,0.003913333758040343,0.0038578405730015915,0.008702644004399808,13584.0,1493436.0,91738.0,78154.0,5842.833333333333,-0.0048735414860821905,-0.011308096145296632,0.01029376470685598,0.009634521996298093,0.010637550241510637,0.009095803234956169
Goiás,2024-05-01,2024-06-01,0.005722197137504962,0.001171759002881243,0.006968370826449349,0.004920883839534248,0.001708811987725785,0.007943888516609666,1752.0,1495188.0,83129.0,81377.0,7313.666666666667,-0.011308096145296632,0.01029376470685598,0.009634521996298093,0.010637550241510637,0.009095803234956169,0.001171759002881243
Goiás,2024-06-01,2024-07-01,0.0036711556222810858,0.005722197137504962,0.005329919791780792,0.007759266053334515,-0.0014225106809588601,0.0033554934731395997,8605.0,1503793.0,82140.0,73535.0,11452.5,0.01029376470685598,0.009634521996298093,0.010637550241510637,0.009095803234956169,0.001171759002881243,0.005722197137504962
Goiás,2024-07-01,2024-08-01,0.00312733435530349,0.0036711556222810858,0.0035217039208890973,0.006655497872572031,-0.0014996267261193424,0.003428681889110793,5541.0,1509334.0,83246.0,77705.0,9888.333333333334,0.009634521996298093,0.010637550241510637,0.009095803234956169,0.001171759002881243,0.005722197137504962,0.0036711556222810858
Goiás,2024-08-01,2024-09-01,0.003629938437139087,0.00312733435530349,0.0041735623716965126,0.00557096659907293,-0.0014078452609839211,0.003342934378555152,4735.0,1514069.0,82772.0,78037.0,8326.5,0.010637550241510637,0.009095803234956169,0.001171759002881243,0.005722197137504962,0.0036711556222810858,0.00312733435530349
Goiás,2024-09-01,2024-10-01,-2.961422535767403e-05,0.003629938437139087,0.003476142804907887,0.00440303129834434,-0.0006718182699155011,0.0024820738934551814,5516.0,1519585.0,79654.0,74138.0,6622.166666666667,0.009095803234956169,0.001171759002881243,0.005722197137504962,0.0036711556222810858,0.00312733435530349,0.003629938437139087
Goiás,2024-10-01,2024-11-01,-0.0020739978699481337,-2.961422535767403e-05,0.0022425528556949677,0.002882128388292033,-0.00036649895740770876,0.0018579338342336574,-45.0,1519540.0,82261.0,82306.0,4350.666666666667,0.001171759002881243,0.005722197137504962,0.0036711556222810858,0.00312733435530349,0.003629938437139087,-2.961422535767403e-05
Goiás,2024-11-01,2024-12-01,-0.01495055747501101,-0.0020739978699481337,0.0005087754472777598,0.0023411689094871365,-0.001416590871381319,0.002601073813548136,-3145.0,1516395.0,72689.0,75834.0,3534.5,0.005722197137504962,0.0036711556222810858,0.00312733435530349,0.003629938437139087,-2.961422535767403e-05,-0.0020739978699481337
Goiás,2024-12-01,2025-01-01,0.009411550979842241,-0.01495055747501101,-0.005684723190105605,-0.0011042901925988593,-0.003210631852134631,0.006543939038453414,-22337.0,1494058.0,59063.0,81400.0,-1622.5,0.0036711556222810858,0.00312733435530349,0.003629938437139087,-2.961422535767403e-05,-0.0020739978699481337,-0.01495055747501101
Goiás,2025-01-01,2025-02-01,0.013463829041290863,0.009411550979842241,-0.0025376681217056333,-0.00014755763300533317,-0.0007532796645242002,0.007519140448699377,14195.0,1508253.0,94858.0,80663.0,-180.16666666666666,0.00312733435530349,0.003629938437139087,-2.961422535767403e-05,-0.0020739978699481337,-0.01495055747501101,0.009411550979842241
Goiás,2025-02-01,2025-03-01,0.004129816952703174,0.013463829041290863,0.002641607515374032,0.0015751914813258957,0.0018461825437513068,0.0090917781641817,20584.0,1528837.0,98124.0,77540.0,2461.3333333333335,0.003629938437139087,-2.961422535767403e-05,-0.0020739978699481337,-0.01495055747501101,0.009411550979842241,0.013463829041290863
Goiás,2025-03-01,2025-04-01,0.009535748411084953,0.004129816952703174,0.009001732324612093,0.0016585045672532436,0.0026220784308249845,0.009112491983947205,6340.0,1535177.0,87970.0,81630.0,2598.6666666666665,-2.961422535767403e-05,-0.0020739978699481337,-0.01495055747501101,0.009411550979842241,0.013463829041290863,0.004129816952703174
Goiás,2025-04-01,2025-05-01,0.0009327035382144174,0.009535748411084953,0.009043131468359665,0.0032527316733270153,0.003409775221421616,0.009505936093373347,14780.0,1549957.0,92435.0,77655.0,5069.5,-0.0020739978699481337,-0.01495055747501101,0.009411550979842241,0.013463829041290863,0.004129816952703174,0.009535748411084953
Goiás,2025-05-01,2025-06-01,0.005075295738265062,0.0009327035382144174,0.004866089634000848,0.0037538485746874393,0.002012996722036216,0.009288691153721355,1447.0,1551404.0,85993.0,84546.0,5834.833333333333,-0.01495055747501101,0.009411550979842241,0.013463829041290863,0.004129816952703174,0.009535748411084953,0.0009327035382144174
Goiás,2025-06-01,2025-07-01,0.004437934990732754,0.005075295738265062,0.005181249229188144,0.007091490776900119,-0.0015391063216780977,0.004137853392954551,7914.0,1559318.0,82776.0,74862.0,10876.666666666666,0.009411550979842241,0.013463829041290863,0.004129816952703174,0.009535748411084953,0.0009327035382144174,0.005075295738265062
Goiás,2025-07-01,2025-08-01,0.0018792799980627292,0.004437934990732754,0.0034819780890707444,0.006262554778715204,-0.0014541736791135829,0.004087926406709121,6951.0,1566269.0,87908.0,80957.0,9669.333333333334,0.013463829041290863,0.004129816952703174,0.009535748411084953,0.0009327035382144174,0.005075295738265062,0.004437934990732754
Goiás,2025-08-01,2025-09-01,0.0036426437580756275,0.0018792799980627292,0.0037975035756868483,0.004331796604843848,-0.0006401009381202336,0.0027463502411400956,2949.0,1569218.0,84643.0,81694.0,6730.166666666667,0.004129816952703174,0.009535748411084953,0.0009327035382144174,0.005075295738265062,0.004437934990732754,0.0018792799980627292
Goiás,2025-09-01,2025-10-01,-0.001479688775730815,0.0036426437580756275,0.0033199529156237033,0.004250601072405924,-0.0007789472752295428,0.0027582971033309716,5737.0,1574955.0,85461.0,79724.0,6629.666666666667,0.009535748411084953,0.0009327035382144174,0.005075295738265062,0.004437934990732754,0.0018792799980627292,0.0036426437580756275
Goiás,2025-10-01,2025-11-01,-0.005378416649885086,-0.001479688775730815,0.0013474116601358474,0.002414694874603296,-0.0005405306429418422,0.0022483085275675023,-2327.0,1572628.0,83885.0,86212.0,3778.5,0.0009327035382144174,0.005075295738265062,0.004437934990732754,0.0018792799980627292,0.0036426437580756275,-0.001479688775730815
Goiás,2025-11-01,2025-12-01,-0.014601573313131506,-0.005378416649885086,-0.001071820555846758,0.0013628415099200455,-0.0019502305565751014,0.003701964868327935,-8413.0,1564215.0,71221.0,79634.0,2135.1666666666665,0.005075295738265062,0.004437934990732754,0.0018792799980627292,0.0036426437580756275,-0.001479688775730815,-0.005378416649885086
Goiás,2025-12-01,2026-01-01,0.006915111577287148,-0.014601573313131506,-0.007153226246249135,-0.0019166366653127164,-0.003488370399913462,0.006567313313574901,-22840.0,,60204.0,83044.0,-2990.5,0.004437934990732754,0.0018792799980627292,0.0036426437580756275,-0.001479688775730815,-0.005378416649885086,-0.014601573313131506
Goiás,2026-01-01,2026-02-01,0.009292344379721013,0.006915111577287148,-0.004354959461909815,-0.001503773900886984,-0.0009557777483329595,0.0070163391103350405,10733.0,1552108.0,88714.0,77981.0,-2360.1666666666665,0.0018792799980627292,0.0036426437580756275,-0.001479688775730815,-0.005378416649885086,-0.014601573313131506,0.006915111577287148
Goiás,2026-02-01,2026-03-01,0.007400780690177762,0.009292344379721013,0.0005352942146255512,-0.00026826317061060326,0.0012631356429724109,0.008075954873627571,14558.0,1566666.0,90284.0,75726.0,-425.3333333333333,0.0036426437580756275,-0.001479688775730815,-0.005378416649885086,-0.014601573313131506,0.006915111577287148,0.009292344379721013
Goiás,2026-03-01,2026-04-01,0.003738001564128314,0.007400780690177762,0.00786941221572864,0.00035809298473975254,0.003140894723107995,0.00849010592060931,11681.0,1578347.0,96367.0,84686.0,565.3333333333334,-0.001479688775730815,-0.005378416649885086,-0.014601573313131506,0.006915111577287148,0.009292344379721013,0.007400780690177762
Goiás,2026-04-01,2026-05-01,-0.001733767428567454,0.003738001564128314,0.0068103755446756965,0.0012277080413829404,0.0032561824537836763,0.008524477983865585,5922.0,1584269.0,89617.0,83695.0,1940.1666666666667,-0.005378416649885086,-0.014601573313131506,0.006915111577287148,0.009292344379721013,0.007400780690177762,0.003738001564128314
Goiás,2026-05-01,2026-06-01,0.002384396208431553,-0.001733767428567454,0.003135004941912874,0.0018351495782692124,0.0015118895912514425,0.008153893666858212,-2742.0,1581527.0,81327.0,84069.0,2885.3333333333335,-0.014601573313131506,0.006915111577287148,0.009292344379721013,0.007400780690177762,0.003738001564128314,-0.001733767428567454
Maranhão,2020-07-01,2020-08-01,0.012786640026950466,0.011529331976941335,0.005673343808598551,0.0009603215753569812,0.002264209027160245,0.008079665442785197,5372.0,465942.0,14455.0,9083.0,461.5,0.00404040838443873,-0.0023234060529253794,-0.012975104305167117,-0.002692638588794683,0.008183338037649,0.011529331976941335
Maranhão,2020-08-01,2020-09-01,0.011015560500718726,0.012786640026950466,0.010833103347180267,0.0024180268491089374,0.00456970045348995,0.00921331832530404,6035.0,471977.0,15837.0,9802.0,1154.1666666666667,-0.0023234060529253794,-0.012975104305167117,-0.002692638588794683,0.008183338037649,0.011529331976941335,0.012786640026950466
Maranhão,2020-09-01,2020-10-01,0.012849418549331259,0.011015560500718726,0.011777177501536841,0.004641187941382955,0.004849632966170199,0.00940826883520699,5257.0,477234.0,15693.0,10436.0,2210.0,-0.012975104305167117,-0.002692638588794683,0.008183338037649,0.011529331976941335,0.012786640026950466,0.011015560500718726
Maranhão,2020-10-01,2020-11-01,0.009059864798940692,0.012849418549331259,0.01221720635900015,0.00894527508379935,0.0024989788894242285,0.005431136088540422,6212.0,483446.0,17142.0,10930.0,4235.833333333333,-0.002692638588794683,0.008183338037649,0.011529331976941335,0.012786640026950466,0.011015560500718726,0.012849418549331259
Maranhão,2020-11-01,2020-12-01,-0.006222555888534369,0.009059864798940692,0.01097494794966356,0.010904025648421913,0.0001877661142113282,0.001757617173860051,4420.0,487866.0,15422.0,11002.0,5177.5,0.008183338037649,0.011529331976941335,0.012786640026950466,0.011015560500718726,0.012849418549331259,0.009059864798940692
Maranhão,2020-12-01,2021-01-01,0.0003484406764285037,-0.006222555888534369,0.005228909153245861,0.00850304332739135,-0.002803025913222722,0.006706522524257977,-3017.0,484849.0,11171.0,14188.0,4046.5,0.011529331976941335,0.012786640026950466,0.011015560500718726,0.012849418549331259,0.009059864798940692,-0.006222555888534369
Maranhão,2021-01-01,2021-02-01,0.007381939114863136,0.0003484406764285037,0.0010619165289449423,0.006639561443972546,-0.003362711419164561,0.007145725986396719,169.0,485018.0,15332.0,15163.0,3179.3333333333335,0.012786640026950466,0.011015560500718726,0.012849418549331259,0.009059864798940692,-0.006222555888534369,0.0003484406764285037
Maranhão,2021-02-01,2021-03-01,0.007493185243564067,0.007381939114863136,0.000502607967585757,0.005738777958624658,-0.0020272417495846074,0.006636571446814869,3607.0,488625.0,16464.0,12857.0,2774.6666666666665,0.011015560500718726,0.012849418549331259,0.009059864798940692,-0.006222555888534369,0.0003484406764285037,0.007381939114863136
Maranhão,2021-03-01,2021-04-01,0.006257392806824191,0.007493185243564067,0.0050745216782852355,0.005151715415765549,-0.0007212556290315932,0.0062906033065411775,3689.0,492314.0,16158.0,12469.0,2513.3333333333335,0.012849418549331259,0.009059864798940692,-0.006222555888534369,0.0003484406764285037,0.007381939114863136,0.007493185243564067
Maranhão,2021-04-01,2021-05-01,0.007415124770844395,0.006257392806824191,0.0070441723884171305,0.004053044458681037,0.0009762389106899267,0.0053565467963752195,3100.0,495414.0,15286.0,12186.0,1994.6666666666667,0.009059864798940692,-0.006222555888534369,0.0003484406764285037,0.007381939114863136,0.007493185243564067,0.006257392806824191
Maranhão,2021-05-01,2021-06-01,0.013914627448346168,0.007415124770844395,0.007055234273744218,0.0037789211206649873,0.002457900166193765,0.005130627543970199,3701.0,499115.0,15803.0,12102.0,1874.8333333333333,-0.006222555888534369,0.0003484406764285037,0.007381939114863136,0.007493185243564067,0.006257392806824191,0.007415124770844395
Maranhão,2021-06-01,2021-07-01,0.010016057768850275,0.013914627448346168,0.009195715008671584,0.007135118343478411,0.0019055628111654917,0.003938245708743168,7043.0,506158.0,18986.0,11943.0,3551.5,0.0003484406764285037,0.007381939114863136,0.007493185243564067,0.006257392806824191,0.007415124770844395,0.013914627448346168
Maranhão,2021-07-01,2021-08-01,0.00906088527271811,0.010016057768850275,0.010448603329346946,0.008746387858882038,0.0009597900528086337,0.0025730124071218427,5121.0,511279.0,18427.0,13306.0,4376.833333333333,0.007381939114863136,0.007493185243564067,0.006257392806824191,0.007415124770844395,0.013914627448346168,0.010016057768850275
Maranhão,2021-08-01,2021-09-01,0.006290204537575594,0.00906088527271811,0.010997190163304851,0.009026212218524536,0.0007318285059814355,0.0024996578198484306,4675.0,515954.0,18092.0,13417.0,4554.833333333333,0.007493185243564067,0.006257392806824191,0.007415124770844395,0.013914627448346168,0.010016057768850275,0.00906088527271811
Maranhão,2021-09-01,2021-10-01,0.00989306036521182,0.006290204537575594,0.008455715859714661,0.008825715434193122,3.436487085377874e-05,0.0026578220362754473,3266.0,519220.0,17610.0,14344.0,4484.333333333333,0.006257392806824191,0.007415124770844395,0.013914627448346168,0.010016057768850275,0.00906088527271811,0.006290204537575594
Maranhão,2021-10-01,2021-11-01,0.005397777921077886,0.00989306036521182,0.008414716725168508,0.009431660027257727,-0.00032682180733162216,0.002405689050403885,5188.0,524408.0,18679.0,13491.0,4832.333333333333,0.007415124770844395,0.013914627448346168,0.010016057768850275,0.00906088527271811,0.006290204537575594,0.00989306036521182
Maranhão,2021-11-01,2021-12-01,-0.0020658840254139843,0.005397777921077886,0.0071936809412884335,0.009095435552296643,-0.0013063977309256943,0.0027764350002662786,2846.0,527254.0,17321.0,14475.0,4689.833333333333,0.013914627448346168,0.010016057768850275,0.00906088527271811,0.006290204537575594,0.00989306036521182,0.005397777921077886
Maranhão,2021-12-01,2022-01-01,0.0013229220443985545,-0.0020658840254139843,0.004408318086958574,0.0064320169733366175,-0.0019370335771030213,0.004184080960190305,-1087.0,526167.0,15163.0,16250.0,3334.8333333333335,0.010016057768850275,0.00906088527271811,0.006290204537575594,0.00989306036521182,0.005397777921077886,-0.0020658840254139843
Maranhão,2022-01-01,2022-02-01,0.006644192553376019,0.0013229220443985545,0.001551605313354152,0.00498316101926133,-0.0019500961221342987,0.004197253109745311,697.0,526864.0,18164.0,17467.0,2597.5,0.00906088527271811,0.006290204537575594,0.00989306036521182,0.005397777921077886,-0.0020658840254139843,0.0013229220443985545
Maranhão,2022-02-01,2022-03-01,0.003028201180829287,0.006644192553376019,0.0019670768574535295,0.004580378899370982,-0.0008972610522837008,0.0038914305864954438,3524.0,530388.0,19824.0,16300.0,2405.6666666666665,0.006290204537575594,0.00989306036521182,0.005397777921077886,-0.0020658840254139843,0.0013229220443985545,0.006644192553376019
Maranhão,2022-03-01,2022-04-01,0.006372674450095347,0.003028201180829287,0.00366510525953462,0.004036711673246597,-0.0007770355987201634,0.0038421283098776225,1611.0,531999.0,19008.0,17397.0,2129.8333333333335,0.00989306036521182,0.005397777921077886,-0.0020658840254139843,0.0013229220443985545,0.006644192553376019,0.003028201180829287
Maranhão,2022-04-01,2022-05-01,0.009186213277816331,0.006372674450095347,0.005348356061433551,0.0034499806873938515,0.0007279431077941309,0.0031001634981551156,3412.0,535411.0,20212.0,16800.0,1833.8333333333333,0.005397777921077886,-0.0020658840254139843,0.0013229220443985545,0.006644192553376019,0.003028201180829287,0.006372674450095347
Maranhão,2022-05-01,2022-06-01,0.012306528144351755,0.009186213277816331,0.006195696302913656,0.004081386580183592,0.0019369643531627202,0.0037502109307553256,4964.0,540375.0,22121.0,17157.0,2186.8333333333335,-0.0020658840254139843,0.0013229220443985545,0.006644192553376019,0.003028201180829287,0.006372674450095347,0.009186213277816331
Maranhão,2022-06-01,2022-07-01,0.009608700689335573,0.012306528144351755,0.009288471957421144,0.0064767886084778825,0.0018825304554957994,0.0036473918704595077,6733.0,547108.0,23248.0,16515.0,3490.1666666666665,0.0013229220443985545,0.006644192553376019,0.003028201180829287,0.006372674450095347,0.009186213277816331,0.012306528144351755
Maranhão,2022-07-01,2022-08-01,0.009932647260188042,0.009608700689335573,0.01036714737050122,0.007857751715967386,0.0012991731542310327,0.002933285496860979,5308.0,552416.0,22862.0,17554.0,4258.666666666667,0.006644192553376019,0.003028201180829287,0.006372674450095347,0.009186213277816331,0.012306528144351755,0.009608700689335573
Maranhão,2022-08-01,2022-09-01,0.012533625937986691,0.009932647260188042,0.010615958697958457,0.008405827500436057,0.0013528749708871391,0.0029624068514683953,5542.0,557958.0,24761.0,19219.0,4595.0,0.003028201180829287,0.006372674450095347,0.009186213277816331,0.012306528144351755,0.009608700689335573,0.009932647260188042
Maranhão,2022-09-01,2022-10-01,0.005503663535545007,0.012533625937986691,0.010691657962503437,0.00999006495996229,0.0008670351980444473,0.00207027096698647,7082.0,565040.0,23412.0,16330.0,5506.833333333333,0.006372674450095347,0.009186213277816331,0.012306528144351755,0.009608700689335573,0.009932647260188042,0.012533625937986691
Maranhão,2022-10-01,2022-11-01,0.0030443830693698214,0.005503663535545007,0.009323312244573247,0.009845229807537234,-0.0004973573931314098,0.002332114618836755,3127.0,568167.0,20068.0,16941.0,5459.333333333333,0.009186213277816331,0.012306528144351755,0.009608700689335573,0.009932647260188042,0.012533625937986691,0.005503663535545007
Maranhão,2022-11-01,2022-12-01,-0.008692173857636671,0.0030443830693698214,0.007027224180967173,0.008821591439462815,-0.0016007102330995056,0.0034680146119065785,1735.0,569902.0,19670.0,17935.0,4921.166666666667,0.012306528144351755,0.009608700689335573,0.009932647260188042,0.012533625937986691,0.005503663535545007,0.0030443830693698214
Maranhão,2022-12-01,2023-01-01,0.0018673328056984567,-0.008692173857636671,-4.804241757394752e-05,0.005321807772464745,-0.0034056893631359293,0.006991173349785077,-4911.0,564991.0,15024.0,19935.0,2980.5,0.009608700689335573,0.009932647260188042,0.012533625937986691,0.005503663535545007,0.0030443830693698214,-0.008692173857636671
Maranhão,2023-01-01,2023-02-01,0.0014659212989015292,0.0018673328056984567,-0.0012601526608561307,0.0040315797918585574,-0.00304180720358552,0.006792481699204073,1057.0,566048.0,19660.0,18603.0,2272.0,0.009932647260188042,0.012533625937986691,0.005503663535545007,0.0030443830693698214,-0.008692173857636671,0.0018673328056984567
Maranhão,2023-02-01,2023-03-01,0.004841679876833843,0.0014659212989015292,-0.0017863065843455618,0.0026204587983108055,-0.0022281163517706266,0.006280117797332736,831.0,566879.0,18068.0,17237.0,1486.8333333333333,0.012533625937986691,0.005503663535545007,0.0030443830693698214,-0.008692173857636671,0.0018673328056984567,0.0014659212989015292
Maranhão,2023-03-01,2023-04-01,0.0038489921970907845,0.004841679876833843,0.0027249779938112763,0.0013384677881186644,7.183437309641233e-05,0.0047159518644966526,2758.0,569637.0,21582.0,18824.0,766.1666666666666,0.005503663535545007,0.0030443830693698214,-0.008692173857636671,0.0018673328056984567,0.0014659212989015292,0.004841679876833843
Maranhão,2023-04-01,2023-05-01,0.00421760178316442,0.0038489921970907845,0.0033855311242753858,0.0010626892317096275,0.001263519866720555,0.004508117978530744,2201.0,571838.0,18503.0,16302.0,611.8333333333334,0.0030443830693698214,-0.008692173857636671,0.0018673328056984567,0.0014659212989015292,0.004841679876833843,0.0038489921970907845
Maranhão,2023-05-01,2023-06-01,0.008441696351025384,0.00421760178316442,0.004302757952363016,0.001258225684008727,0.0021105604273175638,0.004614031533741272,2422.0,574260.0,20303.0,17881.0,726.3333333333334,-0.008692173857636671,0.0018673328056984567,0.0014659212989015292,0.004841679876833843,0.0038489921970907845,0.00421760178316442
Maranhão,2023-06-01,2023-07-01,0.004445323042278701,0.008441696351025384,0.005502763443760196,0.004113870718785736,0.0011466906142765785,0.0022876214125806633,4889.0,579149.0,23574.0,18685.0,2359.6666666666665,0.0018673328056984567,0.0014659212989015292,0.004841679876833843,0.0038489921970907845,0.00421760178316442,0.008441696351025384
Maranhão,2023-07-01,2023-08-01,0.004123983127448026,0.004445323042278701,0.005701540392156169,0.004543535758215777,0.000744733363586689,0.002055663969578731,2586.0,581735.0,20932.0,18346.0,2614.5,0.0014659212989015292,0.004841679876833843,0.0038489921970907845,0.00421760178316442,0.008441696351025384,0.004445323042278701
Maranhão,2023-08-01,2023-09-01,0.004855245539136686,0.004123983127448026,0.005670334173584038,0.004986546062973526,6.927438161416097e-05,0.001574869889018339,2409.0,584144.0,22916.0,20507.0,2877.5,0.004841679876833843,0.0038489921970907845,0.00421760178316442,0.008441696351025384,0.004445323042278701,0.004123983127448026
Maranhão,2023-09-01,2023-10-01,0.003999314500187494,0.004855245539136686,0.004474850569621138,0.004988807006690667,2.1543926695246656e-05,0.0015746700156167126,2850.0,586994.0,21453.0,18603.0,2892.8333333333335,0.0038489921970907845,0.00421760178316442,0.008441696351025384,0.004445323042278701,0.004123983127448026,0.004855245539136686
Maranhão,2023-10-01,2023-11-01,0.0024188361149666544,0.003999314500187494,0.004326181055590736,0.005013860723873452,-0.0003477751075823255,0.0015574372879974278,2357.0,589351.0,20936.0,18579.0,2918.8333333333335,0.00421760178316442,0.008441696351025384,0.004445323042278701,0.004123983127448026,0.004855245539136686,0.003999314500187494
Maranhão,2023-11-01,2023-12-01,-0.0062783813154281935,0.0024188361149666544,0.003757798718096945,0.0047140664458404915,-0.0008777446969965319,0.0018309619603546145,1429.0,590780.0,19829.0,18400.0,2753.3333333333335,0.008441696351025384,0.004445323042278701,0.004123983127448026,0.004855245539136686,0.003999314500187494,0.0024188361149666544
Maranhão,2023-12-01,2024-01-01,-0.0014174525767445669,-0.0062783813154281935,4.6589766575318506e-05,0.0022607201680982284,-0.0017025683961407931,0.003893151369707129,-3686.0,587094.0,14815.0,18501.0,1324.1666666666667,0.004445323042278701,0.004123983127448026,0.004855245539136686,0.003999314500187494,0.0024188361149666544,-0.0062783813154281935
Maranhão,2024-01-01,2024-02-01,-0.002085316805773251,-0.0014174525767445669,-0.001758999259068702,0.001283590898261017,-0.0017911010705679554,0.0039574305824172104,-831.0,586263.0,19946.0,20777.0,754.6666666666666,0.004123983127448026,0.004855245539136686,0.003999314500187494,0.0024188361149666544,-0.0062783813154281935,-0.0014174525767445669
Maranhão,2024-02-01,2024-03-01,0.004724235310128951,-0.002085316805773251,-0.0032603835659820034,0.0002487075760574707,-0.001704295153878306,0.003890658707021459,-1220.0,585043.0,19392.0,20612.0,149.83333333333334,0.004855245539136686,0.003999314500187494,0.0024188361149666544,-0.0062783813154281935,-0.0014174525767445669,-0.002085316805773251
Maranhão,2024-03-01,2024-04-01,0.005040639948002532,0.004724235310128951,0.00040715530920371117,0.00022687253788951484,-0.00014362645639510863,0.0038650279629633896,2777.0,587820.0,22112.0,19335.0,137.66666666666666,0.003999314500187494,0.0024188361149666544,-0.0062783813154281935,-0.0014174525767445669,-0.002085316805773251,0.004724235310128951
Maranhão,2024-04-01,2024-05-01,0.004072729234306675,0.005040639948002532,0.002559852817452744,0.00040042677919202097,0.001298542994652061,0.004049505294861102,2978.0,590798.0,22216.0,19238.0,241.16666666666666,0.0024188361149666544,-0.0062783813154281935,-0.0014174525767445669,-0.002085316805773251,0.004724235310128951,0.005040639948002532
Maranhão,2024-05-01,2024-06-01,0.010054419021458883,0.004072729234306675,0.00461253483081272,0.000676075632415358,0.0022268394982519384,0.004229793023542394,2416.0,593214.0,22623.0,20207.0,405.6666666666667,-0.0062783813154281935,-0.0014174525767445669,-0.002085316805773251,0.004724235310128951,0.005040639948002532,0.004072729234306675
Maranhão,2024-06-01,2024-07-01,0.0042754215602214644,0.010054419021458883,0.006389262734589364,0.0033982090218965372,0.002175711449975159,0.004132708681455877,6025.0,599239.0,24822.0,18797.0,2024.1666666666667,-0.0014174525767445669,-0.002085316805773251,0.004724235310128951,0.005040639948002532,0.004072729234306675,0.010054419021458883
Maranhão,2024-07-01,2024-08-01,0.004163302047894521,0.0042754215602214644,0.0061341899386623405,0.004347021378057542,0.0013378952071505003,0.003527348441257014,2573.0,601812.0,22983.0,20410.0,2591.5,-0.002085316805773251,0.004724235310128951,0.005040639948002532,0.004072729234306675,0.010054419021458883,0.0042754215602214644
Maranhão,2024-08-01,2024-09-01,0.006962280117982467,0.004163302047894521,0.0061643808765249565,0.005388457853668837,2.5181951789624418e-05,0.0021136209389314028,2516.0,604328.0,23368.0,20852.0,3214.1666666666665,0.004724235310128951,0.005040639948002532,0.004072729234306675,0.010054419021458883,0.0042754215602214644,0.004163302047894521
Maranhão,2024-09-01,2024-10-01,0.00069459496738852,0.006962280117982467,0.005133667908699484,0.005761465321644423,0.0001171691951264509,0.0021604505065010906,4237.0,608565.0,22936.0,18699.0,3457.5,0.005040639948002532,0.004072729234306675,0.010054419021458883,0.0042754215602214644,0.004163302047894521,0.006962280117982467
Maranhão,2024-10-01,2024-11-01,0.0023246784522457965,0.00069459496738852,0.003940059044421836,0.005037124491542088,-0.0007508345016384847,0.0028870644400173524,423.0,608988.0,22079.0,21656.0,3031.6666666666665,0.004072729234306675,0.010054419021458883,0.0042754215602214644,0.004163302047894521,0.006962280117982467,0.00069459496738852
Maranhão,2024-11-01,2024-12-01,-0.011605822964382072,0.0023246784522457965,0.003327184512538928,0.004745782694531942,-0.0013312058444136091,0.0030531096588200485,1419.0,610407.0,21308.0,19889.0,2865.5,0.010054419021458883,0.0042754215602214644,0.004163302047894521,0.006962280117982467,0.00069459496738852,0.0023246784522457965
Maranhão,2024-12-01,2025-01-01,0.0016859054006879287,-0.011605822964382072,-0.0028621831815825853,0.0011357423635584493,-0.0026054222445873647,0.006012873860285263,-7003.0,603404.0,15800.0,22803.0,694.1666666666666,0.0042754215602214644,0.004163302047894521,0.006962280117982467,0.00069459496738852,0.0023246784522457965,-0.011605822964382072
Maranhão,2025-01-01,2025-02-01,0.0024261709575783184,0.0016859054006879287,-0.0025317463704827826,0.0007041563369695267,-0.0018988916856648374,0.005863096554972679,1019.0,604423.0,24102.0,23083.0,435.1666666666667,0.004163302047894521,0.006962280117982467,0.00069459496738852,0.0023246784522457965,-0.011605822964382072,0.0016859054006879287
Maranhão,2025-02-01,2025-03-01,0.0018220787843143068,0.0024261709575783184,-0.0024979155353719415,0.000414634488583493,-0.0009610604548214394,0.005726431628533564,1470.0,605893.0,24263.0,22793.0,260.8333333333333,0.006962280117982467,0.00069459496738852,0.0023246784522457965,-0.011605822964382072,0.0016859054006879287,0.0024261709575783184
Maranhão,2025-03-01,2025-04-01,0.005866543505284311,0.0018220787843143068,0.001978051714193518,-0.0004420657336945337,0.0005495321418770429,0.005024236919007499,1106.0,606999.0,21711.0,20605.0,-261.0,0.00069459496738852,0.0023246784522457965,-0.011605822964382072,0.0016859054006879287,0.0024261709575783184,0.0018220787843143068
Maranhão,2025-04-01,2025-05-01,0.005796714435284405,0.005866543505284311,0.0033715977490589785,0.0004199256892880982,0.0016780941733763452,0.0055603674550470245,3582.0,610581.0,22816.0,19234.0,265.5,0.0023246784522457965,-0.011605822964382072,0.0016859054006879287,0.0024261709575783184,0.0018220787843143068,0.005866543505284311
Maranhão,2025-05-01,2025-06-01,0.010069504890487888,0.005796714435284405,0.004495112241627674,0.0009985983531278664,0.0028271574039673572,0.005898851854820307,3560.0,614141.0,24074.0,20514.0,622.3333333333334,-0.011605822964382072,0.0016859054006879287,0.0024261709575783184,0.0018220787843143068,0.005866543505284311,0.005796714435284405
Maranhão,2025-06-01,2025-07-01,0.0046495509284662255,0.010069504890487888,0.007244254277018868,0.004611152995606193,0.0016021169315168014,0.00299681279644373,6247.0,620388.0,26415.0,20168.0,2830.6666666666665,0.0016859054006879287,0.0024261709575783184,0.0018220787843143068,0.005866543505284311,0.005796714435284405,0.010069504890487888
Maranhão,2025-07-01,2025-08-01,0.005026858333266819,0.0046495509284662255,0.006838590084746173,0.005105093916902576,0.0010225528315131532,0.002703881676678286,2898.0,623286.0,24208.0,21310.0,3143.8333333333335,0.0024261709575783184,0.0018220787843143068,0.005866543505284311,0.005796714435284405,0.010069504890487888,0.0046495509284662255
Maranhão,2025-08-01,2025-09-01,0.0051929077901557074,0.005026858333266819,0.006581971384073644,0.005538541812850659,0.00047559172770033655,0.0024347514192897507,3149.0,626435.0,25262.0,22113.0,3423.6666666666665,0.0018220787843143068,0.005866543505284311,0.005796714435284405,0.010069504890487888,0.0046495509284662255,0.005026858333266819
Maranhão,2025-09-01,2025-10-01,0.005202228127103087,0.0051929077901557074,0.004956439017296251,0.00610034664715756,-0.0003170771669633552,0.001824906584205696,3270.0,629705.0,25141.0,21871.0,3784.3333333333335,0.005866543505284311,0.005796714435284405,0.010069504890487888,0.0046495509284662255,0.005026858333266819,0.0051929077901557074
Maranhão,2025-10-01,2025-11-01,0.0037991098688724798,0.005202228127103087,0.0051406647501752055,0.005989627417460688,-0.000492140441060072,0.001855626791070465,3293.0,632998.0,25002.0,21709.0,3736.1666666666665,0.005796714435284405,0.010069504890487888,0.0046495509284662255,0.005026858333266819,0.0051929077901557074,0.005202228127103087
Maranhão,2025-11-01,2025-12-01,-0.0064273258924918,0.0037991098688724798,0.004731415262043758,0.005656693323058702,-0.0008436541158650735,0.0020312633905659122,2414.0,635412.0,21754.0,19340.0,3545.1666666666665,0.010069504890487888,0.0046495509284662255,0.005026858333266819,0.0051929077901557074,0.005202228127103087,0.0037991098688724798
Maranhão,2025-12-01,2026-01-01,0.0039694309640858,-0.0064273258924918,0.000858004034494589,0.0029072215258954203,-0.0016873802617435934,0.004202166688406097,-4084.0,,17310.0,21394.0,1823.3333333333333,0.0046495509284662255,0.005026858333266819,0.0051929077901557074,0.005202228127103087,0.0037991098688724798,-0.0064273258924918
Maranhão,2026-01-01,2026-02-01,0.003209699867114337,0.0039694309640858,0.0004470716468221599,0.0027938681984986825,-0.0011871701757736638,0.004162625624639367,2516.0,633844.0,24323.0,21807.0,1759.6666666666667,0.005026858333266819,0.0051929077901557074,0.005202228127103087,0.0037991098688724798,-0.0064273258924918,0.0039694309640858
Maranhão,2026-02-01,2026-03-01,0.002243788393494583,0.003209699867114337,0.00025060164623611224,0.002491008454139935,-0.0006811676247320856,0.004053826164492817,2041.0,635885.0,24102.0,22061.0,1575.0,0.0051929077901557074,0.005202228127103087,0.0037991098688724798,-0.0064273258924918,0.0039694309640858,0.003209699867114337
Maranhão,2026-03-01,2026-04-01,0.0019965862290358444,0.002243788393494583,0.00314097307489824,0.0019994885546964145,-0.00017610490904969571,0.003871096879410461,1430.0,637315.0,25972.0,24542.0,1268.3333333333333,0.005202228127103087,0.0037991098688724798,-0.0064273258924918,0.0039694309640858,0.003209699867114337,0.002243788393494583
Maranhão,2026-04-01,2026-05-01,0.003052088455924252,0.0019965862290358444,0.002483358163214921,0.0014652149050185404,0.000464028387480129,0.0036042133667205465,1275.0,638590.0,23401.0,22126.0,932.0,0.0037991098688724798,-0.0064273258924918,0.0039694309640858,0.003209699867114337,0.002243788393494583,0.0019965862290358444
Maranhão,2026-05-01,2026-06-01,0.007665458804355741,0.003052088455924252,0.0024308210261515598,0.001340711336193836,0.0011575036018088751,0.0035336529514899814,1955.0,640545.0,24452.0,22497.0,855.5,-0.0064273258924918,0.0039694309640858,0.003209699867114337,0.002243788393494583,0.0019965862290358444,0.003052088455924252
Mato Grosso,2020-07-01,2020-08-01,0.0055766692796967565,0.009344195693544593,0.0061852942199897435,-9.266853771895157e-06,0.0025065664384925175,0.00989243983925876,6555.0,701505.0,31349.0,24794.0,27.666666666666668,0.004574473218822474,-0.004893522037964375,-0.0182924349634587,-0.001636575498500897,0.010848262464925535,0.009344195693544593
Mato Grosso,2020-08-01,2020-09-01,0.008384827749070851,0.0055766692796967565,0.008589709146055629,0.00015776582304048484,0.004221305329221198,0.009976529170871233,3934.0,705439.0,30900.0,26966.0,146.16666666666666,-0.004893522037964375,-0.0182924349634587,-0.001636575498500897,0.010848262464925535,0.009344195693544593,0.0055766692796967565
Mato Grosso,2020-09-01,2020-10-01,0.009914714527478401,0.008384827749070851,0.007768564240770733,0.002370824120879689,0.004386342317881707,0.010082741711175435,5965.0,711404.0,34807.0,28842.0,1712.1666666666667,-0.0182924349634587,-0.001636575498500897,0.010848262464925535,0.009344195693544593,0.0055766692796967565,0.008384827749070851
Mato Grosso,2020-10-01,2020-11-01,0.0031119454029088296,0.009914714527478401,0.007958737185415336,0.0070720157027025395,0.0013313891305281314,0.004228925695570302,7124.0,718528.0,36402.0,29278.0,4998.666666666667,-0.001636575498500897,0.010848262464925535,0.009344195693544593,0.0055766692796967565,0.008384827749070851,0.009914714527478401
Mato Grosso,2020-11-01,2020-12-01,-0.005639509493825421,0.0031119454029088296,0.00713716255981936,0.007863435852937495,-0.0009760534382545136,0.002689095144479254,2243.0,720771.0,32084.0,29841.0,5560.0,0.010848262464925535,0.009344195693544593,0.0055766692796967565,0.008384827749070851,0.009914714527478401,0.0031119454029088296
Mato Grosso,2020-12-01,2021-01-01,0.0213700537972091,-0.005639509493825421,0.0024623834788539364,0.005115473859812335,-0.0023080803082516084,0.0053463378216065385,-4042.0,716729.0,27169.0,31211.0,3629.8333333333335,0.009344195693544593,0.0055766692796967565,0.008384827749070851,0.009914714527478401,0.0031119454029088296,-0.005639509493825421
Mato Grosso,2021-01-01,2021-02-01,0.018142866527329594,0.0213700537972091,0.006280829902097503,0.007119783543756419,0.0008597469066943802,0.008100675952820938,15651.0,732380.0,44806.0,29155.0,5145.833333333333,0.0055766692796967565,0.008384827749070851,0.009914714527478401,0.0031119454029088296,-0.005639509493825421,0.0213700537972091
Mato Grosso,2021-02-01,2021-03-01,0.0030526719567172816,0.018142866527329594,0.01129113694357109,0.009214149751695225,0.002125850194392902,0.00900494904028454,13533.0,745913.0,44300.0,30767.0,6745.666666666667,0.008384827749070851,0.009914714527478401,0.0031119454029088296,-0.005639509493825421,0.0213700537972091,0.018142866527329594
Mato Grosso,2021-03-01,2021-04-01,0.002217747312831729,0.0030526719567172816,0.014188530760418658,0.008325457119636297,0.0010797746802997488,0.00930118298369481,2284.0,748197.0,38965.0,36681.0,6132.166666666667,0.009914714527478401,0.0031119454029088296,-0.005639509493825421,0.0213700537972091,0.018142866527329594,0.0030526719567172816
Mato Grosso,2021-04-01,2021-05-01,0.01078185250510202,0.002217747312831729,0.007804428598959534,0.00704262925052852,0.0005250961894675169,0.009521699124475643,1663.0,749860.0,34793.0,33130.0,5222.0,0.0031119454029088296,-0.005639509493825421,0.0213700537972091,0.018142866527329594,0.0030526719567172816,0.002217747312831729
Mato Grosso,2021-05-01,2021-06-01,0.018470849335360185,0.01078185250510202,0.0053507572582170105,0.00832094710089405,0.00027313417059693644,0.009422521435196873,8173.0,758033.0,40060.0,31887.0,6210.333333333333,-0.005639509493825421,0.0213700537972091,0.018142866527329594,0.0030526719567172816,0.002217747312831729,0.01078185250510202
Mato Grosso,2021-06-01,2021-07-01,0.01609315480361306,0.018470849335360185,0.010490149717764644,0.012339340239091652,-0.0010689711148517962,0.00757126946354837,14265.0,772298.0,47040.0,32775.0,9261.5,0.0213700537972091,0.018142866527329594,0.0030526719567172816,0.002217747312831729,0.01078185250510202,0.018470849335360185
Mato Grosso,2021-07-01,2021-08-01,0.007614864600045767,0.01609315480361306,0.01511528554802509,0.011459857073492312,0.001273430820274752,0.006731036575973657,12632.0,784930.0,47113.0,34481.0,8758.333333333334,0.018142866527329594,0.0030526719567172816,0.002217747312831729,0.01078185250510202,0.018470849335360185,0.01609315480361306
Mato Grosso,2021-08-01,2021-09-01,0.0074265470822755504,0.007614864600045767,0.014059622913006338,0.009705190085611675,0.002060748071978416,0.006103132182920566,6023.0,790953.0,44636.0,38613.0,7506.666666666667,0.0030526719567172816,0.002217747312831729,0.01078185250510202,0.018470849335360185,0.01609315480361306,0.007614864600045767
Mato Grosso,2021-09-01,2021-10-01,0.0046739186098651905,0.0074265470822755504,0.010378188828644792,0.010434169273204718,0.00040472401715152024,0.005496015029075244,5918.0,796871.0,45644.0,39726.0,8112.333333333333,0.002217747312831729,0.01078185250510202,0.018470849335360185,0.01609315480361306,0.007614864600045767,0.0074265470822755504
Mato Grosso,2021-10-01,2021-11-01,0.0017655221943346188,0.0046739186098651905,0.006571776764062169,0.010843531156043631,-0.0020614533268287242,0.004931235851957755,3742.0,800613.0,43380.0,39638.0,8458.833333333334,0.01078185250510202,0.018470849335360185,0.01609315480361306,0.007614864600045767,0.0074265470822755504,0.0046739186098651905
Mato Grosso,2021-11-01,2021-12-01,-0.01001668608128955,0.0017655221943346188,0.004621995962158453,0.009340809437582396,-0.0033706474801183314,0.005982752003884134,1416.0,802029.0,39962.0,38546.0,7332.666666666667,0.018470849335360185,0.01609315480361306,0.007614864600045767,0.0074265470822755504,0.0046739186098651905,0.0017655221943346188
Mato Grosso,2021-12-01,2022-01-01,0.019537028119590367,-0.01001668608128955,-0.0011924150923632469,0.004592886868140772,-0.0043099960032587665,0.007861915808880302,-7954.0,794075.0,33526.0,41480.0,3629.5,0.01609315480361306,0.007614864600045767,0.0074265470822755504,0.0046739186098651905,0.0017655221943346188,-0.01001668608128955
Mato Grosso,2022-01-01,2022-02-01,0.010423628683734325,0.019537028119590367,0.0037619547442118116,0.005166865754136991,0.00012493490547134536,0.008755501182130587,15823.0,809898.0,55012.0,39189.0,4161.333333333333,0.007614864600045767,0.0074265470822755504,0.0046739186098651905,0.0017655221943346188,-0.01001668608128955,0.019537028119590367
Mato Grosso,2022-02-01,2022-03-01,0.000786254705014083,0.010423628683734325,0.00664799024067838,0.005634993101418417,0.001365500807452721,0.008946869141125314,8531.0,818429.0,50363.0,41832.0,4579.333333333333,0.0074265470822755504,0.0046739186098651905,0.0017655221943346188,-0.01001668608128955,0.019537028119590367,0.010423628683734325
Mato Grosso,2022-03-01,2022-04-01,0.005268328939011017,0.000786254705014083,0.010248970502779592,0.004528277705208173,0.0010311346898520997,0.009066701799549366,644.0,819073.0,49394.0,48750.0,3700.3333333333335,0.0046739186098651905,0.0017655221943346188,-0.01001668608128955,0.019537028119590367,0.010423628683734325,0.000786254705014083
Mato Grosso,2022-04-01,2022-05-01,0.010284061747641434,0.005268328939011017,0.005492737442586475,0.0046273460933991435,0.001165984475612481,0.009070998350181946,4338.0,823411.0,47676.0,43338.0,3799.6666666666665,0.0017655221943346188,-0.01001668608128955,0.019537028119590367,0.010423628683734325,0.000786254705014083,0.005268328939011017
Mato Grosso,2022-05-01,2022-06-01,0.016556083941213252,0.010284061747641434,0.005446215130555511,0.006047102685616946,0.0014017219321199035,0.009177982800256626,8556.0,831967.0,52059.0,43503.0,4989.666666666667,-0.01001668608128955,0.019537028119590367,0.010423628683734325,0.000786254705014083,0.005268328939011017,0.010284061747641434
Mato Grosso,2022-06-01,2022-07-01,0.00941321667611228,0.016556083941213252,0.010702824875955233,0.010475897689367413,-0.00030975278474763796,0.006326139371186447,14006.0,845973.0,55291.0,41285.0,8649.666666666666,0.019537028119590367,0.010423628683734325,0.000786254705014083,0.005268328939011017,0.010284061747641434,0.016556083941213252
Mato Grosso,2022-07-01,2022-08-01,0.004726898101315979,0.00941321667611228,0.012084454121655654,0.008788595782121066,0.0013506617279747913,0.004865927728729111,8039.0,854012.0,52481.0,44442.0,7352.333333333333,0.010423628683734325,0.000786254705014083,0.005268328939011017,0.010284061747641434,0.016556083941213252,0.00941321667611228
Mato Grosso,2022-08-01,2022-09-01,0.007325312355391023,0.004726898101315979,0.01023206623954717,0.00783914068505134,0.001097425782468145,0.005007973334927656,4056.0,858068.0,52571.0,48515.0,6606.5,0.000786254705014083,0.005268328939011017,0.010284061747641434,0.016556083941213252,0.00941321667611228,0.004726898101315979
Mato Grosso,2022-09-01,2022-10-01,0.0009350341940502236,0.007325312355391023,0.007155142377606428,0.00892898362678083,-0.00038655546063363786,0.003955440443642326,6332.0,864400.0,50826.0,44494.0,7554.5,0.005268328939011017,0.010284061747641434,0.016556083941213252,0.00941321667611228,0.004726898101315979,0.007325312355391023
Mato Grosso,2022-10-01,2022-11-01,-0.005180365959918676,0.0009350341940502236,0.004329081550252409,0.00820676783595403,-0.002260679174291972,0.004851912260783608,809.0,865209.0,46136.0,45327.0,6966.333333333333,0.010284061747641434,0.016556083941213252,0.00941321667611228,0.004726898101315979,0.007325312355391023,0.0009350341940502236
Mato Grosso,2022-11-01,2022-12-01,-0.01040514810667155,-0.005180365959918676,0.0010266601965075233,0.005629363218027347,-0.0037576680770791643,0.006785872940701374,-4459.0,860750.0,40732.0,45191.0,4797.166666666667,0.016556083941213252,0.00941321667611228,0.004726898101315979,0.007325312355391023,0.0009350341940502236,-0.005180365959918676
Mato Grosso,2022-12-01,2023-01-01,0.017447258576284323,-0.01040514810667155,-0.004883493290846668,0.0011358245433798805,-0.0038629684073989683,0.006986289169272202,-8864.0,851886.0,35801.0,44665.0,985.5,0.00941321667611228,0.004726898101315979,0.007325312355391023,0.0009350341940502236,-0.005180365959918676,-0.01040514810667155
Mato Grosso,2023-01-01,2023-02-01,0.005812526803672132,0.017447258576284323,0.000620581503231366,0.002474831526741887,0.00012271488099100246,0.008940911955928211,15127.0,867013.0,59378.0,44251.0,2166.8333333333335,0.004726898101315979,0.007325312355391023,0.0009350341940502236,-0.005180365959918676,-0.01040514810667155,0.017447258576284323
Mato Grosso,2023-02-01,2023-03-01,-2.293414917746674e-05,0.005812526803672132,0.004284879091094968,0.0026557696438012455,0.0010499418068958565,0.008995474917183444,5069.0,872082.0,51249.0,46180.0,2335.6666666666665,0.007325312355391023,0.0009350341940502236,-0.005180365959918676,-0.01040514810667155,0.017447258576284323,0.005812526803672132
Mato Grosso,2023-03-01,2023-04-01,0.004191916942721126,-2.293414917746674e-05,0.007745617076926329,0.0014310618930398306,0.001601178378788281,0.008773851153100384,-20.0,872062.0,52803.0,52823.0,1277.0,0.0009350341940502236,-0.005180365959918676,-0.01040514810667155,0.017447258576284323,0.005812526803672132,-2.293414917746674e-05
Mato Grosso,2023-04-01,2023-05-01,0.003810789197379542,0.004191916942721126,0.0033271698657385967,0.001973875684484981,0.0018963807032305446,0.008826958522944102,3671.0,875733.0,48036.0,44365.0,1754.0,-0.005180365959918676,-0.01040514810667155,0.017447258576284323,0.005812526803672132,-2.293414917746674e-05,0.004191916942721126
Mato Grosso,2023-05-01,2023-06-01,0.012006527558931225,0.003810789197379542,0.0026599239969744004,0.003472401544034684,0.0007279485904776073,0.008228089894091998,3350.0,879083.0,52570.0,49220.0,3055.5,-0.01040514810667155,0.017447258576284323,0.005812526803672132,-2.293414917746674e-05,0.004191916942721126,0.003810789197379542
Mato Grosso,2023-06-01,2023-07-01,0.0069354226656845016,0.012006527558931225,0.006669744566343966,0.007207680821635146,-0.0008284004803927043,0.005812914281606685,10683.0,889766.0,55344.0,44661.0,6313.333333333333,0.017447258576284323,0.005812526803672132,-2.293414917746674e-05,0.004191916942721126,0.003810789197379542,0.012006527558931225
Mato Grosso,2023-07-01,2023-08-01,0.005144273955628,0.0069354226656845016,0.007584246473998423,0.005455708169868511,0.0011806210482584669,0.003641166423610887,6214.0,895980.0,52869.0,46655.0,4827.833333333333,0.005812526803672132,-2.293414917746674e-05,0.004191916942721126,0.003810789197379542,0.012006527558931225,0.0069354226656845016
Mato Grosso,2023-08-01,2023-09-01,0.004872804337569321,0.005144273955628,0.008028741393414576,0.005344332695194488,0.0012074941729848321,0.003638768159254006,4633.0,900613.0,54870.0,50237.0,4755.166666666667,-2.293414917746674e-05,0.004191916942721126,0.003810789197379542,0.012006527558931225,0.0069354226656845016,0.005144273955628
Mato Grosso,2023-09-01,2023-10-01,0.0020806915790982567,0.004872804337569321,0.0056508336529606075,0.006160289109652287,6.667961016398871e-05,0.0027947533788746006,4410.0,905023.0,51655.0,47245.0,5493.5,0.004191916942721126,0.003810789197379542,0.012006527558931225,0.0069354226656845016,0.005144273955628,0.004872804337569321
Mato Grosso,2023-10-01,2023-11-01,-0.004628173145518271,0.0020806915790982567,0.004032589957431859,0.005808418215715142,-0.0009097944704442467,0.003132880116871654,1887.0,906910.0,50197.0,48310.0,5196.166666666667,0.003810789197379542,0.012006527558931225,0.0069354226656845016,0.005144273955628,0.004872804337569321,0.0020806915790982567
Mato Grosso,2023-11-01,2023-12-01,-0.01375773318015769,-0.004628173145518271,0.000775107590383102,0.004401924491898839,-0.00280026189714471,0.005032431435794001,-4178.0,902732.0,44735.0,48913.0,3941.5,0.012006527558931225,0.0069354226656845016,0.005144273955628,0.004872804337569321,0.0020806915790982567,-0.004628173145518271
Mato Grosso,2023-12-01,2024-01-01,0.019006669354678794,-0.01375773318015769,-0.005435071582192568,0.00010788103538402014,-0.0038735780940320234,0.007225677830445422,-12251.0,890481.0,38326.0,50577.0,119.16666666666667,0.0069354226656845016,0.005144273955628,0.004872804337569321,0.0020806915790982567,-0.004628173145518271,-0.01375773318015769
Mato Grosso,2024-01-01,2024-02-01,0.008117679582762853,0.019006669354678794,0.00020692100966761043,0.0021197554835497346,0.00019175713478446769,0.009996045577371056,17253.0,907734.0,65806.0,48553.0,1959.0,0.005144273955628,0.004872804337569321,0.0020806915790982567,-0.004628173145518271,-0.01375773318015769,0.019006669354678794
Mato Grosso,2024-02-01,2024-03-01,0.0011841772096637592,0.008117679582762853,0.004455538585761319,0.0026153230880722107,0.00165350712908771,0.010205222691652728,7429.0,915163.0,59538.0,52109.0,2425.0,0.004872804337569321,0.0020806915790982567,-0.004628173145518271,-0.01375773318015769,0.019006669354678794,0.008117679582762853
Mato Grosso,2024-03-01,2024-04-01,0.0032624528554349376,0.0011841772096637592,0.009436175382368468,0.00200055190008795,0.0019005539677859249,0.0101617232492767,1085.0,916248.0,55237.0,54152.0,1870.8333333333333,0.0020806915790982567,-0.004628173145518271,-0.01375773318015769,0.019006669354678794,0.008117679582762853,0.0011841772096637592
Mato Grosso,2024-04-01,2024-05-01,0.0033609910369958376,0.0032624528554349376,0.00418810321595385,0.00219751211281073,0.002096853468637555,0.010172814491492531,2999.0,919247.0,56677.0,53678.0,2056.1666666666665,-0.004628173145518271,-0.01375773318015769,0.019006669354678794,0.008117679582762853,0.0011841772096637592,0.0032624528554349376
Mato Grosso,2024-05-01,2024-06-01,0.010379594451197988,0.0033609910369958376,0.002602540367364845,0.003529039476563082,0.0008979276918553418,0.00970431898098855,3100.0,922347.0,54776.0,51676.0,3269.1666666666665,-0.01375773318015769,0.019006669354678794,0.008117679582762853,0.0011841772096637592,0.0032624528554349376,0.0033609910369958376
Mato Grosso,2024-06-01,2024-07-01,0.006197265397997298,0.010379594451197988,0.005667679447876254,0.007551927415122361,-0.0015807761288266825,0.006000537082722396,9674.0,932021.0,57703.0,48029.0,6923.333333333333,0.019006669354678794,0.008117679582762853,0.0011841772096637592,0.0032624528554349376,0.0033609910369958376,0.010379594451197988
Mato Grosso,2024-07-01,2024-08-01,0.003964671621532638,0.006197265397997298,0.006645950295397041,0.005417026755675445,0.0005166491137810233,0.0031441973806608336,5812.0,937833.0,58082.0,52270.0,5016.5,0.008117679582762853,0.0011841772096637592,0.0032624528554349376,0.0033609910369958376,0.010379594451197988,0.006197265397997298
Mato Grosso,2024-08-01,2024-09-01,0.0018265876099477466,0.003964671621532638,0.006847177156909308,0.004724858762137077,0.0008493003743209603,0.0029228152401086648,3733.0,941566.0,54779.0,51046.0,4400.5,0.0011841772096637592,0.0032624528554349376,0.0033609910369958376,0.010379594451197988,0.006197265397997298,0.003964671621532638
Mato Grosso,2024-09-01,2024-10-01,-0.0001823739790503193,0.0018265876099477466,0.003996174876492561,0.004831927162184407,-0.0002728746722007497,0.0028003529994366986,1723.0,943289.0,51753.0,50030.0,4506.833333333333,0.0032624528554349376,0.0033609910369958376,0.010379594451197988,0.006197265397997298,0.003964671621532638,0.0018265876099477466
Mato Grosso,2024-10-01,2024-11-01,-0.008395481494549674,-0.0001823739790503193,0.0018696284174766886,0.004257789356436865,-0.0013030982680127471,0.003360407280480404,-172.0,943117.0,52473.0,52645.0,3978.3333333333335,0.0033609910369958376,0.010379594451197988,0.006197265397997298,0.003964671621532638,0.0018265876099477466,-0.0001823739790503193
Mato Grosso,2024-11-01,2024-12-01,-0.021311516583692694,-0.008395481494549674,-0.0022504226212174154,0.0022983772678459463,-0.003290068053470457,0.0058312272028766265,-7852.0,935265.0,43825.0,51677.0,2153.0,0.010379594451197988,0.006197265397997298,0.003964671621532638,0.0018265876099477466,-0.0001823739790503193,-0.008395481494549674
Mato Grosso,2024-12-01,2025-01-01,0.020857390917566956,-0.021311516583692694,-0.009963124019097562,-0.0029834745713025004,-0.005046666595591284,0.009387514115049601,-19516.0,915749.0,35451.0,54967.0,-2712.0,0.006197265397997298,0.003964671621532638,0.0018265876099477466,-0.0001823739790503193,-0.008395481494549674,-0.021311516583692694
Mato Grosso,2025-01-01,2025-02-01,0.01027550197573246,0.020857390917566956,-0.002949869053558471,-0.0005401203180408909,0.00019531932525002516,0.012760835450669698,19507.0,935256.0,70600.0,51093.0,-429.5,0.003964671621532638,0.0018265876099477466,-0.0001823739790503193,-0.008395481494549674,-0.021311516583692694,0.020857390917566956
Mato Grosso,2025-02-01,2025-03-01,-0.00376451793138465,0.01027550197573246,0.003273792103202241,0.0005116847409924128,0.0026413666122752106,0.013335918292865347,9710.0,944966.0,62641.0,52931.0,566.6666666666666,0.0018265876099477466,-0.0001823739790503193,-0.008395481494549674,-0.021311516583692694,0.020857390917566956,0.01027550197573246
Mato Grosso,2025-03-01,2025-04-01,0.004380454416623306,-0.00376451793138465,0.009122791653971589,-0.00042016618256298716,0.0022934610900124117,0.013406634944198059,-3544.0,941422.0,53810.0,57354.0,-311.1666666666667,-0.0001823739790503193,-0.008395481494549674,-0.021311516583692694,0.020857390917566956,0.01027550197573246,-0.00376451793138465
Mato Grosso,2025-04-01,2025-05-01,0.0031763367654918896,0.004380454416623306,0.003630479486990372,0.0003403052167159504,0.003026822473455843,0.013527420767170827,4142.0,945564.0,55636.0,51494.0,407.8333333333333,-0.008395481494549674,-0.021311516583692694,0.020857390917566956,0.01027550197573246,-0.00376451793138465,0.004380454416623306
Mato Grosso,2025-05-01,2025-06-01,0.009799940498870001,0.0031763367654918896,0.0012640910835768485,0.0022689415933895445,0.001684812495313566,0.01295735281293253,3013.0,948577.0,55940.0,52927.0,2218.6666666666665,-0.021311516583692694,0.020857390917566956,0.01027550197573246,-0.00376451793138465,0.004380454416623306,0.0031763367654918896
Mato Grosso,2025-06-01,2025-07-01,0.009860414158066367,0.009799940498870001,0.005785577226995065,0.007454184440483326,-0.001955422153605672,0.007601704062095364,9388.0,957965.0,58566.0,49178.0,7036.0,0.020857390917566956,0.01027550197573246,-0.00376451793138465,0.004380454416623306,0.0031763367654918896,0.009799940498870001
Mato Grosso,2025-07-01,2025-08-01,0.002903159981944138,0.009860414158066367,0.007612230474142753,0.005621354980566563,0.0010689662443229165,0.005044862774771868,9540.0,967505.0,62082.0,52542.0,5374.833333333333,0.01027550197573246,-0.00376451793138465,0.004380454416623306,0.0031763367654918896,0.009799940498870001,0.009860414158066367
Mato Grosso,2025-08-01,2025-09-01,0.0038365232496183495,0.002903159981944138,0.007521171546293503,0.004392631314935175,0.0016114820721243209,0.0046435039071930344,2817.0,970322.0,55963.0,53146.0,4226.0,-0.00376451793138465,0.004380454416623306,0.0031763367654918896,0.009799940498870001,0.009860414158066367,0.002903159981944138
Mato Grosso,2025-09-01,2025-10-01,-0.0019039135658213057,0.0038365232496183495,0.0055333657965429515,0.005659471511769008,-9.939178647061926e-05,0.0029864594161088777,3737.0,974059.0,56798.0,53061.0,5439.5,0.004380454416623306,0.0031763367654918896,0.009799940498870001,0.009860414158066367,0.002903159981944138,0.0038365232496183495
Mato Grosso,2025-10-01,2025-11-01,-0.0060036878910106105,-0.0019039135658213057,0.0016119232219137273,0.00461207684802824,-0.001435678788012662,0.00413320567027655,-1851.0,972208.0,53702.0,55553.0,4440.666666666667,0.0031763367654918896,0.009799940498870001,0.009860414158066367,0.002903159981944138,0.0038365232496183495,-0.0019039135658213057
Mato Grosso,2025-11-01,2025-12-01,-0.019691516815913808,-0.0060036878910106105,-0.0013570260690711888,0.0030820727386111565,-0.003239364624382624,0.005760323640182287,-5802.0,966406.0,45018.0,50820.0,2971.5,0.009799940498870001,0.009860414158066367,0.002903159981944138,0.0038365232496183495,-0.0019039135658213057,-0.0060036878910106105
Mato Grosso,2025-12-01,2026-01-01,0.01938812160557785,-0.019691516815913808,-0.00919970609091524,-0.0018331701471861449,-0.005149161008691565,0.009377605671964948,-19030.0,,37983.0,57013.0,-1764.8333333333333,0.009860414158066367,0.002903159981944138,0.0038365232496183495,-0.0019039135658213057,-0.0060036878910106105,-0.019691516815913808
Mato Grosso,2026-01-01,2026-02-01,0.004891559613372117,0.01938812160557785,-0.0021023610337821894,-0.0002452189059342312,0.00022116895989664987,0.011733930172208112,18731.0,966107.0,69821.0,51090.0,-233.0,0.002903159981944138,0.0038365232496183495,-0.0019039135658213057,-0.0060036878910106105,-0.019691516815913808,0.01938812160557785
Mato Grosso,2026-02-01,2026-03-01,-0.0017706420125059331,0.004891559613372117,0.0015293881343453862,8.618103263709903e-05,0.0015846702402303745,0.01184571618868043,4749.0,970856.0,58904.0,54155.0,89.0,0.0038365232496183495,-0.0019039135658213057,-0.0060036878910106105,-0.019691516815913808,0.01938812160557785,0.004891559613372117
Mato Grosso,2026-03-01,2026-04-01,0.00019188590835281423,-0.0017706420125059331,0.007503013068814678,-0.0008483465110502818,0.0020694782486061917,0.011733631342098332,-1716.0,969140.0,58387.0,60103.0,-819.8333333333334,-0.0019039135658213057,-0.0060036878910106105,-0.019691516815913808,0.01938812160557785,0.004891559613372117,-0.0017706420125059331
Mato Grosso,2026-04-01,2026-05-01,0.0011016132605794547,0.00019188590835281423,0.0011042678364063328,-0.0004990465986879283,0.0020069694689952857,0.011728202660966676,186.0,969326.0,55180.0,54994.0,-480.3333333333333,-0.0060036878910106105,-0.019691516815913808,0.01938812160557785,0.004891559613372117,-0.0017706420125059331,0.00019188590835281423
Mato Grosso,2026-05-01,2026-06-01,0.008438128734086545,0.0011016132605794547,-0.00015904761452455477,0.0006851702599104158,0.0011347069047118045,0.011468443985992097,1069.0,970395.0,53961.0,52892.0,664.8333333333334,-0.019691516815913808,0.01938812160557785,0.004891559613372117,-0.0017706420125059331,0.00019188590835281423,0.0011016132605794547
Mato Grosso do Sul,2020-07-01,2020-08-01,0.004810380602612686,0.00638611108935857,0.0017555472353838989,0.00024146366343215882,-0.00013556409689350905,0.008388659036264097,3262.0,510796.0,17713.0,14451.0,141.16666666666666,0.011583078935891845,-0.0005080837678871666,-0.014892854893563422,-0.004090698896894626,0.002971229513687753,0.00638611108935857
Mato Grosso do Sul,2020-08-01,2020-09-01,0.005743563915309067,0.004810380602612686,0.00472257373521967,-0.0008873193921143673,0.0027854613774813595,0.007150937705992108,2469.0,513265.0,17349.0,14880.0,-443.3333333333333,-0.0005080837678871666,-0.014892854893563422,-0.004090698896894626,0.002971229513687753,0.00638611108935857,0.004810380602612686
Mato Grosso do Sul,2020-09-01,2020-10-01,0.009176389749928505,0.005743563915309067,0.005646685202426774,0.00015462188841833835,0.0038085775462444334,0.007573268827872953,2965.0,516230.0,18978.0,16013.0,94.5,-0.014892854893563422,-0.004090698896894626,0.002971229513687753,0.00638611108935857,0.004810380602612686,0.005743563915309067
Mato Grosso do Sul,2020-10-01,2020-11-01,0.0103277056803331,0.009176389749928505,0.006576778089283419,0.0041661626623336594,0.00208790617006382,0.0041339526282034205,4781.0,521011.0,21789.0,17008.0,2152.5,-0.004090698896894626,0.002971229513687753,0.00638611108935857,0.004810380602612686,0.005743563915309067,0.009176389749928505
Mato Grosso do Sul,2020-11-01,2020-12-01,-0.0049325779209871265,0.0103277056803331,0.008415886448523558,0.006569230091871613,0.0013167542893609404,0.0025059208926839255,5437.0,526448.0,20868.0,15431.0,3403.6666666666665,0.002971229513687753,0.00638611108935857,0.004810380602612686,0.005743563915309067,0.009176389749928505,0.0103277056803331
Mato Grosso do Sul,2020-12-01,2021-01-01,0.00733888281473537,-0.0049325779209871265,0.004857172503091492,0.005251928852759134,-0.0010459612566842225,0.004943212875566276,-2584.0,523864.0,15860.0,18444.0,2721.6666666666665,0.00638611108935857,0.004810380602612686,0.005743563915309067,0.009176389749928505,0.0103277056803331,-0.0049325779209871265
Mato Grosso do Sul,2021-01-01,2021-02-01,0.014603460316156234,0.00733888281473537,0.004244670191360448,0.005410724140321933,-0.0005209885290820167,0.004992157733760406,3873.0,527737.0,20990.0,17117.0,2823.5,0.004810380602612686,0.005743563915309067,0.009176389749928505,0.0103277056803331,-0.0049325779209871265,0.00733888281473537
Mato Grosso do Sul,2021-02-01,2021-03-01,0.009669241309424967,0.014603460316156234,0.0056699217366348266,0.007042904092579193,0.0006721907884953192,0.006023450709357874,7821.0,535558.0,25484.0,17663.0,3715.5,0.005743563915309067,0.009176389749928505,0.0103277056803331,-0.0049325779209871265,0.00733888281473537,0.014603460316156234
Mato Grosso do Sul,2021-03-01,2021-04-01,0.00823616577232164,0.009669241309424967,0.010537194813438858,0.007697183658265175,0.0007875137840192632,0.006059876545335705,5229.0,540787.0,25470.0,20241.0,4092.8333333333335,0.009176389749928505,0.0103277056803331,-0.0049325779209871265,0.00733888281473537,0.014603460316156234,0.009669241309424967
Mato Grosso do Sul,2021-04-01,2021-05-01,0.00898906627119137,0.00823616577232164,0.01083628913263428,0.007540479661997365,0.0011603524472171378,0.00603169043015361,4491.0,545278.0,22637.0,18146.0,4044.5,0.0103277056803331,-0.0049325779209871265,0.00733888281473537,0.014603460316156234,0.009669241309424967,0.00823616577232164
Mato Grosso do Sul,2021-05-01,2021-06-01,0.007568269542945781,0.00898906627119137,0.008964824450979327,0.007317373093807076,0.0019247385950548572,0.005948653232926907,4946.0,550224.0,23465.0,18519.0,3962.6666666666665,-0.0049325779209871265,0.00733888281473537,0.014603460316156234,0.009669241309424967,0.00823616577232164,0.00898906627119137
Mato Grosso do Sul,2021-06-01,2021-07-01,0.007664193076094233,0.007568269542945781,0.008264500528819598,0.009400847671129227,-0.000489409258027024,0.002458837902713293,4196.0,554420.0,22343.0,18147.0,5092.666666666667,0.00733888281473537,0.014603460316156234,0.009669241309424967,0.00823616577232164,0.00898906627119137,0.007568269542945781
Mato Grosso do Sul,2021-07-01,2021-08-01,0.005268302410172684,0.007664193076094233,0.008073842963410462,0.00945506604802237,-0.001149895742882223,0.002415986179251732,4282.0,558702.0,23871.0,19589.0,5160.833333333333,0.014603460316156234,0.009669241309424967,0.00823616577232164,0.00898906627119137,0.007568269542945781,0.007664193076094233
Mato Grosso do Sul,2021-08-01,2021-09-01,0.005240692855371754,0.005268302410172684,0.0068335883430709,0.007899206397025113,-0.0007183259803768347,0.0013856867134788662,2959.0,561661.0,25062.0,22103.0,4350.5,0.009669241309424967,0.00823616577232164,0.00898906627119137,0.007568269542945781,0.007664193076094233,0.005268302410172684
Mato Grosso do Sul,2021-09-01,2021-10-01,0.00599795432259382,0.005240692855371754,0.00605772944721289,0.007161114988016244,-0.0007441066467044862,0.0014251761937385677,2959.0,564620.0,25533.0,22574.0,3972.1666666666665,0.00823616577232164,0.00898906627119137,0.007568269542945781,0.007664193076094233,0.005268302410172684,0.005240692855371754
Mato Grosso do Sul,2021-10-01,2021-11-01,0.003596005451895095,0.00599795432259382,0.005502316529379419,0.0067880797463949405,-0.0006952622991894675,0.0013873860250483286,3407.0,568027.0,25631.0,22224.0,3791.5,0.00898906627119137,0.007568269542945781,0.007664193076094233,0.005268302410172684,0.005240692855371754,0.00599795432259382
Mato Grosso do Sul,2021-11-01,2021-12-01,-0.00848070789321455,0.003596005451895095,0.004944884209953556,0.005889236276512229,-0.0007110756077301601,0.0014169520701234545,2050.0,570077.0,24863.0,22813.0,3308.8333333333335,0.007568269542945781,0.007664193076094233,0.005268302410172684,0.005240692855371754,0.00599795432259382,0.003596005451895095
Mato Grosso do Sul,2021-12-01,2022-01-01,0.006515052988628974,-0.00848070789321455,0.0003710839604247884,0.0032144067038188395,-0.002428118121547273,0.005366475912050452,-4794.0,565283.0,19788.0,24582.0,1810.5,0.007664193076094233,0.005268302410172684,0.005240692855371754,0.00599795432259382,0.003596005451895095,-0.00848070789321455
Mato Grosso do Sul,2022-01-01,2022-02-01,0.012881344170432761,0.006515052988628974,0.0005434501824365066,0.003022883355907962,-0.0010666399492621768,0.005222833877463453,3707.0,568990.0,28508.0,24801.0,1714.6666666666667,0.005268302410172684,0.005240692855371754,0.00599795432259382,0.003596005451895095,-0.00848070789321455,0.006515052988628974
Mato Grosso do Sul,2022-02-01,2022-03-01,0.010301932470832654,0.012881344170432761,0.0036385630886157285,0.0042917236492846424,0.0007907954065228815,0.006405148593529637,7425.0,576415.0,32349.0,24924.0,2459.0,0.005240692855371754,0.00599795432259382,0.003596005451895095,-0.00848070789321455,0.006515052988628974,0.012881344170432761
Mato Grosso do Sul,2022-03-01,2022-04-01,0.004546425671922403,0.010301932470832654,0.009899443209964796,0.005135263585194792,0.0018391905079614482,0.006795933598052444,6000.0,582415.0,34423.0,28423.0,2965.8333333333335,0.00599795432259382,0.003596005451895095,-0.00848070789321455,0.006515052988628974,0.012881344170432761,0.010301932470832654
Mato Grosso do Sul,2022-04-01,2022-05-01,0.011453838277683348,0.004546425671922403,0.00924323410439594,0.004893342143416223,0.0019276089535451976,0.00678674713062878,2660.0,585075.0,29564.0,26904.0,2841.3333333333335,0.003596005451895095,-0.00848070789321455,0.006515052988628974,0.012881344170432761,0.010301932470832654,0.004546425671922403
Mato Grosso do Sul,2022-05-01,2022-06-01,0.007242876216930684,0.011453838277683348,0.008767398806812801,0.006202980947714265,0.0026053553487077044,0.007158045868587501,6779.0,591854.0,32622.0,25843.0,3629.5,-0.00848070789321455,0.006515052988628974,0.012881344170432761,0.010301932470832654,0.004546425671922403,0.011453838277683348
Mato Grosso do Sul,2022-06-01,2022-07-01,0.006618411581220507,0.007242876216930684,0.007747713388845477,0.008823578299405138,-0.0001828259524471407,0.0029351662433441347,4318.0,596172.0,30247.0,25929.0,5148.166666666667,0.006515052988628974,0.012881344170432761,0.010301932470832654,0.004546425671922403,0.011453838277683348,0.007242876216930684
Mato Grosso do Sul,2022-07-01,2022-08-01,0.007174749909426434,0.006618411581220507,0.008438375358611513,0.008840804731503726,-0.0009595548314858922,0.0029218400566857245,3972.0,600144.0,31259.0,27287.0,5192.333333333333,0.012881344170432761,0.010301932470832654,0.004546425671922403,0.011453838277683348,0.007242876216930684,0.006618411581220507
Mato Grosso do Sul,2022-08-01,2022-09-01,0.0066667981292869135,0.007174749909426434,0.007012012569192542,0.00788970568800267,-0.00038945477542541313,0.002318229901974555,4337.0,604481.0,33107.0,28770.0,4677.666666666667,0.010301932470832654,0.004546425671922403,0.011453838277683348,0.007242876216930684,0.006618411581220507,0.007174749909426434
Mato Grosso do Sul,2022-09-01,2022-10-01,0.0027155253648423867,0.0066667981292869135,0.006819986539977951,0.007283849964411715,-8.17104986759531e-05,0.0020704040333941283,4057.0,608538.0,31079.0,27022.0,4353.833333333333,0.004546425671922403,0.011453838277683348,0.007242876216930684,0.006618411581220507,0.007174749909426434,0.0066667981292869135
Mato Grosso do Sul,2022-10-01,2022-11-01,0.002667420692450644,0.0027155253648423867,0.005519024467851911,0.006978699913231713,-0.0012818131571122905,0.002534325542640381,1657.0,610195.0,27087.0,25430.0,4186.666666666667,0.011453838277683348,0.007242876216930684,0.006618411581220507,0.007174749909426434,0.0066667981292869135,0.0027155253648423867
Mato Grosso do Sul,2022-11-01,2022-12-01,-0.011145578375198114,0.002667420692450644,0.004016581395526648,0.005514296982359595,-0.0010026825157621168,0.0020095706511320368,1632.0,611827.0,27531.0,25899.0,3328.8333333333335,0.007242876216930684,0.006618411581220507,0.007174749909426434,0.0066667981292869135,0.0027155253648423867,0.002667420692450644
Mato Grosso do Sul,2022-12-01,2023-01-01,0.007852467402996038,-0.011145578375198114,-0.0019208774393016943,0.0024495545503381284,-0.003036948862784714,0.00635659537963941,-6744.0,605083.0,21843.0,28587.0,1485.1666666666667,0.006618411581220507,0.007174749909426434,0.0066667981292869135,0.0027155253648423867,0.002667420692450644,-0.011145578375198114
Mato Grosso do Sul,2023-01-01,2023-02-01,0.009621677273517084,0.007852467402996038,-0.00020856342658381066,0.00265523052063405,-0.0014313327633713947,0.006506357296824572,4789.0,609872.0,33885.0,29096.0,1621.3333333333333,0.007174749909426434,0.0066667981292869135,0.0027155253648423867,0.002667420692450644,-0.011145578375198114,0.007852467402996038
Mato Grosso do Sul,2023-02-01,2023-03-01,0.005921238488050172,0.009621677273517084,0.002109522100438336,0.003063051747982492,0.00046777779337037304,0.006844748931089224,5925.0,615797.0,34566.0,28641.0,1886.0,0.0066667981292869135,0.0027155253648423867,0.002667420692450644,-0.011145578375198114,0.007852467402996038,0.009621677273517084
Mato Grosso do Sul,2023-03-01,2023-04-01,0.005828947980811976,0.005921238488050172,0.0077984610548544305,0.0029387918077763684,0.0015968394610694969,0.006784702497061266,3668.0,619465.0,37064.0,33396.0,1821.1666666666667,0.0027155253648423867,0.002667420692450644,-0.011145578375198114,0.007852467402996038,0.009621677273517084,0.005921238488050172
Mato Grosso do Sul,2023-04-01,2023-05-01,0.0051888170614691215,0.005828947980811976,0.007123954580793078,0.0034576955771046334,0.0019650656257735014,0.006866351723086931,3632.0,623097.0,32402.0,28770.0,2150.3333333333335,0.002667420692450644,-0.011145578375198114,0.007852467402996038,0.009621677273517084,0.005921238488050172,0.005828947980811976
Mato Grosso do Sul,2023-05-01,2023-06-01,0.00481428460207475,0.0051888170614691215,0.005646334510110423,0.0038779283052743792,0.0020543137180376305,0.006882264523592468,3250.0,626347.0,34253.0,31003.0,2420.0,-0.011145578375198114,0.007852467402996038,0.009621677273517084,0.005921238488050172,0.005828947980811976,0.0051888170614691215
Mato Grosso do Sul,2023-06-01,2023-07-01,0.003776732730470129,0.00481428460207475,0.005277349881451949,0.006537905468153189,-0.0008166224327996712,0.0016788651390315203,3030.0,629377.0,31951.0,28921.0,4049.0,0.007852467402996038,0.009621677273517084,0.005921238488050172,0.005828947980811976,0.0051888170614691215,0.00481428460207475
Mato Grosso do Sul,2023-07-01,2023-08-01,0.005080402967610463,0.003776732730470129,0.004593278131338,0.005858616356065539,-0.0009481632940715397,0.0018275178316646407,2386.0,631763.0,32136.0,29750.0,3648.5,0.009621677273517084,0.005921238488050172,0.005828947980811976,0.0051888170614691215,0.00481428460207475,0.003776732730470129
Mato Grosso do Sul,2023-08-01,2023-09-01,0.0028282479310290675,0.005080402967610463,0.0045571401000517806,0.005101737305081102,-0.00030672445178909905,0.0007125917219228964,3226.0,634989.0,35694.0,32468.0,3198.6666666666665,0.005921238488050172,0.005828947980811976,0.0051888170614691215,0.00481428460207475,0.003776732730470129,0.005080402967610463
Mato Grosso do Sul,2023-09-01,2023-10-01,0.00354429587437701,0.0028282479310290675,0.0038951278763698863,0.004586238878910918,-0.00046760841148843285,0.0009957795734711586,1801.0,636790.0,31656.0,29855.0,2887.5,0.005828947980811976,0.0051888170614691215,0.00481428460207475,0.003776732730470129,0.005080402967610463,0.0028282479310290675
Mato Grosso do Sul,2023-10-01,2023-11-01,0.0029923257297889303,0.00354429587437701,0.0038176489243388467,0.004205463527838424,-0.00036791559175592195,0.0008775763839971938,2265.0,639055.0,31222.0,28957.0,2659.6666666666665,0.0051888170614691215,0.00481428460207475,0.003776732730470129,0.005080402967610463,0.0028282479310290675,0.00354429587437701
Mato Grosso do Sul,2023-11-01,2023-12-01,-0.013280701643449284,0.0029923257297889303,0.003121623178398336,0.003839381639225059,-0.0003445502847511385,0.0008486720321012865,1918.0,640973.0,31537.0,29619.0,2437.6666666666665,0.00481428460207475,0.003776732730470129,0.005080402967610463,0.0028282479310290675,0.00354429587437701,0.0029923257297889303
Mato Grosso do Sul,2023-12-01,2024-01-01,0.007825133595059923,-0.013280701643449284,-0.0022480266797611143,0.0008235505983043859,-0.002595295875420391,0.006349499454325435,-8401.0,632572.0,23150.0,31551.0,532.5,0.003776732730470129,0.005080402967610463,0.0028282479310290675,0.00354429587437701,0.0029923257297889303,-0.013280701643449284
Mato Grosso do Sul,2024-01-01,2024-02-01,0.009320046802235693,0.007825133595059923,-0.0008210807728668106,0.001498284075736018,-0.0010044333065935957,0.006824785077008962,4989.0,637561.0,36800.0,31811.0,966.3333333333334,0.005080402967610463,0.0028282479310290675,0.00354429587437701,0.0029923257297889303,-0.013280701643449284,0.007825133595059923
Mato Grosso do Sul,2024-02-01,2024-03-01,0.006479291585103033,0.009320046802235693,0.001288159584615444,0.00220489138150689,0.000829385146995533,0.0073577485366438525,5998.0,643559.0,39054.0,33056.0,1428.3333333333333,0.0028282479310290675,0.00354429587437701,0.0029923257297889303,-0.013280701643449284,0.007825133595059923,0.009320046802235693
Mato Grosso do Sul,2024-03-01,2024-04-01,0.0039472692800346905,0.006479291585103033,0.007874823994132883,0.002813398657185884,0.001564685057413703,0.0075330274818766535,4197.0,647756.0,39331.0,35134.0,1827.6666666666667,0.00354429587437701,0.0029923257297889303,-0.013280701643449284,0.007825133595059923,0.009320046802235693,0.006479291585103033
Mato Grosso do Sul,2024-04-01,2024-05-01,0.0029620317207227236,0.0039472692800346905,0.0065822025557911385,0.002880560891462164,0.001872846018401757,0.007541036682813549,2567.0,650323.0,37832.0,35265.0,1878.0,0.0029923257297889303,-0.013280701643449284,0.007825133595059923,0.009320046802235693,0.006479291585103033,0.0039472692800346905
Mato Grosso do Sul,2024-05-01,2024-06-01,0.0025156751796910843,0.0029620317207227236,0.004462864195286816,0.0028755118899511296,0.001906837675961476,0.007540970303080742,1932.0,652255.0,33888.0,31956.0,1880.3333333333333,-0.013280701643449284,0.007825133595059923,0.009320046802235693,0.006479291585103033,0.0039472692800346905,0.0029620317207227236
Mato Grosso do Sul,2024-06-01,2024-07-01,0.0015467703343802917,0.0025156751796910843,0.003141658726816166,0.005508241360474525,-0.0013758102750414702,0.0025402118875899474,1645.0,653900.0,32933.0,31288.0,3554.6666666666665,0.007825133595059923,0.009320046802235693,0.006479291585103033,0.0039472692800346905,0.0029620317207227236,0.0025156751796910843
Mato Grosso do Sul,2024-07-01,2024-08-01,0.0030066008208400824,0.0015467703343802917,0.0023414924115980336,0.004461847483694586,-0.0014783562604235659,0.002660566380642988,1013.0,654913.0,34666.0,33653.0,2892.0,0.009320046802235693,0.006479291585103033,0.0039472692800346905,0.0029620317207227236,0.0025156751796910843,0.0015467703343802917
Mato Grosso do Sul,2024-08-01,2024-09-01,0.002902246508803886,0.0030066008208400824,0.0023563487783038197,0.003409606486795317,-0.0007146087771231309,0.0015461811198664531,1975.0,656888.0,34376.0,32401.0,2221.5,0.006479291585103033,0.0039472692800346905,0.0029620317207227236,0.0025156751796910843,0.0015467703343802917,0.0030066008208400824
Mato Grosso do Sul,2024-09-01,2024-10-01,0.0012658515694285476,0.002902246508803886,0.0024852058880080866,0.0028134323074121264,-0.0001731517543175069,0.000712502861293034,1912.0,658800.0,33272.0,31360.0,1840.6666666666667,0.0039472692800346905,0.0029620317207227236,0.0025156751796910843,0.0015467703343802917,0.0030066008208400824,0.002902246508803886
Mato Grosso do Sul,2024-10-01,2024-11-01,-0.0002714358501552795,0.0012658515694285476,0.002391566299690839,0.0023665293556444362,-0.00016746732236207676,0.0007020266298847943,835.0,659635.0,33396.0,32561.0,1552.0,0.0029620317207227236,0.0025156751796910843,0.0015467703343802917,0.0030066008208400824,0.002902246508803886,0.0012658515694285476
Mato Grosso do Sul,2024-11-01,2024-12-01,-0.02242666951941965,-0.0002714358501552795,0.0012988874093590515,0.0018276180938314353,-0.0004252190216035213,0.001141543808908739,-179.0,659456.0,30494.0,30673.0,1200.1666666666667,0.0025156751796910843,0.0015467703343802917,0.0030066008208400824,0.002902246508803886,0.0012658515694285476,-0.0002714358501552795
Mato Grosso do Sul,2024-12-01,2025-01-01,0.004899971766535476,-0.02242666951941965,-0.007144084600048794,-0.0023294393560203534,-0.003752505834896032,0.009054731901337931,-14465.0,644991.0,22731.0,37196.0,-1484.8333333333333,0.0015467703343802917,0.0030066008208400824,0.002902246508803886,0.0012658515694285476,-0.0002714358501552795,-0.02242666951941965
Mato Grosso do Sul,2025-01-01,2025-02-01,0.012693069306930694,0.004899971766535476,-0.005932711201013151,-0.0017705724506611564,-0.0019444908793079278,0.009374561404302111,3176.0,648167.0,36863.0,33687.0,-1124.3333333333333,0.0030066008208400824,0.002902246508803886,0.0012658515694285476,-0.0002714358501552795,-0.02242666951941965,0.004899971766535476
Mato Grosso do Sul,2025-02-01,2025-03-01,0.0016940028649025112,0.012693069306930694,-0.0016112094819844928,-0.0001561610363127209,0.0010771783117911559,0.010786040455727348,8333.0,656500.0,41338.0,33005.0,-64.66666666666667,0.002902246508803886,0.0012658515694285476,-0.0002714358501552795,-0.02242666951941965,0.004899971766535476,0.012693069306930694
Mato Grosso do Sul,2025-03-01,2025-04-01,0.008594709904042574,0.0016940028649025112,0.006429014646122894,-0.0003575349769629499,0.00195316894955951,0.010738233508054432,1114.0,657614.0,37083.0,35969.0,-197.66666666666666,0.0012658515694285476,-0.0002714358501552795,-0.02242666951941965,0.004899971766535476,0.012693069306930694,0.0016940028649025112
Mato Grosso do Sul,2025-04-01,2025-05-01,0.004632339038598323,0.008594709904042574,0.007660594025291925,0.0008639414121393877,0.003556738384695741,0.011257687968352234,5701.0,663315.0,37614.0,31913.0,613.3333333333334,-0.0002714358501552795,-0.02242666951941965,0.004899971766535476,0.012693069306930694,0.0016940028649025112,0.008594709904042574
Mato Grosso do Sul,2025-05-01,2025-06-01,0.0040486556042271015,0.004632339038598323,0.0049736839358478025,0.001681237226931655,0.00386800545030237,0.011323405957034304,3087.0,666402.0,35672.0,32585.0,1157.6666666666667,-0.02242666951941965,0.004899971766535476,0.012693069306930694,0.0016940028649025112,0.008594709904042574,0.004632339038598323
Mato Grosso do Sul,2025-06-01,2025-07-01,0.004497615058901945,0.0040486556042271015,0.005758568182289332,0.006093791414206114,-0.0006153732736399694,0.0035801962272894337,2709.0,669111.0,33659.0,30950.0,4020.0,0.004899971766535476,0.012693069306930694,0.0016940028649025112,0.008594709904042574,0.004632339038598323,0.0040486556042271015
Mato Grosso do Sul,2025-07-01,2025-08-01,0.004027549744240219,0.004497615058901945,0.004392869900575791,0.006026731962933858,-0.0010821623967889776,0.003605607252170407,3023.0,672134.0,36395.0,33372.0,3994.5,0.012693069306930694,0.0016940028649025112,0.008594709904042574,0.004632339038598323,0.0040486556042271015,0.004497615058901945
Mato Grosso do Sul,2025-08-01,2025-09-01,0.002039243986152661,0.004027549744240219,0.004191273469123089,0.004582478702485446,-3.4492387802987335e-05,0.0020430325914802,2718.0,674852.0,35566.0,32848.0,3058.6666666666665,0.0016940028649025112,0.008594709904042574,0.004632339038598323,0.0040486556042271015,0.004497615058901945,0.004027549744240219
Mato Grosso do Sul,2025-09-01,2025-10-01,0.0012996392024350514,0.002039243986152661,0.0035214695964316083,0.004640018889360471,-0.0009755068005099731,0.0019642122228571268,1379.0,676231.0,34776.0,33397.0,3102.8333333333335,0.008594709904042574,0.004632339038598323,0.0040486556042271015,0.004497615058901945,0.004027549744240219,0.002039243986152661
Mato Grosso do Sul,2025-10-01,2025-11-01,-0.00139166186018309,0.0012996392024350514,0.002455477644275977,0.003424173772425884,-0.0006617656957057544,0.0012778665344694992,880.0,677111.0,34640.0,33760.0,2299.3333333333335,0.004632339038598323,0.0040486556042271015,0.004497615058901945,0.004027549744240219,0.002039243986152661,0.0012996392024350514
Mato Grosso do Sul,2025-11-01,2025-12-01,-0.016683674223937767,-0.00139166186018309,0.000649073776134874,0.002420173622628981,-0.001108109161415405,0.0020608319114971533,-941.0,676170.0,29173.0,30114.0,1628.0,0.0040486556042271015,0.004497615058901945,0.004027549744240219,0.002039243986152661,0.0012996392024350514,-0.00139166186018309
Mato Grosso do Sul,2025-12-01,2026-01-01,0.005884947482525324,-0.016683674223937767,-0.005591898960561934,-0.0010352146820651635,-0.0035115338860338867,0.007258890732149906,-11281.0,,22087.0,33368.0,-703.6666666666666,0.004497615058901945,0.004027549744240219,0.002039243986152661,0.0012996392024350514,-0.00139166186018309,-0.016683674223937767
Mato Grosso do Sul,2026-01-01,2026-02-01,0.009121724727474214,0.005884947482525324,-0.004063462867198511,-0.0008039926114612668,-0.0014163733428989688,0.007451002455305866,3936.0,668825.0,37353.0,33417.0,-551.5,0.004027549744240219,0.002039243986152661,0.0012996392024350514,-0.00139166186018309,-0.016683674223937767,0.005884947482525324
Mato Grosso do Sul,2026-02-01,2026-03-01,0.005237747149745923,0.009121724727474214,-0.0005590006713127432,4.503655241106542e-05,0.0009678947480892545,0.008205238017720924,6157.0,674982.0,40073.0,33916.0,21.666666666666668,0.002039243986152661,0.0012996392024350514,-0.00139166186018309,-0.016683674223937767,0.005884947482525324,0.009121724727474214
Mato Grosso do Sul,2026-03-01,2026-04-01,0.0008584651585362801,0.005237747149745923,0.006748139786581821,0.0005781204130099428,0.0021085520344568385,0.008418609299334167,3554.0,678536.0,40698.0,37144.0,384.1666666666667,0.0012996392024350514,-0.00139166186018309,-0.016683674223937767,0.005884947482525324,0.009121724727474214,0.005237747149745923
Mato Grosso do Sul,2026-04-01,2026-05-01,0.002612726135192055,0.0008584651585362801,0.005072645678585472,0.0005045914056934806,0.002292905041702766,0.008413911693661113,583.0,679119.0,35778.0,35195.0,334.6666666666667,-0.00139166186018309,-0.016683674223937767,0.005884947482525324,0.009121724727474214,0.005237747149745923,0.0008584651585362801
Mato Grosso do Sul,2026-05-01,2026-06-01,0.00303818745396963,0.002612726135192055,0.002902979481158086,0.0011719894049226716,0.002214816492741533,0.00839582629431119,1779.0,680898.0,34795.0,33016.0,788.0,-0.016683674223937767,0.005884947482525324,0.009121724727474214,0.005237747149745923,0.0008584651585362801,0.002612726135192055
Minas Gerais,2020-07-01,2020-08-01,0.006998682791678497,0.0053352613308523065,-0.0007251928673549796,-0.003942143019391484,0.0006888402798593841,0.010561489022204136,20581.0,3857543.0,126173.0,105592.0,-15140.5,0.006720583954973723,-0.0038268188942932823,-0.0243710445749644,-0.008858520728296506,0.001347680795379261,0.0053352613308523065
Minas Gerais,2020-08-01,2020-09-01,0.008917047628596497,0.006998682791678497,0.004560541639303355,-0.003895793213274021,0.004384360790599564,0.010608686183720614,27188.0,3884731.0,141143.0,113955.0,-15061.666666666666,-0.0038268188942932823,-0.0243710445749644,-0.008858520728296506,0.001347680795379261,0.0053352613308523065,0.006998682791678497
Minas Gerais,2020-09-01,2020-10-01,0.009927041887514575,0.008917047628596497,0.007083663917042435,-0.001771815459459058,0.006228561488948643,0.011635876841749753,34952.0,3919683.0,156938.0,121986.0,-6710.666666666667,-0.0243710445749644,-0.008858520728296506,0.001347680795379261,0.0053352613308523065,0.006998682791678497,0.008917047628596497
Minas Gerais,2020-10-01,2020-11-01,0.008068775512453935,0.009927041887514575,0.008614257435929857,0.003944532284287438,0.0033799810011295225,0.006356625109591432,39301.0,3958984.0,169733.0,130432.0,15541.5,-0.008858520728296506,0.001347680795379261,0.0053352613308523065,0.006998682791678497,0.008917047628596497,0.009927041887514575
Minas Gerais,2020-11-01,2020-12-01,-0.0015118578587626152,0.008068775512453935,0.008970955009521669,0.006765748324412512,0.001408548002636519,0.0028218124434193606,32204.0,3991188.0,161153.0,128949.0,26566.166666666668,0.001347680795379261,0.0053352613308523065,0.006998682791678497,0.008917047628596497,0.009927041887514575,0.008068775512453935
Minas Gerais,2020-12-01,2021-01-01,0.006366722201472163,-0.0015118578587626152,0.0054946531804019655,0.006289158548722199,-0.0008575806721951484,0.00377659975559668,-6025.0,3985163.0,133567.0,139592.0,24700.166666666668,0.0053352613308523065,0.006998682791678497,0.008917047628596497,0.009927041887514575,0.008068775512453935,-0.0015118578587626152
Minas Gerais,2021-01-01,2021-02-01,0.013321288599546306,0.006366722201472163,0.004307879951721161,0.006461068693825509,-0.0010372795939477043,0.0037526659837567207,25535.0,4010698.0,164006.0,138471.0,25525.833333333332,0.006998682791678497,0.008917047628596497,0.009927041887514575,0.008068775512453935,-0.0015118578587626152,0.006366722201472163
Minas Gerais,2021-02-01,2021-03-01,0.009337437487204983,0.013321288599546306,0.006058717647418618,0.007514836328470144,5.027464072586427e-05,0.004557156327937395,54149.0,4064847.0,191767.0,137618.0,30019.333333333332,0.008917047628596497,0.009927041887514575,0.008068775512453935,-0.0015118578587626152,0.006366722201472163,0.013321288599546306
Minas Gerais,2021-03-01,2021-04-01,0.003563523930299279,0.009337437487204983,0.009675149429407818,0.007584901304904891,0.0005910884948561128,0.004581343809983446,38313.0,4103160.0,191506.0,153193.0,30579.5,0.009927041887514575,0.008068775512453935,-0.0015118578587626152,0.006366722201472163,0.013321288599546306,0.009337437487204983
Minas Gerais,2021-04-01,2021-05-01,0.008805331195848273,0.003563523930299279,0.008740750005683523,0.006524314978702342,0.00048503412929153296,0.0046524018882715765,14674.0,4117834.0,157458.0,142784.0,26475.0,0.008068775512453935,-0.0015118578587626152,0.006366722201472163,0.013321288599546306,0.009337437487204983,0.003563523930299279
Minas Gerais,2021-05-01,2021-06-01,0.00935557553815305,0.008805331195848273,0.0072354308711175125,0.006647074259268065,0.001119785695634127,0.004700998432544835,36581.0,4154415.0,177042.0,140461.0,27204.5,-0.0015118578587626152,0.006366722201472163,0.013321288599546306,0.009337437487204983,0.003563523930299279,0.008805331195848273
Minas Gerais,2021-06-01,2021-07-01,0.008759526774242042,0.00935557553815305,0.007241476888100201,0.00845831315875401,-0.00012507197384558228,0.0029911147682694216,39234.0,4193649.0,184238.0,145004.0,34747.666666666664,0.006366722201472163,0.013321288599546306,0.009337437487204983,0.003563523930299279,0.008805331195848273,0.00935557553815305
Minas Gerais,2021-07-01,2021-08-01,0.009674075780260279,0.008759526774242042,0.008973477836081122,0.008857113920882322,-0.0005003596488036598,0.0028414295100671915,37059.0,4230708.0,191474.0,154415.0,36668.333333333336,0.013321288599546306,0.009337437487204983,0.003563523930299279,0.008805331195848273,0.00935557553815305,0.008759526774242042
Minas Gerais,2021-08-01,2021-09-01,0.006025223293435075,0.009674075780260279,0.009263059364218456,0.008249245117667984,0.0005091841239831296,0.002119900712714721,41328.0,4272036.0,203741.0,162413.0,34531.5,0.009337437487204983,0.003563523930299279,0.008805331195848273,0.00935557553815305,0.008759526774242042,0.009674075780260279
Minas Gerais,2021-09-01,2021-10-01,0.004428256431650417,0.006025223293435075,0.008152941949312464,0.0076972094187063335,0.00040910519442868576,0.002194596551934909,25896.0,4297932.0,193441.0,167545.0,32462.0,0.003563523930299279,0.008805331195848273,0.00935557553815305,0.008759526774242042,0.009674075780260279,0.006025223293435075
Minas Gerais,2021-10-01,2021-11-01,0.005271517239806107,0.004428256431650417,0.0067091851684485905,0.007841331502264856,-0.0008846251871178555,0.0019309580963555709,19117.0,4317049.0,191256.0,172139.0,33202.5,0.008805331195848273,0.00935557553815305,0.008759526774242042,0.009674075780260279,0.006025223293435075,0.004428256431650417
Minas Gerais,2021-11-01,2021-12-01,-0.005850719508246608,0.005271517239806107,0.005241665654963867,0.007252362509591162,-0.0010589415716095651,0.0020802619269220187,22878.0,4339927.0,189427.0,166549.0,30918.666666666668,0.00935557553815305,0.008759526774242042,0.009674075780260279,0.006025223293435075,0.004428256431650417,0.005271517239806107
Minas Gerais,2021-12-01,2022-01-01,-0.0002798207292679964,-0.005850719508246608,0.0012830180544033053,0.0047179800018578855,-0.002510167825588297,0.005077624498018282,-25244.0,4314683.0,155121.0,180365.0,20172.333333333332,0.008759526774242042,0.009674075780260279,0.006025223293435075,0.004428256431650417,0.005271517239806107,-0.005850719508246608
Minas Gerais,2022-01-01,2022-02-01,0.008549483849851242,-0.0002798207292679964,-0.0002863409992361657,0.0032114220846062125,-0.0024158300041294493,0.004995318383975871,-1207.0,4313476.0,179519.0,180726.0,13794.666666666666,0.009674075780260279,0.006025223293435075,0.004428256431650417,0.005271517239806107,-0.005850719508246608,-0.0002798207292679964
Minas Gerais,2022-02-01,2022-03-01,0.006478132193357448,0.008549483849851242,0.0008063145374455457,0.0030239900962047064,-0.000360719012820775,0.004765106865917537,37196.0,4350672.0,221380.0,184184.0,13106.0,0.006025223293435075,0.004428256431650417,0.005271517239806107,-0.005850719508246608,-0.0002798207292679964,0.008549483849851242
Minas Gerais,2022-03-01,2022-04-01,0.004748933791067368,0.006478132193357448,0.004915931771313564,0.0030994749128584347,0.0007329764976471191,0.004815374160602344,28368.0,4379040.0,223144.0,194776.0,13518.0,0.004428256431650417,0.005271517239806107,-0.005850719508246608,-0.0002798207292679964,0.008549483849851242,0.006478132193357448
Minas Gerais,2022-04-01,2022-05-01,0.006906390967770477,0.004748933791067368,0.00659218327809202,0.003152921139427927,0.0012343697840067917,0.0048315781602390265,20895.0,4399935.0,205998.0,185103.0,13814.333333333334,0.005271517239806107,-0.005850719508246608,-0.0002798207292679964,0.008549483849851242,0.006478132193357448,0.004748933791067368
Minas Gerais,2022-05-01,2022-06-01,0.007475963875583401,0.006906390967770477,0.006044485650731765,0.003425400094088655,0.0021942989795599344,0.004986974746649759,30599.0,4430534.0,221287.0,190688.0,15101.166666666666,-0.005850719508246608,-0.0002798207292679964,0.008549483849851242,0.006478132193357448,0.004748933791067368,0.006906390967770477
Minas Gerais,2022-06-01,2022-07-01,0.004358254788838764,0.007475963875583401,0.00637709621147375,0.005646513991393657,0.0009177270278778457,0.0028861766273236126,33372.0,4463906.0,215537.0,182165.0,24870.5,-0.0002798207292679964,0.008549483849851242,0.006478132193357448,0.004748933791067368,0.006906390967770477,0.007475963875583401
Minas Gerais,2022-07-01,2022-08-01,0.005887584454009857,0.004358254788838764,0.006246869877397548,0.0064195265777447835,-0.0004515769451908978,0.0014681604671809897,19540.0,4483446.0,209375.0,189835.0,28328.333333333332,0.008549483849851242,0.006478132193357448,0.004748933791067368,0.006906390967770477,0.007475963875583401,0.004358254788838764
Minas Gerais,2022-08-01,2022-09-01,0.004969637226410715,0.005887584454009857,0.005907267706144008,0.005975876678437886,-0.00010157722273173862,0.0011179045865243394,26553.0,4509999.0,227914.0,201361.0,26554.5,0.006478132193357448,0.004748933791067368,0.006906390967770477,0.007475963875583401,0.004358254788838764,0.005887584454009857
Minas Gerais,2022-09-01,2022-10-01,0.00161436945205054,0.004969637226410715,0.005071825489753112,0.005724460850613431,-0.00014487461289456485,0.0011459538755332328,22525.0,4532524.0,213101.0,190576.0,25580.666666666668,0.004748933791067368,0.006906390967770477,0.007475963875583401,0.004358254788838764,0.005887584454009857,0.004969637226410715
Minas Gerais,2022-10-01,2022-11-01,0.0007228485515624997,0.00161436945205054,0.004157197044157037,0.005202033460777293,-0.0009271359388841907,0.0019227964749216127,7329.0,4539853.0,193513.0,186184.0,23319.666666666668,0.006906390967770477,0.007475963875583401,0.004358254788838764,0.005887584454009857,0.004969637226410715,0.00161436945205054
Minas Gerais,2022-11-01,2022-12-01,-0.010442406074837651,0.0007228485515624997,0.0024356184100079183,0.004171443058075963,-0.0012261479959448094,0.0023440862176364466,3284.0,4543137.0,187486.0,184202.0,18767.166666666668,0.007475963875583401,0.004358254788838764,0.005887584454009857,0.004969637226410715,0.00161436945205054,0.0007228485515624997
Minas Gerais,2022-12-01,2023-01-01,-0.00036800271974924195,-0.010442406074837651,-0.002701729357074871,0.0011850480663391204,-0.0026529365657166947,0.005509111234135585,-46951.0,4496186.0,148079.0,195030.0,5380.0,0.004358254788838764,0.005887584454009857,0.004969637226410715,0.00161436945205054,0.0007228485515624997,-0.010442406074837651
Minas Gerais,2023-01-01,2023-02-01,0.006029902264541671,-0.00036800271974924195,-0.003362520081008131,0.000397338481574453,-0.0022401596192293894,0.005334192332511478,-1654.0,4494532.0,196282.0,197936.0,1847.6666666666667,0.005887584454009857,0.004969637226410715,0.00161436945205054,0.0007228485515624997,-0.010442406074837651,-0.00036800271974924195
Minas Gerais,2023-02-01,2023-03-01,0.008483741213659591,0.006029902264541671,-0.0015935021766817407,0.0004210581166630887,-0.00033745845574699186,0.005358812761022163,27266.0,4521798.0,218271.0,191005.0,1966.5,0.004969637226410715,0.00161436945205054,0.0007228485515624997,-0.010442406074837651,-0.00036800271974924195,0.006029902264541671
Minas Gerais,2023-03-01,2023-04-01,0.005978746786668812,0.008483741213659591,0.004715213586150673,0.0010067421145379012,0.0017240692372020334,0.0059799718168082345,38690.0,4560488.0,255643.0,216953.0,4660.666666666667,0.00161436945205054,0.0007228485515624997,-0.010442406074837651,-0.00036800271974924195,0.006029902264541671,0.008483741213659591
Minas Gerais,2023-04-01,2023-05-01,0.005770017579201758,0.005978746786668812,0.006830796754956692,0.0017341383369742804,0.0025558810864375484,0.006268138552377882,27430.0,4587918.0,213902.0,186472.0,8010.833333333333,0.0007228485515624997,-0.010442406074837651,-0.00036800271974924195,0.006029902264541671,0.008483741213659591,0.005978746786668812
Minas Gerais,2023-05-01,2023-06-01,0.005503567717891132,0.005770017579201758,0.0067441685265100535,0.0025753331749141565,0.0029301773068162607,0.006412972882711257,26626.0,4614544.0,236174.0,209548.0,11901.166666666666,-0.010442406074837651,-0.00036800271974924195,0.006029902264541671,0.008483741213659591,0.005978746786668812,0.005770017579201758
Minas Gerais,2023-06-01,2023-07-01,0.0026551693156743332,0.005503567717891132,0.0057507773612539,0.005232995473702286,0.0007449486772911811,0.0026923142512250047,25537.0,4640081.0,221608.0,196071.0,23982.5,-0.00036800271974924195,0.006029902264541671,0.008483741213659591,0.005978746786668812,0.005770017579201758,0.005503567717891132
Minas Gerais,2023-07-01,2023-08-01,0.0032643688897525127,0.0026551693156743332,0.004642918204255741,0.0057368574796062164,-0.0007435118411174036,0.0016951932818069365,12353.0,4652434.0,212464.0,200111.0,26317.0,0.006029902264541671,0.008483741213659591,0.005978746786668812,0.005770017579201758,0.005503567717891132,0.0026551693156743332
Minas Gerais,2023-08-01,2023-09-01,0.0026987574733425322,0.0032643688897525127,0.0038077019744393262,0.005275935250474689,-0.0010381155398236988,0.0019146239991720596,15237.0,4667671.0,233002.0,217765.0,24312.166666666668,0.008483741213659591,0.005978746786668812,0.005770017579201758,0.005503567717891132,0.0026551693156743332,0.0032643688897525127
Minas Gerais,2023-09-01,2023-10-01,0.0010473385498917978,0.0026987574733425322,0.0028727652262564595,0.00431177129375518,-0.0007647226010627407,0.001458815943045979,12631.0,4680302.0,208504.0,195873.0,19969.0,0.005978746786668812,0.005770017579201758,0.005503567717891132,0.0026551693156743332,0.0032643688897525127,0.0026987574733425322
Minas Gerais,2023-10-01,2023-11-01,0.00017242788491804448,0.0010473385498917978,0.002336821637662281,0.0034898699209590105,-0.0008976750373176404,0.0016630016225547399,4907.0,4685209.0,208034.0,203127.0,16215.166666666666,0.005770017579201758,0.005503567717891132,0.0026551693156743332,0.0032643688897525127,0.0026987574733425322,0.0010473385498917978
Minas Gerais,2023-11-01,2023-12-01,-0.010024772028579761,0.00017242788491804448,0.0013061746360507915,0.0025569383052450587,-0.0009155657965320859,0.0016920217838052036,808.0,4686017.0,199066.0,198258.0,11912.166666666666,0.005503567717891132,0.0026551693156743332,0.0032643688897525127,0.0026987574733425322,0.0010473385498917978,0.00017242788491804448
Minas Gerais,2023-12-01,2024-01-01,0.002962204598852726,-0.010024772028579761,-0.0029350018645899734,-3.11183191667568e-05,-0.0021236271045492736,0.004593586358229267,-46510.0,4639507.0,162415.0,208925.0,-95.66666666666667,0.0026551693156743332,0.0032643688897525127,0.0026987574733425322,0.0010473385498917978,0.00017242788491804448,-0.010024772028579761
Minas Gerais,2024-01-01,2024-02-01,0.007672834434179641,0.002962204598852726,-0.002296713181602997,2.0054228029641933e-05,-0.001158752017863988,0.004624830498515256,13784.0,4653291.0,222131.0,208347.0,142.83333333333334,0.0032643688897525127,0.0026987574733425322,0.0010473385498917978,0.00017242788491804448,-0.010024772028579761,0.002962204598852726
Minas Gerais,2024-02-01,2024-03-01,0.008624824976052136,0.007672834434179641,0.00020342233481753508,0.0007547984854341635,0.000583365229644872,0.005371758175194581,35980.0,4689271.0,247414.0,211434.0,3600.0,0.0026987574733425322,0.0010473385498917978,0.00017242788491804448,-0.010024772028579761,0.002962204598852726,0.007672834434179641
Minas Gerais,2024-03-01,2024-04-01,0.005439098726117998,0.008624824976052136,0.0064199546696948355,0.0017424764025524304,0.0020964465258862556,0.006129709206876503,40796.0,4730067.0,258452.0,217656.0,8294.166666666666,0.0010473385498917978,0.00017242788491804448,-0.010024772028579761,0.002962204598852726,0.007672834434179641,0.008624824976052136
Minas Gerais,2024-04-01,2024-05-01,0.004068798929505912,0.005439098726117998,0.007245586045449926,0.002474436431923464,0.0024855078587206385,0.006263747770923571,25868.0,4755935.0,251622.0,225754.0,11787.666666666666,0.00017242788491804448,-0.010024772028579761,0.002962204598852726,0.007672834434179641,0.008624824976052136,0.005439098726117998
Minas Gerais,2024-05-01,2024-06-01,0.005902510117681738,0.004068798929505912,0.006044240877225348,0.003123831606021442,0.002252872220402762,0.0061930025122022584,19430.0,4775365.0,244639.0,225209.0,14891.333333333334,-0.010024772028579761,0.002962204598852726,0.007672834434179641,0.008624824976052136,0.005439098726117998,0.004068798929505912
Minas Gerais,2024-06-01,2024-07-01,0.0023122206040808732,0.005902510117681738,0.005136802591101883,0.005778378630398359,2.0105566576849823e-05,0.001944018089782324,28354.0,4803719.0,231956.0,203602.0,27368.666666666668,0.002962204598852726,0.007672834434179641,0.008624824976052136,0.005439098726117998,0.004068798929505912,0.005902510117681738
Minas Gerais,2024-07-01,2024-08-01,0.0029727441849678043,0.0023122206040808732,0.004094509883756175,0.00567004796460305,-0.0010382946720633459,0.002109037698768039,11133.0,4814852.0,241808.0,230675.0,26926.833333333332,0.007672834434179641,0.008624824976052136,0.005439098726117998,0.004068798929505912,0.005902510117681738,0.0023122206040808732
Minas Gerais,2024-08-01,2024-09-01,0.0032693174556784575,0.0029727441849678043,0.0037291583022434718,0.00488669958973441,-0.0010230664895244915,0.0020924756496953634,14356.0,4829208.0,239935.0,225579.0,23322.833333333332,0.008624824976052136,0.005439098726117998,0.004068798929505912,0.005902510117681738,0.0023122206040808732,0.0029727441849678043
Minas Gerais,2024-09-01,2024-10-01,0.000655085243586105,0.0032693174556784575,0.0028514274149090447,0.003994115003005464,-0.0005064960028403684,0.001299540057375559,15840.0,4845048.0,229804.0,213964.0,19163.5,0.005439098726117998,0.004068798929505912,0.005902510117681738,0.0023122206040808732,0.0029727441849678043,0.0032693174556784575
Minas Gerais,2024-10-01,2024-11-01,0.000228897411479597,0.000655085243586105,0.002299048961410789,0.003196779422583482,-0.0006945035095634839,0.0016010154991821497,3176.0,4848224.0,232867.0,229691.0,15381.5,0.004068798929505912,0.005902510117681738,0.0023122206040808732,0.0029727441849678043,0.0032693174556784575,0.000655085243586105
Minas Gerais,2024-11-01,2024-12-01,-0.014352867990303546,0.000228897411479597,0.0013844333702480534,0.002556795836245763,-0.0009440827526224099,0.0018694890317240644,1110.0,4849334.0,204592.0,203482.0,12328.166666666666,0.005902510117681738,0.0023122206040808732,0.0029727441849678043,0.0032693174556784575,0.000655085243586105,0.000228897411479597
Minas Gerais,2024-12-01,2025-01-01,0.0008443479992818863,-0.014352867990303546,-0.0044896284450792814,-0.000819100515085118,-0.0026906061572708304,0.006155387952338316,-68617.0,4780717.0,158611.0,227228.0,-3833.6666666666665,0.0023122206040808732,0.0029727441849678043,0.0032693174556784575,0.000655085243586105,0.000228897411479597,-0.014352867990303546
Minas Gerais,2025-01-01,2025-02-01,0.010874319876957679,0.0008443479992818863,-0.0044265408598473535,-0.0010637459492182826,-0.001826706431385203,0.006054414171229558,4040.0,4784757.0,236381.0,232341.0,-5015.833333333333,0.0029727441849678043,0.0032693174556784575,0.000655085243586105,0.000228897411479597,-0.014352867990303546,0.0008443479992818863
Minas Gerais,2025-02-01,2025-03-01,0.0037419197784628617,0.010874319876957679,-0.0008780667046879934,0.0002531833327800298,0.0006860295706200084,0.007480574091212663,52603.0,4837360.0,283184.0,230581.0,1358.6666666666667,0.0032693174556784575,0.000655085243586105,0.000228897411479597,-0.014352867990303546,0.0008443479992818863,0.010874319876957679
Minas Gerais,2025-03-01,2025-04-01,0.005954004125609158,0.0037419197784628617,0.005153529218234142,0.0003319503865774305,0.0017876473160115273,0.007514329908606542,18169.0,4855529.0,245360.0,227191.0,1746.8333333333333,0.000655085243586105,0.000228897411479597,-0.014352867990303546,0.0008443479992818863,0.010874319876957679,0.0037419197784628617
Minas Gerais,2025-04-01,2025-05-01,0.004136068856871467,0.005954004125609158,0.006856747927009899,0.0012151035335812728,0.0026554248215606524,0.007806132622012032,29083.0,4884612.0,243508.0,214425.0,6064.666666666667,0.000228897411479597,-0.014352867990303546,0.0008443479992818863,0.010874319876957679,0.0037419197784628617,0.005954004125609158
Minas Gerais,2025-05-01,2025-06-01,0.00491527201469956,0.004136068856871467,0.004610664253647829,0.0018662987744799177,0.0028754643576103436,0.007859488358332889,20287.0,4904899.0,250299.0,230012.0,9260.833333333334,-0.014352867990303546,0.0008443479992818863,0.010874319876957679,0.0037419197784628617,0.005954004125609158,0.004136068856871467
Minas Gerais,2025-06-01,2025-07-01,0.0007089532873375307,0.00491527201469956,0.005001781665726728,0.005077655441980435,6.719861039931497e-05,0.0030273019045826974,24228.0,4929127.0,237555.0,213327.0,24735.0,0.0008443479992818863,0.010874319876957679,0.0037419197784628617,0.005954004125609158,0.004136068856871467,0.00491527201469956
Minas Gerais,2025-07-01,2025-08-01,0.0002460559102264809,0.0007089532873375307,0.0032534313863028523,0.0050550896566563756,-0.0014035631859465236,0.0030591107709188694,3497.0,4932624.0,242337.0,238840.0,24644.5,0.010874319876957679,0.0037419197784628617,0.005954004125609158,0.004136068856871467,0.00491527201469956,0.0007089532873375307
Minas Gerais,2025-08-01,2025-09-01,0.0023829151554819283,0.0002460559102264809,0.0019567604040878575,0.0032837123288678425,-0.0009267219628048194,0.002104980270910125,1214.0,4933838.0,233144.0,231930.0,16079.666666666666,0.0037419197784628617,0.005954004125609158,0.004136068856871467,0.00491527201469956,0.0007089532873375307,0.0002460559102264809
Minas Gerais,2025-09-01,2025-10-01,-0.0009719032525161304,0.0023829151554819283,0.0011126414510153134,0.0030572115583710206,-0.000963765783369518,0.002116574179030308,11785.0,4945623.0,239811.0,228026.0,15015.666666666666,0.005954004125609158,0.004136068856871467,0.00491527201469956,0.0007089532873375307,0.0002460559102264809,0.0023829151554819283
Minas Gerais,2025-10-01,2025-11-01,-0.00177207146435754,-0.0009719032525161304,0.0005523559377307595,0.001902893662016806,-0.0009599951000486262,0.00211056776242276,-4802.0,4940821.0,231026.0,235828.0,9368.166666666666,0.004136068856871467,0.00491527201469956,0.0007089532873375307,0.0002460559102264809,0.0023829151554819283,-0.0009719032525161304
Minas Gerais,2025-11-01,2025-12-01,-0.014751379792829842,-0.00177207146435754,-0.00012035318713058069,0.0009182036084786384,-0.001038355079131172,0.0022146326971080616,-8740.0,4932081.0,198677.0,207417.0,4530.333333333333,0.00491527201469956,0.0007089532873375307,0.0002460559102264809,0.0023829151554819283,-0.0009719032525161304,-0.00177207146435754
Minas Gerais,2025-12-01,2026-01-01,0.001525658493726102,-0.014751379792829842,-0.005831784836567838,-0.002359571692776262,-0.0024774533123596274,0.005693915033789049,-72755.0,,155688.0,228443.0,-11633.5,0.0007089532873375307,0.0002460559102264809,0.0023829151554819283,-0.0009719032525161304,-0.00177207146435754,-0.014751379792829842
Minas Gerais,2026-01-01,2026-02-01,0.004678068359025488,0.001525658493726102,-0.004999264254487093,-0.0022234541583781666,-0.0013087154325508177,0.0057748305981150765,7425.0,4866751.0,225801.0,218376.0,-10978.833333333334,0.0002460559102264809,0.0023829151554819283,-0.0009719032525161304,-0.00177207146435754,-0.014751379792829842,0.001525658493726102
Minas Gerais,2026-02-01,2026-03-01,0.007881756407160843,0.004678068359025488,-0.0028492176466927504,-0.0014847854169116655,0.00017111836937063417,0.006302787143308486,22874.0,4889625.0,240712.0,217838.0,-7368.833333333333,0.0023829151554819283,-0.0009719032525161304,-0.00177207146435754,-0.014751379792829842,0.001525658493726102,0.004678068359025488
Minas Gerais,2026-03-01,2026-04-01,0.0018209764087250512,0.007881756407160843,0.004695161086637477,-0.0005683118749651803,0.002282735887288282,0.007142411009234518,38845.0,4928470.0,274365.0,235520.0,-2858.8333333333335,-0.0009719032525161304,-0.00177207146435754,-0.014751379792829842,0.001525658493726102,0.004678068359025488,0.007881756407160843
Minas Gerais,2026-04-01,2026-05-01,0.0018037422496397872,0.0018209764087250512,0.004793600391637127,-0.00010283193142498245,0.0025433445094481246,0.007191777633572517,8991.0,4937461.0,238791.0,229800.0,-560.0,-0.00177207146435754,-0.014751379792829842,0.001525658493726102,0.004678068359025488,0.007881756407160843,0.0018209764087250512
Minas Gerais,2026-05-01,2026-06-01,0.004188486523964867,0.0018037422496397872,0.0038354916885085604,0.0004931370209079051,0.002481864343013724,0.007176902578425376,8922.0,4946383.0,239653.0,230731.0,2383.6666666666665,-0.014751379792829842,0.001525658493726102,0.004678068359025488,0.007881756407160843,0.0018209764087250512,0.0018037422496397872
Nordeste,2020-07-01,2020-08-01,0.01079783550472463,0.004862436248528978,-0.0015638714708760728,-0.0061618323866332566,0.001856327591582524,0.0090958254364824,28109.0,5780847.0,144476.0,116367.0,-35929.833333333336,-0.00021383973429162,-0.00889947445930093,-0.023166065713578772,-0.009193874341637692,-0.00036017631951950534,0.004862436248528978
Nordeste,2020-08-01,2020-09-01,0.014712839563704833,0.01079783550472463,0.005100031811244701,-0.004326553180130549,0.005468735820816263,0.011018518215740866,63102.0,5843949.0,187222.0,124120.0,-25199.166666666668,-0.00889947445930093,-0.023166065713578772,-0.009193874341637692,-0.00036017631951950534,0.004862436248528978,0.01079783550472463
Nordeste,2020-09-01,2020-10-01,0.01187489931266892,0.014712839563704833,0.010124370438986147,-0.0003911675096295872,0.007274064814101525,0.012761333308074933,87265.0,5931214.0,220169.0,132904.0,-1841.1666666666667,-0.023166065713578772,-0.009193874341637692,-0.00036017631951950534,0.004862436248528978,0.01079783550472463,0.014712839563704833
Nordeste,2020-10-01,2020-11-01,0.012038251816724282,0.01187489931266892,0.012461858127032793,0.005448993328078361,0.004471380433640049,0.008207976833805789,71279.0,6002493.0,213998.0,142719.0,32462.333333333332,-0.009193874341637692,-0.00036017631951950534,0.004862436248528978,0.01079783550472463,0.014712839563704833,0.01187489931266892
Nordeste,2020-11-01,2020-12-01,6.319929651283069e-05,0.012038251816724282,0.012875330231032678,0.00898768102113869,0.002484129540931969,0.005133163295815292,73140.0,6075633.0,208211.0,135071.0,53470.5,-0.00036017631951950534,0.004862436248528978,0.01079783550472463,0.014712839563704833,0.01187489931266892,0.012038251816724282
Nordeste,2020-12-01,2021-01-01,0.004737312647564971,6.319929651283069e-05,0.007992116808635345,0.009058243623810745,-0.0006603678878605056,0.0050055012275751895,384.0,6076017.0,166171.0,165787.0,53879.833333333336,0.004862436248528978,0.01079783550472463,0.014712839563704833,0.01187489931266892,0.012038251816724282,6.319929651283069e-05
Nordeste,2021-01-01,2021-02-01,0.00686934546250182,0.004737312647564971,0.005612921253600695,0.009037389690316743,-0.002116805216666256,0.005023167839907713,28921.0,6104938.0,202152.0,173231.0,54015.166666666664,0.01079783550472463,0.014712839563704833,0.01187489931266892,0.012038251816724282,6.319929651283069e-05,0.004737312647564971
Nordeste,2021-02-01,2021-03-01,0.0009848494082371438,0.00686934546250182,0.0038899524688598736,0.008382641349946275,-0.0020744366577582387,0.005007034465966969,42227.0,6147165.0,218780.0,176553.0,50536.0,0.014712839563704833,0.01187489931266892,0.012038251816724282,6.319929651283069e-05,0.004737312647564971,0.00686934546250182
Nordeste,2021-03-01,2021-04-01,0.0033087384906049125,0.0009848494082371438,0.0041971691727679785,0.00609464299070166,-0.0018652244352506892,0.0047199693165703785,6060.0,6153225.0,203306.0,197246.0,37001.833333333336,0.01187489931266892,0.012038251816724282,6.319929651283069e-05,0.004737312647564971,0.00686934546250182,0.0009848494082371438
Nordeste,2021-04-01,2021-05-01,0.006433280664140391,0.0033087384906049125,0.0037209777871146255,0.004666949520357661,-0.0011071595280139153,0.003995595720303264,20427.0,6173652.0,181589.0,161162.0,28526.5,0.012038251816724282,6.319929651283069e-05,0.004737312647564971,0.00686934546250182,0.0009848494082371438,0.0033087384906049125
Nordeste,2021-05-01,2021-06-01,0.00828453062173641,0.006433280664140391,0.003575622854327482,0.0037327876615936783,0.0006194339517997981,0.0025604878719850525,39974.0,6213626.0,194679.0,154705.0,22998.833333333332,6.319929651283069e-05,0.004737312647564971,0.00686934546250182,0.0009848494082371438,0.0033087384906049125,0.006433280664140391
Nordeste,2021-06-01,2021-07-01,0.008773467447346065,0.00828453062173641,0.006008849925493905,0.005103009549130942,0.0005357652730897336,0.002426383658006649,51907.0,6265533.0,207588.0,155681.0,31586.0,0.004737312647564971,0.00686934546250182,0.0009848494082371438,0.0033087384906049125,0.006433280664140391,0.00828453062173641
Nordeste,2021-07-01,2021-08-01,0.013340143133805868,0.008773467447346065,0.007830426244407622,0.005775702015761123,0.0009869770210929854,0.002767292960212176,55457.0,6320990.0,218556.0,163099.0,36008.666666666664,0.00686934546250182,0.0009848494082371438,0.0033087384906049125,0.006433280664140391,0.00828453062173641,0.008773467447346065
Nordeste,2021-08-01,2021-09-01,0.01450161551236447,0.013340143133805868,0.010132713734296113,0.006854168294311798,0.0022863401558760876,0.003978978895851311,85463.0,6406453.0,254497.0,169034.0,43214.666666666664,0.0009848494082371438,0.0033087384906049125,0.006433280664140391,0.00828453062173641,0.008773467447346065,0.013340143133805868
Nordeste,2021-09-01,2021-10-01,0.008068388661439718,0.01450161551236447,0.012205075364505468,0.009106962644999687,0.0022049688383829666,0.0038422582068644226,94271.0,6500724.0,272945.0,178674.0,57916.5,0.0033087384906049125,0.006433280664140391,0.00828453062173641,0.008773467447346065,0.013340143133805868,0.01450161551236447
Nordeste,2021-10-01,2021-11-01,0.008657305365299652,0.008068388661439718,0.011970049102536684,0.009900237673472154,0.0008969562955668744,0.002951305070620869,52877.0,6553601.0,237733.0,184856.0,63324.833333333336,0.006433280664140391,0.00828453062173641,0.008773467447346065,0.013340143133805868,0.01450161551236447,0.008068388661439718
Nordeste,2021-11-01,2021-12-01,-0.002649025907400574,0.008657305365299652,0.01040910317970128,0.010270908456998698,2.600313539016447e-05,0.002612850249530131,57232.0,6610833.0,233267.0,176035.0,66201.16666666667,0.00828453062173641,0.008773467447346065,0.013340143133805868,0.01450161551236447,0.008068388661439718,0.008657305365299652
Nordeste,2021-12-01,2022-01-01,0.0007698781243525939,-0.002649025907400574,0.0046922227064462654,0.008448649035475868,-0.0022169773408621885,0.0055380073016505615,-17466.0,6593367.0,192668.0,210134.0,54639.0,0.008773467447346065,0.013340143133805868,0.01450161551236447,0.008068388661439718,0.008657305365299652,-0.002649025907400574
Nordeste,2022-01-01,2022-02-01,0.004188974562207864,0.0007698781243525939,0.0022593858607505572,0.007114717481643621,-0.003248980931505759,0.006220918000340689,5080.0,6598447.0,225180.0,220100.0,46242.833333333336,0.013340143133805868,0.01450161551236447,0.008068388661439718,0.008657305365299652,-0.002649025907400574,0.0007698781243525939
Nordeste,2022-02-01,2022-03-01,-0.0007926347796300111,0.004188974562207864,0.0007699422597199614,0.0055895227197106205,-0.0024218590752784173,0.005598298213309088,27757.0,6626204.0,246298.0,218541.0,36625.166666666664,0.01450161551236447,0.008068388661439718,0.008657305365299652,-0.002649025907400574,0.0007698781243525939,0.004188974562207864
Nordeste,2022-03-01,2022-04-01,0.004548197041529455,-0.0007926347796300111,0.001388739302310149,0.0030404810043782073,-0.0015511773023677376,0.004288871485471181,-5248.0,6620956.0,241493.0,246741.0,20038.666666666668,0.008068388661439718,0.008657305365299652,-0.002649025907400574,0.0007698781243525939,0.004188974562207864,-0.0007926347796300111
Nordeste,2022-04-01,2022-05-01,0.007418683914848098,0.004548197041529455,0.002648178941369103,0.0024537824010598297,-0.0003302077656481151,0.0037703795663756355,30251.0,6651207.0,240563.0,210312.0,16267.666666666666,0.008657305365299652,-0.002649025907400574,0.0007698781243525939,0.004188974562207864,-0.0007926347796300111,0.004548197041529455
Nordeste,2022-05-01,2022-06-01,0.0078060150692115865,0.007418683914848098,0.003724748725582514,0.0022473454926512375,0.0016197684720267445,0.0034449340859224954,49712.0,6700919.0,258941.0,209229.0,15014.333333333334,-0.002649025907400574,0.0007698781243525939,0.004188974562207864,-0.0007926347796300111,0.004548197041529455,0.007418683914848098
Nordeste,2022-06-01,2022-07-01,0.007207174363697997,0.0078060150692115865,0.006590965341863046,0.003989852322086598,0.0014345898458107177,0.0031599525156892,52719.0,6753638.0,250439.0,197720.0,26711.833333333332,0.0007698781243525939,0.004188974562207864,-0.0007926347796300111,0.004548197041529455,0.007418683914848098,0.0078060150692115865
Nordeste,2022-07-01,2022-08-01,0.009722172889482305,0.007207174363697997,0.007477291115919227,0.005062735028644166,0.001250212440779831,0.0029717633060089388,49028.0,6802666.0,261662.0,212634.0,34036.5,0.004188974562207864,-0.0007926347796300111,0.004548197041529455,0.007418683914848098,0.0078060150692115865,0.007207174363697997
Nordeste,2022-08-01,2022-09-01,0.01254399165583421,0.009722172889482305,0.00824512077413063,0.005984934749856573,0.001741094327612305,0.003387045240154673,66786.0,6869452.0,295584.0,228798.0,40541.333333333336,-0.0007926347796300111,0.004548197041529455,0.007418683914848098,0.0078060150692115865,0.007207174363697997,0.009722172889482305
Nordeste,2022-09-01,2022-10-01,0.004668248598402282,0.01254399165583421,0.009824446303004837,0.008207705822433943,0.0013225885511403657,0.0024587925246427364,87265.0,6956717.0,294551.0,207286.0,55960.166666666664,0.004548197041529455,0.007418683914848098,0.0078060150692115865,0.007207174363697997,0.009722172889482305,0.01254399165583421
Nordeste,2022-10-01,2022-11-01,0.004132453962100483,0.004668248598402282,0.008978137714572933,0.00822771441524608,8.505004866923164e-05,0.0024292425066245417,32628.0,6989345.0,245204.0,212576.0,56356.333333333336,0.007418683914848098,0.0078060150692115865,0.007207174363697997,0.009722172889482305,0.01254399165583421,0.004668248598402282
Nordeste,2022-11-01,2022-12-01,-0.0074890420543374,0.004132453962100483,0.007114898072112325,0.007680009423121478,-0.0006617932590025927,0.0028787745718761347,29003.0,7018348.0,236591.0,207588.0,52904.833333333336,0.0078060150692115865,0.007207174363697997,0.009722172889482305,0.01254399165583421,0.004668248598402282,0.004132453962100483
Nordeste,2022-12-01,2023-01-01,1.8661561246310932e-06,-0.0074890420543374,0.00043722016872178886,0.005130833235863312,-0.002803599483707268,0.00633533093209463,-52170.0,6966178.0,185097.0,237267.0,35423.333333333336,0.007207174363697997,0.009722172889482305,0.01254399165583421,0.004668248598402282,0.004132453962100483,-0.0074890420543374
Nordeste,2023-01-01,2023-02-01,0.0033437002204143836,1.8661561246310932e-06,-0.0011182406453707618,0.003929948534601086,-0.0031210408409601425,0.0065084672356666975,13.0,6966191.0,242711.0,242698.0,27254.166666666668,0.009722172889482305,0.01254399165583421,0.004668248598402282,0.004132453962100483,-0.0074890420543374,1.8661561246310932e-06
Nordeste,2023-02-01,2023-03-01,0.0020159399036021202,0.0033437002204143836,-0.0013811585592661284,0.0028668697564230984,-0.002046345729153428,0.005974583384686257,23371.0,6989562.0,239483.0,216112.0,20018.333333333332,0.01254399165583421,0.004668248598402282,0.004132453962100483,-0.0074890420543374,1.8661561246310932e-06,0.0033437002204143836
Nordeste,2023-03-01,2023-04-01,0.001591339736136684,0.0020159399036021202,0.0017871687600470448,0.001112194464384417,-0.00023248275681705927,0.004138799358888762,14119.0,7003681.0,270681.0,256562.0,7827.333333333333,0.004668248598402282,0.004132453962100483,-0.0074890420543374,1.8661561246310932e-06,0.0033437002204143836,0.0020159399036021202
Nordeste,2023-04-01,2023-05-01,0.00208876073738674,0.001591339736136684,0.0023169932867177293,0.0005993763206734837,0.000547177394522552,0.003846732927543632,11163.0,7014844.0,241386.0,230223.0,4249.833333333333,0.004132453962100483,-0.0074890420543374,1.8661561246310932e-06,0.0033437002204143836,0.0020159399036021202,0.001591339736136684
Nordeste,2023-05-01,2023-06-01,0.00476048154711686,0.00208876073738674,0.0018986801257085146,0.0002587607832211932,0.0014665621251955592,0.003601472845687901,14683.0,7029527.0,259903.0,245220.0,1863.1666666666667,-0.0074890420543374,1.8661561246310932e-06,0.0033437002204143836,0.0020159399036021202,0.001591339736136684,0.00208876073738674
Nordeste,2023-06-01,2023-07-01,0.004517839228346577,0.00476048154711686,0.002813527340213428,0.002300348050130236,0.0005601045239546507,0.0014749129672256046,33624.0,7063151.0,258550.0,224926.0,16162.166666666666,1.8661561246310932e-06,0.0033437002204143836,0.0020159399036021202,0.001591339736136684,0.00208876073738674,0.00476048154711686
Nordeste,2023-07-01,2023-08-01,0.00890825229292441,0.004517839228346577,0.0037890271709500587,0.003053010228833894,0.0004171925991844353,0.0012441500138803937,32055.0,7095206.0,260341.0,228286.0,21502.5,0.0033437002204143836,0.0020159399036021202,0.001591339736136684,0.00208876073738674,0.00476048154711686,0.004517839228346577
Nordeste,2023-08-01,2023-09-01,0.010382511243988184,0.00890825229292441,0.00606219102279595,0.003980435574252233,0.001311793749513464,0.002527386920390817,63774.0,7158980.0,305809.0,242035.0,28236.333333333332,0.0020159399036021202,0.001591339736136684,0.00208876073738674,0.00476048154711686,0.004517839228346577,0.00890825229292441
Nordeste,2023-09-01,2023-10-01,0.00504034323902604,0.010382511243988184,0.007936200921753058,0.0053748641309832425,0.0018334768539171491,0.003260543193861924,75108.0,7234088.0,293252.0,218144.0,38401.166666666664,0.001591339736136684,0.00208876073738674,0.00476048154711686,0.004517839228346577,0.00890825229292441,0.010382511243988184
Nordeste,2023-10-01,2023-11-01,0.0044622147394802695,0.00504034323902604,0.008110368925312878,0.005949698048131468,0.0010289832760968084,0.0028166497445596865,36647.0,7270735.0,261639.0,224992.0,42648.5,0.00208876073738674,0.00476048154711686,0.004517839228346577,0.00890825229292441,0.010382511243988184,0.00504034323902604
Nordeste,2023-11-01,2023-12-01,-0.005720080432003918,0.0044622147394802695,0.006628356407498165,0.006345273715147057,4.4298198426263154e-05,0.0023793550851429995,32589.0,7303324.0,257067.0,224478.0,45632.833333333336,0.00476048154711686,0.004517839228346577,0.00890825229292441,0.010382511243988184,0.00504034323902604,0.0044622147394802695
Nordeste,2023-12-01,2024-01-01,0.0015956791549252398,-0.005720080432003918,0.0012608258488341305,0.004598513385293595,-0.001996282256201344,0.005143315375446072,-41538.0,7261786.0,199895.0,241433.0,33105.833333333336,0.004517839228346577,0.00890825229292441,0.010382511243988184,0.00504034323902604,0.0044622147394802695,-0.005720080432003918
Nordeste,2024-01-01,2024-02-01,0.001451270414196228,0.0015956791549252398,0.00011260448746719719,0.004111486706390038,-0.0024413934062147984,0.005264812334222523,11606.0,7273392.0,261862.0,250256.0,29697.666666666668,0.00890825229292441,0.010382511243988184,0.00504034323902604,0.0044622147394802695,-0.005720080432003918,0.0015956791549252398
Nordeste,2024-02-01,2024-03-01,0.0021968493150684933,0.001451270414196228,-0.0008910436209608165,0.0028686563932686735,-0.0018620711877927534,0.004849562196619788,10571.0,7283963.0,268930.0,258359.0,20830.5,0.010382511243988184,0.00504034323902604,0.0044622147394802695,-0.005720080432003918,0.0015956791549252398,0.001451270414196228
Nordeste,2024-03-01,2024-04-01,0.003231577842083754,0.0021968493150684933,0.001747932961396654,0.001504379405115392,-0.00045527265739173437,0.003510349479836105,16037.0,7300000.0,290009.0,273972.0,10985.333333333334,0.00504034323902604,0.0044622147394802695,-0.005720080432003918,0.0015956791549252398,0.001451270414196228,0.0021968493150684933
Nordeste,2024-04-01,2024-05-01,0.004315463626835707,0.003231577842083754,0.0022932325237828254,0.0012029185056250111,0.0004986627432430184,0.0032626733155988884,23667.0,7323667.0,289300.0,265633.0,8822.0,0.0044622147394802695,-0.005720080432003918,0.0015956791549252398,0.001451270414196228,0.0021968493150684933,0.003231577842083754
Nordeste,2024-05-01,2024-06-01,0.006206976593050808,0.004315463626835707,0.0032479635946626516,0.0011784599868509174,0.0015951712930441688,0.003238609754782442,31742.0,7355409.0,284823.0,253081.0,8680.833333333334,-0.005720080432003918,0.0015956791549252398,0.001451270414196228,0.0021968493150684933,0.003231577842083754,0.004315463626835707
Nordeste,2024-06-01,2024-07-01,0.005287278464766037,0.006206976593050808,0.004584672687323423,0.0031663028243600383,0.000933822724444615,0.0016792142672029822,45940.0,7401349.0,281987.0,236047.0,23260.5,0.0015956791549252398,0.001451270414196228,0.0021968493150684933,0.003231577842083754,0.004315463626835707,0.006206976593050808
Nordeste,2024-07-01,2024-08-01,0.009632823474636574,0.005287278464766037,0.0052699062282175165,0.003781569376000172,0.0009226945106156551,0.0016672794561736518,39341.0,7440690.0,300619.0,261278.0,27883.0,0.001451270414196228,0.0021968493150684933,0.003231577842083754,0.004315463626835707,0.006206976593050808,0.005287278464766037
Nordeste,2024-08-01,2024-09-01,0.010167666701316441,0.009632823474636574,0.007042359510817805,0.005145161552740228,0.00129252816091721,0.0023919832858424156,72372.0,7513062.0,331097.0,258725.0,38183.166666666664,0.0021968493150684933,0.003231577842083754,0.004315463626835707,0.006206976593050808,0.005287278464766037,0.009632823474636574
Nordeste,2024-09-01,2024-10-01,0.0024110931577000813,0.010167666701316441,0.00836258954690635,0.006473631117114887,0.0014203664488937502,0.0025908019625316718,77175.0,7590237.0,318955.0,241780.0,48372.833333333336,0.003231577842083754,0.004315463626835707,0.006206976593050808,0.005287278464766037,0.009632823474636574,0.010167666701316441
Nordeste,2024-10-01,2024-11-01,0.003347725264106404,0.0024110931577000813,0.0074038611112176985,0.006336883669717607,0.00019159322825683736,0.0027735246799477577,18345.0,7608582.0,294934.0,276589.0,47485.833333333336,0.004315463626835707,0.006206976593050808,0.005287278464766037,0.009632823474636574,0.010167666701316441,0.0024110931577000813
Nordeste,2024-11-01,2024-12-01,-0.007114180975413353,0.003347725264106404,0.005308828374374308,0.006175593942596057,-0.0006397134096925716,0.0029111131212790306,25557.0,7634139.0,272061.0,246504.0,46455.0,0.006206976593050808,0.005287278464766037,0.009632823474636574,0.010167666701316441,0.0024110931577000813,0.003347725264106404
Nordeste,2024-12-01,2025-01-01,-0.00035248901985485793,-0.007114180975413353,-0.0004517875178689558,0.003955401014518697,-0.0025319761536029654,0.005742953222611049,-53927.0,7580212.0,211183.0,265110.0,29810.5,0.005287278464766037,0.009632823474636574,0.010167666701316441,0.0024110931577000813,0.003347725264106404,-0.007114180975413353
Nordeste,2025-01-01,2025-02-01,0.004870886061320634,-0.00035248901985485793,-0.0013729815770539356,0.003015439767081881,-0.002881013525606863,0.005907226174049762,-2671.0,7577541.0,299515.0,302186.0,22808.5,0.009632823474636574,0.010167666701316441,0.0024110931577000813,0.003347725264106404,-0.007114180975413353,-0.00035248901985485793
Nordeste,2025-02-01,2025-03-01,-0.0017363833551362427,0.004870886061320634,-0.000865261311315859,0.002221783531529225,-0.0012924730277761032,0.0052479440248011395,37090.0,7614631.0,334005.0,296915.0,16928.166666666668,0.010167666701316441,0.0024110931577000813,0.003347725264106404,-0.007114180975413353,-0.00035248901985485793,0.004870886061320634
Nordeste,2025-03-01,2025-04-01,0.005968557385478419,-0.0017363833551362427,0.0009273378954431777,0.000237775188787111,-0.0002687488061994409,0.003961434716005497,-13199.0,7601432.0,282493.0,295692.0,1865.8333333333333,0.0024110931577000813,0.003347725264106404,-0.007114180975413353,-0.00035248901985485793,0.004870886061320634,-0.0017363833551362427
Nordeste,2025-04-01,2025-05-01,0.005964932622831102,0.005968557385478419,0.0030343533638876037,0.000830685893416834,0.0009845979585390537,0.004475248317597737,45642.0,7647074.0,314220.0,268578.0,6415.333333333333,0.003347725264106404,-0.007114180975413353,-0.00035248901985485793,0.004870886061320634,-0.0017363833551362427,0.005968557385478419
Nordeste,2025-05-01,2025-06-01,0.004709958784464498,0.005964932622831102,0.0033990355510577597,0.0012668871198709501,0.0022214696511647205,0.004814049893282987,45888.0,7692962.0,322777.0,276889.0,9803.833333333334,-0.007114180975413353,-0.00035248901985485793,0.004870886061320634,-0.0017363833551362427,0.005968557385478419,0.005964932622831102
Nordeste,2025-06-01,2025-07-01,0.0050252271862756895,0.004709958784464498,0.005547816264258006,0.003237577079850592,0.001037123412764081,0.003091956899485468,36405.0,7729367.0,295617.0,259212.0,24859.166666666668,-0.00035248901985485793,0.004870886061320634,-0.0017363833551362427,0.005968557385478419,0.005964932622831102,0.004709958784464498
Nordeste,2025-07-01,2025-08-01,0.007073846566396749,0.0050252271862756895,0.0052333728645237625,0.004133863114205684,0.0005744887794551478,0.0026723376526966752,39038.0,7768405.0,322018.0,282980.0,31810.666666666668,0.004870886061320634,-0.0017363833551362427,0.005968557385478419,0.005964932622831102,0.004709958784464498,0.0050252271862756895
Nordeste,2025-08-01,2025-09-01,0.009162375938691729,0.007073846566396749,0.005603010845712311,0.0045010231983850365,0.001141891004905433,0.00289078397354472,55344.0,7823749.0,338513.0,283169.0,34853.0,-0.0017363833551362427,0.005968557385478419,0.005964932622831102,0.004709958784464498,0.0050252271862756895,0.007073846566396749
Nordeste,2025-09-01,2025-10-01,0.004266243560627985,0.009162375938691729,0.007087149897121389,0.006317483080689698,0.0005603172285307053,0.001481305827175184,72347.0,7896096.0,348856.0,276509.0,49110.666666666664,0.005968557385478419,0.005964932622831102,0.004709958784464498,0.0050252271862756895,0.007073846566396749,0.009162375938691729
Nordeste,2025-10-01,2025-11-01,0.004474882657516623,0.004266243560627985,0.006834155355238822,0.006033764109881292,0.0001974978723367762,0.0016717484571172675,33831.0,7929927.0,328272.0,294441.0,47142.166666666664,0.005964932622831102,0.004709958784464498,0.0050252271862756895,0.007073846566396749,0.009162375938691729,0.004266243560627985
Nordeste,2025-11-01,2025-12-01,-0.007499022041354971,0.004474882657516623,0.005967834052278779,0.005785422448995545,-3.896577541107146e-05,0.0017712420100488748,35645.0,7965572.0,287137.0,251492.0,45435.0,0.004709958784464498,0.0050252271862756895,0.007073846566396749,0.009162375938691729,0.004266243560627985,0.004474882657516623
Nordeste,2025-12-01,2026-01-01,0.0007752808023081982,-0.007499022041354971,0.0004140347255965459,0.003750592311358968,-0.0021518362926530687,0.005311943001988458,-59734.0,,218597.0,278331.0,29411.833333333332,0.0050252271862756895,0.007073846566396749,0.009162375938691729,0.004266243560627985,0.004474882657516623,-0.007499022041354971
Nordeste,2026-01-01,2026-02-01,0.0014676407860516954,0.0007752808023081982,-0.0007496195271767164,0.003042267914031053,-0.002321953818962692,0.005377698927649898,6134.0,7911972.0,297724.0,291590.0,23927.833333333332,0.007073846566396749,0.009162375938691729,0.004266243560627985,0.004474882657516623,-0.007499022041354971,0.0007752808023081982
Nordeste,2026-02-01,2026-03-01,0.0031625142050833474,0.0014676407860516954,-0.0017520334843316927,0.0021079002839735433,-0.0017405848210580318,0.005074535142783084,11629.0,7923601.0,305198.0,293569.0,16642.0,0.009162375938691729,0.004266243560627985,0.004474882657516623,-0.007499022041354971,0.0007752808023081982,0.0014676407860516954
Nordeste,2026-03-01,2026-04-01,0.002348805822889699,0.0031625142050833474,0.001801811931147747,0.0011079233283721466,-0.00017903055852728012,0.004079466913319828,25138.0,7948739.0,341952.0,316814.0,8773.833333333334,0.004266243560627985,0.004474882657516623,-0.007499022041354971,0.0007752808023081982,0.0014676407860516954,0.0031625142050833474
Nordeste,2026-04-01,2026-05-01,0.0029222341081072693,0.002348805822889699,0.0023263202713415805,0.000788350372082432,0.0006299024157121092,0.003890251560216474,18714.0,7967453.0,317689.0,298975.0,6254.333333333333,0.004474882657516623,-0.007499022041354971,0.0007752808023081982,0.0014676407860516954,0.0031625142050833474,0.002348805822889699
Nordeste,2026-05-01,2026-06-01,0.004290589798157986,0.0029222341081072693,0.0028111847120267717,0.0005295756138475397,0.0016720494065167813,0.003682514912052309,23351.0,7990804.0,314518.0,291167.0,4205.333333333333,-0.007499022041354971,0.0007752808023081982,0.0014676407860516954,0.0031625142050833474,0.002348805822889699,0.0029222341081072693
Norte,2020-07-01,2020-08-01,0.012812739575535661,0.008939385794657185,0.002084377433133971,-0.0012639686875337535,0.0013310043393379746,0.008521249604534464,15632.0,1748666.0,58003.0,42371.0,-2153.6666666666665,0.0054970149464384005,-0.0027540957621457604,-0.016579863608897075,-0.006294953613083311,0.00360870011782804,0.008939385794657185
Norte,2020-08-01,2020-09-01,0.011815622730178707,0.012812739575535661,0.00845360849600696,-4.468124935087687e-05,0.004694159389428033,0.009825078571525833,22696.0,1771362.0,64966.0,42270.0,6.166666666666667,-0.0027540957621457604,-0.016579863608897075,-0.006294953613083311,0.00360870011782804,0.008939385794657185,0.012812739575535661
Norte,2020-09-01,2020-10-01,0.011590450174849274,0.011815622730178707,0.011189249366790518,0.0023836051660365344,0.005846605626801855,0.010623397507496588,21180.0,1792542.0,67814.0,46634.0,4347.0,-0.016579863608897075,-0.006294953613083311,0.00360870011782804,0.008939385794657185,0.012812739575535661,0.011815622730178707
Norte,2020-10-01,2020-11-01,0.008836276390505703,0.011590450174849274,0.012072937493521214,0.007078657463327593,0.0033691754445026676,0.006708591484138553,21020.0,1813562.0,70506.0,49486.0,12652.0,-0.006294953613083311,0.00360870011782804,0.008939385794657185,0.012812739575535661,0.011815622730178707,0.011590450174849274
Norte,2020-11-01,2020-12-01,-0.003369735987080394,0.008836276390505703,0.010747449765177894,0.009600529130592428,0.0009455416473887893,0.0030579930520820754,16168.0,1829730.0,65407.0,49239.0,17158.333333333332,0.00360870011782804,0.008939385794657185,0.012812739575535661,0.011815622730178707,0.011590450174849274,0.008836276390505703
Norte,2020-12-01,2021-01-01,0.00400618268411509,-0.003369735987080394,0.005685663526091528,0.008437456446441022,-0.0021057191719744913,0.005482050451736313,-6145.0,1823585.0,50797.0,56942.0,15091.833333333334,0.008939385794657185,0.012812739575535661,0.011815622730178707,0.011590450174849274,0.008836276390505703,-0.003369735987080394
Norte,2021-01-01,2021-02-01,0.007026502866787137,0.00400618268411509,0.0031575743625134665,0.007615255928017339,-0.0026383724112349627,0.005710304061714437,7335.0,1830920.0,62642.0,55307.0,13709.0,0.012812739575535661,0.011815622730178707,0.011590450174849274,0.008836276390505703,-0.003369735987080394,0.00400618268411509
Norte,2021-02-01,2021-03-01,0.004909407746362197,0.007026502866787137,0.0025543165212739446,0.00665088314322592,-0.0016829832619070417,0.005218526924270293,12956.0,1843876.0,65972.0,53016.0,12085.666666666666,0.011815622730178707,0.011590450174849274,0.008836276390505703,-0.003369735987080394,0.00400618268411509,0.007026502866787137
Norte,2021-03-01,2021-04-01,0.004955960738953132,0.004909407746362197,0.005314031099088142,0.005499847312589835,-0.0008988175440684456,0.004686986242288314,9097.0,1852973.0,68391.0,59294.0,10071.833333333334,0.011590450174849274,0.008836276390505703,-0.003369735987080394,0.00400618268411509,0.007026502866787137,0.004909407746362197
Norte,2021-04-01,2021-05-01,0.009791999115184006,0.004955960738953132,0.005630623784034156,0.00439409907327381,0.00024160494643534172,0.003822550077699355,9229.0,1862202.0,62781.0,53552.0,8106.666666666667,0.008836276390505703,-0.003369735987080394,0.00400618268411509,0.007026502866787137,0.004909407746362197,0.004955960738953132
Norte,2021-05-01,2021-06-01,0.0120485282251286,0.009791999115184006,0.006552455866833111,0.004553386194053527,0.0019011689872974616,0.004019193239999848,18415.0,1880617.0,74958.0,56543.0,8481.166666666666,-0.003369735987080394,0.00400618268411509,0.007026502866787137,0.004909407746362197,0.004955960738953132,0.009791999115184006
Norte,2021-06-01,2021-07-01,0.01219017946148581,0.0120485282251286,0.00893216269308858,0.0071230968960883595,0.0013872791269385458,0.0029070115301531615,22935.0,1903552.0,81100.0,58165.0,13327.833333333334,0.00400618268411509,0.007026502866787137,0.004909407746362197,0.004955960738953132,0.009791999115184006,0.0120485282251286
Norte,2021-07-01,2021-08-01,0.010646479581882964,0.01219017946148581,0.011343568933932804,0.00848709635898348,0.0014877652224578126,0.003041422379132976,23491.0,1927043.0,84907.0,61416.0,16020.5,0.007026502866787137,0.004909407746362197,0.004955960738953132,0.009791999115184006,0.0120485282251286,0.01219017946148581
Norte,2021-08-01,2021-09-01,0.008378316873167545,0.010646479581882964,0.011628395756165791,0.009090425811499452,0.001504129841575613,0.0030508759538313873,20737.0,1947780.0,88021.0,67284.0,17317.333333333332,0.004909407746362197,0.004955960738953132,0.009791999115184006,0.0120485282251286,0.01219017946148581,0.010646479581882964
Norte,2021-09-01,2021-10-01,0.004550439485591035,0.008378316873167545,0.010404991972178774,0.009668577332633677,0.0005661963802150327,0.0024788336136413263,16457.0,1964237.0,83965.0,67508.0,18544.0,0.004955960738953132,0.009791999115184006,0.0120485282251286,0.01219017946148581,0.010646479581882964,0.008378316873167545
Norte,2021-10-01,2021-11-01,0.008032897729986251,0.004550439485591035,0.007858411980213848,0.009600990457073326,-0.0011074894880985966,0.002608539452532703,8979.0,1973216.0,83234.0,74255.0,18502.333333333332,0.009791999115184006,0.0120485282251286,0.01219017946148581,0.010646479581882964,0.008378316873167545,0.004550439485591035
Norte,2021-11-01,2021-12-01,-0.0069788079329394575,0.008032897729986251,0.006987218029581611,0.009307806892873702,-0.0012933010032031853,0.0026687562437674676,15979.0,1989195.0,80783.0,64804.0,18096.333333333332,0.0120485282251286,0.01219017946148581,0.010646479581882964,0.008378316873167545,0.004550439485591035,0.008032897729986251
Norte,2021-12-01,2022-01-01,0.0012725450800484953,-0.0069788079329394575,0.0018681764275459425,0.006136584199862357,-0.003071815997582656,0.0063263458144385675,-13786.0,1975409.0,63197.0,76983.0,11976.166666666666,0.01219017946148581,0.010646479581882964,0.008378316873167545,0.004550439485591035,0.008032897729986251,-0.0069788079329394575
Norte,2022-01-01,2022-02-01,0.0064682442210505006,0.0012725450800484953,0.0007755449590317629,0.004316978469622805,-0.0025559596766599464,0.005877683487417929,2517.0,1977926.0,80746.0,78229.0,8480.5,0.010646479581882964,0.008378316873167545,0.004550439485591035,0.008032897729986251,-0.0069788079329394575,0.0012725450800484953
Norte,2022-02-01,2022-03-01,0.004694546976216795,0.0064682442210505006,0.00025399378938651285,0.003620605909484062,-0.00098273577543253,0.005306265645719696,12877.0,1990803.0,85620.0,72743.0,7170.5,0.008378316873167545,0.004550439485591035,0.008032897729986251,-0.0069788079329394575,0.0012725450800484953,0.0064682442210505006
Norte,2022-03-01,2022-04-01,0.006034280557521209,0.004694546976216795,0.004145112092438597,0.00300664425999227,0.00012222656969455715,0.00491925761635248,9390.0,2000193.0,87030.0,77640.0,5992.666666666667,0.004550439485591035,0.008032897729986251,-0.0069788079329394575,0.0012725450800484953,0.0064682442210505006,0.004694546976216795
Norte,2022-04-01,2022-05-01,0.008099007919588598,0.006034280557521209,0.005732357251596168,0.0032539511053139656,0.0008635050858898723,0.005026776415247427,12143.0,2012336.0,84985.0,72842.0,6520.0,0.008032897729986251,-0.0069788079329394575,0.0012725450800484953,0.0064682442210505006,0.004694546976216795,0.006034280557521209
Norte,2022-05-01,2022-06-01,0.010635065774234056,0.008099007919588598,0.006275945151108867,0.0032649694702476897,0.002511445384292134,0.0050373009148288635,16431.0,2028767.0,91251.0,74820.0,6595.333333333333,-0.0069788079329394575,0.0012725450800484953,0.0064682442210505006,0.004694546976216795,0.006034280557521209,0.008099007919588598
Norte,2022-06-01,2022-07-01,0.007787890664692476,0.010635065774234056,0.008256118083781287,0.0062006150881099426,0.0015155608042241853,0.002884488860588562,21808.0,2050575.0,95087.0,73279.0,12527.666666666666,0.0012725450800484953,0.0064682442210505006,0.004694546976216795,0.006034280557521209,0.008099007919588598,0.010635065774234056
Norte,2022-07-01,2022-08-01,0.008800874811752405,0.007787890664692476,0.008840654786171711,0.007286506018883939,0.000756700456409401,0.0018744008372274753,16095.0,2066670.0,93987.0,77892.0,14790.666666666666,0.0064682442210505006,0.004694546976216795,0.006034280557521209,0.008099007919588598,0.010635065774234056,0.007787890664692476
Norte,2022-08-01,2022-09-01,0.009223400160613562,0.008800874811752405,0.009074610416892979,0.0076752777840009235,0.0008093864958239223,0.0019060067571802918,18350.0,2085020.0,100598.0,82248.0,15702.833333333334,0.004694546976216795,0.006034280557521209,0.008099007919588598,0.010635065774234056,0.007787890664692476,0.008800874811752405
Norte,2022-09-01,2022-10-01,0.0034356449944002066,0.009223400160613562,0.008604055212352815,0.008430086648067051,0.0004344006737831887,0.0014077570083505266,19410.0,2104430.0,95701.0,76291.0,17372.833333333332,0.006034280557521209,0.008099007919588598,0.010635065774234056,0.007787890664692476,0.008800874811752405,0.009223400160613562
Norte,2022-10-01,2022-11-01,0.0014266785580190494,0.0034356449944002066,0.007153306655588724,0.007996980720880219,-0.0007582522091355289,0.0022349405253369275,7255.0,2111685.0,87037.0,79782.0,16558.166666666668,0.008099007919588598,0.010635065774234056,0.007787890664692476,0.008800874811752405,0.009223400160613562,0.0034356449944002066
Norte,2022-11-01,2022-12-01,-0.013078943624152715,0.0014266785580190494,0.004695241237677606,0.006884925827285292,-0.0016764613640883048,0.0033092854051031207,3017.0,2114702.0,81438.0,78421.0,14322.5,0.010635065774234056,0.007787890664692476,0.008800874811752405,0.009223400160613562,0.0034356449944002066,0.0014266785580190494
Norte,2022-12-01,2023-01-01,-0.00022473180726540203,-0.013078943624152715,-0.0027388733572444863,0.0029325909275541642,-0.003778414724903981,0.007707950940956293,-27301.0,2087401.0,61724.0,89025.0,6137.666666666667,0.007787890664692476,0.008800874811752405,0.009223400160613562,0.0034356449944002066,0.0014266785580190494,-0.013078943624152715
Norte,2023-01-01,2023-02-01,0.006007018666910529,-0.00022473180726540203,-0.003958998957799689,0.001597153848894517,-0.0032584008824505426,0.0074405358724706225,-469.0,2086932.0,86412.0,86881.0,3377.0,0.008800874811752405,0.009223400160613562,0.0034356449944002066,0.0014266785580190494,-0.013078943624152715,-0.00022473180726540203
Norte,2023-02-01,2023-03-01,0.004774800354756337,0.006007018666910529,-0.0024322189215025295,0.0011315111580875385,-0.001187676001590964,0.0070524442302719705,12612.0,2099544.0,89110.0,76498.0,2420.6666666666665,0.009223400160613562,0.0034356449944002066,0.0014266785580190494,-0.013078943624152715,-0.00022473180726540203,0.006007018666910529
Norte,2023-03-01,2023-04-01,0.005116797384727044,0.004774800354756337,0.003519029071467155,0.0003900778571113341,0.00095117168415264,0.006362891981758525,10073.0,2109617.0,95807.0,85734.0,864.5,0.0034356449944002066,0.0014266785580190494,-0.013078943624152715,-0.00022473180726540203,0.006007018666910529,0.004774800354756337
Norte,2023-04-01,2023-05-01,0.005918172267380998,0.005116797384727044,0.005299538802131303,0.0006702699221658071,0.002235530758412659,0.0065257658423393036,10850.0,2120467.0,85738.0,74888.0,1463.6666666666667,0.0014266785580190494,-0.013078943624152715,-0.00022473180726540203,0.006007018666910529,0.004774800354756337,0.005116797384727044
Norte,2023-05-01,2023-06-01,0.006569032356617654,0.005918172267380998,0.00526992333562146,0.001418852207059465,0.0031365128206140482,0.006820554612728065,12624.0,2133091.0,95235.0,82611.0,3064.8333333333335,-0.013078943624152715,-0.00022473180726540203,0.006007018666910529,0.004774800354756337,0.005116797384727044,0.005918172267380998
Norte,2023-06-01,2023-07-01,0.006825313420464469,0.006569032356617654,0.005868000669575231,0.0046935148705211935,0.0009726936757370681,0.00227733651457885,14105.0,2147196.0,95979.0,81874.0,9965.833333333334,-0.00022473180726540203,0.006007018666910529,0.004774800354756337,0.005116797384727044,0.005918172267380998,0.006569032356617654
Norte,2023-07-01,2023-08-01,0.008189727149780439,0.006825313420464469,0.00643750601482104,0.0058685224084761714,0.00029358699017164566,0.0007290550953437513,14756.0,2161952.0,95075.0,80319.0,12503.333333333334,0.006007018666910529,0.004774800354756337,0.005116797384727044,0.005918172267380998,0.006569032356617654,0.006825313420464469
Norte,2023-08-01,2023-09-01,0.007670757433806143,0.008189727149780439,0.007194690975620854,0.006232307155621157,0.0006528869191876977,0.0011375340417031606,17852.0,2179804.0,104742.0,86890.0,13376.666666666666,0.004774800354756337,0.005116797384727044,0.005918172267380998,0.006569032356617654,0.006825313420464469,0.008189727149780439
Norte,2023-09-01,2023-10-01,0.004632337914618713,0.007670757433806143,0.007561932668017017,0.0067149666687961245,0.0005668784558983034,0.0010255855295467926,16850.0,2196654.0,95468.0,78618.0,14506.166666666666,0.005116797384727044,0.005918172267380998,0.006569032356617654,0.006825313420464469,0.008189727149780439,0.007670757433806143
Norte,2023-10-01,2023-11-01,0.002082314031947807,0.004632337914618713,0.006830940832735099,0.00663422342377807,-5.0273794369428876e-05,0.001158665518889659,10223.0,2206877.0,91689.0,81466.0,14401.666666666666,0.005918172267380998,0.006569032356617654,0.006825313420464469,0.008189727149780439,0.007670757433806143,0.004632337914618713
Norte,2023-11-01,2023-12-01,-0.009035998901298458,0.002082314031947807,0.004795136460124221,0.005994913717872538,-0.0008437567959103086,0.0020740412709027724,4605.0,2211482.0,86455.0,81850.0,13065.166666666666,0.006569032356617654,0.006825313420464469,0.008189727149780439,0.007670757433806143,0.004632337914618713,0.002082314031947807
Norte,2023-12-01,2024-01-01,0.001956307315113931,-0.009035998901298458,-0.0007737823182439792,0.0033940751748865196,-0.002876206299471427,0.005927653250572796,-19804.0,2191678.0,67524.0,87328.0,7413.666666666667,0.006825313420464469,0.008189727149780439,0.007670757433806143,0.004632337914618713,0.002082314031947807,-0.009035998901298458
Norte,2024-01-01,2024-02-01,0.0077097706499126084,0.001956307315113931,-0.0016657925180789065,0.002582574157328096,-0.002395354058894778,0.005732437170259631,4296.0,2195974.0,93486.0,89190.0,5670.333333333333,0.008189727149780439,0.007670757433806143,0.004632337914618713,0.002082314031947807,-0.009035998901298458,0.001956307315113931
Norte,2024-02-01,2024-03-01,0.004350552884637014,0.0077097706499126084,0.00021002635457602713,0.002502581407350124,-0.0005414668186065224,0.005656480083620245,17062.0,2213036.0,103859.0,86797.0,5538.666666666667,0.007670757433806143,0.004632337914618713,0.002082314031947807,-0.009035998901298458,0.001956307315113931,0.0077097706499126084
Norte,2024-03-01,2024-04-01,0.007033881912090102,0.004350552884637014,0.004672210283221185,0.0019492139824886026,0.0007561643120113799,0.005273238469185687,9670.0,2222706.0,100945.0,91275.0,4342.0,0.004632337914618713,0.002082314031947807,-0.009035998901298458,0.001956307315113931,0.0077097706499126084,0.004350552884637014
Norte,2024-04-01,2024-05-01,0.004408540791678212,0.007033881912090102,0.006364735148879908,0.002349471315400501,0.0020191702312376157,0.005545805051887553,15745.0,2238451.0,106544.0,90799.0,5262.333333333333,0.002082314031947807,-0.009035998901298458,0.001956307315113931,0.0077097706499126084,0.004350552884637014,0.007033881912090102
Norte,2024-05-01,2024-06-01,0.008056475180709285,0.004408540791678212,0.005264325196135109,0.002737175775355568,0.0022598915568724644,0.005594673473427968,9912.0,2248363.0,101879.0,91967.0,6146.833333333333,-0.009035998901298458,0.001956307315113931,0.0077097706499126084,0.004350552884637014,0.007033881912090102,0.004408540791678212
Norte,2024-06-01,2024-07-01,0.005920730626930816,0.008056475180709285,0.0064996326281592,0.005585921455690192,0.0006651565365921906,0.002190792099337177,18261.0,2266624.0,104416.0,86155.0,12491.0,0.001956307315113931,0.0077097706499126084,0.004350552884637014,0.007033881912090102,0.004408540791678212,0.008056475180709285
Norte,2024-07-01,2024-08-01,0.00648624624729304,0.005920730626930816,0.006128582199772771,0.00624665867432634,-1.2936409917258213e-05,0.0014785114402803166,13500.0,2280124.0,108327.0,94827.0,14025.0,0.0077097706499126084,0.004350552884637014,0.007033881912090102,0.004408540791678212,0.008056475180709285,0.005920730626930816
Norte,2024-08-01,2024-09-01,0.006755332661940372,0.00648624624729304,0.006821150684977714,0.006042737940556411,0.00031391278133809526,0.0013405956407686337,14886.0,2295010.0,110080.0,95194.0,13662.333333333334,0.004350552884637014,0.007033881912090102,0.004408540791678212,0.008056475180709285,0.005920730626930816,0.00648624624729304
Norte,2024-09-01,2024-10-01,0.0031704492900678526,0.006755332661940372,0.006387436512054742,0.006443534570106972,7.727501606621035e-05,0.0011153215811444996,15609.0,2310619.0,103881.0,88272.0,14652.166666666666,0.007033881912090102,0.004408540791678212,0.008056475180709285,0.005920730626930816,0.00648624624729304,0.006755332661940372
Norte,2024-10-01,2024-11-01,0.0031282765406783464,0.0031704492900678526,0.005470676066433755,0.0057996291331032625,-0.00027223912697132296,0.0015989864170574113,7349.0,2317968.0,104651.0,97302.0,13252.833333333334,0.004408540791678212,0.008056475180709285,0.005920730626930816,0.00648624624729304,0.006755332661940372,0.0031704492900678526
Norte,2024-11-01,2024-12-01,-0.010118816707059974,0.0031282765406783464,0.0043513528308955236,0.005586251757936619,-0.0009320785941741787,0.0018379501192729711,7274.0,2325242.0,95531.0,88257.0,12813.166666666666,0.008056475180709285,0.005920730626930816,0.00648624624729304,0.006755332661940372,0.0031704492900678526,0.0031282765406783464
Norte,2024-12-01,2025-01-01,0.0008385849789984812,-0.010118816707059974,-0.001273363625437925,0.0025570364433084086,-0.0026816151189048717,0.005856031976278254,-23293.0,2301949.0,73336.0,96629.0,5887.5,0.005920730626930816,0.00648624624729304,0.006755332661940372,0.0031704492900678526,0.0031282765406783464,-0.010118816707059974
Norte,2025-01-01,2025-02-01,0.008932969177685903,0.0008385849789984812,-0.0020506517291277154,0.0017100121686530196,-0.0022543693485103803,0.005672926922178727,1932.0,2303881.0,104619.0,102687.0,3959.5,0.00648624624729304,0.006755332661940372,0.0031704492900678526,0.0031282765406783464,-0.010118816707059974,0.0008385849789984812
Norte,2025-02-01,2025-03-01,0.002219058406733233,0.008932969177685903,-0.00011575418345852993,0.002117799323718497,-0.0002672715314919653,0.006075271639792986,20766.0,2324647.0,119744.0,98978.0,4939.5,0.006755332661940372,0.0031704492900678526,0.0031282765406783464,-0.010118816707059974,0.0008385849789984812,0.008932969177685903
Norte,2025-03-01,2025-04-01,0.005475437155624158,0.002219058406733233,0.003996870854472539,0.001361753614517307,0.0006747007194402296,0.005723161425820556,5170.0,2329817.0,103992.0,98822.0,3199.6666666666665,0.0031704492900678526,0.0031282765406783464,-0.010118816707059974,0.0008385849789984812,0.008932969177685903,0.002219058406733233
Norte,2025-04-01,2025-05-01,0.004604245627751245,0.005475437155624158,0.005542488246681098,0.0017459182587766912,0.0016241089318513168,0.005906112336980885,12827.0,2342644.0,106881.0,94054.0,4112.666666666667,0.0031282765406783464,-0.010118816707059974,0.0008385849789984812,0.008932969177685903,0.002219058406733233,0.005475437155624158
Norte,2025-05-01,2025-06-01,0.00493961726950743,0.004604245627751245,0.004099580396702878,0.0019919131066221743,0.002308913069513727,0.005988725765412797,10836.0,2353480.0,112270.0,101434.0,4706.333333333333,-0.010118816707059974,0.0008385849789984812,0.008932969177685903,0.002219058406733233,0.005475437155624158,0.004604245627751245
Norte,2025-06-01,2025-07-01,0.003424780189197195,0.00493961726950743,0.005006433350960945,0.004501652102716742,0.0003078677014751908,0.0025630535825030194,11683.0,2365163.0,106775.0,95092.0,10535.666666666666,0.0008385849789984812,0.008932969177685903,0.002219058406733233,0.005475437155624158,0.004604245627751245,0.00493961726950743
Norte,2025-07-01,2025-08-01,0.005065870146203427,0.003424780189197195,0.004322881028818623,0.00493268463774986,-0.0005785845680569676,0.0020833594700390597,8128.0,2373291.0,112163.0,104035.0,11568.333333333334,0.008932969177685903,0.002219058406733233,0.005475437155624158,0.004604245627751245,0.00493961726950743,0.003424780189197195
Norte,2025-08-01,2025-09-01,0.007551821781832191,0.005065870146203427,0.004476755868302685,0.0042881681325027815,0.00024049884113789286,0.001122896026234832,12084.0,2385375.0,113360.0,101276.0,10121.333333333334,0.002219058406733233,0.005475437155624158,0.004604245627751245,0.00493961726950743,0.003424780189197195,0.005065870146203427
Norte,2025-09-01,2025-10-01,0.0018629475268395672,0.007551821781832191,0.005347490705744272,0.005176962028352608,0.00029291313160247046,0.0012380000985535383,18151.0,2403526.0,115700.0,97549.0,12284.833333333334,0.005475437155624158,0.004604245627751245,0.00493961726950743,0.003424780189197195,0.005065870146203427,0.007551821781832191
Norte,2025-10-01,2025-11-01,0.002517718892004855,0.0018629475268395672,0.004826879818291728,0.004574880423555176,-0.00012082248601651066,0.0017279301985196856,4486.0,2408012.0,109608.0,105122.0,10894.666666666666,0.004604245627751245,0.00493961726950743,0.003424780189197195,0.005065870146203427,0.007551821781832191,0.0018629475268395672
Norte,2025-11-01,2025-12-01,-0.013037210708797103,0.002517718892004855,0.003977496066892204,0.004227125967597445,-0.00040882966397020015,0.0018894403451630818,6078.0,2414090.0,98345.0,92267.0,10101.666666666666,0.00493961726950743,0.003424780189197195,0.005065870146203427,0.007551821781832191,0.0018629475268395672,0.002517718892004855
Norte,2025-12-01,2026-01-01,0.0007289183028533923,-0.013037210708797103,-0.0028855147633175607,0.0012309879712133558,-0.0027326652145017085,0.006647161406293738,-31473.0,,73859.0,105332.0,2909.0,0.003424780189197195,0.005065870146203427,0.007551821781832191,0.0018629475268395672,0.002517718892004855,-0.013037210708797103
Norte,2026-01-01,2026-02-01,0.004440103900268435,0.0007289183028533923,-0.003263524504646285,0.0007816776568227215,-0.0023656310092420793,0.006574402376799727,1738.0,2384355.0,104764.0,103026.0,1844.0,0.005065870146203427,0.007551821781832191,0.0018629475268395672,0.002517718892004855,-0.013037210708797103,0.0007289183028533923
Norte,2026-02-01,2026-03-01,0.0032819018883628987,0.004440103900268435,-0.0026227295018917585,0.0006773832825002227,-0.000986160190873693,0.006510262578754585,10634.0,2394989.0,110126.0,99492.0,1602.3333333333333,0.007551821781832191,0.0018629475268395672,0.002517718892004855,-0.013037210708797103,0.0007289183028533923,0.004440103900268435
Norte,2026-03-01,2026-04-01,0.002760293933329626,0.0032819018883628987,0.0028169746971615753,-3.427003307799269e-05,0.000760801595544511,0.0059271694045828814,7886.0,2402875.0,115255.0,107369.0,-108.5,0.0018629475268395672,0.002517718892004855,-0.013037210708797103,0.0007289183028533923,0.004440103900268435,0.0032819018883628987
Norte,2026-04-01,2026-05-01,0.002096010622106389,0.002760293933329626,0.00349409990732032,0.00011528770133701741,0.0015394685313005398,0.005984201020198722,6651.0,2409526.0,107258.0,100607.0,252.33333333333334,0.002517718892004855,-0.013037210708797103,0.0007289183028533923,0.004440103900268435,0.0032819018883628987,0.002760293933329626
Norte,2026-05-01,2026-06-01,0.00397364925625562,0.002096010622106389,0.002712735481266305,4.500298968727304e-05,0.0023029151866868747,0.005957990700447339,5061.0,2414587.0,105501.0,100440.0,82.83333333333333,-0.013037210708797103,0.0007289183028533923,0.004440103900268435,0.0032819018883628987,0.002760293933329626,0.002096010622106389
Não identificado,2025-03-01,2025-04-01,0.0013012361743656475,0.0013029315960912053,0.03315269082903312,0.4231155087765883,-0.3667102104558666,0.9087702092701365,4.0,3070.0,308.0,304.0,767.1666666666666,2.2775,0.7225433526011561,-0.560808372428726,0.07075788061703554,0.0273972602739726,0.0013029315960912053
Não identificado,2025-04-01,2025-05-01,0.034850863422291996,0.0013012361743656475,0.010000476014809818,0.043749048138982505,-0.05609249401150182,0.3721226791624265,4.0,3074.0,268.0,264.0,312.3333333333333,0.7225433526011561,-0.560808372428726,0.07075788061703554,0.0273972602739726,0.0013029315960912053,0.0013012361743656475
Não identificado,2025-05-01,2025-06-01,-0.010469543147208122,0.034850863422291996,0.01248501039758295,-0.07086636672416151,0.07839519763569137,0.22035919164612272,111.0,3185.0,355.0,244.0,-190.0,-0.560808372428726,0.07075788061703554,0.0273972602739726,0.0013029315960912053,0.0013012361743656475,0.034850863422291996
Não identificado,2025-06-01,2025-07-01,-0.0076726342710997444,-0.010469543147208122,0.008560852149816505,0.020856771489424813,-0.010965085851371017,0.027309469967632175,-33.0,3152.0,233.0,266.0,63.5,0.07075788061703554,0.0273972602739726,0.0013029315960912053,0.0013012361743656475,0.034850863422291996,-0.010469543147208122
Não identificado,2025-07-01,2025-08-01,-0.01393841166936791,-0.0076726342710997444,0.005569562001328043,0.007785019008068931,-0.005060493420209524,0.017192173232598012,-24.0,3128.0,251.0,275.0,24.333333333333332,0.0273972602739726,0.0013029315960912053,0.0013012361743656475,0.034850863422291996,-0.010469543147208122,-0.0076726342710997444
Não identificado,2025-08-01,2025-09-01,-0.001948684637869438,-0.01393841166936791,-0.010693529695891926,0.0008957403508455126,-0.004241392406662624,0.01620657990437887,-43.0,3085.0,199.0,242.0,3.1666666666666665,0.0013029315960912053,0.0013012361743656475,0.034850863422291996,-0.010469543147208122,-0.0076726342710997444,-0.01393841166936791
Não identificado,2025-09-01,2025-10-01,0.006132989025177534,-0.001948684637869438,-0.007853243526112363,0.000353804311852071,-0.004566300584572767,0.01623823766077138,-6.0,3079.0,221.0,227.0,1.5,0.0013012361743656475,0.034850863422291996,-0.010469543147208122,-0.0076726342710997444,-0.01393841166936791,-0.001948684637869438
Não identificado,2025-10-01,2025-11-01,0.01588310038119441,0.006132989025177534,-0.0032513690940199377,0.0011590964536540526,-0.0035512163958806974,0.016384405950887696,19.0,3098.0,270.0,251.0,4.0,0.034850863422291996,-0.010469543147208122,-0.0076726342710997444,-0.01393841166936791,-0.001948684637869438,0.006132989025177534
Não identificado,2025-11-01,2025-12-01,-0.02636594663278272,0.01588310038119441,0.006689134922834169,-0.0020021973865288786,0.005290566130352656,0.010266377224596272,50.0,3148.0,249.0,199.0,-6.166666666666667,-0.010469543147208122,-0.0076726342710997444,-0.01393841166936791,-0.001948684637869438,0.006132989025177534,0.01588310038119441
Não identificado,2025-12-01,2026-01-01,0.007126660187884677,-0.02636594663278272,-0.0014499524088035915,-0.004651597967457978,0.00011656137160911637,0.013614767719773576,-83.0,,138.0,221.0,-14.5,-0.0076726342710997444,-0.01393841166936791,-0.001948684637869438,0.006132989025177534,0.01588310038119441,-0.02636594663278272
Não identificado,2026-01-01,2026-02-01,-0.013127666557269446,0.007126660187884677,-0.0011187286879012109,-0.002185048890960574,0.001194962418786855,0.014173149021569418,22.0,3087.0,207.0,185.0,-6.833333333333333,-0.01393841166936791,-0.001948684637869438,0.006132989025177534,0.01588310038119441,-0.02636594663278272,0.007126660187884677
Não identificado,2026-02-01,2026-03-01,0.056364199442551874,-0.013127666557269446,-0.010788984334055831,-0.0020499247056108305,-0.002718941232081592,0.01406389415396183,-40.0,3047.0,189.0,229.0,-6.333333333333333,-0.001948684637869438,0.006132989025177534,0.01588310038119441,-0.02636594663278272,0.007126660187884677,-0.013127666557269446
Não identificado,2026-03-01,2026-04-01,0.16520165460186143,0.056364199442551874,0.016787731024389036,0.007668889307792723,0.0056461816597756405,0.025923690221256193,182.0,3229.0,446.0,264.0,25.0,0.006132989025177534,0.01588310038119441,-0.02636594663278272,0.007126660187884677,-0.013127666557269446,0.056364199442551874
Não identificado,2026-04-01,2026-05-01,0.16566005176876616,0.16520165460186143,0.06947939582904795,0.03418033357057337,0.027843682359548125,0.06406936264478362,639.0,3868.0,949.0,310.0,128.33333333333334,0.01588310038119441,-0.02636594663278272,0.007126660187884677,-0.013127666557269446,0.056364199442551874,0.16520165460186143
Não identificado,2026-05-01,2026-06-01,0.12163698370594922,0.16566005176876616,0.1290753019377265,0.05914315880183533,0.04296705260712844,0.07941722217943167,768.0,4636.0,1128.0,360.0,248.0,-0.02636594663278272,0.007126660187884677,-0.013127666557269446,0.056364199442551874,0.16520165460186143,0.16566005176876616
Paraná,2020-07-01,2020-08-01,0.006416381349292684,0.003952014885178475,-0.00184728860791357,-0.0038932644059910455,-3.430310478935886e-05,0.010660161938378859,10089.0,2552875.0,83579.0,73490.0,-9889.5,0.010084420213102584,-0.004907966114926683,-0.022994174710381465,-0.010112493521794512,0.0006186128128753266,0.003952014885178475
Paraná,2020-08-01,2020-09-01,0.007613152511788008,0.006416381349292684,0.003662336349115495,-0.0045046042166260285,0.004234040355498472,0.009920559673551333,16486.0,2569361.0,98716.0,82230.0,-11577.0,-0.004907966114926683,-0.022994174710381465,-0.010112493521794512,0.0006186128128753266,0.003952014885178475,0.006416381349292684
Paraná,2020-09-01,2020-10-01,0.012487923433135774,0.007613152511788008,0.0059938495820863885,-0.002417751112173581,0.0058844760798974875,0.010886173321003756,19711.0,2589072.0,109406.0,89695.0,-6143.833333333333,-0.022994174710381465,-0.010112493521794512,0.0006186128128753266,0.003952014885178475,0.006416381349292684,0.007613152511788008
Paraná,2020-10-01,2020-11-01,0.011055692248152952,0.012487923433135774,0.008839152431405489,0.0034959319117459594,0.0038985734381572464,0.007071217028242449,32741.0,2621813.0,127836.0,95095.0,9150.333333333334,-0.010112493521794512,0.0006186128128753266,0.003952014885178475,0.006416381349292684,0.007613152511788008,0.012487923433135774
Paraná,2020-11-01,2020-12-01,-0.0034766145155563834,0.011055692248152952,0.010385589397692244,0.007023962873403869,0.0022568541137930097,0.004026813883792329,29310.0,2651123.0,121816.0,92506.0,18318.333333333332,0.0006186128128753266,0.003952014885178475,0.006416381349292684,0.007613152511788008,0.012487923433135774,0.011055692248152952
Paraná,2020-12-01,2021-01-01,0.009173424222490416,-0.0034766145155563834,0.006689000388577446,0.006341424985331918,-0.0005242983824498773,0.005223821216630663,-9185.0,2641938.0,93294.0,102479.0,16525.333333333332,0.003952014885178475,0.006416381349292684,0.007613152511788008,0.012487923433135774,0.011055692248152952,-0.0034766145155563834
Paraná,2021-01-01,2021-02-01,0.015308085750687815,0.009173424222490416,0.005584167318362328,0.007211659874883907,-0.000597609082886495,0.00518807824238278,24460.0,2666398.0,123870.0,99410.0,18920.5,0.006416381349292684,0.007613152511788008,0.012487923433135774,0.011055692248152952,-0.0034766145155563834,0.009173424222490416
Paraná,2021-02-01,2021-03-01,0.003891219484201899,0.015308085750687815,0.007001631819207282,0.008693610608449764,0.0003999674799672464,0.005961536592514492,41452.0,2707850.0,149231.0,107779.0,23081.5,0.007613152511788008,0.012487923433135774,0.011055692248152952,-0.0034766145155563834,0.009173424222490416,0.015308085750687815
Paraná,2021-03-01,2021-04-01,0.0033970086087369037,0.003891219484201899,0.009457576485793377,0.008073288437185413,-0.000502180014257656,0.006229316234520659,10578.0,2718428.0,129341.0,118763.0,21559.333333333332,0.012487923433135774,0.011055692248152952,-0.0034766145155563834,0.009173424222490416,0.015308085750687815,0.003891219484201899
Paraná,2021-04-01,2021-05-01,0.00596451755263458,0.0033970086087369037,0.007532104614542207,0.006558135966452268,-0.0002872929905602284,0.006074958893236069,9266.0,2727694.0,111957.0,102691.0,17646.833333333332,0.011055692248152952,-0.0034766145155563834,0.009173424222490416,0.015308085750687815,0.003891219484201899,0.0033970086087369037
Paraná,2021-05-01,2021-06-01,0.005788328199948044,0.00596451755263458,0.0044175818818577945,0.005709606850532538,0.0005274156352345243,0.005733456108343743,16367.0,2744061.0,120639.0,104272.0,15489.666666666666,-0.0034766145155563834,0.009173424222490416,0.015308085750687815,0.003891219484201899,0.0033970086087369037,0.00596451755263458
Paraná,2021-06-01,2021-07-01,0.005149364367451086,0.005788328199948044,0.005049951453773176,0.007253763969783277,-0.0012985827309239019,0.00405273817906474,15976.0,2760037.0,119610.0,103634.0,19683.166666666668,0.009173424222490416,0.015308085750687815,0.003891219484201899,0.0033970086087369037,0.00596451755263458,0.005788328199948044
Paraná,2021-07-01,2021-08-01,0.00792282008911921,0.005149364367451086,0.005634070040011236,0.006583087327276722,-0.0012152791950013583,0.004012328495523576,14286.0,2774323.0,126176.0,111890.0,17987.5,0.015308085750687815,0.003891219484201899,0.0033970086087369037,0.00596451755263458,0.005788328199948044,0.005149364367451086
Paraná,2021-08-01,2021-09-01,0.005386212874201129,0.00792282008911921,0.006286837552172781,0.0053522097170152876,0.0007211108842297873,0.001481643680281778,22156.0,2796479.0,141173.0,119017.0,14771.5,0.003891219484201899,0.0033970086087369037,0.00596451755263458,0.005788328199948044,0.005149364367451086,0.00792282008911921
Paraná,2021-09-01,2021-10-01,0.005612394305624914,0.005386212874201129,0.0061527991102571416,0.005601375282015159,0.00043377043155080154,0.001333277343837723,15144.0,2811623.0,133946.0,118802.0,15532.5,0.0033970086087369037,0.00596451755263458,0.005788328199948044,0.005149364367451086,0.00792282008911921,0.005386212874201129
Paraná,2021-10-01,2021-11-01,0.006153255643764952,0.005612394305624914,0.006307142422981751,0.0059706062314964945,-5.528756874884041e-06,0.0009118361400527675,15869.0,2827492.0,132339.0,116470.0,16633.0,0.00596451755263458,0.005788328199948044,0.005149364367451086,0.00792282008911921,0.005386212874201129,0.005612394305624914
Paraná,2021-11-01,2021-12-01,-0.008678899167139098,0.006153255643764952,0.0057172876078636645,0.006002062580018223,1.9346280533941133e-05,0.0009143356060054197,17506.0,2844998.0,132790.0,115284.0,16822.833333333332,0.005788328199948044,0.005149364367451086,0.00792282008911921,0.005386212874201129,0.005612394305624914,0.006153255643764952
Paraná,2021-12-01,2022-01-01,0.006485539803538726,-0.008678899167139098,0.0010289169274169223,0.003590858018837032,-0.0021206808450739967,0.005562037522700389,-24479.0,2820519.0,106496.0,130975.0,10080.333333333334,0.005149364367451086,0.00792282008911921,0.005386212874201129,0.005612394305624914,0.006153255643764952,-0.008678899167139098
Paraná,2022-01-01,2022-02-01,0.009900883054559658,0.006485539803538726,0.0013199654267215266,0.0038135539248516388,-0.0013954536061080883,0.005646093756162189,18412.0,2838931.0,141636.0,123224.0,10768.0,0.00792282008911921,0.005386212874201129,0.005612394305624914,0.006153255643764952,-0.008678899167139098,0.006485539803538726
Paraná,2022-02-01,2022-03-01,0.00300282758150681,0.009900883054559658,0.0025691745636530956,0.00414323108575838,0.0002960180738465722,0.005927163930614965,28389.0,2867320.0,170495.0,142106.0,11806.833333333334,0.005386212874201129,0.005612394305624914,0.006153255643764952,-0.008678899167139098,0.006485539803538726,0.009900883054559658
Paraná,2022-03-01,2022-04-01,0.0031534938340842147,0.00300282758150681,0.006463083479868399,0.0037460002036426607,0.0003816996452134695,0.005910391918000145,8636.0,2875956.0,157073.0,148437.0,10722.166666666666,0.005612394305624914,0.006153255643764952,-0.008678899167139098,0.006485539803538726,0.009900883054559658,0.00300282758150681
Paraná,2022-04-01,2022-05-01,0.0048566227018137145,0.0031534938340842147,0.005352401490050228,0.0033361834583858774,0.0006703346985301423,0.005851728149473803,9098.0,2885054.0,138815.0,129717.0,9593.666666666666,0.006153255643764952,-0.008678899167139098,0.006485539803538726,0.009900883054559658,0.00300282758150681,0.0031534938340842147
Paraná,2022-05-01,2022-06-01,0.0048211936170074,0.0048566227018137145,0.003670981372468246,0.003120077968060671,0.001450954741809933,0.005767032227955891,14080.0,2899134.0,147924.0,133844.0,9022.666666666666,-0.008678899167139098,0.006485539803538726,0.009900883054559658,0.00300282758150681,0.0031534938340842147,0.0048566227018137145
Paraná,2022-06-01,2022-07-01,0.005479257511106165,0.0048211936170074,0.004277103384301776,0.005370093432085087,-0.0006658241639519159,0.002340031331475493,14045.0,2913179.0,144766.0,130721.0,15443.333333333334,0.006485539803538726,0.009900883054559658,0.00300282758150681,0.0031534938340842147,0.0048566227018137145,0.0048211936170074
Paraná,2022-07-01,2022-08-01,0.005128165068565731,0.005479257511106165,0.0050523579433090935,0.00520237971667966,-0.00042714002122960565,0.002289592709059506,16050.0,2929229.0,148847.0,132797.0,15049.666666666666,0.009900883054559658,0.00300282758150681,0.0031534938340842147,0.0048566227018137145,0.0048211936170074,0.005479257511106165
Paraná,2022-08-01,2022-09-01,0.004391820150433704,0.005128165068565731,0.005142872065559765,0.004406926719014006,0.0005019585537586893,0.0009649274592099507,15099.0,2944328.0,156561.0,141462.0,12834.666666666666,0.00300282758150681,0.0031534938340842147,0.0048566227018137145,0.0048211936170074,0.005479257511106165,0.005128165068565731
Paraná,2022-09-01,2022-10-01,0.0035164663354619926,0.004391820150433704,0.0049997475767018665,0.004638425480501821,0.00021898064503149308,0.000740910899981423,12988.0,2957316.0,141174.0,128186.0,13560.0,0.0031534938340842147,0.0048566227018137145,0.0048211936170074,0.005479257511106165,0.005128165068565731,0.004391820150433704
Paraná,2022-10-01,2022-11-01,0.0016450013153282502,0.0035164663354619926,0.004345483851487143,0.004698920897398117,-0.000238285562114861,0.0006225627044832449,10436.0,2967752.0,136092.0,125656.0,13783.0,0.0048566227018137145,0.0048211936170074,0.005479257511106165,0.005128165068565731,0.004391820150433704,0.0035164663354619926
Paraná,2022-11-01,2022-12-01,-0.012343013447087214,0.0016450013153282502,0.0031844292670746483,0.004163650666317207,-0.0006430194272417228,0.0012850405673898876,4890.0,2972642.0,128054.0,123164.0,12251.333333333334,0.0048211936170074,0.005479257511106165,0.005128165068565731,0.004391820150433704,0.0035164663354619926,0.0016450013153282502
Paraná,2022-12-01,2023-01-01,0.00214123157006544,-0.012343013447087214,-0.0023938485987656574,0.0013029494889681044,-0.0028696057104471723,0.006229551958518073,-36244.0,2936398.0,101578.0,137822.0,3869.8333333333335,0.005479257511106165,0.005128165068565731,0.004391820150433704,0.0035164663354619926,0.0016450013153282502,-0.012343013447087214
Paraná,2023-01-01,2023-02-01,0.008131591223476687,0.00214123157006544,-0.002852260187231175,0.0007466118321279837,-0.0019145895230056559,0.005975617182133604,6301.0,2942699.0,145876.0,139575.0,2245.0,0.005128165068565731,0.004391820150433704,0.0035164663354619926,0.0016450013153282502,-0.012343013447087214,0.00214123157006544
Paraná,2023-02-01,2023-03-01,0.004493634018473829,0.008131591223476687,-0.0006900635511816958,0.0012471828579464763,1.6718180188851126e-05,0.006430195538499526,24125.0,2966824.0,162776.0,138651.0,3749.3333333333335,0.004391820150433704,0.0035164663354619926,0.0016450013153282502,-0.012343013447087214,0.00214123157006544,0.008131591223476687
Paraná,2023-03-01,2023-04-01,0.0031532192974211303,0.004493634018473829,0.004922152270671985,0.001264151835953164,0.0011094243759044897,0.006438600543326369,13392.0,2980216.0,170534.0,157142.0,3816.6666666666665,0.0035164663354619926,0.0016450013153282502,-0.012343013447087214,0.00214123157006544,0.008131591223476687,0.004493634018473829
Paraná,2023-04-01,2023-05-01,0.0025972266890147153,0.0031532192974211303,0.005259481513123883,0.0012036106629463538,0.0018297540560159656,0.0064188151243907,9427.0,2989643.0,142517.0,133090.0,3648.5,0.0016450013153282502,-0.012343013447087214,0.00214123157006544,0.008131591223476687,0.004493634018473829,0.0031532192974211303
Paraná,2023-05-01,2023-06-01,0.0026283329567797446,0.0025972266890147153,0.003414693334969892,0.0013623148918940977,0.0021171201902163953,0.006439504941285341,7785.0,2997428.0,152265.0,144480.0,4131.0,-0.012343013447087214,0.00214123157006544,0.008131591223476687,0.004493634018473829,0.0031532192974211303,0.0025972266890147153
Paraná,2023-06-01,2023-07-01,0.0023847215827593657,0.0026283329567797446,0.002792926314405197,0.0038575392925385907,-0.0004430857540247743,0.002049928914903,7899.0,3005327.0,145477.0,137578.0,11488.166666666666,0.00214123157006544,0.008131591223476687,0.004493634018473829,0.0031532192974211303,0.0025972266890147153,0.0026283329567797446
Paraná,2023-07-01,2023-08-01,0.004483689949931908,0.0023847215827593657,0.0025367604095179416,0.0038981209613209115,-0.0009967498284878646,0.0020177070283659347,7184.0,3012511.0,143393.0,136209.0,11635.333333333334,0.008131591223476687,0.004493634018473829,0.0031532192974211303,0.0025972266890147153,0.0026283329567797446,0.0023847215827593657
Paraná,2023-08-01,2023-09-01,0.0029804373790206333,0.004483689949931908,0.0031655814964903395,0.0032901374157301155,-6.640306339799618e-05,0.0008784082710139619,13568.0,3026079.0,160230.0,146662.0,9875.833333333334,0.004493634018473829,0.0031532192974211303,0.0025972266890147153,0.0026283329567797446,0.0023847215827593657,0.004483689949931908
Paraná,2023-09-01,2023-10-01,0.004899887543564574,0.0029804373790206333,0.0032829496372373027,0.00303793797582125,0.0001300533947636775,0.0006946808905886871,9046.0,3035125.0,142469.0,133423.0,9151.5,0.0031532192974211303,0.0025972266890147153,0.0026283329567797446,0.0023847215827593657,0.004483689949931908,0.0029804373790206333
Paraná,2023-10-01,2023-11-01,0.002564494988737413,0.004899887543564574,0.004121338290839038,0.0033290493501784897,0.0004191024544755568,0.0009866256174898458,14945.0,3050070.0,149544.0,134599.0,10071.166666666666,0.0025972266890147153,0.0026283329567797446,0.0023847215827593657,0.004483689949931908,0.0029804373790206333,0.004899887543564574
Paraná,2023-11-01,2023-12-01,-0.011542769510469338,0.002564494988737413,0.0034816066371075403,0.0033235940667989392,0.00016351587060836243,0.0009907388705766144,7842.0,3057912.0,141360.0,133518.0,10080.666666666666,0.0026283329567797446,0.0023847215827593657,0.004483689949931908,0.0029804373790206333,0.004899887543564574,0.002564494988737413
Paraná,2023-12-01,2024-01-01,0.00663705763902398,-0.011542769510469338,-0.0013594623260557836,0.0009617436555907592,-0.0020993025767195154,0.005670754430539597,-34894.0,3023018.0,109632.0,144526.0,2948.5,0.0023847215827593657,0.004483689949931908,0.0029804373790206333,0.004899887543564574,0.002564494988737413,-0.011542769510469338
Paraná,2024-01-01,2024-02-01,0.01074129323961344,0.00663705763902398,-0.0007804056275693151,0.0016704663316348617,-0.001003947850795335,0.006056887684130298,20198.0,3043216.0,166747.0,146549.0,5117.5,0.004483689949931908,0.0029804373790206333,0.004899887543564574,0.002564494988737413,-0.011542769510469338,0.00663705763902398
Paraná,2024-02-01,2024-03-01,0.005771598165163114,0.01074129323961344,0.00194519378938936,0.00271340021324845,0.0008545292882895853,0.006927658787888759,33043.0,3076259.0,190995.0,157952.0,8363.333333333334,0.0029804373790206333,0.004899887543564574,0.002564494988737413,-0.011542769510469338,0.00663705763902398,0.01074129323961344
Paraná,2024-03-01,2024-04-01,0.00579406705784331,0.005771598165163114,0.007716649681266845,0.0031785936776055307,0.001344822143146117,0.00702302847540364,17858.0,3094117.0,178476.0,160618.0,9832.0,0.004899887543564574,0.002564494988737413,-0.011542769510469338,0.00663705763902398,0.01074129323961344,0.005771598165163114
Paraná,2024-04-01,2024-05-01,0.0025901928414915434,0.00579406705784331,0.007435652820873288,0.0033276235966519865,0.002062719970657608,0.007067321071041234,18032.0,3112149.0,176842.0,158810.0,10346.5,0.002564494988737413,-0.011542769510469338,0.00663705763902398,0.01074129323961344,0.005771598165163114,0.00579406705784331
Paraná,2024-05-01,2024-06-01,0.004330840196400348,0.0025901928414915434,0.004718619354832656,0.0033319065721110082,0.0018047469983374874,0.0070668650700560125,8082.0,3120231.0,163473.0,155391.0,10386.5,-0.011542769510469338,0.00663705763902398,0.01074129323961344,0.005771598165163114,0.00579406705784331,0.0025901928414915434
Paraná,2024-06-01,2024-07-01,0.004506052754966029,0.004330840196400348,0.0042383666985784,0.005977508189922623,-0.0010274834147086756,0.0024963347736668543,13572.0,3133803.0,161305.0,147733.0,18464.166666666668,0.00663705763902398,0.01074129323961344,0.005771598165163114,0.00579406705784331,0.0025901928414915434,0.004330840196400348
Paraná,2024-07-01,2024-08-01,0.004050568354566942,0.004506052754966029,0.003809028597619307,0.005622340709246298,-0.001105781444167918,0.002528617402145016,14185.0,3147988.0,173331.0,159146.0,17462.0,0.01074129323961344,0.005771598165163114,0.00579406705784331,0.0025901928414915434,0.004330840196400348,0.004506052754966029
Paraná,2024-08-01,2024-09-01,0.004669325885756446,0.004050568354566942,0.004295820435311106,0.004507219895071881,-0.0003065298459058255,0.0010931043365979686,12803.0,3160791.0,171010.0,158207.0,14088.666666666666,0.005771598165163114,0.00579406705784331,0.0025901928414915434,0.004330840196400348,0.004506052754966029,0.004050568354566942
Paraná,2024-09-01,2024-10-01,0.003180411777317185,0.004669325885756446,0.004408648998429805,0.004323507848504103,-3.0496193218355565e-05,0.0009481901875105634,14828.0,3175619.0,165300.0,150472.0,13583.666666666666,0.00579406705784331,0.0025901928414915434,0.004330840196400348,0.004506052754966029,0.004050568354566942,0.004669325885756446
Paraná,2024-10-01,2024-11-01,0.0012919013678291793,0.003180411777317185,0.003966768672546858,0.003887898635083082,0.00010031620990849779,0.0007527704064581307,10132.0,3185751.0,173621.0,163489.0,12267.0,0.0025901928414915434,0.004330840196400348,0.004506052754966029,0.004050568354566942,0.004669325885756446,0.003180411777317185
Paraná,2024-11-01,2024-12-01,-0.012629809906837495,0.0012919013678291793,0.003047213010300937,0.0036715167228060213,-0.0005300817012746532,0.0011672056661202613,4121.0,3189872.0,146718.0,142597.0,11606.833333333334,0.004330840196400348,0.004506052754966029,0.004050568354566942,0.004669325885756446,0.003180411777317185,0.0012919013678291793
Paraná,2024-12-01,2025-01-01,0.00502778738504835,-0.012629809906837495,-0.0027191655872303767,0.000844741705599714,-0.002726977953647718,0.006130916392326973,-39785.0,3150087.0,109635.0,149420.0,2714.0,0.004506052754966029,0.004050568354566942,0.004669325885756446,0.003180411777317185,0.0012919013678291793,-0.012629809906837495
Paraná,2025-01-01,2025-02-01,0.012222710667509885,0.00502778738504835,-0.002103373717986655,0.0009316974772801016,-0.0013971377895675085,0.006185684003904935,15918.0,3166005.0,179529.0,163611.0,3002.8333333333335,0.004050568354566942,0.004669325885756446,0.003180411777317185,0.0012919013678291793,-0.012629809906837495,0.00502778738504835
Paraná,2025-02-01,2025-03-01,0.0017913796395004193,0.012222710667509885,0.0015402293819069136,0.0022937211961039255,0.0008396382702084002,0.007485598297463328,39176.0,3205181.0,211674.0,172498.0,7398.333333333333,0.004669325885756446,0.003180411777317185,0.0012919013678291793,-0.012629809906837495,0.00502778738504835,0.012222710667509885
Paraná,2025-03-01,2025-04-01,0.005761193780288765,0.0017913796395004193,0.006347292564019552,0.0018140634883945872,0.0012429961286241182,0.00740983031209799,5752.0,3210933.0,178257.0,172505.0,5885.666666666667,0.003180411777317185,0.0012919013678291793,-0.012629809906837495,0.00502778738504835,0.012222710667509885,0.0017913796395004193
Paraná,2025-04-01,2025-05-01,0.002121489739386758,0.005761193780288765,0.006591761362433023,0.0022441938222231843,0.00208014154239352,0.007550235854975957,18606.0,3229539.0,176128.0,157522.0,7298.0,0.0012919013678291793,-0.012629809906837495,0.00502778738504835,0.012222710667509885,0.0017913796395004193,0.005761193780288765
Paraná,2025-05-01,2025-06-01,0.0028889802210992606,0.002121489739386758,0.003224687719725314,0.0023824585508161137,0.0018721538968238004,0.00753911866375196,6866.0,3236405.0,170297.0,163431.0,7755.5,-0.012629809906837495,0.00502778738504835,0.012222710667509885,0.0017913796395004193,0.005761193780288765,0.002121489739386758
Paraná,2025-06-01,2025-07-01,0.0025015965348892813,0.0028889802210992606,0.003590554580258261,0.004968923572138907,-0.0010579395560950417,0.0035538573755720206,9377.0,3245782.0,162705.0,153328.0,15949.166666666666,0.00502778738504835,0.012222710667509885,0.0017913796395004193,0.005761193780288765,0.002121489739386758,0.0028889802210992606
Paraná,2025-07-01,2025-08-01,0.0018647233543793392,0.0025015965348892813,0.0025040221651251,0.004547891763779061,-0.0013986420845488142,0.0036696967298359973,8140.0,3253922.0,172912.0,164772.0,14652.833333333334,0.012222710667509885,0.0017913796395004193,0.005761193780288765,0.002121489739386758,0.0028889802210992606,0.0025015965348892813
Paraná,2025-08-01,2025-09-01,0.003681487460296261,0.0018647233543793392,0.0024184333701226268,0.002821560544923971,-0.0002469880765740385,0.0013671914751775202,6079.0,3260001.0,171426.0,165347.0,9136.666666666666,0.0017913796395004193,0.005761193780288765,0.002121489739386758,0.0028889802210992606,0.0025015965348892813,0.0018647233543793392
Paraná,2025-09-01,2025-10-01,0.0024271282265165206,0.003681487460296261,0.0026826024498549602,0.0031365785150566108,-0.0003301775554627073,0.0013100927989797761,12046.0,3272047.0,171918.0,159872.0,10185.666666666666,0.005761193780288765,0.002121489739386758,0.0028889802210992606,0.0025015965348892813,0.0018647233543793392,0.003681487460296261
Paraná,2025-10-01,2025-11-01,0.0005341644318401005,0.0024271282265165206,0.002657779680397374,0.0025809009227612373,9.339545636371067e-05,0.0005859618522248759,7961.0,3280008.0,173705.0,165744.0,8411.5,0.002121489739386758,0.0028889802210992606,0.0025015965348892813,0.0018647233543793392,0.003681487460296261,0.0024271282265165206
Paraná,2025-11-01,2025-12-01,-0.015566947136004115,0.0005341644318401005,0.0022142600395509606,0.002316346704836794,-0.00029087770758563325,0.0009676643509077059,1753.0,3281761.0,145321.0,143568.0,7559.333333333333,0.0028889802210992606,0.0025015965348892813,0.0018647233543793392,0.003681487460296261,0.0024271282265165206,0.0005341644318401005
Paraná,2025-12-01,2026-01-01,0.005634383714273402,-0.015566947136004115,-0.004201884825882498,-0.0007596411880137688,-0.0027311072673104116,0.006687454998331298,-51087.0,,109218.0,160305.0,-2518.0,0.0025015965348892813,0.0018647233543793392,0.003681487460296261,0.0024271282265165206,0.0005341644318401005,-0.015566947136004115
Paraná,2026-01-01,2026-02-01,0.006604029439435648,0.005634383714273402,-0.003132799663296871,-0.00023750999144974845,-0.0011654275938316353,0.0070349660408499,18306.0,3248980.0,178199.0,159893.0,-823.6666666666666,0.0018647233543793392,0.003681487460296261,0.0024271282265165206,0.0005341644318401005,-0.015566947136004115,0.005634383714273402
Paraná,2026-02-01,2026-03-01,0.004814687917059446,0.006604029439435648,-0.0011095113274316884,0.0005523743560596361,0.00023238185117495323,0.0074787282366374505,21599.0,3270579.0,195330.0,173731.0,1763.0,0.003681487460296261,0.0024271282265165206,0.0005341644318401005,-0.015566947136004115,0.005634383714273402,0.006604029439435648
Paraná,2026-03-01,2026-04-01,0.0007099990056973239,0.004814687917059446,0.0056843670235894985,0.0007412410988535002,0.0014671064093079653,0.00756912809178228,15823.0,3286402.0,197765.0,181942.0,2392.5,0.0024271282265165206,0.0005341644318401005,-0.015566947136004115,0.005634383714273402,0.006604029439435648,0.004814687917059446
Paraná,2026-04-01,2026-05-01,0.0006715392256393069,0.0007099990056973239,0.004042905454064139,0.0004550528953836342,0.0017998206786754,0.007532347342774131,2335.0,3288737.0,173344.0,171009.0,1454.8333333333333,0.0005341644318401005,-0.015566947136004115,0.005634383714273402,0.006604029439435648,0.004814687917059446,0.0007099990056973239
Paraná,2026-05-01,2026-06-01,0.0025710501510867027,0.0006715392256393069,0.002065408716132026,0.00047794869435016863,0.001846569604574647,0.007532761792590908,2210.0,3290947.0,165500.0,163290.0,1531.0,-0.015566947136004115,0.005634383714273402,0.006604029439435648,0.004814687917059446,0.0007099990056973239,0.0006715392256393069
Paraíba,2020-07-01,2020-08-01,0.025257392224807516,0.005327336664626228,-0.0013119655963731583,-0.005914803586324461,0.002312479897143989,0.008954164812526947,2080.0,390439.0,9060.0,6980.0,-2327.8333333333335,-0.007147553394963341,-0.0015839321927358626,-0.022821439141128087,-0.0093894053719966,0.00012617191825089672,0.005327336664626228
Paraíba,2020-08-01,2020-09-01,0.005311712338121903,0.025257392224807516,0.01023696693589488,-0.000513979316362652,0.006519100765577923,0.014584438669155665,10117.0,400556.0,16862.0,6745.0,-163.33333333333334,-0.0015839321927358626,-0.022821439141128087,-0.0093894053719966,0.00012617191825089672,0.005327336664626228,0.025257392224807516
Paraíba,2020-09-01,2020-10-01,0.0035705625306207286,0.005311712338121903,0.011965480409185216,0.0006352947721136428,0.007137351855229646,0.014725850322245073,2139.0,402695.0,13430.0,11291.0,299.0,-0.022821439141128087,-0.0093894053719966,0.00012617191825089672,0.005327336664626228,0.025257392224807516,0.005311712338121903
Paraíba,2020-10-01,2020-11-01,0.024509283307425682,0.0035705625306207286,0.011379889031183381,0.005033961717405112,0.002865329038082312,0.010355447936898559,1443.0,404138.0,13236.0,11793.0,2030.3333333333333,-0.0093894053719966,0.00012617191825089672,0.005327336664626228,0.025257392224807516,0.005311712338121903,0.0035705625306207286
Paraíba,2020-11-01,2020-12-01,0.0029121400137664803,0.024509283307425682,0.011130519392056107,0.01068374316397549,0.0027628444187763365,0.010191060317077897,10154.0,414292.0,17854.0,7700.0,4330.333333333333,0.00012617191825089672,0.005327336664626228,0.025257392224807516,0.005311712338121903,0.0035705625306207286,0.024509283307425682
Paraíba,2020-12-01,2021-01-01,-0.0007056687114200318,0.0029121400137664803,0.010330661950604296,0.011148071179894756,-0.00045889885182701134,0.009753530678644031,1210.0,415502.0,10595.0,9385.0,4523.833333333333,0.005327336664626228,0.025257392224807516,0.005311712338121903,0.0035705625306207286,0.024509283307425682,0.0029121400137664803
Paraíba,2021-01-01,2021-02-01,-0.0005976465258180889,-0.0007056687114200318,0.00890525153659071,0.010142570283887046,-0.003316437167925686,0.010577902840339519,-293.0,415209.0,11989.0,12282.0,4128.333333333333,0.025257392224807516,0.005311712338121903,0.0035705625306207286,0.024509283307425682,0.0029121400137664803,-0.0007056687114200318
Paraíba,2021-02-01,2021-03-01,0.004741712197017302,-0.0005976465258180889,0.0005362749255094531,0.005833397158782779,-0.0018277894668423268,0.008629723321935973,-248.0,414961.0,13422.0,13670.0,2400.8333333333335,0.005311712338121903,0.0035705625306207286,0.024509283307425682,0.0029121400137664803,-0.0007056687114200318,-0.0005976465258180889
Paraíba,2021-03-01,2021-04-01,0.0012743430665676575,0.004741712197017302,0.0011461323199263938,0.005738397135265346,-0.002088081425512427,0.008638076740569637,1977.0,416938.0,13130.0,11153.0,2373.8333333333335,0.0035705625306207286,0.024509283307425682,0.0029121400137664803,-0.0007056687114200318,-0.0005976465258180889,0.004741712197017302
Paraíba,2021-04-01,2021-05-01,0.007092367261899099,0.0012743430665676575,0.0018061362459222902,0.005355693891256501,-0.0031593703562553055,0.008775417557711364,532.0,417470.0,10814.0,10282.0,2222.0,0.024509283307425682,0.0029121400137664803,-0.0007056687114200318,-0.0005976465258180889,0.004741712197017302,0.0012743430665676575
Paraíba,2021-05-01,2021-06-01,0.00799826350385285,0.007092367261899099,0.004369474175161353,0.002452874550335403,0.0009194437227846154,0.0028179663467972397,2982.0,420452.0,12283.0,9301.0,1026.6666666666667,0.0029121400137664803,-0.0007056687114200318,-0.0005976465258180889,0.004741712197017302,0.0012743430665676575,0.007092367261899099
Paraíba,2021-06-01,2021-07-01,0.008067139570641884,0.00799826350385285,0.005454991277439869,0.003300561798683132,0.0018034952374018948,0.003508907186098339,3390.0,423842.0,12123.0,8733.0,1390.0,-0.0007056687114200318,-0.0005976465258180889,0.004741712197017302,0.0012743430665676575,0.007092367261899099,0.00799826350385285
Paraíba,2021-07-01,2021-08-01,0.02410675948511342,0.008067139570641884,0.0077192567787979435,0.004762696512360117,0.0016831888170896552,0.0033595121440056714,3447.0,427289.0,14101.0,10654.0,2013.3333333333333,-0.0005976465258180889,0.004741712197017302,0.0012743430665676575,0.007092367261899099,0.00799826350385285,0.008067139570641884
Paraíba,2021-08-01,2021-09-01,0.01159643415857565,0.02410675948511342,0.013390720853202719,0.008880097514182035,0.0033745577769901994,0.007204853454702191,10555.0,437844.0,21225.0,10670.0,3813.8333333333335,0.004741712197017302,0.0012743430665676575,0.007092367261899099,0.00799826350385285,0.008067139570641884,0.02410675948511342
Paraíba,2021-09-01,2021-10-01,0.009564927704081974,0.01159643415857565,0.01459011107144365,0.010022551174441759,0.0029349288056134838,0.006998577585954048,5137.0,442981.0,15623.0,10486.0,4340.5,0.0012743430665676575,0.007092367261899099,0.00799826350385285,0.008067139570641884,0.02410675948511342,0.01159643415857565
Paraíba,2021-10-01,2021-11-01,0.00973747777627713,0.009564927704081974,0.015089373782590348,0.011404315280694147,0.0011199124025586947,0.005860932394959235,4278.0,447259.0,14890.0,10612.0,4964.833333333333,0.007092367261899099,0.00799826350385285,0.008067139570641884,0.02410675948511342,0.01159643415857565,0.009564927704081974
Paraíba,2021-11-01,2021-12-01,-0.0004917651489140186,0.00973747777627713,0.01029961321297825,0.011845167033090485,1.9403155311540267e-05,0.005614304961042085,4398.0,451657.0,14461.0,10063.0,5200.833333333333,0.00799826350385285,0.008067139570641884,0.02410675948511342,0.01159643415857565,0.009564927704081974,0.00973747777627713
Paraíba,2021-12-01,2022-01-01,-0.0027432252332296758,-0.0004917651489140186,0.006270213443815029,0.01043016225762934,-0.002512396433679485,0.0072400543159350786,-222.0,451435.0,12751.0,12973.0,4598.833333333333,0.008067139570641884,0.02410675948511342,0.01159643415857565,0.009564927704081974,0.00973747777627713,-0.0004917651489140186
Paraíba,2022-01-01,2022-02-01,-0.0034257337912865556,-0.0027432252332296758,0.002167495798044479,0.008628434790317415,-0.004866913469771123,0.008784335011375334,-1235.0,450200.0,14237.0,15472.0,3818.5,0.02410675948511342,0.01159643415857565,0.009564927704081974,0.00973747777627713,-0.0004917651489140186,-0.0027432252332296758
Paraíba,2022-02-01,2022-03-01,0.0019397822194044958,-0.0034257337912865556,-0.0022202413911434167,0.0040396859109174165,-0.0034932726138982026,0.006355732277761482,-1537.0,448663.0,15065.0,16602.0,1803.1666666666667,0.01159643415857565,0.009564927704081974,0.00973747777627713,-0.0004917651489140186,-0.0027432252332296758,-0.0034257337912865556
Paraíba,2022-03-01,2022-04-01,0.005336908973839853,0.0019397822194044958,-0.0014097256017039119,0.002430243921055558,-0.0022819092060112596,0.005387258533525126,872.0,449535.0,15100.0,14228.0,1092.3333333333333,0.009564927704081974,0.00973747777627713,-0.0004917651489140186,-0.0027432252332296758,-0.0034257337912865556,0.0019397822194044958
Paraíba,2022-04-01,2022-05-01,0.006928147659854977,0.005336908973839853,0.0012836524673192644,0.001725574132681872,-0.00043973458472250636,0.004631431726504836,2412.0,451947.0,15655.0,13243.0,781.3333333333334,0.00973747777627713,-0.0004917651489140186,-0.0027432252332296758,-0.0034257337912865556,0.0019397822194044958,0.005336908973839853
Paraíba,2022-05-01,2022-06-01,0.007919639528876275,0.006928147659854977,0.004734946284366441,0.0012573524466115125,0.0019058709335927028,0.0038786110282591595,3153.0,455100.0,15839.0,12686.0,573.8333333333334,-0.0004917651489140186,-0.0027432252332296758,-0.0034257337912865556,0.0019397822194044958,0.005336908973839853,0.006928147659854977
Paraíba,2022-06-01,2022-07-01,0.008952702337770077,0.007919639528876275,0.006728232054190368,0.002659253226243228,0.0025078027119539914,0.004468341285815582,3633.0,458733.0,15816.0,12183.0,1216.3333333333333,-0.0027432252332296758,-0.0034257337912865556,0.0019397822194044958,0.005336908973839853,0.006928147659854977,0.007919639528876275
Paraíba,2022-07-01,2022-08-01,0.013675832898283596,0.008952702337770077,0.007933496508833777,0.004608574488076521,0.00232637117884896,0.004231194689494556,4144.0,462877.0,17315.0,13171.0,2112.8333333333335,-0.0034257337912865556,0.0019397822194044958,0.005336908973839853,0.006928147659854977,0.007919639528876275,0.008952702337770077
Paraíba,2022-08-01,2022-09-01,0.008072050288091243,0.013675832898283596,0.010182724921643316,0.007458835603004879,0.002014832153005927,0.0035669591627518105,6418.0,469295.0,20597.0,14179.0,3438.6666666666665,0.0019397822194044958,0.005336908973839853,0.006928147659854977,0.007919639528876275,0.008952702337770077,0.013675832898283596
Paraíba,2022-09-01,2022-10-01,0.0026245944527246243,0.008072050288091243,0.010233528508048305,0.008480880281119338,0.000998623574155331,0.0025815956327769067,3819.0,473114.0,16777.0,12958.0,3929.8333333333335,0.005336908973839853,0.006928147659854977,0.007919639528876275,0.008952702337770077,0.013675832898283596,0.008072050288091243
Paraíba,2022-10-01,2022-11-01,0.005351103245678964,0.0026245944527246243,0.008124159213033154,0.008028827860933464,-0.0004667829484998104,0.0032448224359822174,1245.0,474359.0,14282.0,13037.0,3735.3333333333335,0.006928147659854977,0.007919639528876275,0.008952702337770077,0.013675832898283596,0.008072050288091243,0.0026245944527246243
Paraíba,2022-11-01,2022-12-01,-0.005032422032230261,0.005351103245678964,0.005349249328831611,0.007765987125237464,-0.0010694510766090075,0.003384214250072628,2552.0,476911.0,14754.0,12202.0,3635.1666666666665,0.007919639528876275,0.008952702337770077,0.013675832898283596,0.008072050288091243,0.0026245944527246243,0.005351103245678964
Paraíba,2022-12-01,2023-01-01,-0.00364424703891709,-0.005032422032230261,0.0009810918887244427,0.005607310198386374,-0.002867064761233777,0.0058385755682366855,-2388.0,474523.0,12063.0,14451.0,2631.6666666666665,0.008952702337770077,0.013675832898283596,0.008072050288091243,0.0026245944527246243,0.005351103245678964,-0.005032422032230261
Paraíba,2023-01-01,2023-02-01,0.0010859598490642575,-0.00364424703891709,-0.0011085219418227956,0.003507818635605179,-0.0035196373672575303,0.006486990337228522,-1723.0,472800.0,14528.0,16251.0,1653.8333333333333,0.013675832898283596,0.008072050288091243,0.0026245944527246243,0.005351103245678964,-0.005032422032230261,-0.00364424703891709
Paraíba,2023-02-01,2023-03-01,-0.0017248713753891542,0.0010859598490642575,-0.0025302364073610307,0.0014095064607352896,-0.0018320143413705504,0.004628636657599582,514.0,473314.0,15000.0,14486.0,669.8333333333334,0.008072050288091243,0.0026245944527246243,0.005351103245678964,-0.005032422032230261,-0.00364424703891709,0.0010859598490642575
Paraíba,2023-03-01,2023-04-01,-0.006777920301373482,-0.0017248713753891542,-0.0014277195217473288,-0.00022331381651144312,-0.0009472738382028521,0.003605178813638986,-815.0,472499.0,17226.0,18041.0,-102.5,0.0026245944527246243,0.005351103245678964,-0.005032422032230261,-0.00364424703891709,0.0010859598490642575,-0.0017248713753891542
Paraíba,2023-04-01,2023-05-01,0.006073877666851622,-0.006777920301373482,-0.0024722772758994597,-0.0017903996088611278,-0.00131406453933593,0.004043546773312082,-3181.0,469318.0,13960.0,17141.0,-840.1666666666666,0.005351103245678964,-0.005032422032230261,-0.00364424703891709,0.0010859598490642575,-0.0017248713753891542,-0.006777920301373482
Paraíba,2023-05-01,2023-06-01,-0.00047249466589541976,0.006073877666851622,-0.0008096380033036716,-0.0016699372053323516,0.001237704213816766,0.004259506034578803,2868.0,472186.0,17235.0,14367.0,-787.5,-0.005032422032230261,-0.00364424703891709,0.0010859598490642575,-0.0017248713753891542,-0.006777920301373482,0.006073877666851622
Paraíba,2023-06-01,2023-07-01,0.007313225643614336,-0.00047249466589541976,-0.00039217910013909346,-0.0009099493109432111,0.0007362704683567462,0.003990038111307244,-223.0,471963.0,14608.0,14831.0,-426.6666666666667,-0.00364424703891709,0.0010859598490642575,-0.0017248713753891542,-0.006777920301373482,0.006073877666851622,-0.00047249466589541976
Paraíba,2023-07-01,2023-08-01,0.018136309378756026,0.007313225643614336,0.004304869548190179,0.0009162961361453598,0.0013641502019844768,0.004754920476869105,3477.0,475440.0,17447.0,13970.0,440.0,0.0010859598490642575,-0.0017248713753891542,-0.006777920301373482,0.006073877666851622,-0.00047249466589541976,0.007313225643614336
Paraíba,2023-08-01,2023-09-01,0.008584912420789697,0.018136309378756026,0.008325680118824981,0.0037580210577606546,0.0038580848363697793,0.007996908564850996,8782.0,484222.0,23284.0,14502.0,1818.0,-0.0017248713753891542,-0.006777920301373482,0.006073877666851622,-0.00047249466589541976,0.007313225643614336,0.018136309378756026
Paraíba,2023-09-01,2023-10-01,0.007665769990328899,0.008584912420789697,0.011344815814386686,0.005476318357123797,0.0034510622587439668,0.0077376221230052765,4193.0,488415.0,17766.0,13573.0,2652.6666666666665,-0.006777920301373482,0.006073877666851622,-0.00047249466589541976,0.007313225643614336,0.018136309378756026,0.008584912420789697
Paraíba,2023-10-01,2023-11-01,0.007375288648670451,0.007665769990328899,0.011462330596624874,0.007883600072407527,0.0013129933317880976,0.005463241994225639,3773.0,492188.0,16801.0,13028.0,3811.6666666666665,0.006073877666851622,-0.00047249466589541976,0.007313225643614336,0.018136309378756026,0.008584912420789697,0.007665769990328899
Paraíba,2023-11-01,2023-12-01,-0.0030424342710800843,0.007375288648670451,0.00787532368659635,0.008100501902710664,0.0008784329330001919,0.0054126870317064745,3657.0,495845.0,16477.0,12820.0,3943.1666666666665,-0.00047249466589541976,0.007313225643614336,0.018136309378756026,0.008584912420789697,0.007665769990328899,0.007375288648670451
Paraíba,2023-12-01,2024-01-01,0.0006711504367531683,-0.0030424342710800843,0.003999541455973089,0.007672178635179887,-0.0024280144055482747,0.00612850004620508,-1504.0,494341.0,11954.0,13458.0,3729.6666666666665,0.007313225643614336,0.018136309378756026,0.008584912420789697,0.007665769990328899,0.007375288648670451,-0.0030424342710800843
Paraíba,2024-01-01,2024-02-01,-1.8194168162631605e-05,0.0006711504367531683,0.0016680016047811786,0.0065651661007030265,-0.0034999518893509157,0.006669379843409891,332.0,494673.0,17239.0,16907.0,3205.5,0.018136309378756026,0.008584912420789697,0.007665769990328899,0.007375288648670451,-0.0030424342710800843,0.0006711504367531683
Paraíba,2024-02-01,2024-03-01,0.0005313914981401297,-1.8194168162631605e-05,-0.0007964926674965157,0.0035394155095499163,-0.0021262032721496957,0.004498185575009852,-9.0,494664.0,17867.0,17876.0,1740.3333333333333,0.008584912420789697,0.007665769990328899,0.007375288648670451,-0.0030424342710800843,0.0006711504367531683,-1.8194168162631605e-05
Paraíba,2024-03-01,2024-04-01,0.0014909233233669447,0.0005313914981401297,0.00039478258891022217,0.002197162022441655,-0.0015468216058174239,0.0039619722284346005,263.0,494927.0,18886.0,18623.0,1085.3333333333333,0.007665769990328899,0.007375288648670451,-0.0030424342710800843,0.0006711504367531683,-1.8194168162631605e-05,0.0005313914981401297
Paraíba,2024-04-01,2024-05-01,0.0035702654781864015,0.0014909233233669447,0.0006680402177814808,0.0011680209112813298,-0.0005539912549649338,0.003120407427107109,739.0,495666.0,18930.0,18191.0,579.6666666666666,0.007375288648670451,-0.0030424342710800843,0.0006711504367531683,-1.8194168162631605e-05,0.0005313914981401297,0.0014909233233669447
Paraíba,2024-05-01,2024-06-01,0.0068282281346957845,0.0035702654781864015,0.0018641934332311587,0.0005338503828673215,0.0010306400877850431,0.001968469274496087,1776.0,497442.0,17548.0,15772.0,266.1666666666667,-0.0030424342710800843,0.0006711504367531683,-1.8194168162631605e-05,0.0005313914981401297,0.0014909233233669447,0.0035702654781864015
Paraíba,2024-06-01,2024-07-01,0.008686771525439832,0.0068282281346957845,0.00396313897874971,0.0021789607838299664,0.0012145799786853423,0.0023748781609565952,3420.0,500862.0,18029.0,14609.0,1086.8333333333333,0.0006711504367531683,-1.8194168162631605e-05,0.0005313914981401297,0.0014909233233669447,0.0035702654781864015,0.0068282281346957845
Paraíba,2024-07-01,2024-08-01,0.0175279282082195,0.008686771525439832,0.0063617550461073395,0.00351489763194441,0.0018427051580713924,0.0032457670564724926,4389.0,505251.0,21637.0,17248.0,1763.0,-1.8194168162631605e-05,0.0005313914981401297,0.0014909233233669447,0.0035702654781864015,0.0068282281346957845,0.008686771525439832
Paraíba,2024-08-01,2024-09-01,0.0070110601356256855,0.0175279282082195,0.011014309289451706,0.006439251361341432,0.0031379483089464246,0.005712285627853646,9014.0,514265.0,25212.0,16198.0,3266.8333333333335,0.0005313914981401297,0.0014909233233669447,0.0035702654781864015,0.0068282281346957845,0.008686771525439832,0.0175279282082195
Paraíba,2024-09-01,2024-10-01,0.003091422169693283,0.0070110601356256855,0.011075253289761671,0.00751919613425569,0.002038063304061058,0.005069643567368331,3631.0,517896.0,19402.0,15771.0,3828.1666666666665,0.0014909233233669447,0.0035702654781864015,0.0068282281346957845,0.008686771525439832,0.0175279282082195,0.0070110601356256855
Paraíba,2024-10-01,2024-11-01,0.005208512854686321,0.003091422169693283,0.009210136837846156,0.007785945941976748,0.0001998696040886795,0.004779223992801122,1606.0,519502.0,19010.0,17404.0,3972.6666666666665,0.0035702654781864015,0.0068282281346957845,0.008686771525439832,0.0175279282082195,0.0070110601356256855,0.003091422169693283
Paraíba,2024-11-01,2024-12-01,-0.001699479798057299,0.005208512854686321,0.005103665053335097,0.008058987171393401,-0.0010114712154251644,0.004572923614587338,2720.0,522222.0,18521.0,15801.0,4130.0,0.0068282281346957845,0.008686771525439832,0.0175279282082195,0.0070110601356256855,0.003091422169693283,0.005208512854686321
Paraíba,2024-12-01,2025-01-01,-0.0013829770886795642,-0.001699479798057299,0.002200151742107435,0.006637702515934553,-0.002651689732686217,0.005874555184089741,-886.0,521336.0,14317.0,15203.0,3412.3333333333335,0.008686771525439832,0.0175279282082195,0.0070110601356256855,0.003091422169693283,0.005208512854686321,-0.001699479798057299
Paraíba,2025-01-01,2025-02-01,0.0010074049057740612,-0.0013829770886795642,0.0007086853226498193,0.004959411080247988,-0.0033876873028728907,0.006458780023103674,-720.0,520616.0,21101.0,21821.0,2560.8333333333335,0.0175279282082195,0.0070110601356256855,0.003091422169693283,0.005208512854686321,-0.001699479798057299,-0.0013829770886795642
Paraíba,2025-02-01,2025-03-01,-0.0017607765870536786,0.0010074049057740612,-0.0006916839936542673,0.0022059905298404147,-0.0014385561879177223,0.003226396802512699,525.0,521141.0,22128.0,21603.0,1146.0,0.0070110601356256855,0.003091422169693283,0.005208512854686321,-0.001699479798057299,-0.0013829770886795642,0.0010074049057740612
Paraíba,2025-03-01,2025-04-01,0.003022219155925044,-0.0017607765870536786,-0.0007121162566530605,0.0007440177427271872,-0.0010442232834598241,0.0026545614460540103,-916.0,520225.0,19526.0,20442.0,388.1666666666667,0.003091422169693283,0.005208512854686321,-0.001699479798057299,-0.0013829770886795642,0.0010074049057740612,-0.0017607765870536786
Paraíba,2025-04-01,2025-05-01,0.011189921680023194,0.003022219155925044,0.0007562824915484756,0.0007324839070991475,-0.0002492850533240542,0.002644468276246004,1577.0,521802.0,20787.0,19210.0,383.3333333333333,0.005208512854686321,-0.001699479798057299,-0.0013829770886795642,0.0010074049057740612,-0.0017607765870536786,0.003022219155925044
Paraíba,2025-05-01,2025-06-01,0.0009749688577908531,0.011189921680023194,0.0041504547496315205,0.0017293853779886265,0.002139840418039672,0.004570185429560449,5905.0,527707.0,25047.0,19142.0,914.1666666666666,-0.001699479798057299,-0.0013829770886795642,0.0010074049057740612,-0.0017607765870536786,0.003022219155925044,0.011189921680023194
Paraíba,2025-06-01,2025-07-01,0.004235874292371468,0.0009749688577908531,0.005062369897913031,0.002175126820629985,0.001346293594230806,0.004338576656994753,515.0,528222.0,19838.0,19323.0,1147.6666666666667,-0.0013829770886795642,0.0010074049057740612,-0.0017607765870536786,0.003022219155925044,0.011189921680023194,0.0009749688577908531
Paraíba,2025-07-01,2025-08-01,0.015756242102860876,0.004235874292371468,0.005466921610061838,0.0031116020508051567,0.0009290653083319646,0.004067434613778358,2247.0,530469.0,22737.0,20490.0,1642.1666666666667,0.0010074049057740612,-0.0017607765870536786,0.003022219155925044,0.011189921680023194,0.0009749688577908531,0.004235874292371468
Paraíba,2025-08-01,2025-09-01,0.011162381087800089,0.015756242102860876,0.006989028417674399,0.00556974158365296,0.002314603029619419,0.006034190399539572,8492.0,538961.0,27558.0,19066.0,2970.0,-0.0017607765870536786,0.003022219155925044,0.011189921680023194,0.0009749688577908531,0.004235874292371468,0.015756242102860876
Paraíba,2025-09-01,2025-10-01,0.004991063914461854,0.011162381087800089,0.010384832494344144,0.0077236011961285865,0.0016474478960705394,0.005294260654364907,6084.0,545045.0,24420.0,18336.0,4136.666666666667,0.003022219155925044,0.011189921680023194,0.0009749688577908531,0.004235874292371468,0.015756242102860876,0.011162381087800089
Paraíba,2025-10-01,2025-11-01,0.007389595493035334,0.004991063914461854,0.010636562368374273,0.008051741989218056,0.0003168090192202978,0.005047984480386733,2734.0,547779.0,22182.0,19448.0,4329.5,0.011189921680023194,0.0009749688577908531,0.004235874292371468,0.015756242102860876,0.011162381087800089,0.004991063914461854
Paraíba,2025-11-01,2025-12-01,-0.0048635787894327695,0.007389595493035334,0.007847680165099092,0.007418354291386746,0.0008498526007837936,0.0048489873554759325,4078.0,551857.0,20465.0,16387.0,4025.0,0.0009749688577908531,0.004235874292371468,0.015756242102860876,0.011162381087800089,0.004991063914461854,0.007389595493035334
Paraíba,2025-12-01,2026-01-01,-0.0005502203614328322,-0.0048635787894327695,0.002505693539354806,0.0064452630168494755,-0.002193386354623887,0.006386486968928516,-2684.0,,14696.0,17380.0,3491.8333333333335,0.004235874292371468,0.015756242102860876,0.011162381087800089,0.004991063914461854,0.007389595493035334,-0.0048635787894327695
Paraíba,2026-01-01,2026-02-01,-0.002165478331522682,-0.0005502203614328322,0.000658598780723244,0.0056475805745487585,-0.0036346188678455316,0.006891551594926536,-302.0,548871.0,20959.0,21261.0,3067.0,0.015756242102860876,0.011162381087800089,0.004991063914461854,0.007389595493035334,-0.0048635787894327695,-0.0005502203614328322
Paraíba,2026-02-01,2026-03-01,0.00169517785696709,-0.002165478331522682,-0.002526425827462761,0.0026606271688181652,-0.0027290378344790285,0.005631583673073057,-1186.0,547685.0,21465.0,22651.0,1454.0,0.011162381087800089,0.004991063914461854,0.007389595493035334,-0.0048635787894327695,-0.0005502203614328322,-0.002165478331522682
Paraíba,2026-03-01,2026-04-01,0.0036630635342660796,0.00169517785696709,-0.00034017361199614136,0.0010827599636793323,-0.0011666083809470835,0.004163385865163345,930.0,548615.0,24343.0,23413.0,595.0,0.004991063914461854,0.007389595493035334,-0.0048635787894327695,-0.0005502203614328322,-0.002165478331522682,0.00169517785696709
Paraíba,2026-04-01,2026-05-01,0.0036406800761430505,0.0036630635342660796,0.0010642543532368293,0.0008614265669800366,-1.6332794992472517e-05,0.003981036026864643,2017.0,550632.0,22337.0,20320.0,475.5,0.007389595493035334,-0.0048635787894327695,-0.0005502203614328322,-0.002165478331522682,0.00169517785696709,0.0036630635342660796
Paraíba,2026-05-01,2026-06-01,0.0042611921608478424,0.0036406800761430505,0.002999640489125407,0.00023660733083132277,0.0016863372058133028,0.003105284559077679,2012.0,552644.0,21807.0,19795.0,131.16666666666666,-0.0048635787894327695,-0.0005502203614328322,-0.002165478331522682,0.00169517785696709,0.0036630635342660796,0.0036406800761430505
Pará,2020-07-01,2020-08-01,0.012756109432541395,0.011297009966777408,0.004439239742791551,0.0004792179713027731,0.0018758617573389588,0.00794384341867571,8501.0,752500.0,25648.0,17147.0,383.8333333333333,0.005058281643106002,-0.0024929002201729473,-0.013007792823491066,-0.003956449309852451,0.005977158571449693,0.011297009966777408
Pará,2020-08-01,2020-09-01,0.012664507772020725,0.012756109432541395,0.010010092656922832,0.0017621892695420056,0.0045455161290194075,0.009115061137942668,9723.0,762223.0,27671.0,17948.0,1368.6666666666667,-0.0024929002201729473,-0.013007792823491066,-0.003956449309852451,0.005977158571449693,0.011297009966777408,0.012756109432541395
Pará,2020-09-01,2020-10-01,0.012528859867356532,0.012664507772020725,0.012239209057113176,0.004288423934907617,0.005251972302859092,0.00966927806636078,9777.0,772000.0,29412.0,19635.0,3310.6666666666665,-0.013007792823491066,-0.003956449309852451,0.005977158571449693,0.011297009966777408,0.012756109432541395,0.012664507772020725
Pará,2020-10-01,2020-11-01,0.007968784696887986,0.012528859867356532,0.01264982569063955,0.00854453271671555,0.0029699340843863417,0.006069438858953136,9795.0,781795.0,30768.0,20973.0,6552.833333333333,-0.003956449309852451,0.005977158571449693,0.011297009966777408,0.012756109432541395,0.012664507772020725,0.012528859867356532
Pará,2020-11-01,2020-12-01,-0.007152916759321028,0.007968784696887986,0.011054050778755082,0.010532071717838957,0.0003874879619545186,0.002626264611041744,6280.0,788075.0,27586.0,21306.0,8087.166666666667,0.005977158571449693,0.011297009966777408,0.012756109432541395,0.012664507772020725,0.012528859867356532,0.007968784696887986
Pará,2020-12-01,2021-01-01,0.0029409291195306745,-0.007152916759321028,0.004448242601641163,0.008343725829377169,-0.003049921592631902,0.007125798576815882,-5597.0,782478.0,20587.0,26184.0,6413.166666666667,0.011297009966777408,0.012756109432541395,0.012664507772020725,0.012528859867356532,0.007968784696887986,-0.007152916759321028
Pará,2021-01-01,2021-02-01,0.009054784540069727,0.0029409291195306745,0.0012522656856992108,0.006951045688169381,-0.0032310928665584978,0.007228335555086068,2308.0,784786.0,26248.0,23940.0,5381.0,0.012756109432541395,0.012664507772020725,0.012528859867356532,0.007968784696887986,-0.007152916759321028,0.0029409291195306745
Pará,2021-02-01,2021-03-01,0.005605075707446188,0.009054784540069727,0.0016142656334264575,0.00633415820609077,-0.0017695459959840452,0.006854884638818138,7171.0,791957.0,29732.0,22561.0,4955.666666666667,0.012664507772020725,0.012528859867356532,0.007968784696887986,-0.007152916759321028,0.0029409291195306745,0.009054784540069727
Pará,2021-03-01,2021-04-01,0.005491877690214642,0.005605075707446188,0.005866929789015529,0.005157586195328346,-0.0006076307254615653,0.006246185048397307,4464.0,796421.0,29846.0,25382.0,4070.1666666666665,0.012528859867356532,0.007968784696887986,-0.007152916759321028,0.0029409291195306745,0.009054784540069727,0.005605075707446188
Pará,2021-04-01,2021-05-01,0.011079401969150065,0.005491877690214642,0.006717245979243519,0.003984755832471365,0.0009143799367849703,0.005348081507237188,4398.0,800819.0,26296.0,21898.0,3170.6666666666665,0.007968784696887986,-0.007152916759321028,0.0029409291195306745,0.009054784540069727,0.005605075707446188,0.005491877690214642
Pará,2021-05-01,2021-06-01,0.01263061635066756,0.011079401969150065,0.007392118455603632,0.004503192044515045,0.00272470658633668,0.005837532527029297,8972.0,809791.0,32712.0,23740.0,3619.3333333333335,-0.007152916759321028,0.0029409291195306745,0.009054784540069727,0.005605075707446188,0.005491877690214642,0.011079401969150065
Pará,2021-06-01,2021-07-01,0.01155664612607097,0.01263061635066756,0.009733965336677421,0.0078004475628464754,0.0015545454407341103,0.003401458160630569,10359.0,820150.0,35166.0,24807.0,6278.666666666667,0.0029409291195306745,0.009054784540069727,0.005605075707446188,0.005491877690214642,0.011079401969150065,0.01263061635066756
Pará,2021-07-01,2021-08-01,0.010935579732344117,0.01155664612607097,0.011755554815296198,0.009236400397269858,0.001119241546817307,0.0028148964042641017,9589.0,829739.0,34543.0,24954.0,7492.166666666667,0.009054784540069727,0.005605075707446188,0.005491877690214642,0.011079401969150065,0.01263061635066756,0.01155664612607097
Pará,2021-08-01,2021-09-01,0.009272938772859058,0.010935579732344117,0.011707614069694216,0.009549866262648924,0.0013256582803878889,0.0028811604028308804,9174.0,838913.0,37290.0,28116.0,7826.0,0.005605075707446188,0.005491877690214642,0.011079401969150065,0.01263061635066756,0.01155664612607097,0.010935579732344117
Pará,2021-09-01,2021-10-01,0.0033075361210016772,0.009272938772859058,0.010588388210424715,0.010161176773551068,0.000497139099377361,0.002312272499324404,7852.0,846765.0,34587.0,26735.0,8390.666666666666,0.005491877690214642,0.011079401969150065,0.01263061635066756,0.01155664612607097,0.010935579732344117,0.009272938772859058
Pará,2021-10-01,2021-11-01,0.007074336043233742,0.0033075361210016772,0.007838684875401616,0.009797119845348907,-0.001415812239082694,0.0030674211820787087,2810.0,849575.0,35661.0,32851.0,8126.0,0.011079401969150065,0.01263061635066756,0.01155664612607097,0.010935579732344117,0.009272938772859058,0.0033075361210016772
Pará,2021-11-01,2021-12-01,-0.008512433905465073,0.007074336043233742,0.006551603645698159,0.009129608857696188,-0.0015483249289103443,0.0031504051307149083,6053.0,855628.0,32354.0,26301.0,7639.5,0.01263061635066756,0.01155664612607097,0.010935579732344117,0.009272938772859058,0.0033075361210016772,0.007074336043233742
Pará,2021-12-01,2022-01-01,-0.0009202171712524155,-0.008512433905465073,0.0006231460862567822,0.00560576714834075,-0.0033684152536248213,0.006880287929556672,-7222.0,848406.0,25509.0,32731.0,4709.333333333333,0.01155664612607097,0.010935579732344117,0.009272938772859058,0.0033075361210016772,0.007074336043233742,-0.008512433905465073
Pará,2022-01-01,2022-02-01,0.003851202781045548,-0.0009202171712524155,-0.0007861050111612487,0.0035262899321201837,-0.0031105229323063707,0.0066490642165761595,-780.0,847626.0,31998.0,32778.0,2981.1666666666665,0.010935579732344117,0.009272938772859058,0.0033075361210016772,0.007074336043233742,-0.008512433905465073,-0.0009202171712524155
Pará,2022-02-01,2022-03-01,0.002752996770004641,0.003851202781045548,-0.0018604827652239804,0.0023455604402370894,-0.0015822488509865322,0.005803785976334765,3277.0,850903.0,32352.0,29075.0,1998.3333333333333,0.009272938772859058,0.0033075361210016772,0.007074336043233742,-0.008512433905465073,-0.0009202171712524155,0.003851202781045548
Pará,2022-03-01,2022-04-01,0.005276423503517227,0.002752996770004641,0.0018946607932659246,0.0012589034397613534,-0.00013856799449534586,0.004953047599442138,2349.0,853252.0,33573.0,31224.0,1081.1666666666667,0.0033075361210016772,0.007074336043233742,-0.008512433905465073,-0.0009202171712524155,0.003851202781045548,0.002752996770004641
Pará,2022-04-01,2022-05-01,0.007571252380478572,0.005276423503517227,0.003960207684855805,0.0015870513368472783,0.0008450899794321296,0.005139610369147657,4526.0,857778.0,33167.0,28641.0,1367.1666666666667,0.007074336043233742,-0.008512433905465073,-0.0009202171712524155,0.003851202781045548,0.002752996770004641,0.005276423503517227
Pará,2022-05-01,2022-06-01,0.011249708290053492,0.007571252380478572,0.005200224218000146,0.001669870726388083,0.002797432784085321,0.005230563749951694,6544.0,864322.0,36110.0,29566.0,1449.0,-0.008512433905465073,-0.0009202171712524155,0.003851202781045548,0.002752996770004641,0.005276423503517227,0.007571252380478572
Pará,2022-06-01,2022-07-01,0.006854209720866768,0.011249708290053492,0.008032461391349765,0.0049635610923078445,0.002129520081095462,0.0038113069854686554,9834.0,874156.0,38300.0,28466.0,4291.666666666667,-0.0009202171712524155,0.003851202781045548,0.002752996770004641,0.005276423503517227,0.007571252380478572,0.011249708290053492
Pará,2022-07-01,2022-08-01,0.008084628275012594,0.006854209720866768,0.008558390130466277,0.006259298907661041,0.0012228570896061143,0.0027700316571597438,6033.0,880189.0,36012.0,29979.0,5427.166666666667,0.003851202781045548,0.002752996770004641,0.005276423503517227,0.007571252380478572,0.011249708290053492,0.006854209720866768
Pará,2022-08-01,2022-09-01,0.008767755570747488,0.008084628275012594,0.008729515428644285,0.006964869823322215,0.0010019992024760946,0.0026007809959105463,7174.0,887363.0,39871.0,32697.0,6076.666666666667,0.002752996770004641,0.005276423503517227,0.007571252380478572,0.011249708290053492,0.006854209720866768,0.008084628275012594
Pará,2022-09-01,2022-10-01,0.0016182222306485269,0.008767755570747488,0.007902197855542283,0.007967329623446024,0.00041717969858761863,0.001828721740631855,7849.0,895212.0,39415.0,31566.0,6993.333333333333,0.005276423503517227,0.007571252380478572,0.011249708290053492,0.006854209720866768,0.008084628275012594,0.008767755570747488
Pará,2022-10-01,2022-11-01,-0.0013154882549679782,0.0016182222306485269,0.006156868692136203,0.00735762941130124,-0.0010280168672263546,0.002912762779985891,1451.0,896663.0,34876.0,33425.0,6480.833333333333,0.007571252380478572,0.011249708290053492,0.006854209720866768,0.008084628275012594,0.008767755570747488,0.0016182222306485269
Pará,2022-11-01,2022-12-01,-0.017343411128366917,-0.0013154882549679782,0.003023496515476012,0.005876505972060147,-0.002224309082857919,0.004338204265615013,-1178.0,895485.0,31990.0,33168.0,5193.833333333333,0.011249708290053492,0.006854209720866768,0.008084628275012594,0.008767755570747488,0.0016182222306485269,-0.0013154882549679782
Pará,2022-12-01,2023-01-01,-0.0021552362107008106,-0.017343411128366917,-0.005680225717562122,0.00111098606899008,-0.004466799633605974,0.00900881295197908,-15266.0,880219.0,25124.0,40390.0,1010.5,0.006854209720866768,0.008084628275012594,0.008767755570747488,0.0016182222306485269,-0.0013154882549679782,-0.017343411128366917
Pará,2023-01-01,2023-02-01,0.006289279713989942,-0.0021552362107008106,-0.006938045198011902,-0.00039058825293784936,-0.003784758086043621,0.00867090443400331,-1893.0,878326.0,33449.0,35342.0,-310.5,0.008084628275012594,0.008767755570747488,0.0016182222306485269,-0.0013154882549679782,-0.017343411128366917,-0.0021552362107008106
Pará,2023-02-01,2023-03-01,0.004539843859103789,0.006289279713989942,-0.004403122541692595,-0.0006898130131082917,-0.0011354479280352764,0.008400016173983029,5559.0,883885.0,35095.0,29536.0,-579.6666666666666,0.008767755570747488,0.0016182222306485269,-0.0013154882549679782,-0.017343411128366917,-0.0021552362107008106,0.006289279713989942
Pará,2023-03-01,2023-04-01,0.006758706784882511,0.004539843859103789,0.0028912957874643063,-0.0013944649650489075,0.0015031596276233194,0.007727506406570793,4031.0,887916.0,37778.0,33747.0,-1216.0,0.0016182222306485269,-0.0013154882549679782,-0.017343411128366917,-0.0021552362107008106,0.006289279713989942,0.004539843859103789
Pará,2023-04-01,2023-05-01,0.008066771116742933,0.006758706784882511,0.005862610119325415,-0.0005377175393432441,0.0032704358881815803,0.00827929103363322,6042.0,893958.0,35312.0,29270.0,-450.8333333333333,-0.0013154882549679782,-0.017343411128366917,-0.0021552362107008106,0.006289279713989942,0.004539843859103789,0.006758706784882511
Pará,2023-05-01,2023-06-01,0.007545590696854902,0.008066771116742933,0.0064551072535764115,0.0010259923559419084,0.004344094410211802,0.008850999247208877,7270.0,901228.0,38990.0,31720.0,957.1666666666666,-0.017343411128366917,-0.0021552362107008106,0.006289279713989942,0.004539843859103789,0.006758706784882511,0.008066771116742933
Pará,2023-06-01,2023-07-01,0.007582364499933335,0.007545590696854902,0.007457022866160116,0.005174159326812211,0.001601584904909036,0.0034609143515535313,6852.0,908080.0,39757.0,32905.0,4643.5,-0.0021552362107008106,0.006289279713989942,0.004539843859103789,0.006758706784882511,0.008066771116742933,0.007545590696854902
Pará,2023-07-01,2023-08-01,0.0074876263801345235,0.007582364499933335,0.007731575437843724,0.0067970927785845695,0.0004797351078523062,0.0011650110278431053,6938.0,915018.0,38238.0,31300.0,6115.333333333333,0.006289279713989942,0.004539843859103789,0.006758706784882511,0.008066771116742933,0.007545590696854902,0.007582364499933335
Pará,2023-08-01,2023-09-01,0.009711459758830114,0.0074876263801345235,0.007538527192307587,0.006996817222942,0.0004768201522976596,0.0011635525768259286,6903.0,921921.0,42553.0,35650.0,6339.333333333333,0.004539843859103789,0.006758706784882511,0.008066771116742933,0.007545590696854902,0.007582364499933335,0.0074876263801345235
Pará,2023-09-01,2023-10-01,0.005196484385435311,0.009711459758830114,0.008260483546299324,0.00785875320622972,0.00037323155608546334,0.000912696713550485,9041.0,930962.0,40525.0,31484.0,7174.333333333333,0.006758706784882511,0.008066771116742933,0.007545590696854902,0.007582364499933335,0.0074876263801345235,0.009711459758830114
Pará,2023-10-01,2023-11-01,-5.450033875700757e-05,0.005196484385435311,0.007465190174799983,0.007598382806321854,-0.00022710184544032228,0.0013209156180292324,4863.0,935825.0,37201.0,32338.0,6977.833333333333,0.008066771116742933,0.007545590696854902,0.007582364499933335,0.0074876263801345235,0.009711459758830114,0.005196484385435311
Pará,2023-11-01,2023-12-01,-0.011632256376660245,-5.450033875700757e-05,0.004951147935169473,0.00624483756373853,-0.001226693204081658,0.0031043956175154453,-51.0,935774.0,34128.0,34179.0,5757.666666666667,0.007545590696854902,0.007582364499933335,0.0074876263801345235,0.009711459758830114,0.005196484385435311,-5.450033875700757e-05
Pará,2023-12-01,2024-01-01,0.00011998378597486826,-0.011632256376660245,-0.0021634241099939807,0.003048529718152672,-0.003520413140372493,0.007239059088011172,-10760.0,925014.0,26470.0,37230.0,2822.3333333333335,0.007582364499933335,0.0074876263801345235,0.009711459758830114,0.005196484385435311,-5.450033875700757e-05,-0.011632256376660245
Pará,2024-01-01,2024-02-01,0.007593831393128542,0.00011998378597486826,-0.0038555909764807945,0.0018047995991595938,-0.0030320098886131904,0.006990033317437892,111.0,925125.0,35464.0,35353.0,1684.5,0.0074876263801345235,0.009711459758830114,0.005196484385435311,-5.450033875700757e-05,-0.011632256376660245,0.00011998378597486826
Pará,2024-02-01,2024-03-01,0.002147268815362713,0.007593831393128542,-0.001306147065852278,0.0018225004346585974,-0.0010684399904226402,0.007004520964407012,7079.0,932204.0,41307.0,34228.0,1713.8333333333333,0.009711459758830114,0.005196484385435311,-5.450033875700757e-05,-0.011632256376660245,0.00011998378597486826,0.007593831393128542
Pará,2024-03-01,2024-04-01,0.007787225636243524,0.002147268815362713,0.0032870279981553744,0.000561801944080697,0.0005557473573693936,0.006092529781389447,2006.0,934210.0,39781.0,37775.0,541.3333333333334,0.005196484385435311,-5.450033875700757e-05,-0.011632256376660245,0.00011998378597486826,0.007593831393128542,0.002147268815362713
Pará,2024-04-01,2024-05-01,0.0035822873089667246,0.007787225636243524,0.0058427752815782595,0.0009935921525487327,0.002514887230235005,0.006484871167018894,7332.0,941542.0,43749.0,36417.0,952.8333333333334,-5.450033875700757e-05,-0.011632256376660245,0.00011998378597486826,0.007593831393128542,0.002147268815362713,0.007787225636243524
Pará,2024-05-01,2024-06-01,0.008283831153838081,0.0035822873089667246,0.004505593920190987,0.0015997234271693545,0.0026750823257478554,0.006528396923276663,3385.0,944927.0,41209.0,37824.0,1525.5,-0.011632256376660245,0.00011998378597486826,0.007593831393128542,0.002147268815362713,0.007787225636243524,0.0035822873089667246
Pará,2024-06-01,2024-07-01,0.005315728375884215,0.008283831153838081,0.006551114699682776,0.004919071348919076,0.0009835588973631827,0.0031412147635933828,7893.0,952820.0,42267.0,34374.0,4634.333333333333,0.00011998378597486826,0.007593831393128542,0.002147268815362713,0.007787225636243524,0.0035822873089667246,0.008283831153838081
Pará,2024-07-01,2024-08-01,0.004870143361728652,0.005315728375884215,0.0057272822795630075,0.0057850287805706335,8.040667434079047e-05,0.0023032651774434585,5092.0,957912.0,42404.0,37312.0,5464.5,0.007593831393128542,0.002147268815362713,0.007787225636243524,0.0035822873089667246,0.008283831153838081,0.005315728375884215
Pará,2024-08-01,2024-09-01,0.008823387072692807,0.004870143361728652,0.00615656763048365,0.005331080775337318,0.0003114692798749461,0.002166372488570983,4688.0,962600.0,42773.0,38085.0,5066.0,0.002147268815362713,0.007787225636243524,0.0035822873089667246,0.008283831153838081,0.005315728375884215,0.004870143361728652
Pará,2024-09-01,2024-10-01,0.002604484931267684,0.008823387072692807,0.006336419603435224,0.006443767151559,0.00017360778750223778,0.0019489372062108973,8569.0,971169.0,42508.0,33939.0,6159.833333333333,0.007787225636243524,0.0035822873089667246,0.008283831153838081,0.005315728375884215,0.004870143361728652,0.008823387072692807
Pará,2024-10-01,2024-11-01,0.0013343507629696638,0.002604484931267684,0.005432671788563048,0.005579977034063027,-0.00010616940417390232,0.0022821241737684787,2536.0,973705.0,40325.0,37789.0,5360.5,0.0035822873089667246,0.008283831153838081,0.005315728375884215,0.004870143361728652,0.008823387072692807,0.002604484931267684
Pará,2024-11-01,2024-12-01,-0.011804310986259264,0.0013343507629696638,0.004254074255643385,0.005205320943063518,-0.001112225387920787,0.002721547340022319,1301.0,975006.0,36330.0,35029.0,5013.166666666667,0.008283831153838081,0.005315728375884215,0.004870143361728652,0.008823387072692807,0.002604484931267684,0.0013343507629696638
Pará,2024-12-01,2025-01-01,-0.002291383234105934,-0.011804310986259264,-0.0026218250973406385,0.001857297253047293,-0.0029264707642405554,0.006545172483385878,-11375.0,963631.0,28657.0,40032.0,1801.8333333333333,0.005315728375884215,0.004870143361728652,0.008823387072692807,0.002604484931267684,0.0013343507629696638,-0.011804310986259264
Pará,2025-01-01,2025-02-01,0.009264049100490716,-0.002291383234105934,-0.0042537811524651775,0.0005894453180489352,-0.002827453180695061,0.006488988233952378,-2203.0,961428.0,38253.0,40456.0,586.0,0.004870143361728652,0.008823387072692807,0.002604484931267684,0.0013343507629696638,-0.011804310986259264,-0.002291383234105934
Pará,2025-02-01,2025-03-01,0.001532039588149895,0.009264049100490716,-0.0016105483732914937,0.0013217629411759458,-0.0007320844601817211,0.007145493337721918,8990.0,970418.0,46705.0,37715.0,1303.0,0.008823387072692807,0.002604484931267684,0.0013343507629696638,-0.011804310986259264,-0.002291383234105934,0.009264049100490716
Pará,2025-03-01,2025-04-01,0.005240387420204355,0.001532039588149895,0.002834901818178226,0.00010653836041879369,0.0007982798871179299,0.006341105019424428,1489.0,971907.0,39845.0,38356.0,123.0,0.002604484931267684,0.0013343507629696638,-0.011804310986259264,-0.002291383234105934,0.009264049100490716,0.001532039588149895
Pará,2025-04-01,2025-05-01,0.005150267033912543,0.005240387420204355,0.005345492036281656,0.0005458554419082389,0.002031276209828502,0.006585544134865054,5120.0,977027.0,42257.0,37137.0,553.6666666666666,0.0013343507629696638,-0.011804310986259264,-0.002291383234105934,0.009264049100490716,0.001532039588149895,0.005240387420204355
Pará,2025-05-01,2025-06-01,0.0055701478149751005,0.005150267033912543,0.003974231347422264,0.0011818414870653853,0.00284674835861283,0.006811367472260044,5058.0,982085.0,44981.0,39923.0,1179.8333333333333,-0.011804310986259264,-0.002291383234105934,0.009264049100490716,0.001532039588149895,0.005240387420204355,0.005150267033912543
Pará,2025-06-01,2025-07-01,0.004919050286759876,0.0055701478149751005,0.005320267423030666,0.004077584620604446,0.0008764187679350031,0.003621083347275093,5501.0,987586.0,42809.0,37308.0,3992.5,-0.002291383234105934,0.009264049100490716,0.001532039588149895,0.005240387420204355,0.005150267033912543,0.0055701478149751005
Pará,2025-07-01,2025-08-01,0.005516181299494075,0.004919050286759876,0.0052131550452158395,0.005279323540748748,-0.00027716542212772536,0.0022417523646812796,4882.0,992468.0,45346.0,40464.0,5173.333333333333,0.009264049100490716,0.001532039588149895,0.005240387420204355,0.005150267033912543,0.0055701478149751005,0.004919050286759876
Pará,2025-08-01,2025-09-01,0.009699845596319714,0.005516181299494075,0.00533512646707635,0.004654678907249307,0.0005536165124985718,0.001413606515841877,5505.0,997973.0,45709.0,40204.0,4592.5,0.001532039588149895,0.005240387420204355,0.005150267033912543,0.0055701478149751005,0.004919050286759876,0.005516181299494075
Pará,2025-09-01,2025-10-01,0.0021071893975101895,0.009699845596319714,0.006711692394191222,0.006015979908610944,0.0006498267471173189,0.0016620112512281875,9775.0,1007748.0,48218.0,38443.0,5973.5,0.005240387420204355,0.005150267033912543,0.0055701478149751005,0.004919050286759876,0.005516181299494075,0.009699845596319714
Pará,2025-10-01,2025-11-01,0.0019281952349561734,0.0021071893975101895,0.005774405431107993,0.005493780238161917,-6.369039500696321e-05,0.0022216597763815623,2128.0,1009876.0,45127.0,42999.0,5474.833333333333,0.005150267033912543,0.0055701478149751005,0.004919050286759876,0.005516181299494075,0.009699845596319714,0.0021071893975101895
Pará,2025-11-01,2025-12-01,-0.015289174928125066,0.0019281952349561734,0.004578410076262026,0.004956768271669188,-0.0006417623220290871,0.0025974261924901847,1951.0,1011827.0,39018.0,37067.0,4957.0,0.0055701478149751005,0.004919050286759876,0.005516181299494075,0.009699845596319714,0.0021071893975101895,0.0019281952349561734
Pará,2025-12-01,2026-01-01,-0.00027106066036400436,-0.015289174928125066,-0.003751263431886234,0.001480214481152494,-0.0034113640133385118,0.007931825777499334,-15470.0,,28904.0,44374.0,1461.8333333333333,0.004919050286759876,0.005516181299494075,0.009699845596319714,0.0021071893975101895,0.0019281952349561734,-0.015289174928125066
Pará,2026-01-01,2026-02-01,0.0046972985287593375,-0.00027106066036400436,-0.004544013451177632,0.0006151959899651803,-0.0029737790152908213,0.007791394740036471,-270.0,996087.0,40732.0,41002.0,603.1666666666666,0.005516181299494075,0.009699845596319714,0.0021071893975101895,0.0019281952349561734,-0.015289174928125066,-0.00027106066036400436
Pará,2026-02-01,2026-03-01,0.001989463323570503,0.0046972985287593375,-0.003620979019909911,0.0004787155281760576,-0.0014104244478430196,0.007711108162954687,4701.0,1000788.0,43458.0,38757.0,469.1666666666667,0.009699845596319714,0.0021071893975101895,0.0019281952349561734,-0.015289174928125066,-0.00027106066036400436,0.0046972985287593375
Pará,2026-03-01,2026-04-01,0.0020023984991963534,0.001989463323570503,0.0021385670639886122,-0.0008063481839488111,0.0006496226794134892,0.006634655496043279,1995.0,1002783.0,44440.0,42445.0,-827.5,0.0021071893975101895,0.0019281952349561734,-0.015289174928125066,-0.00027106066036400436,0.0046972985287593375,0.001989463323570503
Pará,2026-04-01,2026-05-01,0.0024719915416193034,0.0020023984991963534,0.002896386783842065,-0.0008238133336677839,0.001633579721868884,0.006627096496076298,2012.0,1004795.0,41633.0,39621.0,-846.8333333333334,0.0019281952349561734,-0.015289174928125066,-0.00027106066036400436,0.0046972985287593375,0.001989463323570503,0.0020023984991963534
Pará,2026-05-01,2026-06-01,0.00433933822620901,0.0024719915416193034,0.00215461778812872,-0.0007331806158905957,0.002654810703491831,0.0066677075106670765,2490.0,1007285.0,41951.0,39461.0,-757.0,-0.015289174928125066,-0.00027106066036400436,0.0046972985287593375,0.001989463323570503,0.0020023984991963534,0.0024719915416193034
Pernambuco,2020-07-01,2020-08-01,0.011132087926595815,0.005109801544600175,-0.001539724238261433,-0.008509575833579468,0.003011616287187468,0.01046282799858311,5741.0,1123527.0,28349.0,22608.0,-9703.0,-0.0015348316092256007,-0.021634758997599025,-0.023268691679867882,-0.006598679193960501,-0.003130295065423972,0.005109801544600175
Pernambuco,2020-08-01,2020-09-01,0.019705542814840892,0.011132087926595815,0.004370531468590673,-0.006398422577609232,0.007212517097797567,0.012696657750625234,12648.0,1136175.0,38056.0,25408.0,-7293.166666666667,-0.021634758997599025,-0.023268691679867882,-0.006598679193960501,-0.003130295065423972,0.005109801544600175,0.011132087926595815
Pernambuco,2020-09-01,2020-10-01,0.011442057472136906,0.019705542814840892,0.011982477428678959,0.0004916277244640879,0.007894387727006768,0.013733566002897143,22839.0,1159014.0,47515.0,24676.0,677.8333333333334,-0.023268691679867882,-0.006598679193960501,-0.003130295065423972,0.005109801544600175,0.011132087926595815,0.019705542814840892
Pernambuco,2020-10-01,2020-11-01,0.011636003749688088,0.011442057472136906,0.014093229404524538,0.006276752583131553,0.004706670952950779,0.009002019464322096,13415.0,1172429.0,40709.0,27294.0,7290.833333333333,-0.006598679193960501,-0.003130295065423972,0.005109801544600175,0.011132087926595815,0.019705542814840892,0.011442057472136906
Pernambuco,2020-11-01,2020-12-01,-0.0020552475546946735,0.011636003749688088,0.014261201345555296,0.009315866407072984,0.0028971919070404444,0.006996971716710232,13803.0,1186232.0,39571.0,25768.0,10824.5,-0.003130295065423972,0.005109801544600175,0.011132087926595815,0.019705542814840892,0.011442057472136906,0.011636003749688088
Pernambuco,2020-12-01,2021-01-01,0.0011365688278068694,-0.0020552475546946735,0.007007604555710106,0.009495040992194533,-0.00121648523914004,0.0066826685708502274,-2433.0,1183799.0,32014.0,34447.0,11002.166666666666,0.005109801544600175,0.011132087926595815,0.019705542814840892,0.011442057472136906,0.011636003749688088,-0.0020552475546946735
Pernambuco,2021-01-01,2021-02-01,0.0017772072745894736,0.0011365688278068694,0.0035724416742667613,0.008832835539395649,-0.003287600580714293,0.007256617564986031,1347.0,1185146.0,36319.0,34972.0,10269.833333333334,0.011132087926595815,0.019705542814840892,0.011442057472136906,0.011636003749688088,-0.0020552475546946735,0.0011365688278068694
Pernambuco,2021-02-01,2021-03-01,-0.0021346689996936,0.0017772072745894736,0.0002861761825672232,0.007273688764061259,-0.0038356969982465696,0.007592328228499862,2110.0,1187256.0,40304.0,38194.0,8513.5,0.019705542814840892,0.011442057472136906,0.011636003749688088,-0.0020552475546946735,0.0011365688278068694,0.0017772072745894736
Pernambuco,2021-03-01,2021-04-01,0.004262068014906732,-0.0021346689996936,0.0002597023675675809,0.0036336534616388427,-0.0026933772971984796,0.005778231364776002,-2529.0,1184727.0,36967.0,39496.0,4285.5,0.011442057472136906,0.011636003749688088,-0.0020552475546946735,0.0011365688278068694,0.0017772072745894736,-0.0021346689996936
Pernambuco,2021-04-01,2021-05-01,0.0068862015545287,0.004262068014906732,0.0013015354299342017,0.0024369885521004814,-0.0010419229874891701,0.004675457846645624,5071.0,1189798.0,33752.0,28681.0,2894.8333333333335,0.011636003749688088,-0.0020552475546946735,0.0011365688278068694,0.0017772072745894736,-0.0021346689996936,0.004262068014906732
Pernambuco,2021-05-01,2021-06-01,0.005748666984792216,0.0068862015545287,0.0030045335232472773,0.0016453548529072502,0.0014334819095180962,0.0032293691000952287,8250.0,1198048.0,36428.0,28178.0,1969.3333333333333,-0.0020552475546946735,0.0011365688278068694,0.0017772072745894736,-0.0021346689996936,0.004262068014906732,0.0068862015545287
Pernambuco,2021-06-01,2021-07-01,0.007558361720773017,0.005748666984792216,0.005632312184742549,0.002946007276155065,0.0012795488754098496,0.003043174894300959,6927.0,1204975.0,35606.0,28679.0,3529.3333333333335,0.0011365688278068694,0.0017772072745894736,-0.0021346689996936,0.004262068014906732,0.0068862015545287,0.005748666984792216
Pernambuco,2021-07-01,2021-08-01,0.014121309609165088,0.007558361720773017,0.006731076753364644,0.004016306091649423,0.0015765689635427746,0.0033339663396010364,9177.0,1214152.0,38370.0,29193.0,4834.333333333333,0.0017772072745894736,-0.0021346689996936,0.004262068014906732,0.0068862015545287,0.005748666984792216,0.007558361720773017
Pernambuco,2021-08-01,2021-09-01,0.02157543497259077,0.014121309609165088,0.00914277943824344,0.0060736564807453595,0.002572321131204451,0.004802662077031201,17391.0,1231543.0,48706.0,31315.0,7381.166666666667,-0.0021346689996936,0.004262068014906732,0.0068862015545287,0.005748666984792216,0.007558361720773017,0.014121309609165088
Pernambuco,2021-09-01,2021-10-01,0.0090973787960852,0.02157543497259077,0.014418368767509626,0.010025340476126087,0.0031451958196660034,0.00602255578330676,27157.0,1258700.0,60743.0,33586.0,12328.833333333334,0.004262068014906732,0.0068862015545287,0.005748666984792216,0.007558361720773017,0.014121309609165088,0.02157543497259077
Pernambuco,2021-10-01,2021-11-01,0.00860466985774393,0.0090973787960852,0.014931374459280352,0.010831225606322497,0.0018599753731305777,0.0054981234273946454,11556.0,1270256.0,45377.0,33821.0,13409.666666666666,0.0068862015545287,0.005748666984792216,0.007558361720773017,0.014121309609165088,0.02157543497259077,0.0090973787960852
Pernambuco,2021-11-01,2021-12-01,-0.004823821884827429,0.00860466985774393,0.013092494542139968,0.011117636990191705,0.0007528911701177368,0.005327261869926434,11025.0,1281281.0,45556.0,34531.0,13872.166666666666,0.005748666984792216,0.007558361720773017,0.014121309609165088,0.02157543497259077,0.0090973787960852,0.00860466985774393
Pernambuco,2021-12-01,2022-01-01,0.00036610308741710746,-0.004823821884827429,0.0042927422563339,0.009355555511921763,-0.002598254098822035,0.007926253838913095,-6151.0,1275130.0,35249.0,41400.0,11692.5,0.007558361720773017,0.014121309609165088,0.02157543497259077,0.0090973787960852,0.00860466985774393,-0.004823821884827429
Pernambuco,2022-01-01,2022-02-01,0.0004184523375734936,0.00036610308741710746,0.001382317020111203,0.008156845739695778,-0.004241900346266736,0.008620826702184814,467.0,1275597.0,41620.0,41153.0,10240.833333333334,0.014121309609165088,0.02157543497259077,0.0090973787960852,0.00860466985774393,-0.004823821884827429,0.00036610308741710746
Pernambuco,2022-02-01,2022-03-01,-0.004921721011653848,0.0004184523375734936,-0.0013464221532789426,0.005873036194430514,-0.0041544923441046286,0.00855302193317419,534.0,1276131.0,43524.0,42990.0,7431.333333333333,0.02157543497259077,0.0090973787960852,0.00860466985774393,-0.004823821884827429,0.00036610308741710746,0.0004184523375734936
Pernambuco,2022-03-01,2022-04-01,-0.0006934588704027814,-0.004921721011653848,-0.0013790551955544155,0.0014568435303897419,-0.002556120760770343,0.005654939065550411,-6250.0,1269881.0,42884.0,49134.0,1863.5,0.0090973787960852,0.00860466985774393,-0.004823821884827429,0.00036610308741710746,0.0004184523375734936,-0.004921721011653848
Pernambuco,2022-04-01,2022-05-01,0.005094476749883771,-0.0006934588704027814,-0.0017322425148277117,-0.00017496274735825446,-0.0013351997648873262,0.00451182309623764,-880.0,1269001.0,40300.0,41180.0,-209.16666666666666,0.00860466985774393,-0.004823821884827429,0.00036610308741710746,0.0004184523375734936,-0.004921721011653848,-0.0006934588704027814
Pernambuco,2022-05-01,2022-06-01,0.005561996299798929,0.005094476749883771,-0.0001735677107242859,-0.0007599949320016146,0.001173503827167685,0.003434403245169139,6498.0,1275499.0,44599.0,38101.0,-963.6666666666666,-0.004823821884827429,0.00036610308741710746,0.0004184523375734936,-0.004921721011653848,-0.0006934588704027814,0.005094476749883771
Pernambuco,2022-06-01,2022-07-01,0.0070325001528972675,0.005561996299798929,0.00332100472642664,0.000970974765436112,0.001263880041145457,0.003564783793685421,7134.0,1282633.0,43326.0,36192.0,1250.5,0.00036610308741710746,0.0004184523375734936,-0.004921721011653848,-0.0006934588704027814,0.005094476749883771,0.005561996299798929
Pernambuco,2022-07-01,2022-08-01,0.011675798426445148,0.0070325001528972675,0.005896324400859989,0.002082040943016139,0.0020088379037503925,0.004187591052632491,9084.0,1291717.0,49206.0,40122.0,2686.6666666666665,0.0004184523375734936,-0.004921721011653848,-0.0006934588704027814,0.005094476749883771,0.005561996299798929,0.0070325001528972675
Pernambuco,2022-08-01,2022-09-01,0.015623022926520652,0.011675798426445148,0.008090098293047115,0.003958265291161414,0.0030466569660088645,0.005375358309294037,15260.0,1306977.0,57555.0,42295.0,5141.0,-0.004921721011653848,-0.0006934588704027814,0.005094476749883771,0.005561996299798929,0.0070325001528972675,0.011675798426445148
Pernambuco,2022-09-01,2022-10-01,0.006209506472976372,0.015623022926520652,0.01144377383528769,0.007382389280857164,0.0029370536533542746,0.0051677126644258525,20743.0,1327720.0,58782.0,38039.0,9639.833333333334,-0.0006934588704027814,0.005094476749883771,0.005561996299798929,0.0070325001528972675,0.011675798426445148,0.015623022926520652
Pernambuco,2022-10-01,2022-11-01,0.006139396207157942,0.006209506472976372,0.011169442608647391,0.00853288350475369,0.001154329336262173,0.0038394017341226066,8296.0,1336016.0,46596.0,38300.0,11169.166666666666,0.005094476749883771,0.005561996299798929,0.0070325001528972675,0.011675798426445148,0.015623022926520652,0.006209506472976372
Pernambuco,2022-11-01,2022-12-01,-0.007038117455280424,0.006139396207157942,0.009323975202218322,0.008707036747632717,0.00012472122848879573,0.0037006800810951736,8253.0,1344269.0,45955.0,37702.0,11461.666666666666,0.005561996299798929,0.0070325001528972675,0.011675798426445148,0.015623022926520652,0.006209506472976372,0.006139396207157942
Pernambuco,2022-12-01,2023-01-01,0.00024490694659455765,-0.007038117455280424,0.0017702617416179634,0.006607017788452827,-0.002753594604351266,0.006996764991256082,-9395.0,1334874.0,34698.0,44093.0,8706.833333333334,0.0070325001528972675,0.011675798426445148,0.015623022926520652,0.006209506472976372,0.006139396207157942,-0.007038117455280424
Pernambuco,2023-01-01,2023-02-01,0.005038145640487585,0.00024490694659455765,-0.000217938100509308,0.005475752254069041,-0.0035773711088707026,0.007375016055611109,327.0,1335201.0,45665.0,45338.0,7247.333333333333,0.011675798426445148,0.015623022926520652,0.006209506472976372,0.006139396207157942,-0.007038117455280424,0.00024490694659455765
Pernambuco,2023-02-01,2023-03-01,-0.003938813358599593,0.005038145640487585,-0.0005850216227327605,0.0043694767897427805,-0.0023998771049071176,0.0068404803134716925,6761.0,1341962.0,47443.0,40682.0,5830.833333333333,0.015623022926520652,0.006209506472976372,0.006139396207157942,-0.007038117455280424,0.00024490694659455765,0.005038145640487585
Pernambuco,2023-03-01,2023-04-01,-0.0018174705007674597,-0.003938813358599593,0.00044807974282751645,0.00110917074222274,-0.0013360664701718827,0.005153653023332787,-5265.0,1336697.0,46427.0,51692.0,1496.1666666666667,0.006209506472976372,0.006139396207157942,-0.007038117455280424,0.00024490694659455765,0.005038145640487585,-0.003938813358599593
Pernambuco,2023-04-01,2023-05-01,0.00034763428872825787,-0.0018174705007674597,-0.00023937940629315595,-0.000228658753401232,-0.0007340909301626138,0.00467571589442093,-2425.0,1334272.0,42439.0,44864.0,-290.6666666666667,0.006139396207157942,-0.007038117455280424,0.00024490694659455765,0.005038145640487585,-0.003938813358599593,-0.0018174705007674597
Pernambuco,2023-05-01,2023-06-01,0.003975186241243882,0.00034763428872825787,-0.0018028831902129315,-0.001193952406472846,0.0006218476393962906,0.0037718950458574896,464.0,1334736.0,47239.0,46775.0,-1588.8333333333333,-0.007038117455280424,0.00024490694659455765,0.005038145640487585,-0.003938813358599593,-0.0018174705007674597,0.00034763428872825787
Pernambuco,2023-06-01,2023-07-01,0.003273423460948006,0.003975186241243882,0.0008351166764015601,0.0006415982096145382,0.00019146300788002216,0.00310143532035539,5327.0,1340063.0,46069.0,40742.0,864.8333333333334,0.00024490694659455765,0.005038145640487585,-0.003938813358599593,-0.0018174705007674597,0.00034763428872825787,0.003975186241243882
Pernambuco,2023-07-01,2023-08-01,0.01144533576465225,0.003273423460948006,0.002532081330306715,0.0011463509620067798,0.0004880997911808071,0.003239184424800026,4401.0,1344464.0,46226.0,41825.0,1543.8333333333333,0.005038145640487585,-0.003938813358599593,-0.0018174705007674597,0.00034763428872825787,0.003975186241243882,0.003273423460948006
Pernambuco,2023-08-01,2023-09-01,0.013680529467819861,0.01144533576465225,0.006231315155614712,0.0022142159827008906,0.0027377422701120348,0.004950335045198812,15566.0,1360030.0,59515.0,43949.0,3011.3333333333335,-0.003938813358599593,-0.0018174705007674597,0.00034763428872825787,0.003975186241243882,0.003273423460948006,0.01144533576465225
Pernambuco,2023-09-01,2023-10-01,0.005963237276576848,0.013680529467819861,0.009466429564473373,0.005150773120437466,0.003145181185440362,0.005611168480261899,18864.0,1378894.0,57870.0,39006.0,7032.833333333333,-0.0018174705007674597,0.00034763428872825787,0.003975186241243882,0.003273423460948006,0.01144533576465225,0.013680529467819861
Pernambuco,2023-10-01,2023-11-01,0.005494576399991397,0.005963237276576848,0.010363034169682987,0.0064475577499948505,0.001867598769219289,0.004671278320244511,8272.0,1387166.0,49552.0,41280.0,8815.666666666666,0.00034763428872825787,0.003975186241243882,0.003273423460948006,0.01144533576465225,0.013680529467819861,0.005963237276576848
Pernambuco,2023-11-01,2023-12-01,-0.006229282315980075,0.005494576399991397,0.008379447714796035,0.007305381435205374,0.0005114738841083343,0.0038774773853158077,7664.0,1394830.0,50528.0,42864.0,10015.666666666666,0.003975186241243882,0.003273423460948006,0.01144533576465225,0.013680529467819861,0.005963237276576848,0.005494576399991397
Pernambuco,2023-12-01,2024-01-01,0.0016507176516596842,-0.006229282315980075,0.0017428437868627234,0.005604636675668048,-0.0020880885477104556,0.006389453701830595,-8635.0,1386195.0,39307.0,47942.0,7688.666666666667,0.003273423460948006,0.01144533576465225,0.013680529467819861,0.005963237276576848,0.005494576399991397,-0.006229282315980075
Pernambuco,2024-01-01,2024-02-01,0.0015424641457984572,0.0016507176516596842,0.0003053372452236688,0.005334185707453328,-0.0031191767655128016,0.006515504200056206,2292.0,1388487.0,49439.0,47147.0,7337.166666666667,0.01144533576465225,0.013680529467819861,0.005963237276576848,0.005494576399991397,-0.006229282315980075,0.0016507176516596842
Pernambuco,2024-02-01,2024-03-01,0.0009798878732410151,0.0015424641457984572,-0.0010120335061739778,0.0036837071043110286,-0.0024386212628808557,0.005991623173907511,2145.0,1390632.0,49960.0,47815.0,5100.333333333333,0.013680529467819861,0.005963237276576848,0.005494576399991397,-0.006229282315980075,0.0016507176516596842,0.0015424641457984572
Pernambuco,2024-03-01,2024-04-01,-0.0007930157100510248,0.0009798878732410151,0.0013910232235663856,0.0015669335052145544,-0.0008255166803319488,0.003997646970331334,1364.0,1391996.0,51986.0,50622.0,2183.6666666666665,0.005963237276576848,0.005494576399991397,-0.006229282315980075,0.0016507176516596842,0.0015424641457984572,0.0009798878732410151
Pernambuco,2024-04-01,2024-05-01,0.0028618846714962166,-0.0007930157100510248,0.0005764454363294826,0.0004408913407765757,-0.0002833915282402875,0.003524228887486856,-1103.0,1390893.0,52533.0,53636.0,621.1666666666666,0.005494576399991397,-0.006229282315980075,0.0016507176516596842,0.0015424641457984572,0.0009798878732410151,-0.0007930157100510248
Pernambuco,2024-05-01,2024-06-01,0.005718126718307058,0.0028618846714962166,0.0010162522782287357,2.1093860273788934e-06,0.0010732016737054822,0.002991305008274197,3992.0,1394885.0,51530.0,47538.0,9.166666666666666,-0.006229282315980075,0.0016507176516596842,0.0015424641457984572,0.0009798878732410151,-0.0007930157100510248,0.0028618846714962166
Pernambuco,2024-06-01,2024-07-01,0.005372620056221796,0.005718126718307058,0.0025956652265840836,0.0019933442250752343,0.0006434972379153744,0.0019891350050044573,8022.0,1402907.0,50407.0,42385.0,2785.3333333333335,0.0016507176516596842,0.0015424641457984572,0.0009798878732410151,-0.0007930157100510248,0.0028618846714962166,0.005718126718307058
Pernambuco,2024-07-01,2024-08-01,0.012678173060702213,0.005372620056221796,0.004650877148675024,0.002613661292502253,0.0010577256133960588,0.002335711918527831,7578.0,1410485.0,53859.0,46281.0,3666.3333333333335,0.0015424641457984572,0.0009798878732410151,-0.0007930157100510248,0.0028618846714962166,0.005718126718307058,0.005372620056221796
Pernambuco,2024-08-01,2024-09-01,0.012341266329657201,0.012678173060702213,0.007922973278410355,0.0044696127783195455,0.002281273579512436,0.004324598233689892,18112.0,1428597.0,64779.0,46667.0,6327.5,0.0009798878732410151,-0.0007930157100510248,0.0028618846714962166,0.005718126718307058,0.005372620056221796,0.012678173060702213
Pernambuco,2024-09-01,2024-10-01,0.0034517016682535768,0.012341266329657201,0.010130686482193736,0.00636317585438891,0.0027078505344021097,0.004838804299236264,17851.0,1446448.0,61287.0,43436.0,9075.333333333334,-0.0007930157100510248,0.0028618846714962166,0.005718126718307058,0.005372620056221796,0.012678173060702213,0.012341266329657201
Pernambuco,2024-10-01,2024-11-01,0.003792766427084992,0.0034517016682535768,0.009490380352870998,0.007070628750773011,0.0008606873377805043,0.0039738065064411,5010.0,1451458.0,54384.0,49374.0,10094.166666666666,0.0028618846714962166,0.005718126718307058,0.005372620056221796,0.012678173060702213,0.012341266329657201,0.0034517016682535768
Pernambuco,2024-11-01,2024-12-01,-0.007227646317495191,0.003792766427084992,0.006528578141665256,0.0072257757100378074,-0.0004493275243159997,0.003821719946965262,5526.0,1456984.0,50407.0,44881.0,10349.833333333334,0.005718126718307058,0.005372620056221796,0.012678173060702213,0.012341266329657201,0.0034517016682535768,0.003792766427084992
Pernambuco,2024-12-01,2025-01-01,-0.00362867108074036,-0.007227646317495191,5.607259281126149e-06,0.005068146870737431,-0.002815631898024007,0.006662450621365712,-10455.0,1446529.0,40188.0,50643.0,7270.333333333333,0.005372620056221796,0.012678173060702213,0.012341266329657201,0.0034517016682535768,0.003792766427084992,-0.007227646317495191
Pernambuco,2025-01-01,2025-02-01,0.005237123391955342,-0.00362867108074036,-0.0023545169903835196,0.003567931681243739,-0.0039971398254239595,0.007397832504237981,-5230.0,1441299.0,54852.0,60082.0,5135.666666666667,0.012678173060702213,0.012341266329657201,0.0034517016682535768,0.003792766427084992,-0.007227646317495191,-0.00362867108074036
Pernambuco,2025-02-01,2025-03-01,-0.0024062393412521994,0.005237123391955342,-0.0018730646687600697,0.002327756736452593,-0.0019366355908591796,0.006310428593177388,7588.0,1448887.0,59818.0,52230.0,3381.6666666666665,0.012341266329657201,0.0034517016682535768,0.003792766427084992,-0.007227646317495191,-0.00362867108074036,0.005237123391955342
Pernambuco,2025-03-01,2025-04-01,0.00516274235843927,-0.0024062393412521994,-0.0002659290100124058,-0.00013016087536563982,-0.0006102188261760856,0.004561089868827967,-3478.0,1445409.0,49384.0,52862.0,-173.16666666666666,0.0034517016682535768,0.003792766427084992,-0.007227646317495191,-0.00362867108074036,0.005237123391955342,-0.0024062393412521994
Pernambuco,2025-04-01,2025-05-01,0.006668653908211319,0.00516274235843927,0.0026645421363808044,0.00015501257299864227,0.0008622827159484587,0.004822143139315392,7501.0,1452910.0,58818.0,51317.0,242.0,0.003792766427084992,-0.007227646317495191,-0.00362867108074036,0.005237123391955342,-0.0024062393412521994,0.00516274235843927
Pernambuco,2025-05-01,2025-06-01,0.003528306501444637,0.006668653908211319,0.003141718975132797,0.0006343271531863635,0.0025203536775103962,0.005281006884368215,9754.0,1462664.0,58674.0,48920.0,946.6666666666666,-0.007227646317495191,-0.00362867108074036,0.005237123391955342,-0.0024062393412521994,0.00516274235843927,0.006668653908211319
Pernambuco,2025-06-01,2025-07-01,0.005000610078496766,0.003528306501444637,0.005119900922698408,0.0024269859563430013,0.0013613846045538393,0.003971081682692635,5179.0,1467843.0,52697.0,47518.0,3552.3333333333335,-0.00362867108074036,0.005237123391955342,-0.0024062393412521994,0.00516274235843927,0.006668653908211319,0.003528306501444637
Pernambuco,2025-07-01,2025-08-01,0.008530074359236299,0.005000610078496766,0.0050658568293842415,0.0038651994828825223,0.0005179137860162764,0.002948410545461425,7377.0,1475220.0,58008.0,50631.0,5653.5,0.005237123391955342,-0.0024062393412521994,0.00516274235843927,0.006668653908211319,0.003528306501444637,0.005000610078496766
Pernambuco,2025-08-01,2025-09-01,0.010377023426452962,0.008530074359236299,0.005686330313059235,0.004414024644096016,0.0014587092644528085,0.003421266250035546,12692.0,1487912.0,64260.0,51568.0,6504.166666666667,-0.0024062393412521994,0.00516274235843927,0.006668653908211319,0.003528306501444637,0.005000610078496766,0.008530074359236299
Pernambuco,2025-09-01,2025-10-01,0.006998170542430867,0.010377023426452962,0.007969235954728676,0.006544568438713543,0.0009465134362913007,0.0023107152213707473,15602.0,1503514.0,69114.0,53512.0,9684.166666666666,0.00516274235843927,0.006668653908211319,0.003528306501444637,0.005000610078496766,0.008530074359236299,0.010377023426452962
Pernambuco,2025-10-01,2025-11-01,0.005906351888837678,0.006998170542430867,0.00863508944270671,0.006850473136045475,0.0007349485207674931,0.0022275275701593065,10596.0,1514110.0,63555.0,52959.0,10200.0,0.006668653908211319,0.003528306501444637,0.005000610078496766,0.008530074359236299,0.010377023426452962,0.006998170542430867
Pernambuco,2025-11-01,2025-12-01,-0.00621230564386195,0.005906351888837678,0.007760515285907169,0.006723422799483202,0.000563710211313833,0.002255834303334889,8996.0,1523106.0,54240.0,45244.0,10073.666666666666,0.003528306501444637,0.005000610078496766,0.008530074359236299,0.010377023426452962,0.006998170542430867,0.005906351888837678
Pernambuco,2025-12-01,2026-01-01,0.0005869796168191779,-0.00621230564386195,0.0022307389291355314,0.005099987441932105,-0.0019232742544860438,0.0053516941004026816,-9462.0,,40713.0,50175.0,7633.5,0.005000610078496766,0.008530074359236299,0.010377023426452962,0.006998170542430867,0.005906351888837678,-0.00621230564386195
Pernambuco,2026-01-01,2026-02-01,0.0007541189541828201,0.0005869796168191779,9.367528726496846e-05,0.004364382364985839,-0.0025878651307606718,0.005611809768388768,889.0,1514533.0,54830.0,53941.0,6552.166666666667,0.008530074359236299,0.010377023426452962,0.006998170542430867,0.005906351888837678,-0.00621230564386195,0.0005869796168191779
Pernambuco,2026-02-01,2026-03-01,0.0021639763443875855,0.0007541189541828201,-0.0016237356909533174,0.003068389797476926,-0.0022704786477395827,0.005393790951234148,1143.0,1515676.0,55867.0,54724.0,4627.333333333333,0.010377023426452962,0.006998170542430867,0.005906351888837678,-0.00621230564386195,0.0005869796168191779,0.0007541189541828201
Pernambuco,2026-03-01,2026-04-01,0.0021940441554670785,0.0021639763443875855,0.0011683583051298612,0.0016995486171326962,-0.0009379538438142814,0.0042956832220106865,3287.0,1518963.0,63509.0,60222.0,2574.8333333333335,0.006998170542430867,0.005906351888837678,-0.00621230564386195,0.0005869796168191779,0.0007541189541828201,0.0021639763443875855
Pernambuco,2026-04-01,2026-05-01,0.003856832594227053,0.0021940441554670785,0.0017040464846791615,0.0008988608859720649,0.00019241276100740717,0.003629506222990941,3340.0,1522303.0,61342.0,58002.0,1365.5,0.005906351888837678,-0.00621230564386195,0.0005869796168191779,0.0007541189541828201,0.0021639763443875855,0.0021940441554670785
Pernambuco,2026-05-01,2026-06-01,0.004016009291176315,0.003856832594227053,0.0027382843646939054,0.0005572743368702941,0.0016164783484740994,0.0032149244365478,5894.0,1528197.0,57870.0,51976.0,848.5,-0.00621230564386195,0.0005869796168191779,0.0007541189541828201,0.0021639763443875855,0.0021940441554670785,0.003856832594227053
Piauí,2020-07-01,2020-08-01,0.009309539367447031,0.005917204623076719,-0.00166998661583398,-0.0036879512144772607,0.0007286534147087447,0.009914438226907926,1561.0,263807.0,5913.0,4352.0,-968.8333333333334,0.0033085041494926343,0.000727710629746742,-0.021153962218601,-0.013135015114630427,0.002207850644051768,0.005917204623076719
Piauí,2020-08-01,2020-09-01,0.009879416828101123,0.009309539367447031,0.005811531544858506,-0.0026877786781515285,0.0039847288563490514,0.010830195560589732,2479.0,266286.0,7269.0,4790.0,-704.8333333333334,0.000727710629746742,-0.021153962218601,-0.013135015114630427,0.002207850644051768,0.005917204623076719,0.009309539367447031
Piauí,2020-09-01,2020-10-01,0.013813208169850757,0.009879416828101123,0.008368720272874957,-0.0011624943117591316,0.006463140361679084,0.011804439112565157,2657.0,268943.0,8078.0,5421.0,-294.8333333333333,-0.021153962218601,-0.013135015114630427,0.002207850644051768,0.005917204623076719,0.009309539367447031,0.009879416828101123
Piauí,2020-10-01,2020-11-01,0.010816418321895449,0.013813208169850757,0.011000721455132971,0.004665367419649495,0.004604232849112122,0.008726375136699598,3767.0,272710.0,9304.0,5537.0,1267.6666666666667,-0.013135015114630427,0.002207850644051768,0.005917204623076719,0.009309539367447031,0.009879416828101123,0.013813208169850757
Piauí,2020-11-01,2020-12-01,-0.0007623002591820882,0.010816418321895449,0.01150301443994911,0.008657272992403807,0.0019228778997198459,0.0037028747026928276,2982.0,275692.0,9091.0,6109.0,2337.5,0.002207850644051768,0.005917204623076719,0.009309539367447031,0.009879416828101123,0.013813208169850757,0.010816418321895449
Piauí,2020-12-01,2021-01-01,0.005964602089234489,-0.0007623002591820882,0.007955775410854706,0.008162247841864832,-0.0007126598916056899,0.004617551634788504,-210.0,275482.0,6521.0,6731.0,2206.0,0.005917204623076719,0.009309539367447031,0.009879416828101123,0.013813208169850757,0.010816418321895449,-0.0007623002591820882
Piauí,2021-01-01,2021-02-01,0.010433590304830802,0.005964602089234489,0.005339573383982617,0.008170147419557794,-0.00147561792859622,0.00461374309318528,1653.0,277135.0,8938.0,7285.0,2221.3333333333335,0.009309539367447031,0.009879416828101123,0.013813208169850757,0.010816418321895449,-0.0007623002591820882,0.005964602089234489
Piauí,2021-02-01,2021-03-01,0.005083698061729097,0.010433590304830802,0.005211964044961068,0.008357489242455088,-0.0009243905554079415,0.004678570470984853,2922.0,280057.0,10355.0,7433.0,2295.1666666666665,0.009879416828101123,0.013813208169850757,0.010816418321895449,-0.0007623002591820882,0.005964602089234489,0.010433590304830802
Piauí,2021-03-01,2021-04-01,0.007324599298220867,0.005083698061729097,0.007160630151931464,0.007558202781393086,-0.0010876894926681614,0.0047592440217233255,1431.0,281488.0,8449.0,7018.0,2090.8333333333335,0.013813208169850757,0.010816418321895449,-0.0007623002591820882,0.005964602089234489,0.010433590304830802,0.005083698061729097
Piauí,2021-04-01,2021-05-01,0.011913556156440777,0.007324599298220867,0.007613962554926922,0.006476767969454769,0.000129939658855913,0.0038689984193315164,2077.0,283565.0,8493.0,6416.0,1809.1666666666667,0.010816418321895449,-0.0007623002591820882,0.005964602089234489,0.010433590304830802,0.005083698061729097,0.007324599298220867
Piauí,2021-05-01,2021-06-01,0.017484277160200075,0.011913556156440777,0.00810728450546358,0.006659624275212324,0.0017745537560563353,0.004089424870934766,3419.0,286984.0,9450.0,6031.0,1882.0,-0.0007623002591820882,0.005964602089234489,0.010433590304830802,0.005083698061729097,0.007324599298220867,0.011913556156440777
Piauí,2021-06-01,2021-07-01,0.00963608684006198,0.017484277160200075,0.012240810871620572,0.009700720511776019,0.0018365478327471317,0.004221747722924233,5107.0,292091.0,11712.0,6605.0,2768.1666666666665,0.005964602089234489,0.010433590304830802,0.005083698061729097,0.007324599298220867,0.011913556156440777,0.017484277160200075
Piauí,2021-07-01,2021-08-01,0.009999597196487553,0.00963608684006198,0.013011306718900944,0.010312634636913934,0.0010800907665653922,0.0038888277214155624,2842.0,294933.0,9736.0,6894.0,2966.3333333333335,0.010433590304830802,0.005083698061729097,0.007324599298220867,0.011913556156440777,0.017484277160200075,0.00963608684006198
Piauí,2021-08-01,2021-09-01,0.011208507446338898,0.009999597196487553,0.012373320398916537,0.010240302452190058,0.00105956226580214,0.003889941232994976,2979.0,297912.0,10610.0,7631.0,2975.8333333333335,0.005083698061729097,0.007324599298220867,0.011913556156440777,0.017484277160200075,0.00963608684006198,0.009999597196487553
Piauí,2021-09-01,2021-10-01,0.005078807371865785,0.011208507446338898,0.01028139716096281,0.011261104016291691,0.0001665563868740678,0.0031327435752139653,3377.0,301289.0,10724.0,7347.0,3300.1666666666665,0.007324599298220867,0.011913556156440777,0.017484277160200075,0.00963608684006198,0.009999597196487553,0.011208507446338898
Piauí,2021-10-01,2021-11-01,0.005308054381279911,0.005078807371865785,0.008762304004897413,0.010886805361899177,-0.0015039297916580833,0.003668983041581412,1538.0,302827.0,10100.0,8562.0,3210.3333333333335,0.011913556156440777,0.017484277160200075,0.00963608684006198,0.009999597196487553,0.011208507446338898,0.005078807371865785
Piauí,2021-11-01,2021-12-01,-0.006266794911203879,0.005308054381279911,0.007198456399828197,0.009785888399372366,-0.0020955440585525157,0.004154611006978973,1616.0,304443.0,9545.0,7929.0,2909.8333333333335,0.017484277160200075,0.00963608684006198,0.009999597196487553,0.011208507446338898,0.005078807371865785,0.005308054381279911
Piauí,2021-12-01,2022-01-01,-0.0017548681034511302,-0.006266794911203879,0.0013733556139806057,0.005827376387471707,-0.0028491067793264373,0.005887406100914462,-1896.0,302547.0,7765.0,9661.0,1742.6666666666667,0.00963608684006198,0.009999597196487553,0.011208507446338898,0.005078807371865785,0.005308054381279911,-0.006266794911203879
Piauí,2022-01-01,2022-02-01,0.005904986982038175,-0.0017548681034511302,-0.0009045362111250328,0.00392888389688619,-0.003170542473225932,0.006182337979681995,-530.0,302017.0,9416.0,9946.0,1180.6666666666667,0.009999597196487553,0.011208507446338898,0.005078807371865785,0.005308054381279911,-0.006266794911203879,-0.0017548681034511302
Piauí,2022-02-01,2022-03-01,0.0027834398458604537,0.005904986982038175,-0.0007055586775389444,0.0032464488611446264,-0.0016740993725696614,0.005680154565667725,1794.0,303811.0,10741.0,8947.0,983.1666666666666,0.011208507446338898,0.005078807371865785,0.005308054381279911,-0.006266794911203879,-0.0017548681034511302,0.005904986982038175
Piauí,2022-03-01,2022-04-01,0.0033172704164253957,0.0027834398458604537,0.002311186241482499,0.0018422709277315524,-0.00014783180057140316,0.00444549663069866,848.0,304659.0,10361.0,9513.0,561.6666666666666,0.005078807371865785,0.005308054381279911,-0.006266794911203879,-0.0017548681034511302,0.005904986982038175,0.0027834398458604537
Piauí,2022-04-01,2022-05-01,0.008742772457672464,0.0033172704164253957,0.004001899081441342,0.0015486814351581546,0.0007101897009259919,0.004277030285097746,1014.0,305673.0,10590.0,9576.0,474.3333333333333,0.005308054381279911,-0.006266794911203879,-0.0017548681034511302,0.005904986982038175,0.0027834398458604537,0.0033172704164253957
Piauí,2022-05-01,2022-06-01,0.013418094912065727,0.008742772457672464,0.004947827573319438,0.0021211344478902464,0.002489791579080958,0.004922969536423661,2696.0,308369.0,11859.0,9163.0,654.3333333333334,-0.006266794911203879,-0.0017548681034511302,0.005904986982038175,0.0027834398458604537,0.0033172704164253957,0.008742772457672464
Piauí,2022-06-01,2022-07-01,0.006452781848292874,0.013418094912065727,0.008492712595387862,0.005401949418435181,0.0024260572021443444,0.00479748631941097,4194.0,312563.0,12862.0,8668.0,1669.3333333333333,-0.0017548681034511302,0.005904986982038175,0.0027834398458604537,0.0033172704164253957,0.008742772457672464,0.013418094912065727
Piauí,2022-07-01,2022-08-01,0.0027262381400715795,0.006452781848292874,0.009537883072677023,0.006769891077059181,0.0011448126163181827,0.003576587651549083,2030.0,314593.0,11198.0,9168.0,2096.0,0.005904986982038175,0.0027834398458604537,0.0033172704164253957,0.008742772457672464,0.013418094912065727,0.006452781848292874
Piauí,2022-08-01,2022-09-01,0.008738852542468749,0.0027262381400715795,0.007532371633476726,0.006240099603398081,0.0003941670920300378,0.003887391398764315,860.0,315453.0,11986.0,11126.0,1940.3333333333333,0.0027834398458604537,0.0033172704164253957,0.008742772457672464,0.013418094912065727,0.006452781848292874,0.0027262381400715795
Piauí,2022-09-01,2022-10-01,0.002879496667742431,0.008738852542468749,0.0059726241769444,0.0072326683861661314,5.9799846104036444e-05,0.0036298527096633223,2781.0,318234.0,12035.0,9254.0,2262.5,0.0033172704164253957,0.008742772457672464,0.013418094912065727,0.006452781848292874,0.0027262381400715795,0.008738852542468749
Piauí,2022-10-01,2022-11-01,-0.00015355495387083836,0.002879496667742431,0.00478152911676092,0.0071597060947189714,-0.0013451614219046387,0.0037113071806731328,919.0,319153.0,10184.0,9265.0,2246.6666666666665,0.008742772457672464,0.013418094912065727,0.006452781848292874,0.0027262381400715795,0.008738852542468749,0.002879496667742431
Piauí,2022-11-01,2022-12-01,-0.012790646006969792,-0.00015355495387083836,0.0038215980854467806,0.005676984859461755,-0.002073299727683914,0.004480136166500332,-49.0,319104.0,10030.0,10079.0,1789.1666666666667,0.013418094912065727,0.006452781848292874,0.0027262381400715795,0.008738852542468749,0.002879496667742431,-0.00015355495387083836
Piauí,2022-12-01,2023-01-01,0.0008752180117329951,-0.012790646006969792,-0.003354901431032733,0.0013088613729558337,-0.0031633106980819108,0.006917071979703151,-4030.0,315074.0,7826.0,11856.0,418.5,0.006452781848292874,0.0027262381400715795,0.008738852542468749,0.002879496667742431,-0.00015355495387083836,-0.012790646006969792
Piauí,2023-01-01,2023-02-01,0.0029152122223908535,0.0008752180117329951,-0.004022994316369211,0.00037926740019585413,-0.002196475654617766,0.006527104610996591,276.0,315350.0,10074.0,9798.0,126.16666666666667,0.0027262381400715795,0.008738852542468749,0.002879496667742431,-0.00015355495387083836,-0.012790646006969792,0.0008752180117329951
Piauí,2023-02-01,2023-03-01,0.006065329570524384,0.0029152122223908535,-0.003000071924281981,0.0004107630805823997,-0.0013648036749004779,0.006538799077270031,922.0,316272.0,10279.0,9357.0,136.5,0.008738852542468749,0.002879496667742431,-0.00015355495387083836,-0.012790646006969792,0.0008752180117329951,0.0029152122223908535
Piauí,2023-03-01,2023-04-01,0.005882812377962104,0.006065329570524384,0.0032852532682160775,-3.48240814083277e-05,0.0011086094303256466,0.006027176243591066,1930.0,318202.0,12111.0,10181.0,-5.333333333333333,0.002879496667742431,-0.00015355495387083836,-0.012790646006969792,0.0008752180117329951,0.0029152122223908535,0.006065329570524384
Piauí,2023-04-01,2023-05-01,0.008266383271418081,0.005882812377962104,0.004954451390292447,0.0004657285369616176,0.0025368502172087156,0.006363737883791892,1883.0,320085.0,11763.0,9880.0,155.33333333333334,-0.00015355495387083836,-0.012790646006969792,0.0008752180117329951,0.0029152122223908535,0.006065329570524384,0.005882812377962104
Piauí,2023-05-01,2023-06-01,0.012755297118893439,0.008266383271418081,0.006738175073301524,0.0018690515745097712,0.00352737276682172,0.006971773663369898,2668.0,322753.0,12707.0,10039.0,608.1666666666666,-0.012790646006969792,0.0008752180117329951,0.0029152122223908535,0.006065329570524384,0.005882812377962104,0.008266383271418081
Piauí,2023-06-01,2023-07-01,0.01127771796329676,0.012755297118893439,0.008968164256091208,0.006126708762153643,0.0021506111854377604,0.003796303214680284,4170.0,326923.0,14092.0,9922.0,1974.8333333333333,0.0008752180117329951,0.0029152122223908535,0.006065329570524384,0.005882812377962104,0.008266383271418081,0.012755297118893439
Piauí,2023-07-01,2023-08-01,0.008289944093864722,0.01127771796329676,0.010766466117869427,0.007860458754080937,0.0018361714926597903,0.0033513906334587747,3729.0,330652.0,13686.0,9957.0,2550.3333333333335,0.0029152122223908535,0.006065329570524384,0.005882812377962104,0.008266383271418081,0.012755297118893439,0.01127771796329676
Piauí,2023-08-01,2023-09-01,0.007424607781846328,0.008289944093864722,0.010774319725351639,0.008756247399326582,0.0009084772348623144,0.0025267002752074846,2764.0,333416.0,13556.0,10792.0,2857.3333333333335,0.006065329570524384,0.005882812377962104,0.008266383271418081,0.012755297118893439,0.01127771796329676,0.008289944093864722
Piauí,2023-09-01,2023-10-01,0.006468557839909848,0.007424607781846328,0.00899742327966927,0.00898279376788024,0.0001800594380332675,0.0023284319276875944,2494.0,335910.0,12627.0,10133.0,2951.3333333333335,0.005882812377962104,0.008266383271418081,0.012755297118893439,0.01127771796329676,0.008289944093864722,0.007424607781846328
Piauí,2023-10-01,2023-11-01,-0.00036689321336319763,0.006468557839909848,0.007394369905206965,0.009080418011538197,-0.0007991134010889872,0.002205443499510904,2187.0,338097.0,12400.0,10213.0,3002.0,0.008266383271418081,0.012755297118893439,0.01127771796329676,0.008289944093864722,0.007424607781846328,0.006468557839909848
Piauí,2023-11-01,2023-12-01,-0.01040078446848075,-0.00036689321336319763,0.004508757469464326,0.007641538597407984,-0.002311536238384636,0.004190280006331888,-124.0,337973.0,11601.0,11725.0,2536.6666666666665,0.012755297118893439,0.01127771796329676,0.008289944093864722,0.007424607781846328,0.006468557839909848,-0.00036689321336319763
Piauí,2023-12-01,2024-01-01,0.002150858404307683,-0.01040078446848075,-0.0014330399473113668,0.0037821916661789517,-0.0038662592577859353,0.007249807148850036,-3479.0,334494.0,8087.0,11566.0,1261.8333333333333,0.01127771796329676,0.008289944093864722,0.007424607781846328,0.006468557839909848,-0.00036689321336319763,-0.01040078446848075
Piauí,2024-01-01,2024-02-01,0.0015875001489212147,0.002150858404307683,-0.002872273092512088,0.002261048406347438,-0.002600201607201128,0.006428495093617951,721.0,335215.0,11798.0,11077.0,760.5,0.008289944093864722,0.007424607781846328,0.006468557839909848,-0.00036689321336319763,-0.01040078446848075,0.002150858404307683
Piauí,2024-02-01,2024-03-01,0.008900027452820999,0.0015875001489212147,-0.002220808638417284,0.001143974415523521,-0.0014906436493299887,0.0058391245526803375,533.0,335748.0,12077.0,11544.0,388.6666666666667,0.007424607781846328,0.006468557839909848,-0.00036689321336319763,-0.01040078446848075,0.002150858404307683,0.0015875001489212147
Piauí,2024-03-01,2024-04-01,0.0060791878768318985,0.008900027452820999,0.004212795335349966,0.0013898776940192996,0.0008734906006913547,0.0061226280570688555,3015.0,338763.0,14051.0,11036.0,475.5,0.006468557839909848,-0.00036689321336319763,-0.01040078446848075,0.002150858404307683,0.0015875001489212147,0.008900027452820999
Piauí,2024-04-01,2024-05-01,0.006222136694570063,0.0060791878768318985,0.005522238492858038,0.0013249827001729747,0.002559128084556978,0.006070294003811369,2072.0,340835.0,13417.0,11345.0,456.3333333333333,-0.00036689321336319763,-0.01040078446848075,0.002150858404307683,0.0015875001489212147,0.008900027452820999,0.0060791878768318985
Piauí,2024-05-01,2024-06-01,0.008424814171266006,0.006222136694570063,0.007067117341407653,0.0024231543514951844,0.0029203463296207564,0.0062579896004984256,2134.0,342969.0,12722.0,10588.0,832.6666666666666,-0.01040078446848075,0.002150858404307683,0.0015875001489212147,0.008900027452820999,0.0060791878768318985,0.006222136694570063
Piauí,2024-06-01,2024-07-01,0.004933860378943492,0.008424814171266006,0.006908712914222656,0.005560754124786311,0.0012129385398785442,0.002812884721814518,2914.0,345883.0,13251.0,10337.0,1898.1666666666667,0.002150858404307683,0.0015875001489212147,0.008900027452820999,0.0060791878768318985,0.006222136694570063,0.008424814171266006
Piauí,2024-07-01,2024-08-01,0.005905686332268499,0.004933860378943492,0.006526937081593187,0.0060245877872256125,0.0004414031463767017,0.0024134580893699835,1715.0,347598.0,13000.0,11285.0,2063.8333333333335,0.0015875001489212147,0.008900027452820999,0.0060791878768318985,0.006222136694570063,0.008424814171266006,0.004933860378943492
Piauí,2024-08-01,2024-09-01,0.0028204601713379645,0.005905686332268499,0.006421453627492665,0.00674428548445016,-0.00046300030342090806,0.0014240366269006675,2065.0,349663.0,13368.0,11303.0,2319.1666666666665,0.008900027452820999,0.0060791878768318985,0.006222136694570063,0.008424814171266006,0.004933860378943492,0.005905686332268499
Piauí,2024-09-01,2024-10-01,0.003741806806849467,0.0028204601713379645,0.004553335627516652,0.0057310242708696535,-0.0005923983830484826,0.0016711410184099057,989.0,350652.0,11848.0,10859.0,1981.5,0.0060791878768318985,0.006222136694570063,0.008424814171266006,0.004933860378943492,0.005905686332268499,0.0028204601713379645
Piauí,2024-10-01,2024-11-01,-0.0039305059171513244,0.003741806806849467,0.004155984436818643,0.005341460759205915,-0.0008069395852874883,0.0018111452944384921,1317.0,351969.0,12355.0,11038.0,1855.6666666666667,0.006222136694570063,0.008424814171266006,0.004933860378943492,0.005905686332268499,0.0028204601713379645,0.003741806806849467
Piauí,2024-11-01,2024-12-01,-0.007810299131294664,-0.0039305059171513244,0.0008772536870120355,0.0036493536572523503,-0.001955371066265692,0.0038230855981100658,-1378.0,350591.0,10864.0,12242.0,1270.3333333333333,0.008424814171266006,0.004933860378943492,0.005905686332268499,0.0028204601713379645,0.003741806806849467,-0.0039305059171513244
Piauí,2024-12-01,2025-01-01,-0.002784599951572175,-0.007810299131294664,-0.00266633274719884,0.0009435014401589055,-0.0026373722189696777,0.005037934473100266,-2717.0,347874.0,7805.0,10522.0,331.8333333333333,0.004933860378943492,0.005905686332268499,0.0028204601713379645,0.003741806806849467,-0.0039305059171513244,-0.007810299131294664
Piauí,2025-01-01,2025-02-01,0.00855668158512955,-0.002784599951572175,-0.004841801666672721,-0.0003429086149270391,-0.002371886344317201,0.004836172265322445,-966.0,346908.0,11830.0,12796.0,-115.0,0.005905686332268499,0.0028204601713379645,0.003741806806849467,-0.0039305059171513244,-0.007810299131294664,-0.002784599951572175
Piauí,2025-02-01,2025-03-01,0.004919916276106839,0.00855668158512955,-0.0006794058325790964,9.892392721646958e-05,0.00014920267370141876,0.005466837050530039,2994.0,349902.0,14930.0,11936.0,39.833333333333336,0.0028204601713379645,0.003741806806849467,-0.0039305059171513244,-0.007810299131294664,-0.002784599951572175,0.00855668158512955
Piauí,2025-03-01,2025-04-01,0.009068620543891785,0.004919916276106839,0.0035639993032214046,0.00044883327801128244,0.0013822231152243424,0.005692369635451165,1730.0,351632.0,14157.0,12427.0,163.33333333333334,0.003741806806849467,-0.0039305059171513244,-0.007810299131294664,-0.002784599951572175,0.00855668158512955,0.004919916276106839
Piauí,2025-04-01,2025-05-01,0.009929996177551345,0.009068620543891785,0.007515072801709391,0.0013366355675183351,0.00327221600183205,0.006495464222767575,3218.0,354850.0,13684.0,10466.0,480.1666666666667,-0.0039305059171513244,-0.007810299131294664,-0.002784599951572175,0.00855668158512955,0.004919916276106839,0.009068620543891785
Piauí,2025-05-01,2025-06-01,0.007600635739878279,0.009929996177551345,0.007972844332516656,0.00364671924996878,0.003446410649188548,0.0066737106151740075,3559.0,358409.0,15010.0,11451.0,1303.0,-0.007810299131294664,-0.002784599951572175,0.00855668158512955,0.004919916276106839,0.009068620543891785,0.009929996177551345
Piauí,2025-06-01,2025-07-01,0.008197419117424939,0.007600635739878279,0.008866417487107136,0.00621520839516427,0.001719852185780074,0.004320838011643204,2745.0,361154.0,14472.0,11727.0,2213.3333333333335,-0.002784599951572175,0.00855668158512955,0.004919916276106839,0.009068620543891785,0.009929996177551345,0.007600635739878279
Piauí,2025-07-01,2025-08-01,0.007065143293431135,0.008197419117424939,0.008576017011618187,0.00804554490666379,0.0002030634767557371,0.001573195544883811,2985.0,364139.0,14585.0,11600.0,2871.8333333333335,0.00855668158512955,0.004919916276106839,0.009068620543891785,0.009929996177551345,0.007600635739878279,0.008197419117424939
Piauí,2025-08-01,2025-09-01,0.006512540161567344,0.007065143293431135,0.007621066050244783,0.007796955191380721,0.00016523343912993907,0.0015905350711077652,2591.0,366730.0,14589.0,11998.0,2804.6666666666665,0.004919916276106839,0.009068620543891785,0.009929996177551345,0.007600635739878279,0.008197419117424939,0.007065143293431135
Piauí,2025-09-01,2025-10-01,0.0072426155174314935,0.006512540161567344,0.007258367524141139,0.008062392505624138,-0.0005936622053267475,0.001163932852916949,2404.0,369134.0,14735.0,12331.0,2917.0,0.009068620543891785,0.009929996177551345,0.007600635739878279,0.008197419117424939,0.007065143293431135,0.006512540161567344
Piauí,2025-10-01,2025-11-01,-0.002826481542913703,0.0072426155174314935,0.006940099657476658,0.007758058334547423,-0.0005095275959864529,0.001097896612911925,2693.0,371827.0,14638.0,11945.0,2829.5,0.009929996177551345,0.007600635739878279,0.008197419117424939,0.007065143293431135,0.006512540161567344,0.0072426155174314935
Piauí,2025-11-01,2025-12-01,-0.0066616502013328695,-0.002826481542913703,0.003642891378695045,0.005631978714469913,-0.0015872171527372577,0.003817201089675077,-1048.0,370779.0,12329.0,13377.0,2061.6666666666665,0.007600635739878279,0.008197419117424939,0.007065143293431135,0.006512540161567344,0.0072426155174314935,-0.002826481542913703
Piauí,2025-12-01,2026-01-01,-0.0009158305523246334,-0.0066616502013328695,-0.0007485054089383597,0.00325493105760139,-0.002949718449913126,0.005784774743694684,-2470.0,,8728.0,11198.0,1192.5,0.008197419117424939,0.007065143293431135,0.006512540161567344,0.0072426155174314935,-0.002826481542913703,-0.0066616502013328695
Piauí,2026-01-01,2026-02-01,0.0034529732130525095,-0.0009158305523246334,-0.003467987432190402,0.0017360561126431283,-0.0025570439250807045,0.005475808777500817,-337.0,367972.0,12298.0,12635.0,638.8333333333334,0.007065143293431135,0.006512540161567344,0.0072426155174314935,-0.002826481542913703,-0.0066616502013328695,-0.0009158305523246334
Piauí,2026-02-01,2026-03-01,0.008879225886110776,0.0034529732130525095,-0.0013748358468683311,0.001134027765913357,-0.001245952617436049,0.005037871507792617,1275.0,369247.0,13669.0,12394.0,419.5,0.006512540161567344,0.0072426155174314935,-0.002826481542913703,-0.0066616502013328695,-0.0009158305523246334,0.0034529732130525095
Piauí,2026-03-01,2026-04-01,0.0022977239678318643,0.008879225886110776,0.003805456182279551,0.0015284753866705956,0.0009362067360086649,0.005513726216633534,3308.0,372555.0,16544.0,13236.0,570.1666666666666,0.0072426155174314935,-0.002826481542913703,-0.0066616502013328695,-0.0009158305523246334,0.0034529732130525095,0.008879225886110776
Piauí,2026-04-01,2026-05-01,0.00532481646830682,0.0022977239678318643,0.0048766410223317165,0.0007043267950706573,0.0021889274166124544,0.004937477110350002,858.0,373413.0,13366.0,12508.0,264.3333333333333,-0.002826481542913703,-0.0066616502013328695,-0.0009158305523246334,0.0034529732130525095,0.008879225886110776,0.0022977239678318643
Piauí,2026-05-01,2026-06-01,0.007988161771506335,0.00532481646830682,0.005500588774083153,0.002062876463607411,0.0021428357023350344,0.004900347868280975,1999.0,375412.0,14125.0,12126.0,772.1666666666666,-0.0066616502013328695,-0.0009158305523246334,0.0034529732130525095,0.008879225886110776,0.0022977239678318643,0.00532481646830682
Rio Grande do Norte,2020-07-01,2020-08-01,0.015428446880059784,0.0035789018727302438,-0.00029448405754679916,-0.005968760285067196,0.0026471844808294725,0.009250445745445634,1358.0,379446.0,10187.0,8829.0,-2282.3333333333335,-0.006131891980427083,-0.0053982287222819735,-0.02339898883505372,-0.00894543734872859,0.004483083303357949,0.0035789018727302438
Rio Grande do Norte,2020-08-01,2020-09-01,0.011513769586104478,0.015428446880059784,0.007830144018715993,-0.0023753704749860504,0.00567130202248992,0.012204941891782742,5946.0,385392.0,14632.0,8686.0,-892.0,-0.0053982287222819735,-0.02339898883505372,-0.00894543734872859,0.004483083303357949,0.0035789018727302438,0.015428446880059784
Rio Grande do Norte,2020-09-01,2020-10-01,0.012086628438797825,0.011513769586104478,0.010173706112964835,0.0004432959097450239,0.00705089323890081,0.013101303357641094,4489.0,389881.0,14088.0,9599.0,205.83333333333334,-0.02339898883505372,-0.00894543734872859,0.004483083303357949,0.0035789018727302438,0.015428446880059784,0.011513769586104478
Rio Grande do Norte,2020-10-01,2020-11-01,0.011917548590299216,0.012086628438797825,0.013009614968320695,0.0063575654553869486,0.003945769508377176,0.008032289451464194,4770.0,394651.0,14070.0,9300.0,2481.8333333333335,-0.00894543734872859,0.004483083303357949,0.0035789018727302438,0.015428446880059784,0.011513769586104478,0.012086628438797825
Rio Grande do Norte,2020-11-01,2020-12-01,-0.0023741106496179085,0.011917548590299216,0.011839315538400508,0.009834729778558251,0.001679452252541536,0.004306845911808057,4760.0,399411.0,14113.0,9353.0,3836.3333333333335,0.004483083303357949,0.0035789018727302438,0.015428446880059784,0.011513769586104478,0.012086628438797825,0.011917548590299216
Rio Grande do Norte,2020-12-01,2021-01-01,0.005590147365268714,-0.0023741106496179085,0.007210022126493044,0.008691864119728939,-0.0011349971036665463,0.006108359618434168,-946.0,398465.0,11137.0,12083.0,3396.1666666666665,0.0035789018727302438,0.015428446880059784,0.011513769586104478,0.012086628438797825,0.011917548590299216,-0.0023741106496179085
Rio Grande do Norte,2021-01-01,2021-02-01,0.004585754351622527,0.005590147365268714,0.005044528435316674,0.009027071701818684,-0.002600691946560603,0.0058690774760011746,2240.0,400705.0,14447.0,12207.0,3543.1666666666665,0.015428446880059784,0.011513769586104478,0.012086628438797825,0.011917548590299216,-0.0023741106496179085,0.005590147365268714
Rio Grande do Norte,2021-02-01,2021-03-01,0.005130651192332691,0.004585754351622527,0.0026005970224244443,0.007219956280412477,-0.0019548908180832625,0.005257219183666609,1846.0,402551.0,14639.0,12793.0,2859.8333333333335,0.011513769586104478,0.012086628438797825,0.011917548590299216,-0.0023741106496179085,0.005590147365268714,0.004585754351622527
Rio Grande do Norte,2021-03-01,2021-04-01,-0.00023978444120337182,0.005130651192332691,0.005102184303074644,0.006156103214783844,-0.0013946003123848322,0.00491541426274068,2076.0,404627.0,15436.0,13360.0,2457.6666666666665,0.012086628438797825,0.011917548590299216,-0.0023741106496179085,0.005590147365268714,0.004585754351622527,0.005130651192332691
Rio Grande do Norte,2021-04-01,2021-05-01,0.0053380739167103106,-0.00023978444120337182,0.003158873700917282,0.0041017010681169775,-0.0011221935041516374,0.004571298587201344,-97.0,404530.0,12466.0,12563.0,1646.5,0.011917548590299216,-0.0023741106496179085,0.005590147365268714,0.004585754351622527,0.005130651192332691,-0.00023978444120337182
Rio Grande do Norte,2021-05-01,2021-06-01,0.011861520033626267,0.0053380739167103106,0.0034096468892798764,0.0030051219558521604,0.000617600692941,0.0031253494597697287,2171.0,406701.0,12928.0,10757.0,1215.0,-0.0023741106496179085,0.005590147365268714,0.004585754351622527,0.005130651192332691,-0.00023978444120337182,0.0053380739167103106
Rio Grande do Norte,2021-06-01,2021-07-01,0.01111698421469931,0.011861520033626267,0.005653269836377736,0.00537772706972619,0.000806953897243287,0.003519729364692192,4882.0,411583.0,15101.0,10219.0,2186.3333333333335,0.005590147365268714,0.004585754351622527,0.005130651192332691,-0.00023978444120337182,0.0053380739167103106,0.011861520033626267
Rio Grande do Norte,2021-07-01,2021-08-01,0.01781668869171229,0.01111698421469931,0.009438859388345296,0.006298866544631289,0.0016693318342050946,0.004125811665697934,4627.0,416210.0,15974.0,11347.0,2584.1666666666665,0.004585754351622527,0.005130651192332691,-0.00023978444120337182,0.0053380739167103106,0.011861520033626267,0.01111698421469931
Rio Grande do Norte,2021-08-01,2021-09-01,0.014846122014385814,0.01781668869171229,0.01359839764667929,0.008504022267979583,0.0029721125594720558,0.00581210137623096,7550.0,423760.0,19220.0,11670.0,3534.8333333333335,0.005130651192332691,-0.00023978444120337182,0.0053380739167103106,0.011861520033626267,0.01111698421469931,0.01781668869171229
Rio Grande do Norte,2021-09-01,2021-10-01,0.00895097354797238,0.014846122014385814,0.014593264973599139,0.010123267404988437,0.003203452593829282,0.005997138238950709,6386.0,430146.0,17588.0,11202.0,4253.166666666667,-0.00023978444120337182,0.0053380739167103106,0.011861520033626267,0.01111698421469931,0.01781668869171229,0.014846122014385814
Rio Grande do Norte,2021-10-01,2021-11-01,0.007339218735705791,0.00895097354797238,0.013871261418023495,0.011655060403184396,0.0009633716735886281,0.0039936844502062255,3885.0,434031.0,16028.0,12143.0,4916.833333333333,0.0053380739167103106,0.011861520033626267,0.01111698421469931,0.01781668869171229,0.014846122014385814,0.00895097354797238
Rio Grande do Norte,2021-11-01,2021-12-01,-0.0023428652646153986,0.007339218735705791,0.010378771432687993,0.011988584539683643,-0.0009165744333459901,0.0035059909169305446,3209.0,437240.0,15108.0,11899.0,5089.833333333333,0.011861520033626267,0.01111698421469931,0.01781668869171229,0.014846122014385814,0.00895097354797238,0.007339218735705791
Rio Grande do Norte,2021-12-01,2022-01-01,-0.006014621434007519,-0.0023428652646153986,0.0046491090063542585,0.009621186989976698,-0.002989337306600185,0.0063965969469696625,-1022.0,436218.0,12710.0,13732.0,4105.833333333333,0.01111698421469931,0.01781668869171229,0.014846122014385814,0.00895097354797238,0.007339218735705791,-0.0023428652646153986
Rio Grande do Norte,2022-01-01,2022-02-01,0.0036512032426545098,-0.006014621434007519,-0.00033942265430570866,0.006765919381858894,-0.004923864779367694,0.008552041589216547,-2608.0,433610.0,14176.0,16784.0,2900.0,0.01781668869171229,0.014846122014385814,0.00895097354797238,0.007339218735705791,-0.0023428652646153986,-0.006014621434007519
Rio Grande do Norte,2022-02-01,2022-03-01,-0.0024439233607746846,0.0036512032426545098,-0.001568761151989469,0.004405005140349263,-0.003158670365854783,0.0069876432604966034,1589.0,435199.0,15419.0,13830.0,1906.5,0.014846122014385814,0.00895097354797238,0.007339218735705791,-0.0023428652646153986,-0.006014621434007519,0.0036512032426545098
Rio Grande do Norte,2022-03-01,2022-04-01,0.003722232421516431,-0.0024439233607746846,-0.0016024471840425647,0.0015233309111558468,-0.0020488653483508932,0.005492867676554355,-1061.0,434138.0,14530.0,15591.0,665.3333333333334,0.00895097354797238,0.007339218735705791,-0.0023428652646153986,-0.006014621434007519,0.0036512032426545098,-0.0024439233607746846
Rio Grande do Norte,2022-04-01,2022-05-01,0.008121494646369,0.003722232421516431,0.001643170767798752,0.0006518740567465217,-0.00024920803379321806,0.004585088917535534,1622.0,435760.0,15784.0,14162.0,288.1666666666667,0.007339218735705791,-0.0023428652646153986,-0.006014621434007519,0.0036512032426545098,-0.0024439233607746846,0.003722232421516431
Rio Grande do Norte,2022-05-01,2022-06-01,0.008416524284685718,0.008121494646369,0.0031332679023702487,0.0007822533751903897,0.002155349557658989,0.004780357423664102,3568.0,439328.0,17338.0,13770.0,348.0,-0.0023428652646153986,-0.006014621434007519,0.0036512032426545098,-0.0024439233607746846,0.003722232421516431,0.008121494646369
Rio Grande do Norte,2022-06-01,2022-07-01,0.005646661714242111,0.008416524284685718,0.006753417117523717,0.002575484966740576,0.002620935959625736,0.005265177286489448,3729.0,443057.0,16875.0,13146.0,1139.8333333333333,-0.006014621434007519,0.0036512032426545098,-0.0024439233607746846,0.003722232421516431,0.008121494646369,0.008416524284685718
Rio Grande do Norte,2022-07-01,2022-08-01,0.014742172297894924,0.005646661714242111,0.007394893548432276,0.004519032158115514,0.001341654214833479,0.0036357139527333224,2516.0,445573.0,17076.0,14560.0,1993.8333333333333,0.0036512032426545098,-0.0024439233607746846,0.003722232421516431,0.008121494646369,0.008416524284685718,0.005646661714242111
Rio Grande do Norte,2022-08-01,2022-09-01,0.009271105347096865,0.014742172297894924,0.009601786098940917,0.006367527000655584,0.002628537023138336,0.005205259581587869,6667.0,452240.0,21806.0,15139.0,2840.1666666666665,-0.0024439233607746846,0.003722232421516431,0.008121494646369,0.008416524284685718,0.005646661714242111,0.014742172297894924
Rio Grande do Norte,2022-09-01,2022-10-01,0.004260238861318645,0.009271105347096865,0.009886646453077968,0.008320031785300842,0.0012810438574867523,0.0034274340258146282,4232.0,456472.0,18352.0,14120.0,3722.3333333333335,0.003722232421516431,0.008121494646369,0.008416524284685718,0.005646661714242111,0.014742172297894924,0.009271105347096865
Rio Grande do Norte,2022-10-01,2022-11-01,0.003921952067444539,0.004260238861318645,0.009424505502103478,0.008409699525267877,-0.00021848643298187187,0.003311035633109527,1953.0,458425.0,15155.0,13202.0,3777.5,0.008121494646369,0.008416524284685718,0.005646661714242111,0.014742172297894924,0.009271105347096865,0.004260238861318645
Rio Grande do Norte,2022-11-01,2022-12-01,-0.006600876617411616,0.003921952067444539,0.005817765425286683,0.0077097757621138,-0.0009172341884506955,0.003716970032386105,1805.0,460230.0,15418.0,13613.0,3483.6666666666665,0.008416524284685718,0.005646661714242111,0.014742172297894924,0.009271105347096865,0.004260238861318645,0.003921952067444539
Rio Grande do Norte,2022-12-01,2023-01-01,-8.093180948214578e-05,-0.006600876617411616,0.0005271047704505224,0.005206875611764245,-0.002820263395297086,0.006449850391128956,-3018.0,457212.0,12859.0,15877.0,2359.1666666666665,0.005646661714242111,0.014742172297894924,0.009271105347096865,0.004260238861318645,0.003921952067444539,-0.006600876617411616
Rio Grande do Norte,2023-01-01,2023-02-01,0.0009331252922845617,-8.093180948214578e-05,-0.0009199521198164076,0.004252276691143535,-0.0034877072349795675,0.006731807104094616,-37.0,457175.0,15540.0,15577.0,1933.6666666666667,0.014742172297894924,0.009271105347096865,0.004260238861318645,0.003921952067444539,-0.006600876617411616,-8.093180948214578e-05
Rio Grande do Norte,2023-02-01,2023-03-01,-0.0001704828599155454,0.0009331252922845617,-0.0019162277115363998,0.0019507688568751414,-0.0018638925991805726,0.004849408685967893,427.0,457602.0,15190.0,14763.0,893.6666666666666,0.009271105347096865,0.004260238861318645,0.003921952067444539,-0.006600876617411616,-8.093180948214578e-05,0.0009331252922845617
Rio Grande do Norte,2023-03-01,2023-04-01,0.003434974003541704,-0.0001704828599155454,0.00022723687429562347,0.00037717082237307293,-0.0007028612606777546,0.0035859844183531203,-78.0,457524.0,18036.0,18114.0,175.33333333333334,0.004260238861318645,0.003921952067444539,-0.006600876617411616,-8.093180948214578e-05,0.0009331252922845617,-0.0001704828599155454
Rio Grande do Norte,2023-04-01,2023-05-01,0.003814615750153518,0.003434974003541704,0.0013992054786369067,0.00023962667941024966,0.0005105813729925923,0.003447562860053759,1577.0,459101.0,15877.0,14300.0,112.66666666666667,0.003921952067444539,-0.006600876617411616,-8.093180948214578e-05,0.0009331252922845617,-0.0001704828599155454,0.003434974003541704
Rio Grande do Norte,2023-05-01,2023-06-01,0.0053395721867425805,0.003814615750153518,0.002359702297926559,0.00022173729319507947,0.0017577591749913459,0.0034286354053245276,1758.0,460859.0,17162.0,15404.0,104.83333333333333,-0.006600876617411616,-8.093180948214578e-05,0.0009331252922845617,-0.0001704828599155454,0.003434974003541704,0.003814615750153518
Rio Grande do Norte,2023-06-01,2023-07-01,0.007563230405428562,0.0053395721867425805,0.004196387313479267,0.0022118120938874456,0.0011243556633767926,0.0020982147811164434,2474.0,463333.0,18460.0,15986.0,1020.1666666666666,-8.093180948214578e-05,0.0009331252922845617,-0.0001704828599155454,0.003434974003541704,0.003814615750153518,0.0053395721867425805
Rio Grande do Norte,2023-07-01,2023-08-01,0.012636436503757092,0.007563230405428562,0.005572472780774887,0.0034858391297058968,0.0014302952129230339,0.002583833251097233,3531.0,466864.0,18950.0,15419.0,1614.8333333333333,0.0009331252922845617,-0.0001704828599155454,0.003434974003541704,0.003814615750153518,0.0053395721867425805,0.007563230405428562
Rio Grande do Norte,2023-08-01,2023-09-01,0.008916500556495274,0.012636436503757092,0.008513079698642746,0.005436390998284652,0.002226980641731794,0.0039674999355385,5975.0,472839.0,22036.0,16061.0,2539.5,-0.0001704828599155454,0.003434974003541704,0.003814615750153518,0.0053395721867425805,0.007563230405428562,0.012636436503757092
Rio Grande do Norte,2023-09-01,2023-10-01,0.0047084593720663395,0.008916500556495274,0.009705389155226977,0.0069508882343531225,0.0016027643784075581,0.0031978704173771123,4254.0,477093.0,19348.0,15094.0,3261.5,0.003434974003541704,0.003814615750153518,0.0053395721867425805,0.007563230405428562,0.012636436503757092,0.008916500556495274
Rio Grande do Norte,2023-10-01,2023-11-01,0.0069236697521400815,0.0047084593720663395,0.008753798810772902,0.007163135795773895,0.0005792345519185923,0.0029931808999244195,2257.0,479350.0,16808.0,14551.0,3374.8333333333335,0.003814615750153518,0.0053395721867425805,0.007563230405428562,0.012636436503757092,0.008916500556495274,0.0047084593720663395
Rio Grande do Norte,2023-11-01,2023-12-01,-0.005346524342619109,0.0069236697521400815,0.006849543226900565,0.007681311462771655,-0.00012467889201031387,0.0026136982979727804,3342.0,482692.0,18370.0,15028.0,3638.8333333333335,0.0053395721867425805,0.007563230405428562,0.012636436503757092,0.008916500556495274,0.0047084593720663395,0.0069236697521400815
Rio Grande do Norte,2023-12-01,2024-01-01,0.003025445303188242,-0.005346524342619109,0.002095201593862437,0.005900295374544707,-0.002454146147986238,0.005570714583922186,-2567.0,480125.0,13449.0,16016.0,2798.6666666666665,0.007563230405428562,0.012636436503757092,0.008916500556495274,0.0047084593720663395,0.0069236697521400815,-0.005346524342619109
Rio Grande do Norte,2024-01-01,2024-02-01,0.0005873014225976155,0.003025445303188242,0.001534196904236405,0.005143997857504654,-0.002532252009146105,0.005601557227880057,1457.0,481582.0,17836.0,16379.0,2453.0,0.012636436503757092,0.008916500556495274,0.0047084593720663395,0.0069236697521400815,-0.005346524342619109,0.003025445303188242
Rio Grande do Norte,2024-02-01,2024-03-01,0.002927909286541963,0.0005873014225976155,-0.0005779258722777505,0.0031358086773114074,-0.001684720913453765,0.004631316643149079,283.0,481865.0,17527.0,17244.0,1504.3333333333333,0.008916500556495274,0.0047084593720663395,0.0069236697521400815,-0.005346524342619109,0.003025445303188242,0.0005873014225976155
Rio Grande do Norte,2024-03-01,2024-04-01,0.00553736745608277,0.002927909286541963,0.0021802186707759403,0.0021377101323191887,-0.000558282450584055,0.0038588465983197717,1415.0,483280.0,20842.0,19427.0,1031.1666666666667,0.0047084593720663395,0.0069236697521400815,-0.005346524342619109,0.003025445303188242,0.0005873014225976155,0.002927909286541963
Rio Grande do Norte,2024-04-01,2024-05-01,0.005598446512941292,0.00553736745608277,0.0030175260550741163,0.0022758614796552605,0.000441532729331601,0.003961872156630806,2691.0,485971.0,20233.0,17542.0,1103.5,0.0069236697521400815,-0.005346524342619109,0.003025445303188242,0.0005873014225976155,0.002927909286541963,0.00553736745608277
Rio Grande do Norte,2024-05-01,2024-06-01,0.009190252209877544,0.005598446512941292,0.004687907751855342,0.0020549909397887954,0.0018457493885837121,0.0037265563349709162,2736.0,488707.0,19624.0,16888.0,1002.5,-0.005346524342619109,0.003025445303188242,0.0005873014225976155,0.002927909286541963,0.00553736745608277,0.005598446512941292
Rio Grande do Norte,2024-06-01,2024-07-01,0.011570817652410553,0.009190252209877544,0.006775355392967202,0.004477787031871571,0.001384769370686238,0.0027151799265153842,4533.0,493240.0,20160.0,15627.0,2185.8333333333335,0.003025445303188242,0.0005873014225976155,0.002927909286541963,0.00553736745608277,0.005598446512941292,0.009190252209877544
Rio Grande do Norte,2024-07-01,2024-08-01,0.014299174523410231,0.011570817652410553,0.008786505458409796,0.0059020157567419565,0.002107591113597998,0.0036575135981215825,5774.0,499014.0,23091.0,17317.0,2905.3333333333335,0.0005873014225976155,0.002927909286541963,0.00553736745608277,0.005598446512941292,0.009190252209877544,0.011570817652410553
Rio Grande do Norte,2024-08-01,2024-09-01,0.009743092204352606,0.014299174523410231,0.011686748128566108,0.008187327940210725,0.0022442423562931695,0.003898602539506421,7239.0,506253.0,24264.0,17025.0,4064.6666666666665,0.002927909286541963,0.00553736745608277,0.005598446512941292,0.009190252209877544,0.011570817652410553,0.014299174523410231
Rio Grande do Norte,2024-09-01,2024-10-01,0.005538037780038555,0.009743092204352606,0.011871028126724463,0.009323191759845832,0.0014146106632939716,0.003114814299889084,4981.0,511234.0,21384.0,16403.0,4659.0,0.00553736745608277,0.005598446512941292,0.009190252209877544,0.011570817652410553,0.014299174523410231,0.009743092204352606
Rio Grande do Norte,2024-10-01,2024-11-01,0.0045716653564195015,0.005538037780038555,0.009860101502600463,0.00932330348050513,0.00011670951971174812,0.003114678518824479,2847.0,514081.0,21330.0,18483.0,4685.0,0.005598446512941292,0.009190252209877544,0.011570817652410553,0.014299174523410231,0.009743092204352606,0.005538037780038555
Rio Grande do Norte,2024-11-01,2024-12-01,-0.005093173745925169,0.0045716653564195015,0.0066175984469368865,0.009152173287751498,-0.0013070673200989667,0.00333504437326761,2361.0,516442.0,18613.0,16252.0,4622.5,0.009190252209877544,0.011570817652410553,0.014299174523410231,0.009743092204352606,0.005538037780038555,0.0045716653564195015
Rio Grande do Norte,2024-12-01,2025-01-01,-0.0012237016194560763,-0.005093173745925169,0.0016721764635109623,0.006771602295117713,-0.0033345011119132804,0.006267121593811861,-2617.0,513825.0,14544.0,17161.0,3430.8333333333335,0.011570817652410553,0.014299174523410231,0.009743092204352606,0.005538037780038555,0.0045716653564195015,-0.005093173745925169
Rio Grande do Norte,2025-01-01,2025-02-01,0.0048381592113121786,-0.0012237016194560763,-0.0005817366696539147,0.004639182416473275,-0.003516844313965254,0.0064455411957599715,-628.0,513197.0,19694.0,20322.0,2363.8333333333335,0.014299174523410231,0.009743092204352606,0.005538037780038555,0.0045716653564195015,-0.005093173745925169,-0.0012237016194560763
Rio Grande do Norte,2025-02-01,2025-03-01,-0.003733158937587344,0.0048381592113121786,-0.000492905384689689,0.003062346531123599,-0.0015564206361723051,0.0048489807114532575,2495.0,515692.0,22502.0,20007.0,1573.1666666666667,0.009743092204352606,0.005538037780038555,0.0045716653564195015,-0.005093173745925169,-0.0012237016194560763,0.0048381592113121786
Rio Grande do Norte,2025-03-01,2025-04-01,0.005664784856232135,-0.003733158937587344,-3.9567115243747314e-05,0.0008163046741336077,-0.0011910579970566388,0.0043273161683480815,-1918.0,513774.0,20418.0,22336.0,423.3333333333333,0.005538037780038555,0.0045716653564195015,-0.005093173745925169,-0.0012237016194560763,0.0048381592113121786,-0.003733158937587344
Rio Grande do Norte,2025-04-01,2025-05-01,0.004278107843005005,0.005664784856232135,0.0022565950433189896,0.0008374291868325375,0.0004459286501384253,0.004350561465827583,2927.0,516701.0,22089.0,19162.0,436.6666666666667,0.0045716653564195015,-0.005093173745925169,-0.0012237016194560763,0.0048381592113121786,-0.003733158937587344,0.005664784856232135
Rio Grande do Norte,2025-05-01,2025-06-01,0.0033859308140830138,0.004278107843005005,0.0020699112538832653,0.000788502934596788,0.0016843014063661703,0.004309750526103675,2220.0,518921.0,23696.0,21476.0,413.1666666666667,-0.005093173745925169,-0.0012237016194560763,0.0048381592113121786,-0.003733158937587344,0.005664784856232135,0.004278107843005005
Rio Grande do Norte,2025-06-01,2025-07-01,0.0065595414808002715,0.0033859308140830138,0.004442941171106717,0.002201687027931485,0.0008790271959026687,0.003454795529610897,1763.0,520684.0,20245.0,18482.0,1143.1666666666667,-0.0012237016194560763,0.0048381592113121786,-0.003733158937587344,0.005664784856232135,0.004278107843005005,0.0033859308140830138
Rio Grande do Norte,2025-07-01,2025-08-01,0.010083839980659577,0.0065595414808002715,0.004741193379296097,0.0034988942113075433,0.0008165001025492688,0.0033856265322595434,3438.0,524122.0,23756.0,20318.0,1820.8333333333333,0.0048381592113121786,-0.003733158937587344,0.005664784856232135,0.004278107843005005,0.0033859308140830138,0.0065595414808002715
Rio Grande do Norte,2025-08-01,2025-09-01,0.0060654186659458,0.010083839980659577,0.006676437425180953,0.00437317433953211,0.002025059641029057,0.004198342682635977,5339.0,529461.0,24285.0,18946.0,2294.8333333333335,-0.003733158937587344,0.005664784856232135,0.004278107843005005,0.0033859308140830138,0.0065595414808002715,0.010083839980659577
Rio Grande do Norte,2025-09-01,2025-10-01,0.0017877019597261105,0.0060654186659458,0.00756960004246855,0.006006270606787634,0.0006455421750928369,0.0021176055202696857,3231.0,532692.0,21201.0,17970.0,3153.0,0.005664784856232135,0.004278107843005005,0.0033859308140830138,0.0065595414808002715,0.010083839980659577,0.0060654186659458
Rio Grande do Norte,2025-10-01,2025-11-01,0.002892409107725423,0.0017877019597261105,0.0059789868687771626,0.0053600901240366304,-2.540763888419483e-05,0.002648267749909614,954.0,533646.0,20965.0,20011.0,2824.1666666666665,0.004278107843005005,0.0033859308140830138,0.0065595414808002715,0.010083839980659577,0.0060654186659458,0.0017877019597261105
Rio Grande do Norte,2025-11-01,2025-12-01,-0.009914161967436108,0.002892409107725423,0.0035818432444657774,0.005129140334823366,-0.0005943299545635484,0.0027892253871591418,1548.0,535194.0,18533.0,16985.0,2712.1666666666665,0.0033859308140830138,0.0065595414808002715,0.010083839980659577,0.0060654186659458,0.0017877019597261105,0.002892409107725423
Rio Grande do Norte,2025-12-01,2026-01-01,0.00219187574851427,-0.009914161967436108,-0.0017446836333281915,0.0029124582045701795,-0.003092015044748686,0.006330597079353323,-5306.0,,15879.0,21185.0,1534.0,0.0065595414808002715,0.010083839980659577,0.0060654186659458,0.0017877019597261105,0.002892409107725423,-0.009914161967436108
Rio Grande do Norte,2026-01-01,2026-02-01,-0.004199829435112541,0.00219187574851427,-0.0016099590370654718,0.0021845139158558455,-0.002465538740367798,0.0061168804905508325,1164.0,531052.0,20669.0,19505.0,1155.0,0.010083839980659577,0.0060654186659458,0.0017877019597261105,0.002892409107725423,-0.009914161967436108,0.00219187574851427
Rio Grande do Norte,2026-02-01,2026-03-01,0.0021265836160601404,-0.004199829435112541,-0.003974038551344793,-0.00019609765343950777,-0.0017977225775453927,0.0053049345062855975,-2221.0,528831.0,19084.0,21305.0,-105.0,0.0060654186659458,0.0017877019597261105,0.002892409107725423,-0.009914161967436108,0.00219187574851427,-0.004199829435112541
Rio Grande do Norte,2026-03-01,2026-04-01,-0.0002944496245767287,0.0021265836160601404,3.9543309820623106e-05,-0.0008525701617537841,-0.00021360770373981045,0.004698519366648019,1127.0,529958.0,22128.0,21001.0,-455.6666666666667,0.0017877019597261105,0.002892409107725423,-0.009914161967436108,0.00219187574851427,-0.004199829435112541,0.0021265836160601404
Rio Grande do Norte,2026-04-01,2026-05-01,0.0002056949185806673,-0.0002944496245767287,-0.0007892318145430432,-0.0011995954258042574,0.00039417822586717665,0.004565712939724713,-156.0,529802.0,20089.0,20245.0,-640.6666666666666,0.002892409107725423,-0.009914161967436108,0.00219187574851427,-0.004199829435112541,0.0021265836160601404,-0.0002944496245767287
Rio Grande do Norte,2026-05-01,2026-06-01,0.0005413072097593729,0.0002056949185806673,0.000679276303354693,-0.0016473811239950502,0.0014133348960566727,0.004264224735095209,109.0,529911.0,19380.0,19271.0,-880.5,-0.009914161967436108,0.00219187574851427,-0.004199829435112541,0.0021265836160601404,-0.0002944496245767287,0.0002056949185806673
Rio Grande do Sul,2020-07-01,2020-08-01,0.0030010466052767756,0.0010415171635697936,-0.005529120703359261,-0.007756924844168958,-0.00037482419414429293,0.013569341532466469,2402.0,2306251.0,62229.0,59827.0,-18022.5,0.00912493536127915,-0.005619055676731992,-0.03346006663948312,-0.014933824172380088,-0.0026950551012674875,0.0010415171635697936
Rio Grande do Sul,2020-08-01,2020-09-01,0.006728605332301642,0.0030010466052767756,0.0004491695558596939,-0.008777572970169354,0.004538400911151863,0.012444869008795451,6942.0,2313193.0,73800.0,66858.0,-20571.166666666668,-0.005619055676731992,-0.03346006663948312,-0.014933824172380088,-0.0026950551012674875,0.0010415171635697936,0.0030010466052767756
Rio Grande do Sul,2020-09-01,2020-10-01,0.011365088394424433,0.006728605332301642,0.0035903897003827373,-0.006719629468663748,0.00738527269876376,0.013749564436732833,15670.0,2328863.0,86955.0,71285.0,-15690.333333333334,-0.03346006663948312,-0.014933824172380088,-0.0026950551012674875,0.0010415171635697936,0.0030010466052767756,0.006728605332301642
Rio Grande do Sul,2020-10-01,2020-11-01,0.012343427355533893,0.011365088394424433,0.0070315801106676165,0.0007512297036541782,0.004620716387898198,0.008280768409035988,26772.0,2355635.0,103977.0,77205.0,1846.5,-0.014933824172380088,-0.0026950551012674875,0.0010415171635697936,0.0030010466052767756,0.006728605332301642,0.011365088394424433
Rio Grande do Sul,2020-11-01,2020-12-01,-0.0005218490740325132,0.012343427355533893,0.010145707027419988,0.005297438291639841,0.0031397338486741618,0.005412590396748289,29440.0,2385075.0,105468.0,76028.0,12502.833333333334,-0.0026950551012674875,0.0010415171635697936,0.0030010466052767756,0.006728605332301642,0.011365088394424433,0.012343427355533893
Rio Grande do Sul,2020-12-01,2021-01-01,0.012177515665803919,-0.0005218490740325132,0.00772888889197527,0.005659639296179003,0.0007099084035680746,0.004915516694107588,-1244.0,2383831.0,84777.0,86021.0,13330.333333333334,0.0010415171635697936,0.0030010466052767756,0.006728605332301642,0.011365088394424433,0.012343427355533893,-0.0005218490740325132
Rio Grande do Sul,2021-01-01,2021-02-01,0.012183875205025986,0.012177515665803919,0.0079996979824351,0.0075156390465513576,0.0007174091727069338,0.004923770169934633,29387.0,2413218.0,114777.0,85390.0,17827.833333333332,0.0030010466052767756,0.006728605332301642,0.011365088394424433,0.012343427355533893,-0.0005218490740325132,0.012177515665803919
Rio Grande do Sul,2021-02-01,2021-03-01,0.006722054257829589,0.012183875205025986,0.007946513932265796,0.009046110479842892,0.00048138156423410705,0.004704924781364317,29765.0,2442983.0,121692.0,91927.0,21631.666666666668,0.006728605332301642,0.011365088394424433,0.012343427355533893,-0.0005218490740325132,0.012177515665803919,0.012183875205025986
Rio Grande do Sul,2021-03-01,2021-04-01,-0.0003827420355287107,0.006722054257829589,0.010361148376219832,0.00904501863409755,-0.0003141274969903296,0.0047054631945433415,16533.0,2459516.0,116500.0,99967.0,21775.5,0.011365088394424433,0.012343427355533893,-0.0005218490740325132,0.012177515665803919,0.012183875205025986,0.006722054257829589
Rio Grande do Sul,2021-04-01,2021-05-01,0.002807547524900659,-0.0003827420355287107,0.006174395809108955,0.0070870468957720265,-0.001196936497728704,0.005676652928643954,-941.0,2458575.0,91492.0,92433.0,17156.666666666668,0.012343427355533893,-0.0005218490740325132,0.012177515665803919,0.012183875205025986,0.006722054257829589,-0.0003827420355287107
Rio Grande do Sul,2021-05-01,2021-06-01,0.004654371815233267,0.002807547524900659,0.003048953249067179,0.005497733590666488,-0.0007570174587579554,0.005305271112621563,6922.0,2465497.0,98191.0,91269.0,13403.666666666666,-0.0005218490740325132,0.012177515665803919,0.012183875205025986,0.006722054257829589,-0.0003827420355287107,0.002807547524900659
Rio Grande do Sul,2021-06-01,2021-07-01,0.005960961201984044,0.004654371815233267,0.0023597257682017383,0.006360437072210785,-0.002081414245331072,0.004634755464876334,11529.0,2477026.0,100774.0,89245.0,15532.5,0.012177515665803919,0.012183875205025986,0.006722054257829589,-0.0003827420355287107,0.002807547524900659,0.004654371815233267
Rio Grande do Sul,2021-07-01,2021-08-01,0.004952715008647185,0.005960961201984044,0.004474293514039323,0.005324344661574138,-0.0009750665080734092,0.003846340295696397,14854.0,2491880.0,108661.0,93807.0,13110.333333333334,0.012183875205025986,0.006722054257829589,-0.0003827420355287107,0.002807547524900659,0.004654371815233267,0.005960961201984044
Rio Grande do Sul,2021-08-01,2021-09-01,0.00572043176395993,0.004952715008647185,0.005189349341954833,0.004119151295511006,0.0003437496501988242,0.0023500356396785904,12403.0,2504283.0,111797.0,99394.0,10216.666666666666,0.006722054257829589,-0.0003827420355287107,0.002807547524900659,0.004654371815233267,0.005960961201984044,0.004952715008647185
Rio Grande do Sul,2021-09-01,2021-10-01,0.007999990547470798,0.00572043176395993,0.005544702658197054,0.0039522142131993955,0.0010930845952981012,0.0021892842215833256,14408.0,2518691.0,109096.0,94688.0,9862.5,-0.0003827420355287107,0.002807547524900659,0.004654371815233267,0.005960961201984044,0.004952715008647185,0.00572043176395993
Rio Grande do Sul,2021-10-01,2021-11-01,0.007339579384590363,0.007999990547470798,0.006224379106692639,0.00534933631036598,0.000804347107591252,0.0015619826644789245,20312.0,2539003.0,116194.0,95882.0,13404.666666666666,0.002807547524900659,0.004654371815233267,0.005960961201984044,0.004952715008647185,0.00572043176395993,0.007999990547470798
Rio Grande do Sul,2021-11-01,2021-12-01,-0.0070999281817380015,0.007339579384590363,0.007020000565340363,0.006104674953647598,0.0005803097896730994,0.0012052591376387237,18773.0,2557776.0,114288.0,95515.0,15379.833333333334,0.004654371815233267,0.005960961201984044,0.004952715008647185,0.00572043176395993,0.007999990547470798,0.007339579384590363
Rio Grande do Sul,2021-12-01,2022-01-01,0.0068899069510636735,-0.0070999281817380015,0.00274654725010772,0.004145624954152387,-0.0015961227144934231,0.005130737453488491,-18032.0,2539744.0,90962.0,108994.0,10453.0,0.005960961201984044,0.004952715008647185,0.00572043176395993,0.007999990547470798,0.007339579384590363,-0.0070999281817380015
Rio Grande do Sul,2022-01-01,2022-02-01,0.010144095074571174,0.0068899069510636735,0.0023765193846386782,0.004300449245665658,-0.000841015179654051,0.005196771682467905,17620.0,2557364.0,119623.0,102003.0,10914.0,0.004952715008647185,0.00572043176395993,0.007999990547470798,0.007339579384590363,-0.0070999281817380015,0.0068899069510636735
Rio Grande do Sul,2022-02-01,2022-03-01,0.005183988663995672,0.010144095074571174,0.0033113579479656153,0.005165679256652989,0.000124244519928757,0.005646084537607308,26208.0,2583572.0,137953.0,111745.0,13214.833333333334,0.00572043176395993,0.007999990547470798,0.007339579384590363,-0.0070999281817380015,0.0068899069510636735,0.010144095074571174
Rio Grande do Sul,2022-03-01,2022-04-01,0.00328676822488802,0.005183988663995672,0.007405996896543507,0.0050762720733256135,0.00023781065101052842,0.005640836915717097,13463.0,2597035.0,137779.0,124316.0,13057.333333333334,0.007999990547470798,0.007339579384590363,-0.0070999281817380015,0.0068899069510636735,0.010144095074571174,0.005183988663995672
Rio Grande do Sul,2022-04-01,2022-05-01,0.0015993728190152937,0.00328676822488802,0.006204950654484956,0.004290735019561817,0.0005669109389199091,0.005505543118663837,8564.0,2605599.0,116922.0,108358.0,11099.333333333334,0.007339579384590363,-0.0070999281817380015,0.0068899069510636735,0.010144095074571174,0.005183988663995672,0.00328676822488802
Rio Grande do Sul,2022-05-01,2022-06-01,0.0030152815523447223,0.0015993728190152937,0.003356709902632995,0.0033340339252993056,0.0007921994975618287,0.00539015069082158,4174.0,2609773.0,116524.0,112350.0,8666.166666666666,-0.0070999281817380015,0.0068899069510636735,0.010144095074571174,0.005183988663995672,0.00328676822488802,0.0015993728190152937
Rio Grande do Sul,2022-06-01,2022-07-01,0.0028543033012476578,0.0030152815523447223,0.0026338075320826784,0.005019902214313093,-0.0013401289771248583,0.0028432221543918047,7893.0,2617666.0,112958.0,105065.0,12987.0,0.0068899069510636735,0.010144095074571174,0.005183988663995672,0.00328676822488802,0.0015993728190152937,0.0030152815523447223
Rio Grande do Sul,2022-07-01,2022-08-01,0.003712795196250999,0.0028543033012476578,0.0024896525575358913,0.004347301606010424,-0.0012754993030698047,0.002798274015127066,7493.0,2625159.0,114957.0,107464.0,11299.166666666666,0.010144095074571174,0.005183988663995672,0.00328676822488802,0.0015993728190152937,0.0030152815523447223,0.0028543033012476578
Rio Grande do Sul,2022-08-01,2022-09-01,0.003908846013392901,0.003712795196250999,0.0031941266832811264,0.0032754182929570605,-0.00020678438218042915,0.0010714636118005284,9783.0,2634942.0,124211.0,114428.0,8561.666666666666,0.005183988663995672,0.00328676822488802,0.0015993728190152937,0.0030152815523447223,0.0028543033012476578,0.003712795196250999
Rio Grande do Sul,2022-09-01,2022-10-01,0.005208466522158358,0.003908846013392901,0.0034919815036305196,0.003062894517856599,0.00026541936637527016,0.0007500885852560096,10340.0,2645282.0,113502.0,103162.0,8041.166666666667,0.00328676822488802,0.0015993728190152937,0.0030152815523447223,0.0028543033012476578,0.003712795196250999,0.003908846013392901
Rio Grande do Sul,2022-10-01,2022-11-01,0.004356426449780157,0.005208466522158358,0.004276702577267419,0.003383177567401656,0.000616704394110377,0.0011040584006576496,13850.0,2659132.0,114018.0,100168.0,8922.166666666666,0.0015993728190152937,0.0030152815523447223,0.0028543033012476578,0.003712795196250999,0.003908846013392901,0.005208466522158358
Rio Grande do Sul,2022-11-01,2022-12-01,-0.010567041515944968,0.004356426449780157,0.004491246328443805,0.003842686505862466,0.00039897899905860486,0.0007970814399952438,11635.0,2670767.0,111380.0,99745.0,10165.666666666666,0.0030152815523447223,0.0028543033012476578,0.003712795196250999,0.003908846013392901,0.005208466522158358,0.004356426449780157
Rio Grande do Sul,2022-12-01,2023-01-01,0.003915606229239919,-0.010567041515944968,-0.00033404951466881803,0.0015789659944808515,-0.001825034566188862,0.005477546779282476,-27927.0,2642840.0,86650.0,114577.0,4195.666666666667,0.0028543033012476578,0.003712795196250999,0.003908846013392901,0.005208466522158358,0.004356426449780157,-0.010567041515944968
Rio Grande do Sul,2023-01-01,2023-02-01,0.007533194083268746,0.003915606229239919,-0.0007650029456416308,0.0017558498158128943,-0.0012361613570127771,0.005532732708444303,10389.0,2653229.0,121927.0,111538.0,4678.333333333333,0.003712795196250999,0.003908846013392901,0.005208466522158358,0.004356426449780157,-0.010567041515944968,0.003915606229239919
Rio Grande do Sul,2023-02-01,2023-03-01,0.004534275165748479,0.007533194083268746,0.0002939195988545656,0.0023925829636491855,-1.9437385574320302e-05,0.0059270887217349015,20139.0,2673368.0,133045.0,112906.0,6404.333333333333,0.003908846013392901,0.005208466522158358,0.004356426449780157,-0.010567041515944968,0.003915606229239919,0.007533194083268746
Rio Grande do Sul,2023-03-01,2023-04-01,0.004260233923549379,0.004534275165748479,0.005327691826085715,0.002496821155708448,0.0005897712532457502,0.00595825593246204,12177.0,2685545.0,149307.0,137130.0,6710.5,0.005208466522158358,0.004356426449780157,-0.010567041515944968,0.003915606229239919,0.007533194083268746,0.004534275165748479
Rio Grande do Sul,2023-04-01,2023-05-01,-0.0009318900110000876,0.004260233923549379,0.0054425677241888674,0.0023387823892736183,0.0013840164362272937,0.005896490891857238,11490.0,2697035.0,120887.0,109397.0,6317.166666666667,0.004356426449780157,-0.010567041515944968,0.003915606229239919,0.007533194083268746,0.004534275165748479,0.004260233923549379
Rio Grande do Sul,2023-05-01,2023-06-01,-7.831309873797142e-05,-0.0009318900110000876,0.002620873026099257,0.0014573963124769112,0.001320306334003786,0.005924201646963644,-2511.0,2694524.0,119159.0,121670.0,3959.5,-0.010567041515944968,0.003915606229239919,0.007533194083268746,0.004534275165748479,0.004260233923549379,-0.0009318900110000876
Rio Grande do Sul,2023-06-01,2023-07-01,-0.0007908077605393985,-7.831309873797142e-05,0.0010833436046037734,0.0032055177153447437,-0.0013039682904255733,0.0028871184767989637,-211.0,2694313.0,112240.0,112451.0,8578.833333333334,0.003915606229239919,0.007533194083268746,0.004534275165748479,0.004260233923549379,-0.0009318900110000876,-7.831309873797142e-05
Rio Grande do Sul,2023-07-01,2023-08-01,0.0009503682166587191,-0.0007908077605393985,-0.0006003369567591525,0.002421115383714858,-0.0017328542270585582,0.003209033813545757,-2129.0,2692184.0,109217.0,111346.0,6492.5,0.007533194083268746,0.004534275165748479,0.004260233923549379,-0.0009318900110000876,-7.831309873797142e-05,-0.0007908077605393985
Rio Grande do Sul,2023-08-01,2023-09-01,0.0004699533978335408,0.0009503682166587191,2.7082452460449708e-05,0.001323977739279853,-0.0009205452252986576,0.0022581286733647727,2561.0,2694745.0,123106.0,120545.0,3562.8333333333335,0.004534275165748479,0.004260233923549379,-0.0009318900110000876,-7.831309873797142e-05,-0.0007908077605393985,0.0009503682166587191
Rio Grande do Sul,2023-09-01,2023-10-01,0.003977422603553007,0.0004699533978335408,0.00020983795131762045,0.0006465907779606969,-0.00040048921735440555,0.0017447588214436884,1267.0,2696012.0,104420.0,103153.0,1744.5,0.004260233923549379,-0.0009318900110000876,-7.831309873797142e-05,-0.0007908077605393985,0.0009503682166587191,0.0004699533978335408
Rio Grande do Sul,2023-10-01,2023-11-01,0.004340138241440283,0.003977422603553007,0.0017992480726817556,0.0005994555579613014,0.000798072529705089,0.0016476141115243782,10766.0,2706778.0,115882.0,105116.0,1623.8333333333333,-0.0009318900110000876,-7.831309873797142e-05,-0.0007908077605393985,0.0009503682166587191,0.0004699533978335408,0.003977422603553007
Rio Grande do Sul,2023-11-01,2023-12-01,-0.010719231748734546,0.004340138241440283,0.0029291714142756103,0.00147812693336803,0.0010261866564098086,0.0019707486282338036,11799.0,2718577.0,114640.0,102841.0,4008.8333333333335,-7.831309873797142e-05,-0.0007908077605393985,0.0009503682166587191,0.0004699533978335408,0.003977422603553007,0.004340138241440283
Rio Grande do Sul,2023-12-01,2024-01-01,0.00767739448194189,-0.010719231748734546,-0.0008005569679137523,-0.00029535950829806594,-0.0010275811617403304,0.005013060097182702,-28832.0,2689745.0,87047.0,115879.0,-761.3333333333334,-0.0007908077605393985,0.0009503682166587191,0.0004699533978335408,0.003977422603553007,0.004340138241440283,-0.010719231748734546
Rio Grande do Sul,2024-01-01,2024-02-01,0.009302607778415772,0.00767739448194189,0.000432766991549209,0.0011160075321154823,1.2294043559967265e-05,0.005804484256581812,20810.0,2710555.0,134553.0,113743.0,3061.8333333333335,0.0009503682166587191,0.0004699533978335408,0.003977422603553007,0.004340138241440283,-0.010719231748734546,0.00767739448194189
Rio Grande do Sul,2024-02-01,2024-03-01,0.0038194106893253477,0.009302607778415772,0.002086923503874372,0.0025080474590749914,0.0011486805013686562,0.006551317439643202,25452.0,2736007.0,155306.0,129854.0,6877.0,0.0004699533978335408,0.003977422603553007,0.004340138241440283,-0.010719231748734546,0.00767739448194189,0.009302607778415772
Rio Grande do Sul,2024-03-01,2024-04-01,0.004895636209881924,0.0038194106893253477,0.006933137649894336,0.003066290340990292,0.0009283992934418457,0.006496339951564642,10490.0,2746497.0,146638.0,136148.0,8414.166666666666,0.003977422603553007,0.004340138241440283,-0.010719231748734546,0.00767739448194189,0.009302607778415772,0.0038194106893253477
Rio Grande do Sul,2024-04-01,2024-05-01,-0.008101309468195421,0.004895636209881924,0.006005884892541014,0.003219325942045112,0.0013719608700817646,0.006526745252354299,13512.0,2760009.0,141418.0,127906.0,8871.833333333334,0.004340138241440283,-0.010719231748734546,0.00767739448194189,0.009302607778415772,0.0038194106893253477,0.004895636209881924
Rio Grande do Sul,2024-05-01,2024-06-01,-0.0031396788873174412,-0.008101309468195421,0.00020457914367061694,0.0011457513237724945,-2.1110300073562616e-05,0.007710303898362526,-22180.0,2737829.0,94129.0,116309.0,3208.6666666666665,-0.010719231748734546,0.00767739448194189,0.009302607778415772,0.0038194106893253477,0.004895636209881924,-0.008101309468195421
Rio Grande do Sul,2024-06-01,2024-07-01,0.0024452201246367806,-0.0031396788873174412,-0.0021151173818769794,0.0024090101340086788,-0.0030063112304449598,0.006119706816017057,-8569.0,2729260.0,108299.0,116868.0,6585.833333333333,0.00767739448194189,0.009302607778415772,0.0038194106893253477,0.004895636209881924,-0.008101309468195421,-0.0031396788873174412
Rio Grande do Sul,2024-07-01,2024-08-01,0.003791559964942726,0.0024452201246367806,-0.0029319227436253605,0.0015369810744578268,-0.0019474615050543047,0.005662562707904443,6690.0,2735950.0,129392.0,122702.0,4232.5,0.009302607778415772,0.0038194106893253477,0.004895636209881924,-0.008101309468195421,-0.0031396788873174412,0.0024452201246367806
Rio Grande do Sul,2024-08-01,2024-09-01,0.0037139941543952136,0.003791559964942726,0.0010323670674206884,0.0006184731055456526,-7.225346562201614e-05,0.004692261804648248,10413.0,2746363.0,131781.0,121368.0,1726.0,0.0038194106893253477,0.004895636209881924,-0.008101309468195421,-0.0031396788873174412,0.0024452201246367806,0.003791559964942726
Rio Grande do Sul,2024-09-01,2024-10-01,0.005094351063046519,0.0037139941543952136,0.0033169247479915734,0.000600903683057297,0.0010101513438267177,0.004680425943956076,10238.0,2756601.0,124083.0,113845.0,1684.0,0.004895636209881924,-0.008101309468195421,-0.0031396788873174412,0.0024452201246367806,0.003791559964942726,0.0037139941543952136
Rio Grande do Sul,2024-10-01,2024-11-01,0.004264026815391897,0.005094351063046519,0.004199968394128153,0.0006340228252513963,0.002511018903475817,0.004711299939426331,14115.0,2770716.0,141716.0,127601.0,1784.5,-0.008101309468195421,-0.0031396788873174412,0.0024452201246367806,0.003791559964942726,0.0037139941543952136,0.005094351063046519
Rio Grande do Sul,2024-11-01,2024-12-01,-0.010305726133606275,0.004264026815391897,0.0043574573442778765,0.0026949122058492828,0.0012825244433779539,0.0027253559759098625,11865.0,2782581.0,127120.0,115255.0,7458.666666666667,-0.0031396788873174412,0.0024452201246367806,0.003791559964942726,0.0037139941543952136,0.005094351063046519,0.004264026815391897
Rio Grande do Sul,2024-12-01,2025-01-01,0.009612615064965701,-0.010305726133606275,-0.00031578275172261934,0.0015005709981344767,-0.001741627823749041,0.005338239873134728,-28384.0,2754197.0,95156.0,123540.0,4156.166666666667,0.0024452201246367806,0.003791559964942726,0.0037139941543952136,0.005094351063046519,0.004264026815391897,-0.010305726133606275
Rio Grande do Sul,2025-01-01,2025-02-01,0.010916474547432052,0.009612615064965701,0.0011903052489171076,0.0026951368215226306,-0.00039383456032983524,0.006155374367037867,26732.0,2780929.0,157072.0,130340.0,7496.5,0.003791559964942726,0.0037139941543952136,0.005094351063046519,0.004264026815391897,-0.010305726133606275,0.009612615064965701
Rio Grande do Sul,2025-02-01,2025-03-01,0.0031766493581821056,0.010916474547432052,0.003407787826263826,0.0038826225852708514,0.0009999268863412445,0.006895159138237577,30693.0,2811622.0,174685.0,143992.0,10876.5,0.0037139941543952136,0.005094351063046519,0.004264026815391897,-0.010305726133606275,0.009612615064965701,0.010916474547432052
Rio Grande do Sul,2025-03-01,2025-04-01,0.0030672331280970997,0.0031766493581821056,0.007901912990193286,0.0037930651192353334,0.0008653478820105823,0.00690025551049932,8960.0,2820582.0,153585.0,144625.0,10663.5,0.005094351063046519,0.004264026815391897,-0.010305726133606275,0.009612615064965701,0.010916474547432052,0.0031766493581821056
Rio Grande do Sul,2025-04-01,2025-05-01,-4.064832307994111e-05,0.0030672331280970997,0.005720119011237086,0.0034552121300770963,0.0010219147863244997,0.006877860323520651,8678.0,2829260.0,142358.0,133680.0,9757.333333333334,0.004264026815391897,-0.010305726133606275,0.009612615064965701,0.010916474547432052,0.0031766493581821056,0.0030672331280970997
Rio Grande do Sul,2025-05-01,2025-06-01,0.0008627667584408466,-4.064832307994111e-05,0.0020677447210664212,0.002737766273665123,0.0006842690872221691,0.006979831224686212,-115.0,2829145.0,132690.0,132805.0,7760.666666666667,-0.010305726133606275,0.009612615064965701,0.010916474547432052,0.0031766493581821056,0.0030672331280970997,-4.064832307994111e-05
Rio Grande do Sul,2025-06-01,2025-07-01,0.0001497168797307356,0.0008627667584408466,0.0012964505211526683,0.004599181755672976,-0.0021922864678355788,0.004181347210613288,2443.0,2831588.0,123412.0,120969.0,12898.5,0.009612615064965701,0.010916474547432052,0.0031766493581821056,0.0030672331280970997,-4.064832307994111e-05,0.0008627667584408466
Rio Grande do Sul,2025-07-01,2025-08-01,-0.0005822572644366591,0.0001497168797307356,0.00032394510503054705,0.0030220320581338164,-0.0018252376453973542,0.0037559021130981725,424.0,2832012.0,131438.0,131014.0,8513.833333333334,0.010916474547432052,0.0031766493581821056,0.0030672331280970997,-4.064832307994111e-05,0.0008627667584408466,0.0001497168797307356
Rio Grande do Sul,2025-08-01,2025-09-01,0.001372495196266813,-0.0005822572644366591,0.0001434087912449744,0.0011055767561556978,-0.0007612476221906323,0.0014873173756873971,-1648.0,2830364.0,126175.0,127823.0,3123.6666666666665,0.0031766493581821056,0.0030672331280970997,-4.064832307994111e-05,0.0008627667584408466,0.0001497168797307356,-0.0005822572644366591
Rio Grande do Sul,2025-09-01,2025-10-01,-9.033175041055076e-05,0.001372495196266813,0.00031331827052029647,0.0008048843958364825,-0.0003089018960551914,0.0011910839750419746,3890.0,2834254.0,129230.0,125340.0,2278.6666666666665,0.0030672331280970997,-4.064832307994111e-05,0.0008627667584408466,0.0001497168797307356,-0.0005822572644366591,0.001372495196266813
Rio Grande do Sul,2025-10-01,2025-11-01,0.001632828195825244,-9.033175041055076e-05,0.00023330206047320103,0.000278623582751874,1.5679829504498784e-05,0.0006498171172748113,-256.0,2833998.0,131669.0,131925.0,789.6666666666666,-4.064832307994111e-05,0.0008627667584408466,0.0001497168797307356,-0.0005822572644366591,0.001372495196266813,-9.033175041055076e-05
Rio Grande do Sul,2025-11-01,2025-12-01,-0.01293122429000156,0.001632828195825244,0.000971663880560502,0.0005575363359027382,0.00014528325020575993,0.0007956920841228536,4635.0,2838633.0,116038.0,111403.0,1581.3333333333333,0.0008627667584408466,0.0001497168797307356,-0.0005822572644366591,0.001372495196266813,-9.033175041055076e-05,0.001632828195825244
Rio Grande do Sul,2025-12-01,2026-01-01,0.0065314658089944255,-0.01293122429000156,-0.003796242614862289,-0.0017414621721709963,-0.0017206364689872316,0.0050652391869776894,-36707.0,,90745.0,127452.0,-4943.666666666667,0.0001497168797307356,-0.0005822572644366591,0.001372495196266813,-9.033175041055076e-05,0.001632828195825244,-0.01293122429000156
Rio Grande do Sul,2026-01-01,2026-02-01,0.008574424578142318,0.0065314658089944255,-0.001588976761727297,-0.0006778373506270479,-0.00016055380415468348,0.005944421484845237,18421.0,2820347.0,141032.0,122611.0,-1944.1666666666667,-0.0005822572644366591,0.001372495196266813,-9.033175041055076e-05,0.001632828195825244,-0.01293122429000156,0.0065314658089944255
Rio Grande do Sul,2026-02-01,2026-03-01,0.0014230588182433754,0.008574424578142318,0.0007248886990450608,0.0008482762898027815,0.001180313917193304,0.006875535844833972,24392.0,2844739.0,157667.0,133275.0,2395.8333333333335,0.001372495196266813,-9.033175041055076e-05,0.001632828195825244,-0.01293122429000156,0.0065314658089944255,0.008574424578142318
Rio Grande do Sul,2026-03-01,2026-04-01,-0.000490272343477218,0.0014230588182433754,0.005509649735126705,0.0008567035601322086,0.001367269488263338,0.006876204164864215,4054.0,2848793.0,157763.0,153709.0,2423.1666666666665,-9.033175041055076e-05,0.001632828195825244,-0.01293122429000156,0.0065314658089944255,0.008574424578142318,0.0014230588182433754
Rio Grande do Sul,2026-04-01,2026-05-01,-0.0019906817653972566,-0.000490272343477218,0.0031690703509694913,0.0007900467946210973,0.000985437297067725,0.0068869915028326525,-1396.0,2847397.0,134569.0,135965.0,2233.1666666666665,0.001632828195825244,-0.01293122429000156,0.0065314658089944255,0.008574424578142318,0.0014230588182433754,-0.000490272343477218
Rio Grande do Sul,2026-05-01,2026-06-01,0.00040873726917072764,-0.0019906817653972566,-0.00035263176354369973,0.00018612846775068053,0.0007567466401630753,0.006945235519424346,-5657.0,2841740.0,122136.0,127793.0,517.8333333333334,-0.01293122429000156,0.0065314658089944255,0.008574424578142318,0.0014230588182433754,-0.000490272343477218,-0.0019906817653972566
Rio de Janeiro,2020-07-01,2020-08-01,0.00022849702700354882,-0.0017773423170769228,-0.006734588243428312,-0.009390498280779347,0.00029475879572086203,0.009510220247061864,-5257.0,2957787.0,62900.0,68157.0,-28297.333333333332,0.0013436452572164255,-0.009420960177918164,-0.0280619100336894,-0.012437986196938528,-0.005988436216269485,-0.0017773423170769228
Rio de Janeiro,2020-08-01,2020-09-01,0.0033143539014405883,0.00022849702700354882,-0.002512427168780953,-0.009576356319148159,0.0038157296901461446,0.009307360070217256,676.0,2958463.0,75683.0,75007.0,-28886.0,-0.009420960177918164,-0.0280619100336894,-0.012437986196938528,-0.005988436216269485,-0.0017773423170769228,0.00022849702700354882
Rio de Janeiro,2020-09-01,2020-10-01,0.005447370951621329,0.0033143539014405883,0.0005885028704557381,-0.007453803972588367,0.005688338949904819,0.010479158682095388,9838.0,2968301.0,82842.0,73004.0,-22374.833333333332,-0.0280619100336894,-0.012437986196938528,-0.005988436216269485,-0.0017773423170769228,0.00022849702700354882,0.0033143539014405883
Rio de Janeiro,2020-10-01,2020-11-01,0.010858959793512398,0.005447370951621329,0.0029967406266884888,-0.0018689238083699116,0.0034097427268574274,0.005964863234176651,16258.0,2984559.0,96356.0,80098.0,-5550.666666666667,-0.012437986196938528,-0.005988436216269485,-0.0017773423170769228,0.00022849702700354882,0.0033143539014405883,0.005447370951621329
Rio de Janeiro,2020-11-01,2020-12-01,0.002012958877558783,0.010858959793512398,0.006540228215524771,0.0020139005233719095,0.0031141993351268913,0.005374531807162447,32765.0,3017324.0,103659.0,70894.0,6089.333333333333,-0.005988436216269485,-0.0017773423170769228,0.00022849702700354882,0.0033143539014405883,0.005447370951621329,0.010858959793512398
Rio de Janeiro,2020-12-01,2021-01-01,-0.00022860212940733162,0.002012958877558783,0.006106429874230837,0.003347466372343287,0.001513597466368166,0.004053923474611374,6086.0,3023410.0,94435.0,88349.0,10061.0,-0.0017773423170769228,0.00022849702700354882,0.0033143539014405883,0.005447370951621329,0.010858959793512398,0.002012958877558783
Rio de Janeiro,2021-01-01,2021-02-01,0.005203175615569244,-0.00022860212940733162,0.004214438847221283,0.0036055897369548858,-2.223120033739271e-05,0.0037578941138607684,-691.0,3022719.0,92095.0,92786.0,10822.0,0.00022849702700354882,0.0033143539014405883,0.005447370951621329,0.010858959793512398,0.002012958877558783,-0.00022860212940733162
Rio de Janeiro,2021-02-01,2021-03-01,0.004189019080650907,0.005203175615569244,0.002329177454573565,0.004434702835049168,-0.00046942318823989465,0.0034581681884414133,15810.0,3038529.0,98581.0,82771.0,13344.333333333334,0.0033143539014405883,0.005447370951621329,0.010858959793512398,0.002012958877558783,-0.00022860212940733162,0.005203175615569244
Rio de Janeiro,2021-03-01,2021-04-01,0.0014458088397236797,0.004189019080650907,0.0030545308556042734,0.004580480364917555,-0.0007285906541613621,0.0034261551716693347,12782.0,3051311.0,105567.0,92785.0,13835.0,0.005447370951621329,0.010858959793512398,0.002012958877558783,-0.00022860212940733162,0.005203175615569244,0.004189019080650907
Rio de Janeiro,2021-04-01,2021-05-01,0.0057810370402183574,0.0014458088397236797,0.00361266784531461,0.003913553346267947,-0.0010030227547054471,0.0035785740166174133,4418.0,3055729.0,83110.0,78692.0,11861.666666666666,0.010858959793512398,0.002012958877558783,-0.00022860212940733162,0.005203175615569244,0.004189019080650907,0.0014458088397236797
Rio de Janeiro,2021-05-01,2021-06-01,0.005196224305732451,0.0057810370402183574,0.0038052883201976483,0.003067232887385607,0.0006528419195935017,0.0021520698048415592,17768.0,3073497.0,98169.0,80401.0,9362.166666666666,0.002012958877558783,-0.00022860212940733162,0.005203175615569244,0.004189019080650907,0.0014458088397236797,0.0057810370402183574
Rio de Janeiro,2021-06-01,2021-07-01,0.006130076912263274,0.005196224305732451,0.004141023395224829,0.0035977771254145515,0.0007461287488205433,0.002218132634673763,16054.0,3089551.0,97997.0,81943.0,11023.5,-0.00022860212940733162,0.005203175615569244,0.004189019080650907,0.0014458088397236797,0.0057810370402183574,0.005196224305732451
Rio de Janeiro,2021-07-01,2021-08-01,0.007406279196449839,0.006130076912263274,0.005702446086071361,0.004657556965692986,0.00034261001026312734,0.00155741444171678,19056.0,3108607.0,105861.0,86805.0,14314.666666666666,0.005203175615569244,0.004189019080650907,0.0014458088397236797,0.0057810370402183574,0.005196224305732451,0.006130076912263274
Rio de Janeiro,2021-08-01,2021-09-01,0.006540057016532383,0.007406279196449839,0.006244193471481856,0.005024740895839752,0.000844408344632215,0.0018709208258245423,23195.0,3131802.0,116007.0,92812.0,15545.5,0.004189019080650907,0.0014458088397236797,0.0057810370402183574,0.005196224305732451,0.006130076912263274,0.007406279196449839
Rio de Janeiro,2021-09-01,2021-10-01,0.006159604307372389,0.006540057016532383,0.006692137708415165,0.005416580551819997,0.0008937377131219653,0.0019008151986397862,20617.0,3152419.0,111392.0,90775.0,16851.333333333332,0.0014458088397236797,0.0057810370402183574,0.005196224305732451,0.006130076912263274,0.007406279196449839,0.006540057016532383
Rio de Janeiro,2021-10-01,2021-11-01,0.011078441061876713,0.006159604307372389,0.006701980173451537,0.006202213129761449,0.00020572962149590073,0.000678274224640905,19538.0,3171957.0,111991.0,92453.0,19371.333333333332,0.0057810370402183574,0.005196224305732451,0.006130076912263274,0.007406279196449839,0.006540057016532383,0.006159604307372389
Rio de Janeiro,2021-11-01,2021-12-01,-0.0014784142157566796,0.011078441061876713,0.007926034128593828,0.007085113800037842,0.0008180983938894625,0.001901028823600728,35534.0,3207491.0,123398.0,87864.0,22332.333333333332,0.005196224305732451,0.006130076912263274,0.007406279196449839,0.006540057016532383,0.006159604307372389,0.011078441061876713
Rio de Janeiro,2021-12-01,2022-01-01,0.0005170993876257524,-0.0014784142157566796,0.005253210384497474,0.0059726740464563196,-0.000783040650085118,0.003742201643695724,-4735.0,3202756.0,107666.0,112401.0,18867.5,0.006130076912263274,0.007406279196449839,0.006540057016532383,0.006159604307372389,0.011078441061876713,-0.0014784142157566796
Rio de Janeiro,2022-01-01,2022-02-01,0.006334575875213693,0.0005170993876257524,0.003372375411248596,0.005037177792350065,-0.0015309278853280943,0.004252686182475395,1657.0,3204413.0,108812.0,107155.0,15967.666666666666,0.007406279196449839,0.006540057016532383,0.006159604307372389,0.011078441061876713,-0.0014784142157566796,0.0005170993876257524
Rio de Janeiro,2022-02-01,2022-03-01,0.003525684503457859,0.006334575875213693,0.0017910870156942552,0.004858560572144041,-0.0008717650212419071,0.004171155200782489,20428.0,3224841.0,127259.0,106831.0,15506.5,0.006540057016532383,0.006159604307372389,0.011078441061876713,-0.0014784142157566796,0.0005170993876257524,0.006334575875213693
Rio de Janeiro,2022-03-01,2022-04-01,0.006896257553570048,0.003525684503457859,0.0034591199220991016,0.004356165153298288,-0.0007258765993194073,0.00411958605596103,11410.0,3236251.0,124153.0,112743.0,13972.0,0.006159604307372389,0.011078441061876713,-0.0014784142157566796,0.0005170993876257524,0.006334575875213693,0.003525684503457859
Rio de Janeiro,2022-04-01,2022-05-01,0.006228750203177715,0.006896257553570048,0.005585505977413866,0.004478940694331231,-2.3184256086223734e-06,0.0041820084738760505,22473.0,3258724.0,130823.0,108350.0,14461.166666666666,0.011078441061876713,-0.0014784142157566796,0.0005170993876257524,0.006334575875213693,0.003525684503457859,0.006896257553570048
Rio de Janeiro,2022-05-01,2022-06-01,0.006974784241081879,0.006228750203177715,0.0055502307534018745,0.003670658884548065,0.0015675544348785432,0.003176047873413463,20425.0,3279149.0,129361.0,108936.0,11943.0,-0.0014784142157566796,0.0005170993876257524,0.006334575875213693,0.003525684503457859,0.006896257553570048,0.006228750203177715
Rio de Janeiro,2022-06-01,2022-07-01,0.004025903558677967,0.006974784241081879,0.0066999306659432135,0.005079525294021158,0.0010097577228938535,0.002345866712121672,23032.0,3302181.0,126214.0,103182.0,16570.833333333332,0.0005170993876257524,0.006334575875213693,0.003525684503457859,0.006896257553570048,0.006228750203177715,0.006974784241081879
Rio de Janeiro,2022-07-01,2022-08-01,0.009167103978119684,0.004025903558677967,0.0057431460009791865,0.005664325989196527,-5.3244849148539915e-05,0.0013699745300319365,13348.0,3315529.0,121134.0,107786.0,18519.333333333332,0.006334575875213693,0.003525684503457859,0.006896257553570048,0.006228750203177715,0.006974784241081879,0.004025903558677967
Rio de Janeiro,2022-08-01,2022-09-01,0.004492304177188377,0.009167103978119684,0.006722597259293177,0.0061364140063475256,0.0005812019836153438,0.0019036805330714197,30675.0,3346204.0,142801.0,112126.0,20227.166666666668,0.003525684503457859,0.006896257553570048,0.006228750203177715,0.006974784241081879,0.004025903558677967,0.009167103978119684
Rio de Janeiro,2022-09-01,2022-10-01,0.0025496335791965093,0.004492304177188377,0.00589510390466201,0.006297517285302611,-0.00017581674969961017,0.0017066272989979014,15100.0,3361304.0,130363.0,115263.0,20842.166666666668,0.006896257553570048,0.006228750203177715,0.006974784241081879,0.004025903558677967,0.009167103978119684,0.004492304177188377
Rio de Janeiro,2022-10-01,2022-11-01,0.007415453928517569,0.0025496335791965093,0.005403013911501523,0.005573079956240355,-0.0005914806540612804,0.0021608156688824225,8592.0,3369896.0,113865.0,105273.0,18528.666666666668,0.006228750203177715,0.006974784241081879,0.004025903558677967,0.009167103978119684,0.004492304177188377,0.0025496335791965093
Rio de Janeiro,2022-11-01,2022-12-01,-0.002428216441954289,0.007415453928517569,0.004819130561634151,0.005770863910463664,-0.000197150322919921,0.002263642844143157,25176.0,3395072.0,125350.0,100174.0,19320.5,0.006974784241081879,0.004025903558677967,0.009167103978119684,0.004492304177188377,0.0025496335791965093,0.007415453928517569
Rio de Janeiro,2022-12-01,2023-01-01,-0.00016478210667131285,-0.002428216441954289,0.002512290355253263,0.004203697129957637,-0.001127663449998842,0.0036919709666257215,-8224.0,3386848.0,107398.0,115622.0,14111.166666666666,0.004025903558677967,0.009167103978119684,0.004492304177188377,0.0025496335791965093,0.007415453928517569,-0.002428216441954289
Rio de Janeiro,2023-01-01,2023-02-01,0.004301777166178564,-0.00016478210667131285,0.0016074851266306555,0.0035052495190660894,-0.0017872906266303403,0.004039573484217379,-558.0,3386290.0,117047.0,117605.0,11793.5,0.009167103978119684,0.004492304177188377,0.0025496335791965093,0.007415453928517569,-0.002428216441954289,-0.00016478210667131285
Rio de Janeiro,2023-02-01,2023-03-01,0.0056798330695686725,0.004301777166178564,0.0005695928725176539,0.0026943617170759027,-0.0005411300709464108,0.003228558755310781,14630.0,3400920.0,126121.0,111491.0,9119.333333333334,0.004492304177188377,0.0025496335791965093,0.007415453928517569,-0.002428216441954289,-0.00016478210667131285,0.004301777166178564
Rio de Janeiro,2023-03-01,2023-04-01,0.005268054516250148,0.0056798330695686725,0.003272276043025308,0.002892283199139285,0.0002449543285750509,0.0033661787050816273,19427.0,3420347.0,143954.0,124527.0,9840.5,0.0025496335791965093,0.007415453928517569,-0.002428216441954289,-0.00016478210667131285,0.004301777166178564,0.0056798330695686725
Rio de Janeiro,2023-04-01,2023-05-01,0.003598503453757724,0.005268054516250148,0.005083221583999128,0.0033453533553148922,0.0005158203070309044,0.003470883644403539,18114.0,3438461.0,122110.0,103996.0,11427.5,0.007415453928517569,-0.002428216441954289,-0.00016478210667131285,0.004301777166178564,0.0056798330695686725,0.005268054516250148
Rio de Janeiro,2023-05-01,2023-06-01,0.003893927003734302,0.003598503453757724,0.004848797013192181,0.0027091949428549177,0.0013660047214489868,0.0029819563147879735,12418.0,3450879.0,127026.0,114608.0,9301.166666666666,-0.002428216441954289,-0.00016478210667131285,0.004301777166178564,0.0056798330695686725,0.005268054516250148,0.003598503453757724
Rio de Janeiro,2023-06-01,2023-07-01,0.003655367048030833,0.003893927003734302,0.004253494991247391,0.00376288551713635,0.0005077698817556292,0.0019018145782889512,13490.0,3464369.0,123639.0,110149.0,12920.166666666666,-0.00016478210667131285,0.004301777166178564,0.0056798330695686725,0.005268054516250148,0.003598503453757724,0.003893927003734302
Rio de Janeiro,2023-07-01,2023-08-01,0.0054323839533007194,0.003655367048030833,0.003715932501840953,0.004399577042920041,-0.0002931234243066912,0.0008014697753936792,12710.0,3477079.0,122470.0,109760.0,15131.5,0.004301777166178564,0.0056798330695686725,0.005268054516250148,0.003598503453757724,0.003893927003734302,0.003655367048030833
Rio de Janeiro,2023-08-01,2023-09-01,0.005121697951861503,0.0054323839533007194,0.004327226001688618,0.004588011507440399,-0.00016513955531488969,0.0008848919725916224,18992.0,3496071.0,136585.0,117593.0,15858.5,0.0056798330695686725,0.005268054516250148,0.003598503453757724,0.003893927003734302,0.003655367048030833,0.0054323839533007194
Rio de Janeiro,2023-09-01,2023-10-01,0.0053222986850358575,0.005121697951861503,0.004736482984397685,0.004494988987822538,0.00012946567774235136,0.0007894122899808483,17998.0,3514069.0,126868.0,108870.0,15620.333333333334,0.005268054516250148,0.003598503453757724,0.003893927003734302,0.003655367048030833,0.0054323839533007194,0.005121697951861503
Rio de Janeiro,2023-10-01,2023-11-01,0.0066117682388807065,0.0053222986850358575,0.00529212686339936,0.004504029682620157,0.00040226588302977567,0.0007984726253210389,18803.0,3532872.0,127037.0,108234.0,15735.166666666666,0.003598503453757724,0.003893927003734302,0.003655367048030833,0.0054323839533007194,0.005121697951861503,0.0053222986850358575
Rio de Janeiro,2023-11-01,2023-12-01,-0.0010163885976455025,0.0066117682388807065,0.005685254958592689,0.005006240480140654,0.0005222661452945104,0.0009945385160829519,23514.0,3556386.0,130370.0,106856.0,17584.5,0.003893927003734302,0.003655367048030833,0.0054323839533007194,0.005121697951861503,0.0053222986850358575,0.0066117682388807065
Rio de Janeiro,2023-12-01,2024-01-01,0.0003781527855426338,-0.0010163885976455025,0.003639226108757021,0.004187854546577353,-0.0005605721325276388,0.002481630098715673,-3611.0,3552775.0,118038.0,121649.0,14734.333333333334,0.003655367048030833,0.0054323839533007194,0.005121697951861503,0.0053222986850358575,0.0066117682388807065,-0.0010163885976455025
Rio de Janeiro,2024-01-01,2024-02-01,0.004947657911675123,0.0003781527855426338,0.001991177475592613,0.0036416521694959867,-0.0012113127409561883,0.0028691226891582517,1344.0,3554119.0,128420.0,127076.0,12840.0,0.0054323839533007194,0.005121697951861503,0.0053222986850358575,0.0066117682388807065,-0.0010163885976455025,0.0003781527855426338
Rio de Janeiro,2024-02-01,2024-03-01,0.006803184533252212,0.004947657911675123,0.0014364740331907514,0.0035608644958917204,-0.0006665941353125079,0.002824032601927432,17672.0,3571791.0,144026.0,126354.0,12620.0,0.005121697951861503,0.0053222986850358575,0.0066117682388807065,-0.0010163885976455025,0.0003781527855426338,0.004947657911675123
Rio de Janeiro,2024-03-01,2024-04-01,0.0044505851341542614,0.006803184533252212,0.004042998410156657,0.0038411122594568387,0.000108761132647233,0.003040179986831629,24466.0,3596257.0,150797.0,126331.0,13698.0,0.0053222986850358575,0.0066117682388807065,-0.0010163885976455025,0.0003781527855426338,0.004947657911675123,0.006803184533252212
Rio de Janeiro,2024-04-01,2024-05-01,0.004307378166413586,0.0044505851341542614,0.005400475859693866,0.003695826667643239,0.0004920659712912401,0.0029862759041022428,16077.0,3612334.0,140339.0,124262.0,13243.666666666666,0.0066117682388807065,-0.0010163885976455025,0.0003781527855426338,0.004947657911675123,0.006803184533252212,0.0044505851341542614
Rio de Janeiro,2024-05-01,2024-06-01,0.00472650259657247,0.004307378166413586,0.00518704927794002,0.0033117616555653853,0.0011626187853630687,0.0027231509641189944,15627.0,3627961.0,141004.0,125377.0,11929.166666666666,-0.0010163885976455025,0.0003781527855426338,0.004947657911675123,0.006803184533252212,0.0044505851341542614,0.004307378166413586
Rio de Janeiro,2024-06-01,2024-07-01,0.0028989646007919496,0.00472650259657247,0.004494821965713439,0.004268910187935048,0.0004990945834361888,0.0019263572911058934,17229.0,3645190.0,134878.0,117649.0,15402.5,0.0003781527855426338,0.004947657911675123,0.006803184533252212,0.0044505851341542614,0.004307378166413586,0.00472650259657247
Rio de Janeiro,2024-07-01,2024-08-01,0.00506206747899242,0.0028989646007919496,0.003977615121259335,0.0046890454904766,-0.00047476340949130735,0.0011507092154256007,10598.0,3655788.0,140825.0,130227.0,16944.833333333332,0.004947657911675123,0.006803184533252212,0.0044505851341542614,0.004307378166413586,0.00472650259657247,0.0028989646007919496
Rio de Janeiro,2024-08-01,2024-09-01,0.005343615597510428,0.00506206747899242,0.004229178225452279,0.00470811375169615,-0.0003697520697493434,0.0011557734508973432,18600.0,3674388.0,147151.0,128551.0,17099.5,0.006803184533252212,0.0044505851341542614,0.004307378166413586,0.00472650259657247,0.0028989646007919496,0.00506206747899242
Rio de Janeiro,2024-09-01,2024-10-01,0.002896466505203032,0.005343615597510428,0.004434882559098266,0.004464852262405852,0.00014004806453533764,0.0007825553997500694,19740.0,3694128.0,144748.0,125008.0,16311.833333333334,0.0044505851341542614,0.004307378166413586,0.00472650259657247,0.0028989646007919496,0.00506206747899242,0.005343615597510428
Rio de Janeiro,2024-10-01,2024-11-01,0.003713694335258126,0.002896466505203032,0.004434049860568627,0.00420583249091398,-8.686046928681205e-05,0.000977363852613571,10731.0,3704859.0,142827.0,132096.0,15420.833333333334,0.004307378166413586,0.00472650259657247,0.0028989646007919496,0.00506206747899242,0.005343615597510428,0.002896466505203032
Rio de Janeiro,2024-11-01,2024-12-01,-0.0046264477742261065,0.003713694335258126,0.003984592145990528,0.004106885185721404,-0.0001368567849948705,0.0009920169376228993,13810.0,3718669.0,134803.0,120993.0,15118.0,0.00472650259657247,0.0028989646007919496,0.00506206747899242,0.005343615597510428,0.002896466505203032,0.003713694335258126
Rio de Janeiro,2024-12-01,2025-01-01,-0.0035135434085275,-0.0046264477742261065,0.000661237688745017,0.0025480601239216416,-0.001260552297102873,0.0033469426606205317,-17125.0,3701544.0,114663.0,131788.0,9392.333333333334,0.0028989646007919496,0.00506206747899242,0.005343615597510428,0.002896466505203032,0.003713694335258126,-0.0046264477742261065
Rio de Janeiro,2025-01-01,2025-02-01,0.008593872209491158,-0.0035135434085275,-0.0014754322824984936,0.0014793087890350668,-0.00205631476350726,0.004020337423207806,-12960.0,3688584.0,128030.0,140990.0,5466.0,0.00506206747899242,0.005343615597510428,0.002896466505203032,0.003713694335258126,-0.0046264477742261065,-0.0035135434085275
Rio de Janeiro,2025-02-01,2025-03-01,-0.0018196994991652754,0.008593872209491158,0.0001512936755791837,0.002067942910784856,-0.0003233968225934913,0.004702492070455288,31974.0,3720558.0,172328.0,140354.0,7695.0,0.005343615597510428,0.002896466505203032,0.003713694335258126,-0.0046264477742261065,-0.0035135434085275,0.008593872209491158
Rio de Janeiro,2025-03-01,2025-04-01,0.0053647312907306195,-0.0018196994991652754,0.001086876433932794,0.0008740570613389056,-0.00022363977238410918,0.004628033085883759,-6758.0,3713800.0,134984.0,141742.0,3278.6666666666665,0.002896466505203032,0.003713694335258126,-0.0046264477742261065,-0.0035135434085275,0.008593872209491158,-0.0018196994991652754
Rio de Janeiro,2025-04-01,2025-05-01,0.003640319756806787,0.0053647312907306195,0.004046301333685501,0.0012854345255935036,0.0008223670063018172,0.004891706723825562,20031.0,3733831.0,142867.0,122836.0,4828.666666666667,0.003713694335258126,-0.0046264477742261065,-0.0035135434085275,0.008593872209491158,-0.0018196994991652754,0.0053647312907306195
Rio de Janeiro,2025-05-01,2025-06-01,0.004082824763024484,0.003640319756806787,0.0023951171827907105,0.001273205429184947,0.0016444311441223534,0.004885708912663569,13642.0,3747473.0,145274.0,131632.0,4800.666666666667,-0.0046264477742261065,-0.0035135434085275,0.008593872209491158,-0.0018196994991652754,0.0053647312907306195,0.003640319756806787
Rio de Janeiro,2025-06-01,2025-07-01,0.0016235269457979733,0.004082824763024484,0.004362625270187297,0.0027247508520600455,0.0008658746939886483,0.004156662476639765,15363.0,3762836.0,141105.0,125742.0,10215.333333333334,-0.0035135434085275,0.008593872209491158,-0.0018196994991652754,0.0053647312907306195,0.003640319756806787,0.004082824763024484
Rio de Janeiro,2025-07-01,2025-08-01,0.004260936946428916,0.0016235269457979733,0.003115557155209748,0.003580929244447624,-0.000539101859023442,0.003203258441044199,6119.0,3768955.0,146150.0,140031.0,13395.166666666666,0.008593872209491158,-0.0018196994991652754,0.0053647312907306195,0.003640319756806787,0.004082824763024484,0.0016235269457979733
Rio de Janeiro,2025-08-01,2025-09-01,0.004211684431736985,0.004260936946428916,0.003322429551750458,0.002858773367270584,0.000560630691411163,0.0023723738631397542,16128.0,3785083.0,152062.0,135934.0,10754.166666666666,-0.0018196994991652754,0.0053647312907306195,0.003640319756806787,0.004082824763024484,0.0016235269457979733,0.004260936946428916
Rio de Janeiro,2025-09-01,2025-10-01,0.001952722429053317,0.004211684431736985,0.003365382774654625,0.0038640040224209604,-0.00018179087266652268,0.0011290316237899441,16009.0,3801092.0,145618.0,129609.0,14548.666666666666,0.0053647312907306195,0.003640319756806787,0.004082824763024484,0.0016235269457979733,0.004260936946428916,0.004211684431736985
Rio de Janeiro,2025-10-01,2025-11-01,0.005213804920477787,0.001952722429053317,0.003475114602406406,0.003295335878808077,-0.00015468564662854,0.0010884843204385626,7437.0,3808529.0,144725.0,137288.0,12449.666666666666,0.003640319756806787,0.004082824763024484,0.0016235269457979733,0.004260936946428916,0.004211684431736985,0.001952722429053317
Rio de Janeiro,2025-11-01,2025-12-01,-0.00616195941480845,0.005213804920477787,0.003792737260422696,0.003557583406086577,0.0001883781349240174,0.0013075202796022922,19961.0,3828490.0,136471.0,116510.0,13502.833333333334,0.004082824763024484,0.0016235269457979733,0.004260936946428916,0.004211684431736985,0.001952722429053317,0.005213804920477787
Rio de Janeiro,2025-12-01,2026-01-01,-0.0034307429804134614,-0.00616195941480845,0.0003348559782408846,0.001850119376447755,-0.001095079710959119,0.003806982387196342,-23591.0,,114672.0,138263.0,7010.5,0.0016235269457979733,0.004260936946428916,0.004211684431736985,0.001952722429053317,0.005213804920477787,-0.00616195941480845
Rio de Janeiro,2026-01-01,2026-02-01,0.0030068419062683556,-0.0034307429804134614,-0.0014596324915813746,0.0010077410554125159,-0.0018948071052121058,0.004292187574856674,-13009.0,3791890.0,128194.0,141203.0,3822.5,0.004260936946428916,0.004211684431736985,0.001952722429053317,0.005213804920477787,-0.00616195941480845,-0.0034307429804134614
Rio de Janeiro,2026-02-01,2026-03-01,0.006248366969408764,0.0030068419062683556,-0.0021952868296511853,0.0007987252153857554,-0.0009585820911722774,0.004157087122108422,11436.0,3803326.0,152751.0,141315.0,3040.5,0.004211684431736985,0.001952722429053317,0.005213804920477787,-0.00616195941480845,-0.0034307429804134614,0.0030068419062683556
Rio de Janeiro,2026-03-01,2026-04-01,0.003058363664732907,0.006248366969408764,0.0019414886317545529,0.0011381723049977187,0.0005025300026726835,0.004491606964098634,23914.0,3827240.0,167581.0,143667.0,4358.0,0.001952722429053317,0.005213804920477787,-0.00616195941480845,-0.0034307429804134614,0.0030068419062683556,0.006248366969408764
Rio de Janeiro,2026-04-01,2026-05-01,0.0023894437260665834,0.003058363664732907,0.0041045241801366756,0.0013224458442776506,0.0009397530788745446,0.004543623760270471,11741.0,3838981.0,147804.0,136063.0,5075.333333333333,0.005213804920477787,-0.00616195941480845,-0.0034307429804134614,0.0030068419062683556,0.006248366969408764,0.003058363664732907
Rio de Janeiro,2026-05-01,2026-06-01,0.004361154060302735,0.0023894437260665834,0.003898724786736085,0.0008517189785424498,0.0018704531629415615,0.004253104896747665,9195.0,3848176.0,148304.0,139109.0,3281.0,-0.00616195941480845,-0.0034307429804134614,0.0030068419062683556,0.006248366969408764,0.003058363664732907,0.0023894437260665834
Rondônia,2020-07-01,2020-08-01,0.007014521817005395,0.006188076086581282,0.0014714923912897214,-0.002964735715097164,0.0015114128878414737,0.00941293375310222,1434.0,231736.0,8352.0,6918.0,-681.8333333333334,0.003026933792164638,-0.0032147931378162307,-0.022015032118800553,-0.005377562404127737,0.0036039634914156195,0.006188076086581282
Rondônia,2020-08-01,2020-09-01,0.006441422647582231,0.007014521817005395,0.005602187131667432,-0.002300137710957038,0.004135355008165628,0.009938605413628872,1637.0,233373.0,8553.0,6916.0,-528.3333333333334,-0.0032147931378162307,-0.022015032118800553,-0.005377562404127737,0.0036039634914156195,0.006188076086581282,0.007014521817005395
Rondônia,2020-09-01,2020-10-01,0.006496857314463121,0.006441422647582231,0.006548006850389636,-0.0006907684133906274,0.0052012182597279705,0.010429870014716422,1513.0,234886.0,9012.0,7499.0,-149.83333333333334,-0.022015032118800553,-0.005377562404127737,0.0036039634914156195,0.006188076086581282,0.007014521817005395,0.006441422647582231
Rondônia,2020-10-01,2020-11-01,0.0044970314539559565,0.006496857314463121,0.006650933926350249,0.004061213158819985,0.0019631691940536636,0.004361630027740989,1536.0,236422.0,9175.0,7639.0,952.6666666666666,-0.005377562404127737,0.0036039634914156195,0.006188076086581282,0.007014521817005395,0.006441422647582231,0.006496857314463121
Rondônia,2020-11-01,2020-12-01,0.0012070132939687186,0.0044970314539559565,0.005811770472000437,0.005706978801833934,0.0001376738379121151,0.0012241381418285398,1068.0,237490.0,8952.0,7884.0,1336.3333333333333,0.0036039634914156195,0.006188076086581282,0.007014521817005395,0.006441422647582231,0.006496857314463121,0.0044970314539559565
Rondônia,2020-12-01,2021-01-01,0.0023496142017395538,0.0012070132939687186,0.004066967354129266,0.0053074871022594505,-0.0009257814395808634,0.001994180684292254,287.0,237777.0,7387.0,7100.0,1245.8333333333333,0.006188076086581282,0.007014521817005395,0.006441422647582231,0.006496857314463121,0.0044970314539559565,0.0012070132939687186
Rondônia,2021-01-01,2021-02-01,0.007714725842041717,0.0023496142017395538,0.00268455298322141,0.004667743454785829,-0.0011722169142193407,0.002212784186609329,560.0,238337.0,8796.0,8236.0,1100.1666666666667,0.007014521817005395,0.006441422647582231,0.006496857314463121,0.0044970314539559565,0.0012070132939687186,0.0023496142017395538
Rondônia,2021-02-01,2021-03-01,0.0024710841622194073,0.007714725842041717,0.0037571177792499965,0.0047844441256252165,-0.0002675780435960145,0.0023478182015958743,1853.0,240190.0,9960.0,8107.0,1136.1666666666667,0.006441422647582231,0.006496857314463121,0.0044970314539559565,0.0012070132939687186,0.0023496142017395538,0.007714725842041717
Rondônia,2021-03-01,2021-04-01,0.0029689195120537306,0.0024710841622194073,0.004178474735333559,0.004122721044731412,-0.00026666233397687017,0.0023470653211264294,595.0,240785.0,9274.0,8679.0,983.1666666666666,0.006496857314463121,0.0044970314539559565,0.0012070132939687186,0.0023496142017395538,0.007714725842041717,0.0024710841622194073
Rondônia,2021-04-01,2021-05-01,0.005976439984523819,0.0029689195120537306,0.004384909838771618,0.003534731410996514,4.333612958694584e-05,0.0021084211242491948,717.0,241502.0,8694.0,7977.0,846.6666666666666,0.0044970314539559565,0.0012070132939687186,0.0023496142017395538,0.007714725842041717,0.0024710841622194073,0.0029689195120537306
Rondônia,2021-05-01,2021-06-01,0.012096987341875094,0.005976439984523819,0.0038054812195989856,0.003781299499424491,0.0005846116486827346,0.0022855992020712457,1452.0,242954.0,10437.0,8985.0,910.6666666666666,0.0012070132939687186,0.0023496142017395538,0.007714725842041717,0.0024710841622194073,0.0029689195120537306,0.005976439984523819
Rondônia,2021-06-01,2021-07-01,0.010079176276903632,0.012096987341875094,0.007014115612817548,0.005596295174075554,0.0012577098136559517,0.003514309825710703,2975.0,245929.0,12096.0,9121.0,1358.6666666666667,0.0023496142017395538,0.007714725842041717,0.0024710841622194073,0.0029689195120537306,0.005976439984523819,0.012096987341875094
Rondônia,2021-07-01,2021-08-01,0.009117777272564105,0.010079176276903632,0.009384201201100848,0.0068845555199362335,0.0012487852053070492,0.003504754833084685,2504.0,248433.0,12378.0,9874.0,1682.6666666666667,0.007714725842041717,0.0024710841622194073,0.0029689195120537306,0.005976439984523819,0.012096987341875094,0.010079176276903632
Rondônia,2021-08-01,2021-09-01,0.0017081561469730994,0.009117777272564105,0.01043131363044761,0.007118397425023297,0.0017338509486749848,0.0035979124283728714,2286.0,250719.0,12578.0,10292.0,1754.8333333333333,0.0024710841622194073,0.0029689195120537306,0.005976439984523819,0.012096987341875094,0.010079176276903632,0.009117777272564105
Rondônia,2021-09-01,2021-10-01,0.0033888619931587843,0.0017081561469730994,0.006968369898813612,0.006991242755815581,3.149668496417839e-05,0.0037693063755841784,429.0,251148.0,11845.0,11416.0,1727.1666666666667,0.0029689195120537306,0.005976439984523819,0.012096987341875094,0.010079176276903632,0.009117777272564105,0.0017081561469730994
Rondônia,2021-10-01,2021-11-01,0.0059327984347510515,0.0033888619931587843,0.00473826513756533,0.007061233169333089,-0.0012875937870248768,0.0036971767213209235,854.0,252002.0,11746.0,10892.0,1750.0,0.005976439984523819,0.012096987341875094,0.010079176276903632,0.009117777272564105,0.0017081561469730994,0.0033888619931587843
Rondônia,2021-11-01,2021-12-01,-0.004023921739474831,0.0059327984347510515,0.0036766055249609782,0.007053959577704295,-0.0016657573860698782,0.003699346012420202,1504.0,253506.0,11796.0,10292.0,1758.6666666666667,0.012096987341875094,0.010079176276903632,0.009117777272564105,0.0017081561469730994,0.0033888619931587843,0.0059327984347510515
Rondônia,2021-12-01,2022-01-01,0.003016734187811446,-0.004023921739474831,0.0017659128961450014,0.004367141397479307,-0.00223970630711845,0.004762428291033879,-1016.0,252490.0,9900.0,10916.0,1093.5,0.010079176276903632,0.009117777272564105,0.0017081561469730994,0.0033888619931587843,0.0059327984347510515,-0.004023921739474831
Rondônia,2022-01-01,2022-02-01,0.010656999320264706,0.003016734187811446,0.0016418702943625555,0.0031900677159639426,-0.0012902146469004235,0.004020107416087811,764.0,253254.0,12053.0,11289.0,803.5,0.009117777272564105,0.0017081561469730994,0.0033888619931587843,0.0059327984347510515,-0.004023921739474831,0.003016734187811446
Rondônia,2022-02-01,2022-03-01,0.005690491635171511,0.010656999320264706,0.003216603922867107,0.0034466047239140422,0.0009620317793197177,0.004419465303226059,2728.0,255982.0,14085.0,11357.0,877.1666666666666,0.0017081561469730994,0.0033888619931587843,0.0059327984347510515,-0.004023921739474831,0.003016734187811446,0.010656999320264706
Rondônia,2022-03-01,2022-04-01,0.00510495888208743,0.005690491635171511,0.0064547417144158875,0.004110327305280445,0.0009348973369683104,0.00440756358290807,1465.0,257447.0,13631.0,12166.0,1049.8333333333333,0.0033888619931587843,0.0059327984347510515,-0.004023921739474831,0.003016734187811446,0.010656999320264706,0.005690491635171511
Rondônia,2022-04-01,2022-05-01,0.007947370237040957,0.00510495888208743,0.007150816612507882,0.0043963434534352195,0.0009326944998021189,0.004407146635092059,1321.0,258768.0,12451.0,11130.0,1127.6666666666667,0.0059327984347510515,-0.004023921739474831,0.003016734187811446,0.010656999320264706,0.005690491635171511,0.00510495888208743
Rondônia,2022-05-01,2022-06-01,0.0094896331738437,0.007947370237040957,0.006247606918099966,0.004732105420483536,0.0017472750365803908,0.004584581578443076,2073.0,260841.0,13379.0,11306.0,1222.5,-0.004023921739474831,0.003016734187811446,0.010656999320264706,0.005690491635171511,0.00510495888208743,0.007947370237040957
Rondônia,2022-06-01,2022-07-01,0.005877756259980294,0.0094896331738437,0.007513987430990695,0.006984364572703292,0.000675716426497312,0.002634399376895214,2499.0,263340.0,13606.0,11107.0,1808.3333333333333,0.003016734187811446,0.010656999320264706,0.005690491635171511,0.00510495888208743,0.007947370237040957,0.0094896331738437
Rondônia,2022-07-01,2022-08-01,0.007143847707859357,0.005877756259980294,0.0077715865569549835,0.007461201584731433,-0.0002758965522986274,0.0020719801451890745,1557.0,264897.0,13469.0,11912.0,1940.5,0.010656999320264706,0.005690491635171511,0.00510495888208743,0.007947370237040957,0.0094896331738437,0.005877756259980294
Rondônia,2022-08-01,2022-09-01,0.006497907264250711,0.007143847707859357,0.0075037457138944505,0.006875676315997208,0.0003179267266834446,0.0015049452707166717,1906.0,266803.0,14297.0,12391.0,1803.5,0.005690491635171511,0.00510495888208743,0.007947370237040957,0.0094896331738437,0.005877756259980294,0.007143847707859357
Rondônia,2022-09-01,2022-10-01,0.002225549606720491,0.006497907264250711,0.006506503744030122,0.0070102455875104075,2.6922783125948767e-05,0.0014270339287542554,1745.0,268548.0,13173.0,11428.0,1850.1666666666667,0.00510495888208743,0.007947370237040957,0.0094896331738437,0.005877756259980294,0.007143847707859357,0.006497907264250711
Rondônia,2022-10-01,2022-11-01,0.0008389853474550159,0.002225549606720491,0.005289101526276853,0.006530344041615919,-0.001037662555214349,0.002239788689404611,599.0,269147.0,12086.0,11487.0,1729.8333333333333,0.007947370237040957,0.0094896331738437,0.005877756259980294,0.007143847707859357,0.006497907264250711,0.002225549606720491
Rondônia,2022-11-01,2022-12-01,-0.005048130736512201,0.0008389853474550159,0.003187480739475406,0.005345613226684928,-0.0015673085581523276,0.002945674743390915,226.0,269373.0,10729.0,10503.0,1422.0,0.0094896331738437,0.005877756259980294,0.007143847707859357,0.006497907264250711,0.002225549606720491,0.0008389853474550159
Rondônia,2022-12-01,2023-01-01,-0.0018577841905181984,-0.005048130736512201,-0.0006611985941122313,0.002922652574958945,-0.002223325134891591,0.004236637434221455,-1353.0,268020.0,9049.0,10402.0,780.0,0.005877756259980294,0.007143847707859357,0.006497907264250711,0.002225549606720491,0.0008389853474550159,-0.005048130736512201
Rondônia,2023-01-01,2023-02-01,0.008884080897744154,-0.0018577841905181984,-0.002022309859858461,0.0016333958332091962,-0.002315223935812628,0.004317434050777828,-497.0,267523.0,12148.0,12645.0,437.6666666666667,0.007143847707859357,0.006497907264250711,0.002225549606720491,0.0008389853474550159,-0.005048130736512201,-0.0018577841905181984
Rondônia,2023-02-01,2023-03-01,0.004025652000649417,0.008884080897744154,0.0006593886569045849,0.0019234346981899955,-0.00017732140880617381,0.004717768531130189,2398.0,269921.0,14177.0,11779.0,519.6666666666666,0.006497907264250711,0.002225549606720491,0.0008389853474550159,-0.005048130736512201,-0.0018577841905181984,0.008884080897744154
Rondônia,2023-03-01,2023-04-01,0.002972555367522625,0.004025652000649417,0.0036839829026251245,0.0015113921542564464,0.0010378898619001725,0.004397326526064522,1091.0,271012.0,14135.0,13044.0,410.6666666666667,0.002225549606720491,0.0008389853474550159,-0.005048130736512201,-0.0018577841905181984,0.008884080897744154,0.004025652000649417
Rondônia,2023-04-01,2023-05-01,0.006258865507509176,0.002972555367522625,0.0052940960886387325,0.0016358931143901356,0.00138945895428815,0.004426263616103151,808.0,271820.0,12199.0,11391.0,445.5,0.0008389853474550159,-0.005048130736512201,-0.0018577841905181984,0.008884080897744154,0.004025652000649417,0.002972555367522625
Rondônia,2023-05-01,2023-06-01,0.007438802243978199,0.006258865507509176,0.00441902429189374,0.0025392064743991623,0.00189050202848956,0.004715078988305245,1712.0,273532.0,14111.0,12399.0,693.1666666666666,-0.005048130736512201,-0.0018577841905181984,0.008884080897744154,0.004025652000649417,0.002972555367522625,0.006258865507509176
Rondônia,2023-06-01,2023-07-01,0.0035146842931217774,0.007438802243978199,0.00555674103967,0.0046203619711475625,0.0010729768391042928,0.0035081553257865173,2050.0,275582.0,13946.0,11896.0,1260.3333333333333,-0.0018577841905181984,0.008884080897744154,0.004025652000649417,0.002972555367522625,0.006258865507509176,0.007438802243978199
Rondônia,2023-07-01,2023-08-01,0.006962473024456629,0.0035146842931217774,0.0057374506815363845,0.005515773385087558,-0.0003806063472325424,0.002171347453140613,972.0,276554.0,13639.0,12667.0,1505.1666666666667,0.008884080897744154,0.004025652000649417,0.002972555367522625,0.006258865507509176,0.007438802243978199,0.0035146842931217774
Rondônia,2023-08-01,2023-09-01,0.004877473575884913,0.006962473024456629,0.005971986520518869,0.005195505406206303,0.0004997265323515008,0.0017521659667638502,1939.0,278493.0,14539.0,12600.0,1428.6666666666667,0.004025652000649417,0.002972555367522625,0.006258865507509176,0.007438802243978199,0.0035146842931217774,0.006962473024456629
Rondônia,2023-09-01,2023-10-01,0.0014415083029451013,0.004877473575884913,0.005118210297821106,0.005337475668745553,0.00022032273262278244,0.0016848425926697492,1365.0,279858.0,13191.0,11826.0,1474.3333333333333,0.002972555367522625,0.006258865507509176,0.007438802243978199,0.0035146842931217774,0.006962473024456629,0.004877473575884913
Rondônia,2023-10-01,2023-11-01,0.001837750820933264,0.0014415083029451013,0.004427151634428881,0.005082301157982632,-0.0008092280941647249,0.0020907413705442673,404.0,280262.0,12536.0,12132.0,1407.0,0.006258865507509176,0.007438802243978199,0.0035146842931217774,0.006962473024456629,0.004877473575884913,0.0014415083029451013
Rondônia,2023-11-01,2023-12-01,-0.007918958114957714,0.001837750820933264,0.0027189108999210927,0.004345448710219981,-0.0010374224152664693,0.0023134494776364946,516.0,280778.0,12161.0,11645.0,1207.6666666666667,0.007438802243978199,0.0035146842931217774,0.006962473024456629,0.004877473575884913,0.0014415083029451013,0.001837750820933264
Rondônia,2023-12-01,2024-01-01,0.0006780001506667001,-0.007918958114957714,-0.0015465663303597828,0.0017858219837306618,-0.002170809826397353,0.00471962208459462,-2206.0,278572.0,9251.0,11457.0,498.3333333333333,0.0035146842931217774,0.006962473024456629,0.004877473575884913,0.0014415083029451013,0.001837750820933264,-0.007918958114957714
Rondônia,2024-01-01,2024-02-01,0.009018905217953914,0.0006780001506667001,-0.0018010690477859165,0.001313041293321482,-0.00198329762638541,0.004664514454367088,189.0,278761.0,13394.0,13205.0,367.8333333333333,0.006962473024456629,0.004877473575884913,0.0014415083029451013,0.001837750820933264,-0.007918958114957714,0.0006780001506667001
Rondônia,2024-02-01,2024-03-01,0.004934681792616018,0.009018905217953914,0.0005926490845543003,0.0016557799922376963,0.0002474264233605376,0.005120312679511268,2537.0,281298.0,15857.0,13320.0,467.5,0.004877473575884913,0.0014415083029451013,0.001837750820933264,-0.007918958114957714,0.0006780001506667001,0.009018905217953914
Rondônia,2024-03-01,2024-04-01,0.0025545397770775926,0.004934681792616018,0.004877195720412211,0.001665314695026214,0.0013601796830011697,0.005126352725899935,1395.0,282693.0,14429.0,13034.0,472.5,0.0014415083029451013,0.001837750820933264,-0.007918958114957714,0.0006780001506667001,0.009018905217953914,0.004934681792616018
Rondônia,2024-04-01,2024-05-01,0.00266737045834433,0.0025545397770775926,0.005502708929215842,0.0018508199407149626,0.0014424505591637154,0.005135028600868009,724.0,283417.0,14301.0,13577.0,525.8333333333334,0.001837750820933264,-0.007918958114957714,0.0006780001506667001,0.009018905217953914,0.004934681792616018,0.0025545397770775926
Rondônia,2024-05-01,2024-06-01,0.004986011855783809,0.00266737045834433,0.0033855306760126468,0.0019890898802834736,0.0015564868091544276,0.005143976815642641,758.0,284175.0,13672.0,12914.0,566.1666666666666,-0.007918958114957714,0.0006780001506667001,0.009018905217953914,0.004934681792616018,0.0025545397770775926,0.00266737045834433
Rondônia,2024-06-01,2024-07-01,0.008026813934910214,0.004986011855783809,0.003402640697068577,0.004139918208740393,3.0089208919534294e-06,0.002640035862745403,1424.0,285599.0,14024.0,12600.0,1171.1666666666667,0.0006780001506667001,0.009018905217953914,0.004934681792616018,0.0025545397770775926,0.00266737045834433,0.004986011855783809
Rondônia,2024-07-01,2024-08-01,0.004178224807863917,0.008026813934910214,0.005226732083012785,0.005364720506114313,-0.00013410387269852548,0.0024474808095562633,2311.0,287910.0,15915.0,13604.0,1524.8333333333333,0.009018905217953914,0.004934681792616018,0.0025545397770775926,0.00266737045834433,0.004986011855783809,0.008026813934910214
Rondônia,2024-08-01,2024-09-01,0.0020675348702354364,0.004178224807863917,0.005730350199519313,0.00455794043776598,0.0004272336842050525,0.0018298595365262636,1208.0,289118.0,14658.0,13450.0,1303.3333333333333,0.004934681792616018,0.0025545397770775926,0.00266737045834433,0.004986011855783809,0.008026813934910214,0.004178224807863917
Rondônia,2024-09-01,2024-10-01,0.0005416146325644936,0.0020675348702354364,0.0047575245376698565,0.004080082617369216,0.00014680973124212514,0.002032257070506562,599.0,289717.0,13147.0,12548.0,1170.6666666666667,0.0025545397770775926,0.00266737045834433,0.004986011855783809,0.008026813934910214,0.004178224807863917,0.0020675348702354364
Rondônia,2024-10-01,2024-11-01,-0.0010878611958184687,0.0005416146325644936,0.002262458103554615,0.0037445950932836996,-0.000663794263216874,0.0023909055555292663,157.0,289874.0,13529.0,13372.0,1076.1666666666667,0.00266737045834433,0.004986011855783809,0.008026813934910214,0.004178224807863917,0.0020675348702354364,0.0005416146325644936
Rondônia,2024-11-01,2024-12-01,-0.008006711713123001,-0.0010878611958184687,0.0005070961023271538,0.003118723150923233,-0.0015695900886479146,0.003003900325557944,-315.0,289559.0,11952.0,12267.0,897.3333333333334,0.004986011855783809,0.008026813934910214,0.004178224807863917,0.0020675348702354364,0.0005416146325644936,-0.0010878611958184687
Rondônia,2024-12-01,2025-01-01,9.746351209765844e-05,-0.008006711713123001,-0.002850986092125659,0.0009532692227720987,-0.0027854801853966905,0.004937845220209709,-2300.0,287259.0,9665.0,11965.0,276.6666666666667,0.008026813934910214,0.004178224807863917,0.0020675348702354364,0.0005416146325644936,-0.0010878611958184687,-0.008006711713123001
Rondônia,2025-01-01,2025-02-01,0.010832102412604629,9.746351209765844e-05,-0.002999036465614604,-0.0003682891810299943,-0.0014930292016368445,0.00379719548799579,28.0,287287.0,13957.0,13929.0,-103.83333333333333,0.004178224807863917,0.0020675348702354364,0.0005416146325644936,-0.0010878611958184687,-0.008006711713123001,9.746351209765844e-05
Rondônia,2025-02-01,2025-03-01,0.00377999211072427,0.010832102412604629,0.0009742847371930954,0.0007406904197601246,0.0010163295380897404,0.005536411733756726,3146.0,290433.0,16796.0,13650.0,219.16666666666666,0.0020675348702354364,0.0005416146325644936,-0.0010878611958184687,-0.008006711713123001,9.746351209765844e-05,0.010832102412604629
Rondônia,2025-03-01,2025-04-01,0.0038168199773109357,0.00377999211072427,0.004903186011808852,0.0010260999598415968,0.0017158843840368236,0.0056406148638483,1102.0,291535.0,15090.0,13988.0,303.0,0.0005416146325644936,-0.0010878611958184687,-0.008006711713123001,9.746351209765844e-05,0.010832102412604629,0.00377999211072427
Rondônia,2025-04-01,2025-05-01,0.0030047626510046536,0.0038168199773109357,0.006142971500213278,0.0015719675172993373,0.0020176616067913078,0.005725160552267599,1117.0,292652.0,14249.0,13132.0,463.0,-0.0010878611958184687,-0.008006711713123001,9.746351209765844e-05,0.010832102412604629,0.00377999211072427,0.0038168199773109357
Rondônia,2025-05-01,2025-06-01,0.0038179726395596264,0.0030047626510046536,0.0035338582463466197,0.0022540714917698578,0.0016903808832685067,0.00561027922976446,882.0,293534.0,14650.0,13768.0,662.5,-0.008006711713123001,9.746351209765844e-05,0.010832102412604629,0.00377999211072427,0.0038168199773109357,0.0030047626510046536
Rondônia,2025-06-01,2025-07-01,0.004281475774348993,0.0038179726395596264,0.003546518422625072,0.004224852217216962,-0.0001383613080258126,0.003232894807832008,1125.0,294659.0,14319.0,13194.0,1233.3333333333333,9.746351209765844e-05,0.010832102412604629,0.00377999211072427,0.0038168199773109357,0.0030047626510046536,0.0038179726395596264
Rondônia,2025-07-01,2025-08-01,0.004296726479880755,0.004281475774348993,0.003701403688304424,0.004922187594258851,-0.0009557499694593828,0.002669577431188748,1267.0,295926.0,15667.0,14400.0,1439.8333333333333,0.010832102412604629,0.00377999211072427,0.0038168199773109357,0.0030047626510046536,0.0038179726395596264,0.004281475774348993
Rondônia,2025-08-01,2025-09-01,0.003924604690757238,0.004296726479880755,0.004132058297929792,0.0038329582721382052,0.00013688140644147338,0.0004292332922715356,1277.0,297203.0,14574.0,13297.0,1128.3333333333333,0.00377999211072427,0.0038168199773109357,0.0030047626510046536,0.0038179726395596264,0.004281475774348993,0.004296726479880755
Rondônia,2025-09-01,2025-10-01,0.0017531064108826423,0.003924604690757238,0.004167602314995662,0.0038570603688103666,0.00013938051967569073,0.00042964239016736764,1171.0,298374.0,15140.0,13969.0,1139.8333333333333,0.0038168199773109357,0.0030047626510046536,0.0038179726395596264,0.004281475774348993,0.004296726479880755,0.003924604690757238
Rondônia,2025-10-01,2025-11-01,0.0005617489116114837,0.0017531064108826423,0.0033248125271735447,0.003513108107738984,-0.00016923240975672736,0.000896543317522675,524.0,298898.0,14718.0,14194.0,1041.0,0.0030047626510046536,0.0038179726395596264,0.004281475774348993,0.004296726479880755,0.003924604690757238,0.0017531064108826423
Rondônia,2025-11-01,2025-12-01,-0.00782435984030281,0.0005617489116114837,0.002079820004417121,0.0031059391511734564,-0.0006925242434075222,0.0014306249314668602,168.0,299066.0,12662.0,12494.0,922.0,0.0038179726395596264,0.004281475774348993,0.004296726479880755,0.003924604690757238,0.0017531064108826423,0.0005617489116114837
Rondônia,2025-12-01,2026-01-01,-0.0011336414858800904,-0.00782435984030281,-0.0018365015059362277,0.0011655504045297172,-0.002111588830226897,0.004255465497315992,-2340.0,,10049.0,12389.0,344.5,0.004281475774348993,0.004296726479880755,0.003924604690757238,0.0017531064108826423,0.0005617489116114837,-0.00782435984030281
Rondônia,2026-01-01,2026-02-01,0.00600308538466698,-0.0011336414858800904,-0.002798750804857139,0.000263030861158203,-0.0018168597406073004,0.0040690695675776375,-336.0,296390.0,14412.0,14748.0,77.33333333333333,0.004296726479880755,0.003924604690757238,0.0017531064108826423,0.0005617489116114837,-0.00782435984030281,-0.0011336414858800904
Rondônia,2026-02-01,2026-03-01,0.0018544926255464728,0.00600308538466698,-0.0009849719805053068,0.0005474240119559073,-0.00019011282779010815,0.004388169923740932,1790.0,298180.0,15911.0,14121.0,162.83333333333334,0.003924604690757238,0.0017531064108826423,0.0005617489116114837,-0.00782435984030281,-0.0011336414858800904,0.00600308538466698
Rondônia,2026-03-01,2026-04-01,0.0005386506967329665,0.0018544926255464728,0.002241312174777788,0.00020240533442077974,0.0006720473956259532,0.004185790713314571,554.0,298734.0,16050.0,15496.0,60.0,0.0017531064108826423,0.0005617489116114837,-0.00782435984030281,-0.0011336414858800904,0.00600308538466698,0.0018544926255464728
Rondônia,2026-04-01,2026-05-01,0.000979317352300226,0.0005386506967329665,0.0027987429023154727,-3.95127083300375e-09,0.001030222662677209,0.004134965404441217,161.0,298895.0,14765.0,14604.0,-0.5,0.0005617489116114837,-0.00782435984030281,-0.0011336414858800904,0.00600308538466698,0.0018544926255464728,0.0005386506967329665
Rondônia,2026-05-01,2026-06-01,0.000360846787127125,0.000979317352300226,0.0011241535581932218,6.959078884395746e-05,0.0012824762786209664,0.004147329999431683,293.0,299188.0,13725.0,13432.0,20.333333333333332,-0.00782435984030281,-0.0011336414858800904,0.00600308538466698,0.0018544926255464728,0.0005386506967329665,0.000979317352300226
Roraima,2020-07-01,2020-08-01,0.012787810767608748,0.003496744410376546,-0.0006288152836754061,0.00011142546400845969,-0.0016664814996304508,0.010524767180272607,203.0,58054.0,1682.0,1479.0,9.666666666666666,0.013488917994862985,0.008081932914895054,-0.019015852274681062,-0.006506766344789396,0.0011235760833866312,0.003496744410376546
Roraima,2020-08-01,2020-09-01,0.018394872137277158,0.012787810767608748,0.005802710420457308,-5.425740533912711e-06,0.0028199291927690664,0.010378470166020835,752.0,58806.0,2186.0,1434.0,2.8333333333333335,0.008081932914895054,-0.019015852274681062,-0.006506766344789396,0.0011235760833866312,0.003496744410376546,0.012787810767608748
Roraima,2020-09-01,2020-10-01,0.011728995859384021,0.018394872137277158,0.011559809105087485,0.0017133974631964373,0.007066014906399296,0.012259114504852113,1102.0,59908.0,2565.0,1463.0,106.66666666666667,-0.019015852274681062,-0.006506766344789396,0.0011235760833866312,0.003496744410376546,0.012787810767608748,0.018394872137277158
Roraima,2020-10-01,2020-11-01,0.019363918726543288,0.011728995859384021,0.01430389292142331,0.006837538818873952,0.004350964729707738,0.008314493363990838,711.0,60619.0,2710.0,1999.0,409.5,-0.006506766344789396,0.0011235760833866312,0.003496744410376546,0.012787810767608748,0.018394872137277158,0.011728995859384021
Roraima,2020-11-01,2020-12-01,0.005518106790649785,0.019363918726543288,0.01649592890773482,0.011149319664096066,0.0034715865409278308,0.006856575777383708,1197.0,61816.0,2959.0,1762.0,671.6666666666666,0.0011235760833866312,0.003496744410376546,0.012787810767608748,0.018394872137277158,0.011728995859384021,0.019363918726543288
Roraima,2020-12-01,2021-01-01,0.007266745456287731,0.005518106790649785,0.012203673792192365,0.011881741448639925,0.0006619788428650486,0.005916814492093897,343.0,62159.0,2350.0,2007.0,718.0,0.003496744410376546,0.012787810767608748,0.018394872137277158,0.011728995859384021,0.019363918726543288,0.005518106790649785
Roraima,2021-01-01,2021-02-01,0.005906074365732068,0.007266745456287731,0.010716256991160267,0.01251007495629179,-0.0016743057065522265,0.005142524624796443,455.0,62614.0,2548.0,2093.0,760.0,0.012787810767608748,0.018394872137277158,0.011728995859384021,0.019363918726543288,0.005518106790649785,0.007266745456287731
Roraima,2021-02-01,2021-03-01,0.005023379249336535,0.005906074365732068,0.0062303088708898615,0.011363118889312343,-0.0025621872000830817,0.005690869798802966,372.0,62986.0,2397.0,2025.0,696.6666666666666,0.018394872137277158,0.011728995859384021,0.019363918726543288,0.005518106790649785,0.007266745456287731,0.005906074365732068
Roraima,2021-03-01,2021-04-01,0.004622786880090569,0.005023379249336535,0.006065399690452111,0.009134536741322238,-0.0020615136419152324,0.005086964861649527,318.0,63304.0,2529.0,2211.0,566.0,0.011728995859384021,0.019363918726543288,0.005518106790649785,0.007266745456287731,0.005906074365732068,0.005023379249336535
Roraima,2021-04-01,2021-05-01,0.004398941749244665,0.004622786880090569,0.005184080165053058,0.007950168578106662,-0.002187157512764543,0.005171582124790895,294.0,63598.0,2345.0,2051.0,496.5,0.019363918726543288,0.005518106790649785,0.007266745456287731,0.005906074365732068,0.005023379249336535,0.004622786880090569
Roraima,2021-05-01,2021-06-01,0.01210912127679317,0.004398941749244665,0.004681702626223923,0.005456005748556893,-0.000411725601486075,0.0009560334947049087,281.0,63879.0,2509.0,2228.0,343.8333333333333,0.005518106790649785,0.007266745456287731,0.005906074365732068,0.005023379249336535,0.004622786880090569,0.004398941749244665
Roraima,2021-06-01,2021-07-01,0.005597760895641743,0.01210912127679317,0.007043616635376135,0.006554508162914124,0.0005511396823948289,0.002661573614252909,783.0,64662.0,2872.0,2089.0,417.1666666666667,0.007266745456287731,0.005906074365732068,0.005023379249336535,0.004622786880090569,0.004398941749244665,0.01210912127679317
Roraima,2021-07-01,2021-08-01,0.009157816142746127,0.005597760895641743,0.007368607973893192,0.006276344069473125,0.0005569089600306391,0.002659814417667946,364.0,65026.0,2733.0,2369.0,402.0,0.005906074365732068,0.005023379249336535,0.004622786880090569,0.004398941749244665,0.01210912127679317,0.005597760895641743
Roraima,2021-08-01,2021-09-01,0.008341014521222745,0.009157816142746127,0.00895489943839368,0.006818301032308801,0.0008944938868928563,0.002853394293841195,601.0,65627.0,3215.0,2614.0,440.1666666666667,0.005023379249336535,0.004622786880090569,0.004398941749244665,0.01210912127679317,0.005597760895641743,0.009157816142746127
Roraima,2021-09-01,2021-10-01,0.007141249718700773,0.008341014521222745,0.0076988638532035384,0.007371240244289837,0.0007530400287146807,0.0027722919370744437,552.0,66179.0,3060.0,2508.0,479.1666666666667,0.004622786880090569,0.004398941749244665,0.01210912127679317,0.005597760895641743,0.009157816142746127,0.008341014521222745
Roraima,2021-10-01,2021-11-01,0.006291277188902307,0.007141249718700773,0.00821336012755655,0.00779098405072487,0.00017049356650496075,0.002501846187473258,476.0,66655.0,3189.0,2713.0,509.5,0.004398941749244665,0.01210912127679317,0.005597760895641743,0.009157816142746127,0.008341014521222745,0.007141249718700773
Roraima,2021-11-01,2021-12-01,-0.001328596166477578,0.006291277188902307,0.007257847142941941,0.008106373290667811,-0.0007221587311943031,0.002148710990919234,422.0,67077.0,3486.0,3064.0,533.0,0.01210912127679317,0.005597760895641743,0.009157816142746127,0.008341014521222745,0.007141249718700773,0.006291277188902307
Roraima,2021-12-01,2022-01-01,0.005109012059644745,-0.001328596166477578,0.004034643580375167,0.005866753716789353,-0.0012694619135614291,0.003430331270145331,-89.0,66988.0,2865.0,2954.0,387.6666666666667,0.005597760895641743,0.009157816142746127,0.008341014521222745,0.007141249718700773,0.006291277188902307,-0.001328596166477578
Roraima,2022-01-01,2022-02-01,0.015470097967539113,0.005109012059644745,0.0033572310273564912,0.00578529557745652,-0.001431509285954467,0.003441536440990254,344.0,67332.0,3486.0,3142.0,384.3333333333333,0.009157816142746127,0.008341014521222745,0.007141249718700773,0.006291277188902307,-0.001328596166477578,0.005109012059644745
Roraima,2022-02-01,2022-03-01,0.005626881079430624,0.015470097967539113,0.00641683795356876,0.0068373425482553506,0.0006265380256866823,0.004947149412322033,1058.0,68390.0,3891.0,2833.0,460.5,0.008341014521222745,0.007141249718700773,0.006291277188902307,-0.001328596166477578,0.005109012059644745,0.015470097967539113
Roraima,2022-03-01,2022-04-01,0.0063568198563936605,0.005626881079430624,0.008735330368871494,0.00638498697462333,0.0007543493533052003,0.004912944772440038,387.0,68777.0,3587.0,3200.0,433.0,0.007141249718700773,0.006291277188902307,-0.001328596166477578,0.005109012059644745,0.015470097967539113,0.005626881079430624
Roraima,2022-04-01,2022-05-01,0.006502081240132051,0.0063568198563936605,0.009151266301121131,0.006254248664238811,0.000901578028087878,0.004901504242507803,440.0,69217.0,4056.0,3616.0,427.0,0.006291277188902307,-0.001328596166477578,0.005109012059644745,0.015470097967539113,0.005626881079430624,0.0063568198563936605
Roraima,2022-05-01,2022-06-01,0.007662944393801276,0.006502081240132051,0.006161927391985445,0.006289382672777102,0.0009443883867196112,0.004902399183369833,453.0,69670.0,3623.0,3170.0,432.1666666666667,-0.001328596166477578,0.005109012059644745,0.015470097967539113,0.005626881079430624,0.0063568198563936605,0.006502081240132051
Roraima,2022-06-01,2022-07-01,0.008347575530727834,0.007662944393801276,0.0068406151634423295,0.007787972766156912,-0.0003829842781278704,0.003525609713626506,538.0,70208.0,3638.0,3100.0,536.6666666666666,0.005109012059644745,0.015470097967539113,0.005626881079430624,0.0063568198563936605,0.006502081240132051,0.007662944393801276
Roraima,2022-07-01,2022-08-01,0.015217058684433812,0.008347575530727834,0.007504200388220386,0.00832773334467076,-0.0008388331673487439,0.0033158161140026815,591.0,70799.0,3755.0,3164.0,577.8333333333334,0.015470097967539113,0.005626881079430624,0.0063568198563936605,0.006502081240132051,0.007662944393801276,0.008347575530727834
Roraima,2022-08-01,2022-09-01,0.014894491641545628,0.015217058684433812,0.010409192869654306,0.008285560130819877,0.0015738290914767904,0.0032250730938119805,1094.0,71893.0,4229.0,3135.0,583.8333333333334,0.005626881079430624,0.0063568198563936605,0.006502081240132051,0.007662944393801276,0.008347575530727834,0.015217058684433812
Roraima,2022-09-01,2022-10-01,0.0069262066431710866,0.014894491641545628,0.012819708618902423,0.009830161891172378,0.0019862263541597616,0.003757242175435846,1087.0,72980.0,3901.0,2814.0,700.5,0.0063568198563936605,0.006502081240132051,0.007662944393801276,0.008347575530727834,0.015217058684433812,0.014894491641545628
Roraima,2022-10-01,2022-11-01,0.009662291458911678,0.0069262066431710866,0.012345918989716842,0.009925059688968616,0.000876707197489548,0.003674598169163475,509.0,73489.0,3837.0,3328.0,712.0,0.006502081240132051,0.007662944393801276,0.008347575530727834,0.015217058684433812,0.014894491641545628,0.0069262066431710866
Roraima,2022-11-01,2022-12-01,-0.013189513926815947,0.009662291458911678,0.010494329914542798,0.010451761392098552,0.00015457318914267402,0.0033591617953979036,717.0,74206.0,3842.0,3125.0,756.0,0.007662944393801276,0.008347575530727834,0.015217058684433812,0.014894491641545628,0.0069262066431710866,0.009662291458911678
Roraima,2022-12-01,2023-01-01,0.013057715371450902,-0.013189513926815947,0.0011329947250889396,0.006976351671995683,-0.003780515256075994,0.009542583244988192,-966.0,73240.0,2811.0,3777.0,505.3333333333333,0.008347575530727834,0.015217058684433812,0.014894491641545628,0.0069262066431710866,0.009662291458911678,-0.013189513926815947
Roraima,2023-01-01,2023-02-01,0.0028754551684291147,0.013057715371450902,0.0031768309678488777,0.007761374978782861,-0.002637504241550248,0.009813006079911472,969.0,74209.0,4643.0,3674.0,568.3333333333334,0.015217058684433812,0.014894491641545628,0.0069262066431710866,0.009662291458911678,-0.013189513926815947,0.013057715371450902
Roraima,2023-02-01,2023-03-01,0.014003709591944887,0.0028754551684291147,0.0009145522043546901,0.005704441059448745,-0.0018443560447563064,0.009315485851792987,214.0,74423.0,3917.0,3703.0,421.6666666666667,0.014894491641545628,0.0069262066431710866,0.009662291458911678,-0.013189513926815947,0.013057715371450902,0.0028754551684291147
Roraima,2023-03-01,2023-04-01,0.00793859418537406,0.014003709591944887,0.009978960043941635,0.005555977384515287,0.0011792638620196614,0.009173859962106689,1057.0,75480.0,4765.0,3708.0,416.6666666666667,0.0069262066431710866,0.009662291458911678,-0.013189513926815947,0.013057715371450902,0.0028754551684291147,0.014003709591944887
Roraima,2023-04-01,2023-05-01,-0.0003944565703316065,0.00793859418537406,0.008272586315249355,0.005724708641549117,0.001793683542444933,0.009206761580508115,604.0,76084.0,3982.0,3378.0,432.5,0.009662291458911678,-0.013189513926815947,0.013057715371450902,0.0028754551684291147,0.014003709591944887,0.00793859418537406
Roraima,2023-05-01,2023-06-01,-0.0015935100680863393,-0.0003944565703316065,0.0071826157356624475,0.004048583970008569,0.0017070336470773413,0.009252657399916184,-30.0,76054.0,3626.0,3656.0,308.0,-0.013189513926815947,0.013057715371450902,0.0028754551684291147,0.014003709591944887,0.00793859418537406,-0.0003944565703316065
Roraima,2023-06-01,2023-07-01,0.002993658171505101,-0.0015935100680863393,0.001983542515652038,0.005981251279796836,-0.00254659936630112,0.0061365028343185486,-121.0,75933.0,3300.0,3421.0,448.8333333333333,0.013057715371450902,0.0028754551684291147,0.014003709591944887,0.00793859418537406,-0.0003944565703316065,-0.0015935100680863393
Roraima,2023-07-01,2023-08-01,0.00896551724137931,0.002993658171505101,0.0003352305110290517,0.004303908413139203,-0.001558105563440555,0.005290061376453599,228.0,76161.0,3590.0,3362.0,325.3333333333333,0.0028754551684291147,0.014003709591944887,0.00793859418537406,-0.0003944565703316065,-0.0015935100680863393,0.002993658171505101
Roraima,2023-08-01,2023-09-01,0.009830827309857884,0.00896551724137931,0.0034552217815993574,0.005318918758630903,-0.0011778520940625573,0.005498744377679161,689.0,76850.0,4099.0,3410.0,404.5,0.014003709591944887,0.00793859418537406,-0.0003944565703316065,-0.0015935100680863393,0.002993658171505101,0.00896551724137931
Roraima,2023-09-01,2023-10-01,-0.0014839092621745076,0.009830827309857884,0.007263334240914098,0.004623438378283069,0.0012036644370612374,0.004535906884440293,763.0,77613.0,3981.0,3218.0,355.5,0.00793859418537406,-0.0003944565703316065,-0.0015935100680863393,0.002993658171505101,0.00896551724137931,0.009830827309857884
Roraima,2023-10-01,2023-11-01,0.005351986138740936,-0.0014839092621745076,0.005770811763020896,0.0030530211370249738,0.0009942173641283535,0.004742694081288724,-115.0,77498.0,3332.0,3447.0,235.66666666666666,-0.0003944565703316065,-0.0015935100680863393,0.002993658171505101,0.00896551724137931,0.009830827309857884,-0.0014839092621745076
Roraima,2023-11-01,2023-12-01,-0.01105588933729546,0.005351986138740936,0.00456630139547477,0.004010761588537064,0.0006331453943307461,0.004525030751161907,417.0,77915.0,3822.0,3405.0,310.1666666666667,-0.0015935100680863393,0.002993658171505101,0.00896551724137931,0.009830827309857884,-0.0014839092621745076,0.005351986138740936
Roraima,2023-12-01,2024-01-01,0.004173881580647663,-0.01105588933729546,-0.002395937486909677,0.002433698377002211,-0.0026400876406842944,0.007112533056447649,-852.0,77063.0,2613.0,3465.0,188.33333333333334,0.002993658171505101,0.00896551724137931,0.009830827309857884,-0.0014839092621745076,0.005351986138740936,-0.01105588933729546
Roraima,2024-01-01,2024-02-01,0.010042087219045426,0.004173881580647663,-0.0005100072059689538,0.0026304022785259714,-0.0022794980812629374,0.0071415601345913345,323.0,77386.0,3596.0,3273.0,204.16666666666666,0.00896551724137931,0.009830827309857884,-0.0014839092621745076,0.005351986138740936,-0.01105588933729546,0.004173881580647663
Roraima,2024-02-01,2024-03-01,0.008019999238607666,0.010042087219045426,0.0010533598207992094,0.00280983060813699,4.6337045667651966e-05,0.007310010394977308,785.0,78171.0,4307.0,3522.0,220.16666666666666,0.009830827309857884,-0.0014839092621745076,0.005351986138740936,-0.01105588933729546,0.004173881580647663,0.010042087219045426
Roraima,2024-03-01,2024-04-01,0.006054261317054097,0.008019999238607666,0.007411989346100251,0.002508025929595287,0.0021948461903647846,0.007046541207529702,632.0,78803.0,4194.0,3562.0,198.33333333333334,-0.0014839092621745076,0.005351986138740936,-0.01105588933729546,0.004173881580647663,0.010042087219045426,0.008019999238607666
Roraima,2024-04-01,2024-05-01,0.006702748753414017,0.006054261317054097,0.008038782591569064,0.0037643876928000544,0.0019030642073620846,0.006893137015711133,480.0,79283.0,4070.0,3590.0,297.5,0.005351986138740936,-0.01105588933729546,0.004173881580647663,0.010042087219045426,0.008019999238607666,0.006054261317054097
Roraima,2024-05-01,2024-06-01,0.0039309647710680995,0.006702748753414017,0.006925669769691927,0.003989514795245568,0.0026403497623522544,0.006963014566594551,535.0,79818.0,4108.0,3573.0,317.1666666666667,-0.01105588933729546,0.004173881580647663,0.010042087219045426,0.008019999238607666,0.006054261317054097,0.006702748753414017
Roraima,2024-06-01,2024-07-01,0.0017067397533325028,0.0039309647710680995,0.005562658280512071,0.006487323813306161,-0.00037709535332416076,0.002125495015961652,315.0,80133.0,3474.0,3159.0,511.6666666666667,0.004173881580647663,0.010042087219045426,0.008019999238607666,0.006054261317054097,0.006702748753414017,0.0039309647710680995
Roraima,2024-07-01,2024-08-01,0.009806945044100413,0.0017067397533325028,0.004113484425938206,0.006076133508753634,-0.001522724379852097,0.0026954863064187276,137.0,80270.0,3885.0,3748.0,480.6666666666667,0.010042087219045426,0.008019999238607666,0.006054261317054097,0.006702748753414017,0.0039309647710680995,0.0017067397533325028
Roraima,2024-08-01,2024-09-01,0.008912634178546104,0.009806945044100413,0.005148216522833672,0.0060369431462628,-0.0001965605613156277,0.00263864956437858,795.0,81065.0,4400.0,3605.0,482.3333333333333,0.008019999238607666,0.006054261317054097,0.006702748753414017,0.0039309647710680995,0.0017067397533325028,0.009806945044100413
Roraima,2024-09-01,2024-10-01,0.0023905354311501404,0.008912634178546104,0.006808772991993006,0.006185715636252539,0.0006108636617652467,0.0027682460471892567,729.0,81794.0,4056.0,3327.0,498.5,0.006054261317054097,0.006702748753414017,0.0039309647710680995,0.0017067397533325028,0.009806945044100413,0.008912634178546104
Roraima,2024-10-01,2024-11-01,0.010236847823462661,0.0023905354311501404,0.007036704884598886,0.005575094655268547,4.240419719664388e-05,0.00311255740839511,196.0,81990.0,4054.0,3858.0,451.1666666666667,0.006702748753414017,0.0039309647710680995,0.0017067397533325028,0.009806945044100413,0.008912634178546104,0.0023905354311501404
Roraima,2024-11-01,2024-12-01,-0.006879618825359782,0.010236847823462661,0.007180005811052968,0.00616411116694332,0.0009338997551391827,0.0035708723923172747,848.0,82838.0,4432.0,3584.0,503.3333333333333,0.0039309647710680995,0.0017067397533325028,0.009806945044100413,0.008912634178546104,0.0023905354311501404,0.010236847823462661
Roraima,2024-12-01,2025-01-01,0.0026911048076223723,-0.006879618825359782,0.0019159214764176734,0.00436234723420534,-0.001376119522936303,0.006085236335099438,-566.0,82272.0,3112.0,3678.0,356.5,0.0017067397533325028,0.009806945044100413,0.008912634178546104,0.0023905354311501404,0.010236847823462661,-0.006879618825359782
Roraima,2025-01-01,2025-02-01,0.011432269197584125,0.0026911048076223723,0.0020161112685750837,0.004526408076586985,-0.002145989937194152,0.0060243936336643305,222.0,82494.0,3868.0,3646.0,370.6666666666667,0.009806945044100413,0.008912634178546104,0.0023905354311501404,0.010236847823462661,-0.006879618825359782,0.0026911048076223723
Roraima,2025-02-01,2025-03-01,0.0006107857579132685,0.011432269197584125,0.002414585059948905,0.0047972954355009366,-0.00010333095497759054,0.006286579346909303,954.0,83448.0,4618.0,3664.0,397.1666666666667,0.008912634178546104,0.0023905354311501404,0.010236847823462661,-0.006879618825359782,0.0026911048076223723,0.011432269197584125
Roraima,2025-03-01,2025-04-01,0.007948388936412889,0.0006107857579132685,0.004911386587706588,0.003413654032062131,0.00012166398254749114,0.006140447166406607,51.0,83499.0,4040.0,3989.0,284.1666666666667,0.0023905354311501404,0.010236847823462661,-0.006879618825359782,0.0026911048076223723,0.011432269197584125,0.0006107857579132685
Roraima,2025-04-01,2025-05-01,0.0036224163647986364,0.007948388936412889,0.0066638146306367595,0.004339962949605923,0.0005648595344152006,0.0063324469748729266,669.0,84168.0,4225.0,3556.0,363.0,0.010236847823462661,-0.006879618825359782,0.0026911048076223723,0.011432269197584125,0.0006107857579132685,0.007948388936412889
Roraima,2025-05-01,2025-06-01,0.0005205991623086206,0.0036224163647986364,0.004060530353041598,0.0032375577064952515,0.001641729854214079,0.005759761946803652,306.0,84474.0,4400.0,4094.0,272.6666666666667,-0.006879618825359782,0.0026911048076223723,0.011432269197584125,0.0006107857579132685,0.007948388936412889,0.0036224163647986364
Roraima,2025-06-01,2025-07-01,0.001476790756471297,0.0005205991623086206,0.004030468154506715,0.004470927371106651,-0.0007698423870407311,0.0039779924685636155,44.0,84518.0,3907.0,3863.0,374.3333333333333,0.0026911048076223723,0.011432269197584125,0.0006107857579132685,0.007948388936412889,0.0036224163647986364,0.0005205991623086206
Roraima,2025-07-01,2025-08-01,-0.003104964387717614,0.001476790756471297,0.0018732687611928516,0.004268541695914806,-0.0015535407018283521,0.004092633024109057,125.0,84643.0,4130.0,4005.0,358.1666666666667,0.011432269197584125,0.0006107857579132685,0.007948388936412889,0.0036224163647986364,0.0005205991623086206,0.001476790756471297
Roraima,2025-08-01,2025-09-01,0.003483867920071803,-0.003104964387717614,-0.0003691914896458988,0.0018456694316978499,-0.0011741532134419768,0.0033745520842300538,-262.0,84381.0,4277.0,4539.0,155.5,0.0006107857579132685,0.007948388936412889,0.0036224163647986364,0.0005205991623086206,0.001476790756471297,-0.003104964387717614
Roraima,2025-09-01,2025-10-01,0.0002479426662101373,0.003483867920071803,0.0006185647629418286,0.002324516458724272,-0.0011871015927169002,0.0033691888332076595,295.0,84676.0,4247.0,3952.0,196.16666666666666,0.007948388936412889,0.0036224163647986364,0.0005205991623086206,0.001476790756471297,-0.003104964387717614,0.003483867920071803
Roraima,2025-10-01,2025-11-01,0.002543780104342091,0.0002479426662101373,0.00020894873285477538,0.0010411087470238135,-0.0003589804961097672,0.0022697285192509603,21.0,84697.0,4233.0,4212.0,88.16666666666667,0.0036224163647986364,0.0005205991623086206,0.001476790756471297,-0.003104964387717614,0.003483867920071803,0.0002479426662101373
Roraima,2025-11-01,2025-12-01,-0.011635438625416604,0.002543780104342091,0.0020918635635413436,0.0008613360369477225,0.000371948364204951,0.0020940776861345886,216.0,84913.0,4126.0,3910.0,73.16666666666667,0.0005205991623086206,0.001476790756471297,-0.003104964387717614,0.003483867920071803,0.0002479426662101373,0.002543780104342091
Roraima,2025-12-01,2026-01-01,-0.0003695139104107564,-0.011635438625416604,-0.0029479052849547918,-0.0011646702610064814,-0.0014814525339177725,0.005127313044884756,-988.0,,3252.0,4240.0,-98.83333333333333,0.001476790756471297,-0.003104964387717614,0.003483867920071803,0.0002479426662101373,0.002543780104342091,-0.011635438625416604
Roraima,2026-01-01,2026-02-01,0.0030421865715983365,-0.0003695139104107564,-0.003153724143828423,-0.0014723877054868238,-0.0008395665660513991,0.005013695435549266,-31.0,83894.0,3879.0,3910.0,-124.83333333333333,-0.003104964387717614,0.003483867920071803,0.0002479426662101373,0.002543780104342091,-0.011635438625416604,-0.0003695139104107564
Roraima,2026-02-01,2026-03-01,0.008845596636082025,0.0030421865715983365,-0.0029875886547430074,-0.0004478625456008321,-0.0005211427200568202,0.005200016265731035,256.0,84150.0,4488.0,4232.0,-38.5,0.003483867920071803,0.0002479426662101373,0.002543780104342091,-0.011635438625416604,-0.0003695139104107564,0.0030421865715983365
Roraima,2026-03-01,2026-04-01,0.003591254239675144,0.008845596636082025,0.003839423099089868,0.00044575890706753836,0.0015928403990323999,0.006169272489336382,751.0,84901.0,4962.0,4211.0,37.5,0.0002479426662101373,0.002543780104342091,-0.011635438625416604,-0.0003695139104107564,0.0030421865715983365,0.008845596636082025
Roraima,2026-04-01,2026-05-01,0.0015116715102653042,0.003591254239675144,0.005159679149118502,0.0010029775026450397,0.002002633626947721,0.0062762992350702635,306.0,85207.0,4264.0,3958.0,85.0,0.002543780104342091,-0.011635438625416604,-0.0003695139104107564,0.0030421865715983365,0.008845596636082025,0.003591254239675144
Roraima,2026-05-01,2026-06-01,0.0023731864997252714,0.0015116715102653042,0.004649507462007491,0.0008309594036322418,0.0023834647198043117,0.006245781884687269,129.0,85336.0,4435.0,4306.0,70.5,-0.011635438625416604,-0.0003695139104107564,0.0030421865715983365,0.008845596636082025,0.003591254239675144,0.0015116715102653042
Santa Catarina,2020-07-01,2020-08-01,0.008805085324011103,0.005750355000507502,-0.0015802860504440283,-0.0062146032086703605,0.0007279836100480412,0.015749246741756186,11444.0,1990138.0,73172.0,61728.0,-12311.666666666666,0.008901604094219287,-0.003443191673894189,-0.03800517352101518,-0.01218728136653069,0.0016960682146911043,0.005750355000507502
Santa Catarina,2020-08-01,2020-09-01,0.012123743762478732,0.008805085324011103,0.005417169513069903,-0.006230689670371724,0.005896894861009036,0.01573384041562239,17679.0,2007817.0,87063.0,69384.0,-12454.833333333334,-0.003443191673894189,-0.03800517352101518,-0.01218728136653069,0.0016960682146911043,0.005750355000507502,0.008805085324011103
Santa Catarina,2020-09-01,2020-10-01,0.01578886455280057,0.012123743762478732,0.008893061362332446,-0.0036362004309762365,0.009076456379283178,0.017195199138258396,24641.0,2032458.0,100228.0,75587.0,-7157.0,-0.03800517352101518,-0.01218728136653069,0.0016960682146911043,0.005750355000507502,0.008805085324011103,0.012123743762478732
Santa Catarina,2020-10-01,2020-11-01,0.015605865379985994,0.01578886455280057,0.012239231213096802,0.005329472581326387,0.004977671044672079,0.009017171797974451,32605.0,2065063.0,118014.0,85409.0,10941.833333333334,-0.01218728136653069,0.0016960682146911043,0.005750355000507502,0.008805085324011103,0.012123743762478732,0.01578886455280057
Santa Catarina,2020-11-01,2020-12-01,-0.006273255487659512,0.015605865379985994,0.014506157898421764,0.009961663705745834,0.0029423763691948934,0.005129664313396305,32738.0,2097801.0,112160.0,79422.0,20410.5,0.0016960682146911043,0.005750355000507502,0.008805085324011103,0.012123743762478732,0.01578886455280057,0.015605865379985994
Santa Catarina,2020-12-01,2021-01-01,0.01542144616733164,-0.006273255487659512,0.008373824815042352,0.008633443088687397,-0.0010300168995025308,0.007555883448875805,-13078.0,2084723.0,85304.0,98382.0,17671.5,0.005750355000507502,0.008805085324011103,0.012123743762478732,0.01578886455280057,0.015605865379985994,-0.006273255487659512
Santa Catarina,2021-01-01,2021-02-01,0.01580978614281285,0.01542144616733164,0.00825135201988604,0.010245291616491422,-0.000636919791617905,0.007796630714288778,32653.0,2117376.0,126150.0,93497.0,21206.333333333332,0.008805085324011103,0.012123743762478732,0.01578886455280057,0.015605865379985994,-0.006273255487659512,0.01542144616733164
Santa Catarina,2021-02-01,2021-03-01,0.009467064404307463,0.01580978614281285,0.008319325607494992,0.011412741752958378,-0.00013003326063947676,0.008014949253443922,34013.0,2151389.0,134648.0,100635.0,23928.666666666668,0.012123743762478732,0.01578886455280057,0.015605865379985994,-0.006273255487659512,0.01542144616733164,0.01580978614281285
Santa Catarina,2021-03-01,2021-04-01,0.004751821569787396,0.009467064404307463,0.013566098904817317,0.010969961859929834,-0.0002657867656855374,0.008036793322973792,20562.0,2171951.0,127046.0,106484.0,23248.833333333332,0.01578886455280057,0.015605865379985994,-0.006273255487659512,0.01542144616733164,0.01580978614281285,0.009467064404307463
Santa Catarina,2021-04-01,2021-05-01,0.006070186992547534,0.004751821569787396,0.010009557372302571,0.009130454696094305,-0.00019031198284602427,0.007986248674721018,10370.0,2182321.0,104244.0,93874.0,19543.0,0.015605865379985994,-0.006273255487659512,0.01542144616733164,0.01580978614281285,0.009467064404307463,0.004751821569787396
Santa Catarina,2021-05-01,2021-06-01,0.007033281913313172,0.006070186992547534,0.006763024322214131,0.007541174964854562,0.0006675890534256308,0.007471729405727023,13328.0,2195649.0,109378.0,96050.0,16308.0,-0.006273255487659512,0.01542144616733164,0.01580978614281285,0.009467064404307463,0.004751821569787396,0.006070186992547534
Santa Catarina,2021-06-01,2021-07-01,0.006028020179707823,0.007033281913313172,0.0059517634918827,0.009758931198350008,-0.0021678531872973824,0.004375485729829389,15552.0,2211201.0,111948.0,96396.0,21079.666666666668,0.01542144616733164,0.01580978614281285,0.009467064404307463,0.004751821569787396,0.006070186992547534,0.007033281913313172
Santa Catarina,2021-07-01,2021-08-01,0.009074014847335079,0.006028020179707823,0.006377163028522843,0.008193360200412706,-0.0015683374818785103,0.0036972692217643083,13410.0,2224611.0,115238.0,101828.0,17872.5,0.01580978614281285,0.009467064404307463,0.004751821569787396,0.006070186992547534,0.007033281913313172,0.006028020179707823
Santa Catarina,2021-08-01,2021-09-01,0.008092615289723227,0.009074014847335079,0.007378438980118691,0.007070731651166412,8.075551330471398e-05,0.0016942371686994777,20371.0,2244982.0,127015.0,106644.0,15598.833333333334,0.009467064404307463,0.004751821569787396,0.006070186992547534,0.007033281913313172,0.006028020179707823,0.009074014847335079
Santa Catarina,2021-09-01,2021-10-01,0.007926339353225086,0.008092615289723227,0.007731550105588711,0.006841656798735705,0.0007060054408696123,0.0014265121381475392,18316.0,2263298.0,125664.0,107348.0,15224.5,0.004751821569787396,0.006070186992547534,0.007033281913313172,0.006028020179707823,0.009074014847335079,0.008092615289723227
Santa Catarina,2021-10-01,2021-11-01,0.007851493953949558,0.007926339353225086,0.008364323163427797,0.0073707430959753205,0.0004429930457212906,0.0011059801371026364,18083.0,2281381.0,122177.0,104094.0,16510.0,0.006070186992547534,0.007033281913313172,0.006028020179707823,0.009074014847335079,0.008092615289723227,0.007926339353225086
Santa Catarina,2021-11-01,2021-12-01,-0.01651266399714953,0.007851493953949558,0.007956816198965959,0.0076676275895423245,0.0002515605190320534,0.0009442797234003173,18054.0,2299435.0,117444.0,99390.0,17297.666666666668,0.007033281913313172,0.006028020179707823,0.009074014847335079,0.008092615289723227,0.007926339353225086,0.007851493953949558
Santa Catarina,2021-12-01,2022-01-01,0.010200429335160589,-0.01651266399714953,-0.00024494356332496167,0.0037433032711318742,-0.003329635985741184,0.009103407455638375,-37353.0,2262082.0,88735.0,126088.0,8480.166666666666,0.006028020179707823,0.009074014847335079,0.008092615289723227,0.007926339353225086,0.007851493953949558,-0.01651266399714953
Santa Catarina,2022-01-01,2022-02-01,0.012362143474503024,0.010200429335160589,0.0005130864306535388,0.004438704797040668,-0.0019502460234504648,0.009405718205620474,23312.0,2285394.0,137559.0,114247.0,10130.5,0.009074014847335079,0.008092615289723227,0.007926339353225086,0.007851493953949558,-0.01651266399714953,0.010200429335160589
Santa Catarina,2022-02-01,2022-03-01,0.004797529627057121,0.012362143474503024,0.002016636270838028,0.004986726234901993,0.0001087357976744686,0.009749342080505187,28606.0,2314000.0,149487.0,120881.0,11503.0,0.008092615289723227,0.007926339353225086,0.007851493953949558,-0.01651266399714953,0.010200429335160589,0.012362143474503024
Santa Catarina,2022-03-01,2022-04-01,0.0030788874330285173,0.004797529627057121,0.009120034145573578,0.004437545291124308,0.000702885521803734,0.009651232013735913,11155.0,2325155.0,139011.0,127856.0,10309.5,0.007926339353225086,0.007851493953949558,-0.01651266399714953,0.010200429335160589,0.012362143474503024,0.004797529627057121
Santa Catarina,2022-04-01,2022-05-01,0.0031772353692884345,0.0030788874330285173,0.006746186844862888,0.0036296366377582133,0.0012065503544959203,0.009527465954739123,7181.0,2332336.0,118660.0,111479.0,8492.5,0.007851493953949558,-0.01651266399714953,0.010200429335160589,0.012362143474503024,0.004797529627057121,0.0030788874330285173
Santa Catarina,2022-05-01,2022-06-01,0.004113331125709426,0.0031772353692884345,0.003684550809791357,0.0028505935403146925,0.0019862930650956486,0.009339653668950709,7434.0,2339770.0,125871.0,118437.0,6722.5,-0.01651266399714953,0.010200429335160589,0.012362143474503024,0.004797529627057121,0.0030788874330285173,0.0031772353692884345
Santa Catarina,2022-06-01,2022-07-01,0.0019511246047730123,0.004113331125709426,0.0034564846426754594,0.006288259394124519,-0.0017059673587693763,0.0036315347661920665,9664.0,2349434.0,119618.0,109954.0,14558.666666666666,0.010200429335160589,0.012362143474503024,0.004797529627057121,0.0030788874330285173,0.0031772353692884345,0.004113331125709426
Santa Catarina,2022-07-01,2022-08-01,0.004272611296850255,0.0019511246047730123,0.003080563699923624,0.004913375272393256,-0.0015431240547552343,0.0034470300016268716,4593.0,2354027.0,116726.0,112133.0,11438.833333333334,0.012362143474503024,0.004797529627057121,0.0030788874330285173,0.0031772353692884345,0.004113331125709426,0.0019511246047730123
Santa Catarina,2022-08-01,2022-09-01,0.006314855040787642,0.004272611296850255,0.003445689009110898,0.0035651199094511275,-0.00014490812512513843,0.0009409012163942716,10101.0,2364128.0,129146.0,119045.0,8354.666666666666,0.004797529627057121,0.0030788874330285173,0.0031772353692884345,0.004113331125709426,0.0019511246047730123,0.004272611296850255
Santa Catarina,2022-09-01,2022-10-01,0.002940696991705114,0.006314855040787642,0.00417953031413697,0.0038180074784062144,0.0004943931228727045,0.0013521752499422175,15024.0,2379152.0,123759.0,108735.0,8999.5,0.0030788874330285173,0.0031772353692884345,0.004113331125709426,0.0019511246047730123,0.004272611296850255,0.006314855040787642
Santa Catarina,2022-10-01,2022-11-01,0.001777095795419795,0.002940696991705114,0.00450938777644767,0.003794975738185647,0.0002212390442684369,0.0013656780929626655,7017.0,2386169.0,118189.0,111172.0,8972.166666666666,0.0031772353692884345,0.004113331125709426,0.0019511246047730123,0.004272611296850255,0.006314855040787642,0.002940696991705114
Santa Catarina,2022-11-01,2022-12-01,-0.01671416176120317,0.001777095795419795,0.0036775492759708503,0.003561619142540874,-0.00019057759276327045,0.0015574532854018875,4248.0,2390417.0,108835.0,104587.0,8441.166666666666,0.004113331125709426,0.0019511246047730123,0.004272611296850255,0.006314855040787642,0.002940696991705114,0.001777095795419795
Santa Catarina,2022-12-01,2023-01-01,0.006631694225491124,-0.01671416176120317,-0.003998789658026088,9.037032805544094e-05,-0.0029767753252358514,0.007670934966581275,-39297.0,2351120.0,83285.0,122582.0,281.0,0.0019511246047730123,0.004272611296850255,0.006314855040787642,0.002940696991705114,0.001777095795419795,-0.01671416176120317
Santa Catarina,2023-01-01,2023-02-01,0.008244737464026698,0.006631694225491124,-0.0027684572467640846,0.000870465264841793,-0.0016701496274015262,0.008049168515645553,15696.0,2366816.0,134150.0,118454.0,2131.5,0.004272611296850255,0.006314855040787642,0.002940696991705114,0.001777095795419795,-0.01671416176120317,0.006631694225491124
Santa Catarina,2023-02-01,2023-03-01,0.004954604680252254,0.008244737464026698,-0.0006125766905617837,0.0015324862927045331,6.374703602658133e-05,0.008454883643553032,19676.0,2386492.0,140663.0,120987.0,3727.3333333333335,0.006314855040787642,0.002940696991705114,0.001777095795419795,-0.01671416176120317,0.006631694225491124,0.008244737464026698
Santa Catarina,2023-03-01,2023-04-01,0.0029151234292028685,0.004954604680252254,0.0066103454565900254,0.0013057778992819687,0.0015090948410071629,0.008341081142933296,11883.0,2398375.0,147396.0,135513.0,3203.8333333333335,0.002940696991705114,0.001777095795419795,-0.01671416176120317,0.006631694225491124,0.008244737464026698,0.004954604680252254
Santa Catarina,2023-04-01,2023-05-01,0.0014927461090426955,0.0029151234292028685,0.005371488524493941,0.0013015156388649278,0.0020659851637662052,0.008340251109256323,7012.0,2405387.0,119009.0,111997.0,3203.0,0.001777095795419795,-0.01671416176120317,0.006631694225491124,0.008244737464026698,0.004954604680252254,0.0029151234292028685
Santa Catarina,2023-05-01,2023-06-01,0.0007876785342459731,0.0014927461090426955,0.0031208247394992734,0.0012541240244687446,0.0021884198336740027,0.008338221714984488,3596.0,2408983.0,128253.0,124657.0,3094.3333333333335,-0.01671416176120317,0.006631694225491124,0.008244737464026698,0.004954604680252254,0.0029151234292028685,0.0014927461090426955
Santa Catarina,2023-06-01,2023-07-01,0.0009199776884690328,0.0007876785342459731,0.0017318493574971791,0.004171097407043602,-0.0014718723934922043,0.0026913913143360615,1899.0,2410882.0,118427.0,116528.0,9960.333333333334,0.006631694225491124,0.008244737464026698,0.004954604680252254,0.0029151234292028685,0.0014927461090426955,0.0007876785342459731
Santa Catarina,2023-07-01,2023-08-01,0.0027696458060239588,0.0009199776884690328,0.0010668007772525671,0.0032191446508732543,-0.0014441987038847806,0.002662689168959642,2220.0,2413102.0,116639.0,114419.0,7714.333333333333,0.008244737464026698,0.004954604680252254,0.0029151234292028685,0.0014927461090426955,0.0007876785342459731,0.0009199776884690328
Santa Catarina,2023-08-01,2023-09-01,0.00494156436678522,0.0027696458060239588,0.001492434009579655,0.0023066293745394643,-0.0005032942619468487,0.001442731377955026,6702.0,2419804.0,131824.0,125122.0,5552.0,0.004954604680252254,0.0029151234292028685,0.0014927461090426955,0.0007876785342459731,0.0009199776884690328,0.0027696458060239588
Santa Catarina,2023-09-01,2023-10-01,0.004922965875183931,0.00494156436678522,0.002877062620426071,0.002304455988961625,0.00040272008380224587,0.0014387450449195426,12017.0,2431821.0,122880.0,110863.0,5574.333333333333,0.0029151234292028685,0.0014927461090426955,0.0007876785342459731,0.0009199776884690328,0.0027696458060239588,0.00494156436678522
Santa Catarina,2023-10-01,2023-11-01,0.002722682985353337,0.004922965875183931,0.004211392015997704,0.0026390963966251347,0.0008989264127393953,0.0017431627344527717,12031.0,2443852.0,125333.0,113302.0,6410.833333333333,0.0014927461090426955,0.0007876785342459731,0.0009199776884690328,0.0027696458060239588,0.00494156436678522,0.004922965875183931
Santa Catarina,2023-11-01,2023-12-01,-0.015952432084628567,0.002722682985353337,0.004195737742440829,0.002844085876010242,0.0006815972964697935,0.0016669553847625215,6672.0,2450524.0,117156.0,110484.0,6923.5,0.0007876785342459731,0.0009199776884690328,0.0027696458060239588,0.00494156436678522,0.004922965875183931,0.002722682985353337
Santa Catarina,2023-12-01,2024-01-01,0.010749486518232704,-0.015952432084628567,-0.0027689277413637664,5.406743953115245e-05,-0.002414901023402889,0.0072920904703055785,-38478.0,2412046.0,90807.0,129285.0,194.0,0.0009199776884690328,0.0027696458060239588,0.00494156436678522,0.004922965875183931,0.002722682985353337,-0.015952432084628567
Santa Catarina,2024-01-01,2024-02-01,0.01069818791758415,0.010749486518232704,-0.0008267541936808417,0.0016923189111584308,-0.0007138019623722358,0.008332531447753762,26210.0,2438256.0,152912.0,126702.0,4192.333333333333,0.0027696458060239588,0.00494156436678522,0.004922965875183931,0.002722682985353337,-0.015952432084628567,0.010749486518232704
Santa Catarina,2024-02-01,2024-03-01,0.005604969104483935,0.01069818791758415,0.001831747450396096,0.0030137425964184626,0.0007882161318045444,0.009000505189094794,26367.0,2464623.0,163981.0,137614.0,7469.833333333333,0.00494156436678522,0.004922965875183931,0.002722682985353337,-0.015952432084628567,0.010749486518232704,0.01069818791758415
Santa Catarina,2024-03-01,2024-04-01,0.0054001409325626455,0.005604969104483935,0.00901754784676693,0.003124310052701582,0.0015439557013158208,0.009027542753678891,13892.0,2478515.0,149297.0,135405.0,7782.333333333333,0.004922965875183931,0.002722682985353337,-0.015952432084628567,0.010749486518232704,0.01069818791758415,0.005604969104483935
Santa Catarina,2024-04-01,2024-05-01,0.0017121709959675448,0.0054001409325626455,0.007234432651543578,0.0032038392289313673,0.0022288055629352994,0.009045122655366541,13457.0,2491972.0,149261.0,135804.0,8020.0,0.002722682985353337,-0.015952432084628567,0.010749486518232704,0.01069818791758415,0.005604969104483935,0.0054001409325626455
Santa Catarina,2024-05-01,2024-06-01,0.004102883268901629,0.0017121709959675448,0.004239093677671375,0.003035420564033735,0.0019194788523677188,0.009061905951197888,4274.0,2496246.0,134519.0,130245.0,7620.333333333333,-0.015952432084628567,0.010749486518232704,0.01069818791758415,0.005604969104483935,0.0054001409325626455,0.0017121709959675448
Santa Catarina,2024-06-01,2024-07-01,0.004823955405212254,0.004102883268901629,0.0037383983991439392,0.006377973122955435,-0.0017255970052407557,0.0033234976449061956,10284.0,2506530.0,131434.0,121150.0,15747.333333333334,0.010749486518232704,0.01069818791758415,0.005604969104483935,0.0054001409325626455,0.0017121709959675448,0.004102883268901629
Santa Catarina,2024-07-01,2024-08-01,0.00302455626185271,0.004823955405212254,0.0035463365566938093,0.005390384604118693,-0.0010732968572914712,0.0026995886964784224,12150.0,2518680.0,142252.0,130102.0,13404.0,0.01069818791758415,0.005604969104483935,0.0054001409325626455,0.0017121709959675448,0.004102883268901629,0.004823955405212254
Santa Catarina,2024-08-01,2024-09-01,0.005148470403383483,0.00302455626185271,0.003983798311988865,0.00411144599483012,-0.0003497116720649489,0.001374587132777486,7641.0,2526321.0,139915.0,132274.0,10283.0,0.005604969104483935,0.0054001409325626455,0.0017121709959675448,0.004102883268901629,0.004823955405212254,0.00302455626185271
Santa Catarina,2024-09-01,2024-10-01,0.003971335780852866,0.005148470403383483,0.004332327356816149,0.004035362877980044,9.713929394486563e-05,0.0013004496154812699,13074.0,2539395.0,139734.0,126660.0,10146.666666666666,0.0054001409325626455,0.0017121709959675448,0.004102883268901629,0.004823955405212254,0.00302455626185271,0.005148470403383483
Santa Catarina,2024-10-01,2024-11-01,0.003504416283692778,0.003971335780852866,0.00404812081536302,0.0037972286860284143,0.00036094817670036055,0.0011509596130381686,10125.0,2549520.0,148816.0,138691.0,9591.333333333334,0.0017121709959675448,0.004102883268901629,0.004823955405212254,0.00302455626185271,0.005148470403383483,0.003971335780852866
Santa Catarina,2024-11-01,2024-12-01,-0.01710098593940136,0.003504416283692778,0.004208074155976376,0.00409593623398262,-9.789370450261862e-05,0.0007247027576784543,8966.0,2558486.0,128644.0,119678.0,10373.333333333334,0.004102883268901629,0.004823955405212254,0.00302455626185271,0.005148470403383483,0.003971335780852866,0.003504416283692778
Santa Catarina,2024-12-01,2025-01-01,0.009084781710367137,-0.01710098593940136,-0.0032084112916185726,0.0005619580325987883,-0.00312463603657367,0.007932282293661214,-43017.0,2515469.0,92124.0,135141.0,1489.8333333333333,0.004823955405212254,0.00302455626185271,0.005148470403383483,0.003971335780852866,0.003504416283692778,-0.01710098593940136
Santa Catarina,2025-01-01,2025-02-01,0.011717150167326681,0.009084781710367137,-0.0015039293151138157,0.0012720957501246022,-0.0010546903223697854,0.008455518342962338,23062.0,2538531.0,166537.0,143475.0,3308.5,0.00302455626185271,0.005148470403383483,0.003971335780852866,0.003504416283692778,-0.01710098593940136,0.009084781710367137
Santa Catarina,2025-02-01,2025-03-01,0.0038166059006332826,0.011717150167326681,0.0012336486460974856,0.002720861401036931,0.0007879524110047044,0.009331034733213329,30097.0,2568628.0,180067.0,149970.0,7051.166666666667,0.005148470403383483,0.003971335780852866,0.003504416283692778,-0.01710098593940136,0.009084781710367137,0.011717150167326681
Santa Catarina,2025-03-01,2025-04-01,0.004040280749298262,0.0038166059006332826,0.008206179259442366,0.002498883983911897,0.0014300091399877795,0.009286378751092393,9841.0,2578469.0,158012.0,148171.0,6512.333333333333,0.003971335780852866,0.003504416283692778,-0.01710098593940136,0.009084781710367137,0.011717150167326681,0.0038166059006332826
Santa Catarina,2025-04-01,2025-05-01,0.000141351217223221,0.004040280749298262,0.006524678939086075,0.00251037481198613,0.001944699037288311,0.009288236101934636,10460.0,2588929.0,147644.0,137184.0,6568.166666666667,0.003504416283692778,-0.01710098593940136,0.009084781710367137,0.011717150167326681,0.0038166059006332826,0.004040280749298262
Santa Catarina,2025-05-01,2025-06-01,0.002518652008815667,0.000141351217223221,0.0026660792890515887,0.0019498639675745372,0.0018050753895206533,0.009312778847874787,366.0,2589295.0,141290.0,140924.0,5134.833333333333,-0.01710098593940136,0.009084781710367137,0.011717150167326681,0.0038166059006332826,0.004040280749298262,0.000141351217223221
Santa Catarina,2025-06-01,2025-07-01,0.001067110596989309,0.002518652008815667,0.0022334279917790496,0.0052198036256107085,-0.0019238391574115075,0.003949698399268256,6538.0,2595833.0,133525.0,126987.0,13394.0,0.009084781710367137,0.011717150167326681,0.0038166059006332826,0.004040280749298262,0.000141351217223221,0.002518652008815667
Santa Catarina,2025-07-01,2025-08-01,0.00012120414587438402,0.001067110596989309,0.0012423712743427323,0.0038835251067144035,-0.0017440854016918497,0.003768148678618021,2773.0,2598606.0,141771.0,138998.0,10012.5,0.011717150167326681,0.0038166059006332826,0.004040280749298262,0.000141351217223221,0.002518652008815667,0.001067110596989309
Santa Catarina,2025-08-01,2025-09-01,0.004354310464711352,0.00012120414587438402,0.0012356555838931198,0.0019508674364723541,-0.0007148348125465402,0.001611006423796179,315.0,2598921.0,134567.0,134252.0,5048.833333333333,0.0038166059006332826,0.004040280749298262,0.000141351217223221,0.002518652008815667,0.001067110596989309,0.00012120414587438402
Santa Catarina,2025-09-01,2025-10-01,0.0023474743629580625,0.004354310464711352,0.0018475417358583483,0.0020404848638186993,1.6618843197879671e-06,0.0017233407894122065,11366.0,2610287.0,145020.0,133654.0,5303.0,0.004040280749298262,0.000141351217223221,0.002518652008815667,0.001067110596989309,0.00012120414587438402,0.004354310464711352
Santa Catarina,2025-10-01,2025-11-01,0.0019789313236830554,0.0023474743629580625,0.002274329657847933,0.0017583504660953324,0.0004454767041498952,0.0014964892759076608,6142.0,2616429.0,146208.0,140066.0,4583.333333333333,0.000141351217223221,0.002518652008815667,0.001067110596989309,0.00012120414587438402,0.004354310464711352,0.0023474743629580625
Santa Catarina,2025-11-01,2025-12-01,-0.01828947554124039,0.0019789313236830554,0.0028935720504508233,0.002064613817171972,0.00015358840545943325,0.0013107292385058542,5188.0,2621617.0,123724.0,118536.0,5387.0,0.002518652008815667,0.001067110596989309,0.00012120414587438402,0.004354310464711352,0.0023474743629580625,0.0019789313236830554
Santa Catarina,2025-12-01,2026-01-01,0.007328355451467194,-0.01828947554124039,-0.004654356618199757,-0.001403407441170704,-0.0026633310074135924,0.007661895338414519,-47948.0,,91243.0,139191.0,-3694.0,0.001067110596989309,0.00012120414587438402,0.004354310464711352,0.0023474743629580625,0.0019789313236830554,-0.01828947554124039
Santa Catarina,2026-01-01,2026-02-01,0.008310523730911462,0.007328355451467194,-0.002994062922030046,-0.00035986663209105677,-0.0009218327008333199,0.008325004508267,19000.0,2592669.0,157927.0,138927.0,-989.5,0.00012120414587438402,0.004354310464711352,0.0023474743629580625,0.0019789313236830554,-0.01828947554124039,0.007328355451467194
Santa Catarina,2026-02-01,2026-03-01,0.0064106072214722655,0.008310523730911462,-0.0008835321196205772,0.0010050199654151229,0.00041300864947441427,0.008940553187444257,21727.0,2614396.0,167279.0,145552.0,2579.1666666666665,0.004354310464711352,0.0023474743629580625,0.0019789313236830554,-0.01828947554124039,0.007328355451467194,0.008310523730911462
Santa Catarina,2026-03-01,2026-04-01,0.0013321825704975076,0.0064106072214722655,0.00734982880128364,0.0013477360915419418,0.0018550935001989657,0.009100355748180444,16868.0,2631264.0,169603.0,152735.0,3496.1666666666665,0.0023474743629580625,0.0019789313236830554,-0.01828947554124039,0.007328355451467194,0.008310523730911462,0.0064106072214722655
Santa Catarina,2026-04-01,2026-05-01,-0.0002513180912580786,0.0013321825704975076,0.005351104507627078,0.001178520792798516,0.002052819222904414,0.009089626054440258,3510.0,2634774.0,148066.0,144556.0,3057.5,0.0019789313236830554,-0.01828947554124039,0.007328355451467194,0.008310523730911462,0.0064106072214722655,0.0013321825704975076
Santa Catarina,2026-05-01,2026-06-01,0.00030665067630136777,-0.0002513180912580786,0.0024971572335705646,0.0008068125569749936,0.002008638631358951,0.009094894089527104,-662.0,2634112.0,136956.0,137618.0,2082.5,-0.01828947554124039,0.007328355451467194,0.008310523730911462,0.0064106072214722655,0.0013321825704975076,-0.0002513180912580786
Sergipe,2020-07-01,2020-08-01,0.0013593213792283808,-0.002930609998289238,-0.00650202893212035,-0.009150513859371894,0.0013257489008923038,0.005636649709968093,-788.0,268886.0,4496.0,5284.0,-2513.0,-0.0074789963669391465,-0.009173129390534706,-0.018744870602396456,-0.013560725654097978,-0.003014751143973835,-0.002930609998289238
Sergipe,2020-08-01,2020-09-01,0.012839408404643012,0.0013593213792283808,-0.001528679921011564,-0.007677460901677305,0.0031614574334646057,0.0068953399195311495,366.0,269252.0,5268.0,4902.0,-2100.6666666666665,-0.009173129390534706,-0.018744870602396456,-0.013560725654097978,-0.003014751143973835,-0.002930609998289238,0.0013593213792283808
Sergipe,2020-09-01,2020-10-01,0.013569325801248436,0.012839408404643012,0.003756039928527385,-0.004008704602481019,0.005793305065167455,0.010191667682000432,3502.0,272754.0,8899.0,5397.0,-1090.0,-0.018744870602396456,-0.013560725654097978,-0.003014751143973835,-0.002930609998289238,0.0013593213792283808,0.012839408404643012
Sergipe,2020-10-01,2020-11-01,0.00971993410214168,0.013569325801248436,0.009256018528373275,0.0013769947981264634,0.005357219065717148,0.009495775877876285,3752.0,276506.0,9021.0,5269.0,391.8333333333333,-0.013560725654097978,-0.003014751143973835,-0.002930609998289238,0.0013593213792283808,0.012839408404643012,0.013569325801248436
Sergipe,2020-11-01,2020-12-01,0.002179894936211271,0.00971993410214168,0.012042889436011043,0.0052571047574997394,0.003561523447274434,0.007037473283286816,2714.0,279220.0,7449.0,4735.0,1455.5,-0.003014751143973835,-0.002930609998289238,0.0013593213792283808,0.012839408404643012,0.013569325801248436,0.00971993410214168
Sergipe,2020-12-01,2021-01-01,0.0016945826867162555,0.002179894936211271,0.008489718279867128,0.006122879104197256,0.0014675508639385101,0.006241052397779136,610.0,279830.0,6461.0,5851.0,1692.6666666666667,-0.002930609998289238,0.0013593213792283808,0.012839408404643012,0.013569325801248436,0.00971993410214168,0.002179894936211271
Sergipe,2021-01-01,2021-02-01,0.0007521852585948752,0.0016945826867162555,0.004531470575023069,0.006893744551698173,-0.000975760730484646,0.005288086503236573,475.0,280305.0,7400.0,6925.0,1903.1666666666667,0.0013593213792283808,0.012839408404643012,0.013569325801248436,0.00971993410214168,0.002179894936211271,0.0016945826867162555
Sergipe,2021-02-01,2021-03-01,-0.005289564220183486,0.0007521852585948752,0.0015422209605074674,0.006792555198259255,-0.0029600109782790753,0.005397694387135946,211.0,280516.0,7590.0,7379.0,1877.3333333333333,0.012839408404643012,0.013569325801248436,0.00971993410214168,0.002179894936211271,0.0016945826867162555,0.0007521852585948752
Sergipe,2021-03-01,2021-04-01,-0.0012989902324546609,-0.005289564220183486,-0.0009475987582907852,0.003771059760788172,-0.0034766573967798566,0.006183946906460302,-1476.0,279040.0,7674.0,9150.0,1047.6666666666667,0.013569325801248436,0.00971993410214168,0.002179894936211271,0.0016945826867162555,0.0007521852585948752,-0.005289564220183486
Sergipe,2021-04-01,2021-05-01,0.0018803522884782756,-0.0012989902324546609,-0.001945456398014424,0.0012930070885043225,-0.0022412970448653525,0.004514829552083254,-362.0,278678.0,6262.0,6624.0,362.0,0.00971993410214168,0.002179894936211271,0.0016945826867162555,0.0007521852585948752,-0.005289564220183486,-0.0012989902324546609
Sergipe,2021-05-01,2021-06-01,0.003966965734976723,0.0018803522884782756,-0.0015694007213866237,-1.3589880439578208e-05,-0.0004720051849987453,0.0026264937642361003,525.0,279203.0,6582.0,6057.0,-2.8333333333333335,0.002179894936211271,0.0016945826867162555,0.0007521852585948752,-0.005289564220183486,-0.0012989902324546609,0.0018803522884782756
Sergipe,2021-06-01,2021-07-01,0.005379110175956513,0.003966965734976723,0.0015161092636667792,0.00028425525268799696,0.0005353425805337532,0.0029408613814097756,1112.0,280315.0,7080.0,5968.0,80.83333333333333,0.0016945826867162555,0.0007521852585948752,-0.005289564220183486,-0.0012989902324546609,0.0018803522884782756,0.003966965734976723
Sergipe,2021-07-01,2021-08-01,0.0061640671558895405,0.005379110175956513,0.0037421427331371707,0.0008983431675613733,0.0015452444849491927,0.0035023300197350522,1516.0,281831.0,7204.0,5688.0,254.33333333333334,0.0007521852585948752,-0.005289564220183486,-0.0012989902324546609,0.0018803522884782756,0.003966965734976723,0.005379110175956513
Sergipe,2021-08-01,2021-09-01,0.02203009307955733,0.0061640671558895405,0.005170047688940926,0.0018003234837771509,0.0022682591872027736,0.0040088021786372574,1748.0,283579.0,8475.0,6727.0,510.5,-0.005289564220183486,-0.0012989902324546609,0.0018803522884782756,0.003966965734976723,0.005379110175956513,0.0061640671558895405
Sergipe,2021-09-01,2021-10-01,0.007944192220713062,0.02203009307955733,0.011191090137134463,0.006353599700400621,0.0037402487315220992,0.007427495022538972,6388.0,289967.0,13898.0,7510.0,1821.1666666666667,-0.0012989902324546609,0.0018803522884782756,0.003966965734976723,0.005379110175956513,0.0061640671558895405,0.02203009307955733
Sergipe,2021-10-01,2021-11-01,0.006215213673470082,0.007944192220713062,0.012046117485386643,0.007894130109261906,0.0024369582478528224,0.00659209807396357,2322.0,292289.0,9122.0,6800.0,2268.5,0.0018803522884782756,0.003966965734976723,0.005379110175956513,0.0061640671558895405,0.02203009307955733,0.007944192220713062
Sergipe,2021-11-01,2021-12-01,-0.0020032092229387895,0.006215213673470082,0.012063166324580156,0.008616607006760542,0.0009943574785829777,0.00611359062003981,1828.0,294117.0,8464.0,6636.0,2485.6666666666665,0.003966965734976723,0.005379110175956513,0.0061640671558895405,0.02203009307955733,0.007944192220713062,0.006215213673470082
Sergipe,2021-12-01,2022-01-01,-0.004280171617432718,-0.0020032092229387895,0.004052065557081452,0.007621577847107957,-0.001452687380016548,0.00718188434235274,-588.0,293529.0,7621.0,8209.0,2202.3333333333335,0.005379110175956513,0.0061640671558895405,0.02203009307955733,0.007944192220713062,0.006215213673470082,-0.0020032092229387895
Sergipe,2022-01-01,2022-02-01,0.005850379934557378,-0.004280171617432718,-2.2722388967141963e-05,0.006011697548209751,-0.0036014308377526464,0.008471023824794735,-1251.0,292278.0,8323.0,9574.0,1741.1666666666667,0.0061640671558895405,0.02203009307955733,0.007944192220713062,0.006215213673470082,-0.0020032092229387895,-0.004280171617432718
Sergipe,2022-02-01,2022-03-01,-0.008669816208130484,0.005850379934557378,-0.00014433363527137656,0.00595941634465439,-0.0035940022895955986,0.008470890102493155,1720.0,293998.0,9926.0,8206.0,1736.5,0.02203009307955733,0.007944192220713062,0.006215213673470082,-0.0020032092229387895,-0.004280171617432718,0.005850379934557378
Sergipe,2022-03-01,2022-04-01,0.005747792983940291,-0.008669816208130484,-0.002366535963668608,0.000842764796706422,-0.002469757307298564,0.006180654371479056,-2527.0,291471.0,9049.0,11576.0,250.66666666666666,0.007944192220713062,0.006215213673470082,-0.0020032092229387895,-0.004280171617432718,0.005850379934557378,-0.008669816208130484
Sergipe,2022-04-01,2022-05-01,0.0029996122950094887,0.005747792983940291,0.0009761189034557284,0.0004766982572442932,-0.0003487535100352557,0.005802699552066858,1685.0,293156.0,9138.0,7453.0,144.5,0.006215213673470082,-0.0020032092229387895,-0.004280171617432718,0.005850379934557378,-0.008669816208130484,0.005747792983940291
Sergipe,2022-05-01,2022-06-01,0.0028351092330961697,0.0029996122950094887,2.5863023606432015e-05,-5.923530583247227e-05,0.0011593658643192161,0.005381126274688231,882.0,294038.0,9056.0,8174.0,-13.166666666666666,-0.0020032092229387895,-0.004280171617432718,0.005850379934557378,-0.008669816208130484,0.005747792983940291,0.0029996122950094887
Sergipe,2022-06-01,2022-07-01,0.0027731370944287,0.0028351092330961697,0.003860838170681983,0.0007471511035066876,0.0011840488721734724,0.005391903828541998,836.0,294874.0,8554.0,7718.0,224.16666666666666,-0.004280171617432718,0.005850379934557378,-0.008669816208130484,0.005747792983940291,0.0029996122950094887,0.0028351092330961697
Sergipe,2022-07-01,2022-08-01,0.006347808846607501,0.0027731370944287,0.002869286207511453,0.0019227025554835904,0.0004680108981173073,0.004915534551720422,820.0,295694.0,9399.0,8579.0,569.3333333333334,0.005850379934557378,-0.008669816208130484,0.005747792983940291,0.0029996122950094887,0.0028351092330961697,0.0027731370944287
Sergipe,2022-08-01,2022-09-01,0.01742713654118556,0.006347808846607501,0.00398535172471079,0.002005607374158611,0.0018857044155211943,0.004984786127388734,1889.0,297583.0,9959.0,8070.0,597.5,-0.008669816208130484,0.005747792983940291,0.0029996122950094887,0.0028351092330961697,0.0027731370944287,0.006347808846607501
Sergipe,2022-09-01,2022-10-01,0.0032352128065717936,0.01742713654118556,0.008849360827407254,0.0063550994990446185,0.0019536952943529397,0.005154916086228424,5278.0,302861.0,13139.0,7861.0,1898.3333333333333,0.005747792983940291,0.0029996122950094887,0.0028351092330961697,0.0027731370944287,0.006347808846607501,0.01742713654118556
Sergipe,2022-10-01,2022-11-01,0.004074247673614411,0.0032352128065717936,0.009003386064788284,0.0059363361361498695,0.0013865358924073856,0.005287590099820251,983.0,303844.0,9012.0,8029.0,1781.3333333333333,0.0029996122950094887,0.0028351092330961697,0.0027731370944287,0.006347808846607501,0.01742713654118556,0.0032352128065717936
Sergipe,2022-11-01,2022-12-01,-0.0042462565463121755,0.004074247673614411,0.008245532340457254,0.006115442032584024,0.000533178486674244,0.005202598827712025,1243.0,305087.0,8540.0,7297.0,1841.5,0.0028351092330961697,0.0027731370944287,0.006347808846607501,0.01742713654118556,0.0032352128065717936,0.004074247673614411
Sergipe,2022-12-01,2023-01-01,-0.0013745138110620343,-0.0042462565463121755,0.00102106797795801,0.004935214402682632,-0.0016031307273513542,0.006463342762416249,-1290.0,303797.0,7193.0,8483.0,1487.1666666666667,0.0027731370944287,0.006347808846607501,0.01742713654118556,0.0032352128065717936,0.004074247673614411,-0.0042462565463121755
Sergipe,2023-01-01,2023-02-01,0.004260235396057477,-0.0013745138110620343,-0.0005155075612532662,0.004243939251767509,-0.002936935933822807,0.006866825101234844,-417.0,303380.0,9621.0,10038.0,1281.0,0.006347808846607501,0.01742713654118556,0.0032352128065717936,0.004074247673614411,-0.0042462565463121755,-0.0013745138110620343
Sergipe,2023-02-01,2023-03-01,0.004538222023282484,0.004260235396057477,-0.00045351165377224427,0.003896010343342505,-0.0025138339942419557,0.006804010985759468,1298.0,304678.0,9312.0,8014.0,1182.5,0.01742713654118556,0.0032352128065717936,0.004074247673614411,-0.0042462565463121755,-0.0013745138110620343,0.004260235396057477
Sergipe,2023-03-01,2023-04-01,-0.0018625326516049205,0.004538222023282484,0.0024746478694259756,0.001747857923691993,0.00028413577103236526,0.003351643868253501,1389.0,306067.0,10760.0,9371.0,534.3333333333334,0.0032352128065717936,0.004074247673614411,-0.0042462565463121755,-0.0013745138110620343,0.004260235396057477,0.004538222023282484
Sergipe,2023-04-01,2023-05-01,-0.0005633323071078126,-0.0018625326516049205,0.002311974922578347,0.0008982336806625403,6.583666542305269e-05,0.003509335814417355,-569.0,305498.0,9427.0,9996.0,275.6666666666667,0.004074247673614411,-0.0042462565463121755,-0.0013745138110620343,0.004260235396057477,0.004538222023282484,-0.0018625326516049205
Sergipe,2023-05-01,2023-06-01,0.002065642996751188,-0.0005633323071078126,0.0007041190215232503,0.00012530368387550302,0.0004922443229033759,0.003223797262124685,-172.0,305326.0,9606.0,9778.0,39.833333333333336,-0.0042462565463121755,-0.0013745138110620343,0.004260235396057477,0.004538222023282484,-0.0018625326516049205,-0.0005633323071078126
Sergipe,2023-06-01,2023-07-01,0.0016054821341164953,0.002065642996751188,-0.00012007398732051505,0.0011772869410527304,-0.00010487639272334751,0.002593953799586671,632.0,305958.0,8940.0,8308.0,360.1666666666667,-0.0013745138110620343,0.004260235396057477,0.004538222023282484,-0.0018625326516049205,-0.0005633323071078126,0.002065642996751188
Sergipe,2023-07-01,2023-08-01,0.00791531102801923,0.0016054821341164953,0.0010359309412532904,0.0016739529319158184,-0.0005540658012800482,0.0023296344238359994,492.0,306450.0,9321.0,8829.0,511.6666666666667,0.004260235396057477,0.004538222023282484,-0.0018625326516049205,-0.0005633323071078126,0.002065642996751188,0.0016054821341164953
Sergipe,2023-08-01,2023-09-01,0.01891688449457045,0.00791531102801923,0.0038621453862956383,0.0022831322039094442,0.0008548132767059136,0.0032301258200272166,2445.0,308895.0,11235.0,8790.0,702.8333333333334,0.004538222023282484,-0.0018625326516049205,-0.0005633323071078126,0.002065642996751188,0.0016054821341164953,0.00791531102801923
Sergipe,2023-09-01,2023-10-01,0.00506550715111833,0.01891688449457045,0.009479225885568725,0.004679575949124105,0.003682081567817807,0.007068013703875114,5956.0,314851.0,13883.0,7927.0,1464.0,-0.0018625326516049205,-0.0005633323071078126,0.002065642996751188,0.0016054821341164953,0.00791531102801923,0.01891688449457045
Sergipe,2023-10-01,2023-11-01,0.00546523650740274,0.00506550715111833,0.01063256755790267,0.00583424924957798,0.00242879287652832,0.006443226956441059,1603.0,316454.0,10055.0,8452.0,1826.0,-0.0005633323071078126,0.002065642996751188,0.0016054821341164953,0.00791531102801923,0.01891688449457045,0.00506550715111833
Sergipe,2023-11-01,2023-12-01,-0.00234368355231864,0.00546523650740274,0.009815876051030506,0.006839010718663073,0.0010965604591661275,0.005805757037116197,1739.0,318193.0,9485.0,7746.0,2144.5,0.002065642996751188,0.0016054821341164953,0.00791531102801923,0.01891688449457045,0.00506550715111833,0.00546523650740274
Sergipe,2023-12-01,2024-01-01,0.002441660957935555,-0.00234368355231864,0.00272902003540081,0.006104122960484768,-0.00116992655249935,0.006589604985722508,-744.0,317449.0,7753.0,8497.0,1915.1666666666667,0.0016054821341164953,0.00791531102801923,0.01891688449457045,0.00506550715111833,0.00546523650740274,-0.00234368355231864
Sergipe,2024-01-01,2024-02-01,0.00493738371820328,0.002441660957935555,0.0018544046376732183,0.006243486097787944,-0.002592863575280035,0.006501239488722761,777.0,318226.0,10298.0,9521.0,1962.6666666666667,0.00791531102801923,0.01891688449457045,0.00506550715111833,0.00546523650740274,-0.00234368355231864,0.002441660957935555
Sergipe,2024-02-01,2024-03-01,-0.0058975246123360485,0.00493738371820328,0.001678453707940065,0.005747164879485286,-0.002445084643460158,0.006468250480314831,1579.0,319805.0,11285.0,9706.0,1818.3333333333333,0.01891688449457045,0.00506550715111833,0.00546523650740274,-0.00234368355231864,0.002441660957935555,0.00493738371820328
Sergipe,2024-03-01,2024-04-01,0.0049139280125195615,-0.0058975246123360485,0.0004938400212675956,0.0016114300283342029,-0.001474667790703316,0.004292649681400747,-1875.0,317930.0,11364.0,13239.0,513.1666666666666,0.00506550715111833,0.00546523650740274,-0.00234368355231864,0.002441660957935555,0.00493738371820328,-0.0058975246123360485
Sergipe,2024-04-01,2024-05-01,0.002257801594513823,0.0049139280125195615,0.0013179290394622642,0.0015861668385677413,-0.0003120669398342972,0.004272646769787322,1570.0,319500.0,11525.0,9955.0,507.6666666666667,0.00546523650740274,-0.00234368355231864,0.002441660957935555,0.00493738371820328,-0.0058975246123360485,0.0049139280125195615
Sergipe,2024-05-01,2024-06-01,0.0056545068375749895,0.002257801594513823,0.0004247349982324453,0.0010515943530862552,0.0005596948162107144,0.0039417079168925446,723.0,320223.0,10169.0,9446.0,338.3333333333333,-0.00234368355231864,0.002441660957935555,0.00493738371820328,-0.0058975246123360485,0.0049139280125195615,0.002257801594513823
Sergipe,2024-06-01,2024-07-01,0.00390958466848949,0.0056545068375749895,0.004275412148202791,0.0023846260847351936,0.0005381981614852686,0.003920446775389977,1821.0,322044.0,10509.0,8688.0,765.8333333333334,0.002441660957935555,0.00493738371820328,-0.0058975246123360485,0.0049139280125195615,0.002257801594513823,0.0056545068375749895
Sergipe,2024-07-01,2024-08-01,0.00862259291058506,0.00390958466848949,0.003940631033526101,0.0026292800364941826,0.0007674563623759551,0.003961955112498777,1264.0,323308.0,10738.0,9474.0,847.0,0.00493738371820328,-0.0058975246123360485,0.0049139280125195615,0.002257801594513823,0.0056545068375749895,0.00390958466848949
Sergipe,2024-08-01,2024-09-01,0.017053571966797076,0.00862259291058506,0.0060622281388831795,0.0032434815685578127,0.0020852646521593277,0.0045186931250458485,2812.0,326120.0,12452.0,9640.0,1052.5,-0.0058975246123360485,0.0049139280125195615,0.002257801594513823,0.0056545068375749895,0.00390958466848949,0.00862259291058506
Sergipe,2024-09-01,2024-10-01,0.003271576936133651,0.017053571966797076,0.009861916515290543,0.007068664331746667,0.002229933472871879,0.0048627836528686175,5658.0,331778.0,14865.0,9207.0,2308.0,0.0049139280125195615,0.002257801594513823,0.0056545068375749895,0.00390958466848949,0.00862259291058506,0.017053571966797076
Sergipe,2024-10-01,2024-11-01,0.004492043221710146,0.003271576936133651,0.00964924727117193,0.006794939152349014,0.001256545152510313,0.005020050138679672,1089.0,332867.0,11966.0,10877.0,2227.8333333333335,0.002257801594513823,0.0056545068375749895,0.00390958466848949,0.00862259291058506,0.017053571966797076,0.003271576936133651
Sergipe,2024-11-01,2024-12-01,-0.005403341231372455,0.004492043221710146,0.008272397374880293,0.007167312756881736,2.013250799486533e-05,0.004745017741618833,1502.0,334369.0,11089.0,9587.0,2357.6666666666665,0.0056545068375749895,0.00390958466848949,0.00862259291058506,0.017053571966797076,0.003271576936133651,0.004492043221710146
Sergipe,2024-12-01,2025-01-01,-0.002752827452292867,-0.005403341231372455,0.0007867596421571142,0.0053243380787238274,-0.002078236388474225,0.006713724576897176,-1797.0,332572.0,8826.0,10623.0,1754.6666666666667,0.00390958466848949,0.00862259291058506,0.017053571966797076,0.003271576936133651,0.004492043221710146,-0.005403341231372455
Sergipe,2025-01-01,2025-02-01,0.002613313766058798,-0.002752827452292867,-0.0012213751539850587,0.004213936058593435,-0.0035150678606663357,0.007374344107471701,-913.0,331659.0,11981.0,12894.0,1391.8333333333333,0.00862259291058506,0.017053571966797076,0.003271576936133651,0.004492043221710146,-0.005403341231372455,-0.002752827452292867
Sergipe,2025-02-01,2025-03-01,-0.004859180466578025,0.002613313766058798,-0.0018476183058688414,0.0032123895345057257,-0.0028619968177729578,0.0071109407480971255,869.0,332528.0,14207.0,13338.0,1068.0,0.017053571966797076,0.003271576936133651,0.004492043221710146,-0.005403341231372455,-0.002752827452292867,0.002613313766058798
Sergipe,2025-03-01,2025-04-01,0.008535843652346383,-0.004859180466578025,-0.0016662313842706982,-0.00043973587105679187,-0.0012468417600409378,0.004019466407961426,-1608.0,330920.0,11340.0,12948.0,-143.0,0.003271576936133651,0.004492043221710146,-0.005403341231372455,-0.002752827452292867,0.002613313766058798,-0.004859180466578025
Sergipe,2025-04-01,2025-05-01,0.005775852824478416,0.008535843652346383,0.0020966589839423854,0.0004376419149786633,0.0007776464475976035,0.005149516086972472,2849.0,333769.0,13442.0,10593.0,150.33333333333334,0.004492043221710146,-0.005403341231372455,-0.002752827452292867,0.002613313766058798,-0.004859180466578025,0.008535843652346383
Sergipe,2025-05-01,2025-06-01,0.007118879671117815,0.005775852824478416,0.003150838670082258,0.0006516101821067082,0.0023511282674438644,0.005336801895364227,1939.0,335708.0,13638.0,11699.0,223.16666666666666,-0.005403341231372455,-0.002752827452292867,0.002613313766058798,-0.004859180466578025,0.008535843652346383,0.005775852824478416
Sergipe,2025-06-01,2025-07-01,0.00035773838385032937,0.007118879671117815,0.007143525382647537,0.00273864699918842,0.002064033626035333,0.004998625290866688,2407.0,338115.0,12649.0,10242.0,923.8333333333334,-0.002752827452292867,0.002613313766058798,-0.004859180466578025,0.008535843652346383,0.005775852824478416,0.007118879671117815
Sergipe,2025-07-01,2025-08-01,0.0068415520046041,0.00035773838385032937,0.004417490293148853,0.0032570746385456196,0.00062560893354792,0.004542711372274915,121.0,338236.0,12225.0,12104.0,1096.1666666666667,0.002613313766058798,-0.004859180466578025,0.008535843652346383,0.005775852824478416,0.007118879671117815,0.00035773838385032937
Sergipe,2025-08-01,2025-09-01,0.01720495890663958,0.0068415520046041,0.004772723353190748,0.003961781011636503,0.001008924954201767,0.004712956311487977,2330.0,340566.0,13547.0,11217.0,1339.6666666666667,-0.004859180466578025,0.008535843652346383,0.005775852824478416,0.007118879671117815,0.00035773838385032937,0.0068415520046041
Sergipe,2025-09-01,2025-10-01,0.003095476461720809,0.01720495890663958,0.008134749765031335,0.007639137573839436,0.0011366152149878724,0.0049951048505688335,5962.0,346528.0,16267.0,10305.0,2601.3333333333335,0.008535843652346383,0.005775852824478416,0.007118879671117815,0.00035773838385032937,0.0068415520046041,0.01720495890663958
Sergipe,2025-10-01,2025-11-01,0.005646808437601908,0.003095476461720809,0.009047329124321496,0.006732409708735174,0.0006668619861008866,0.005237911110221109,1076.0,347604.0,13925.0,12849.0,2305.8333333333335,0.005775852824478416,0.007118879671117815,0.00035773838385032937,0.0068415520046041,0.01720495890663958,0.003095476461720809
Sergipe,2025-11-01,2025-12-01,-0.0070971285378370495,0.005646808437601908,0.0086490812686541,0.006710902310922424,0.00032046471337335373,0.005242057967846366,1974.0,349578.0,12221.0,10247.0,2311.6666666666665,0.007118879671117815,0.00035773838385032937,0.0068415520046041,0.01720495890663958,0.003095476461720809,0.005646808437601908
Sergipe,2025-12-01,2026-01-01,0.0008434324534384985,-0.0070971285378370495,0.0005483854538285557,0.004341567609429946,-0.0015705156501246349,0.007322201618562229,-2481.0,,9241.0,11722.0,1497.0,0.00035773838385032937,0.0068415520046041,0.01720495890663958,0.003095476461720809,0.005646808437601908,-0.0070971285378370495
Sergipe,2026-01-01,2026-02-01,0.006844223863870274,0.0008434324534384985,-0.00020229588226554753,0.004422516621027974,-0.002867015088953622,0.007280276518024354,293.0,347390.0,13005.0,12712.0,1525.6666666666667,0.0068415520046041,0.01720495890663958,0.003095476461720809,0.005646808437601908,-0.0070971285378370495,0.0008434324534384985
Sergipe,2026-02-01,2026-03-01,-0.000967245296841286,0.006844223863870274,0.00019684259315724093,0.004422961930905671,-0.0020372498346894977,0.00728042454882288,2394.0,349784.0,13769.0,11375.0,1536.3333333333333,0.01720495890663958,0.003095476461720809,0.005646808437601908,-0.0070971285378370495,0.0008434324534384985,0.006844223863870274
Sergipe,2026-03-01,2026-04-01,0.0026115920436349934,-0.000967245296841286,0.0022401370068224954,0.0013942612303255257,-0.0002508800435065664,0.004630770442284845,-338.0,349446.0,14153.0,14491.0,486.3333333333333,0.003095476461720809,0.005646808437601908,-0.0070971285378370495,0.0008434324534384985,0.006844223863870274,-0.000967245296841286
Sergipe,2026-04-01,2026-05-01,0.002496882455770731,0.0026115920436349934,0.002829523536887994,0.001313613827311223,0.00026326740467384215,0.004604580081445312,915.0,350361.0,13277.0,12362.0,459.5,0.005646808437601908,-0.0070971285378370495,0.0008434324534384985,0.006844223863870274,-0.000967245296841286,0.0026115920436349934
Sergipe,2026-05-01,2026-06-01,0.0017024929157536017,0.002496882455770731,0.001380409734188146,0.0007886261636726935,0.0012989447022261952,0.004246230155350859,877.0,351238.0,13541.0,12664.0,276.6666666666667,-0.0070971285378370495,0.0008434324534384985,0.006844223863870274,-0.000967245296841286,0.0026115920436349934,0.002496882455770731
Sudeste,2020-07-01,2020-08-01,0.004926628259586676,0.0019057104784874646,-0.0034837372281396367,-0.006061338736398997,0.0003599122221552537,0.009506057813715791,36350.0,19074251.0,519903.0,483553.0,-116503.33333333333,0.004768569458858316,-0.006476439637010163,-0.02420895055582322,-0.01017185984957677,-0.002185062313329605,0.0019057104784874646
Sudeste,2020-08-01,2020-09-01,0.006494868871151653,0.004926628259586676,0.0015490921415815117,-0.006034995602944271,0.004095603432061811,0.009536204297040218,94437.0,19168688.0,621626.0,527189.0,-116554.16666666667,-0.006476439637010163,-0.02420895055582322,-0.01017185984957677,-0.002185062313329605,0.0019057104784874646,0.004926628259586676
Sudeste,2020-09-01,2020-10-01,0.009176950294514884,0.006494868871151653,0.004442402536408598,-0.0038731108515839678,0.005797295264405194,0.010601849769453312,125312.0,19294000.0,688677.0,563365.0,-74361.16666666667,-0.02420895055582322,-0.01017185984957677,-0.002185062313329605,0.0019057104784874646,0.004926628259586676,0.006494868871151653
Sudeste,2020-10-01,2020-11-01,0.010786017369652045,0.009176950294514884,0.006866149141751071,0.0016912059568057172,0.003594421773000035,0.0063950931890523295,178700.0,19472700.0,790818.0,612118.0,33187.666666666664,-0.01017185984957677,-0.002185062313329605,0.0019057104784874646,0.004926628259586676,0.006494868871151653,0.009176950294514884
Sudeste,2020-11-01,2020-12-01,-0.0021330110220757147,0.010786017369652045,0.008819278845106195,0.005184185493343853,0.002521067384987299,0.004361978324732453,212323.0,19685023.0,802791.0,590468.0,100920.5,-0.002185062313329605,0.0019057104784874646,0.004926628259586676,0.006494868871151653,0.009176950294514884,0.010786017369652045
Sudeste,2020-12-01,2021-01-01,0.004465458392792787,-0.0021330110220757147,0.005943318880697071,0.005192860708552835,1.904035735526929e-06,0.004347340748196296,-41899.0,19643124.0,660323.0,702222.0,100870.5,0.0019057104784874646,0.004926628259586676,0.006494868871151653,0.009176950294514884,0.010786017369652045,-0.0021330110220757147
Sudeste,2021-01-01,2021-02-01,0.009495349085640117,0.004465458392792787,0.004372821580123039,0.005619485360937056,-0.0007594406268146968,0.004123670198083864,88109.0,19731233.0,759165.0,671056.0,109497.0,0.004926628259586676,0.006494868871151653,0.009176950294514884,0.010786017369652045,-0.0021330110220757147,0.004465458392792787
Sudeste,2021-02-01,2021-03-01,0.004833110682356096,0.009495349085640117,0.00394259881878573,0.006380938831945963,-0.00034431722927004985,0.0043414923650341415,189151.0,19920384.0,856866.0,667715.0,125282.66666666667,0.006494868871151653,0.009176950294514884,0.010786017369652045,-0.0021330110220757147,0.004465458392792787,0.009495349085640117
Sudeste,2021-03-01,2021-04-01,0.0022055815114576387,0.004833110682356096,0.006264639386929667,0.006103979133813369,-0.0005426495285131776,0.004378239517096448,96745.0,20017129.0,829633.0,732888.0,120521.5,0.009176950294514884,0.010786017369652045,-0.0021330110220757147,0.004465458392792787,0.009495349085640117,0.004833110682356096
Sudeste,2021-04-01,2021-05-01,0.007385416790363888,0.0022055815114576387,0.005511347093151284,0.004942084336637161,-0.0004849692424236935,0.004333363642784597,44247.0,20061376.0,698613.0,654366.0,98112.66666666667,0.010786017369652045,-0.0021330110220757147,0.004465458392792787,0.009495349085640117,0.004833110682356096,0.0022055815114576387
Sudeste,2021-05-01,2021-06-01,0.007295679087962999,0.007385416790363888,0.004808036328059207,0.0043753175734224685,0.001032864857568815,0.0037094297757069286,149264.0,20210640.0,802168.0,652904.0,87602.83333333333,-0.0021330110220757147,0.004465458392792787,0.009495349085640117,0.004833110682356096,0.0022055815114576387,0.007385416790363888
Sudeste,2021-06-01,2021-07-01,0.007548204354700283,0.007295679087962999,0.005628892463261509,0.0059467659250955875,0.00014839364054639745,0.002377417587151378,148534.0,20359174.0,817718.0,669184.0,119341.66666666667,0.004465458392792787,0.009495349085640117,0.004833110682356096,0.0022055815114576387,0.007385416790363888,0.007295679087962999
Sudeste,2021-07-01,2021-08-01,0.008818387315978796,0.007548204354700283,0.007409766744342391,0.006460556918746837,8.090905260079414e-05,0.002334492529787255,154844.0,20514018.0,838521.0,683677.0,130464.16666666667,0.009495349085640117,0.004833110682356096,0.0022055815114576387,0.007385416790363888,0.007295679087962999,0.007548204354700283
Sudeste,2021-08-01,2021-09-01,0.006535644016663624,0.008818387315978796,0.007887423586214026,0.006347729957136616,0.0010247003998697297,0.0021974285493151628,182510.0,20696528.0,919991.0,737481.0,129357.33333333333,0.004833110682356096,0.0022055815114576387,0.007385416790363888,0.007295679087962999,0.007548204354700283,0.008818387315978796
Sudeste,2021-09-01,2021-10-01,0.005763253323093489,0.006535644016663624,0.0076340785624475676,0.006631485512854539,0.0007486214105603407,0.002090864662840813,136155.0,20832683.0,888060.0,751905.0,135925.66666666666,0.0022055815114576387,0.007385416790363888,0.007295679087962999,0.007548204354700283,0.008818387315978796,0.006535644016663624
Sudeste,2021-10-01,2021-11-01,0.008704650426634033,0.005763253323093489,0.007039094885245303,0.007224430814793847,-0.00026059255968490294,0.0009386147904495013,120760.0,20953443.0,895095.0,774335.0,148677.83333333334,0.007385416790363888,0.007295679087962999,0.007548204354700283,0.008818387315978796,0.006535644016663624,0.005763253323093489
Sudeste,2021-11-01,2021-12-01,-0.006108447080846475,0.008704650426634033,0.007001182588797048,0.007444303087505538,-1.6935420022296786e-05,0.001092478608959539,183994.0,21137437.0,925469.0,741475.0,154466.16666666666,0.007295679087962999,0.007548204354700283,0.008818387315978796,0.006535644016663624,0.005763253323093489,0.008704650426634033
Sudeste,2021-12-01,2022-01-01,0.0023124449046170495,-0.006108447080846475,0.0027864855562936826,0.005210282059370626,-0.0019827673868382345,0.005178012897078001,-128333.0,21009104.0,753391.0,881724.0,108321.66666666667,0.007548204354700283,0.008818387315978796,0.006535644016663624,0.005763253323093489,0.008704650426634033,-0.006108447080846475
Sudeste,2022-01-01,2022-02-01,0.0076762801595329465,0.0023124449046170495,0.0016362160834682029,0.004337655484356753,-0.0019291596641656708,0.005151595578940969,48695.0,21057799.0,872827.0,824132.0,90630.16666666667,0.008818387315978796,0.006535644016663624,0.005763253323093489,0.008704650426634033,-0.006108447080846475,0.0023124449046170495
Sudeste,2022-02-01,2022-03-01,0.0038488106076769195,0.0076762801595329465,0.0012934259944345071,0.004147304291615778,-0.0005560669156732345,0.005001427755636412,162896.0,21220695.0,1016348.0,853452.0,87361.16666666667,0.006535644016663624,0.005763253323093489,0.008704650426634033,-0.006108447080846475,0.0023124449046170495,0.0076762801595329465
Sudeste,2022-03-01,2022-04-01,0.004934854336152859,0.0038488106076769195,0.004612511890608972,0.0036994987234513273,-0.00012104092551207353,0.004886502335429315,81990.0,21302685.0,987500.0,905510.0,78333.66666666667,0.005763253323093489,0.008704650426634033,-0.006108447080846475,0.0023124449046170495,0.0076762801595329465,0.0038488106076769195
Sudeste,2022-04-01,2022-05-01,0.006880889391914638,0.004934854336152859,0.005486648367787575,0.003561432225627889,0.0004681893676594347,0.004837700499553801,105647.0,21408332.0,957964.0,852317.0,75814.83333333333,0.008704650426634033,-0.006108447080846475,0.0023124449046170495,0.0076762801595329465,0.0038488106076769195,0.004934854336152859
Sudeste,2022-05-01,2022-06-01,0.006165998567845947,0.006880889391914638,0.005221518111914805,0.003257472053174656,0.0019710411744730556,0.004553969485282837,148329.0,21556661.0,1010318.0,861989.0,69870.66666666667,-0.006108447080846475,0.0023124449046170495,0.0076762801595329465,0.0038488106076769195,0.004934854336152859,0.006880889391914638
Sudeste,2022-06-01,2022-07-01,0.00461379757636005,0.006165998567845947,0.005993914098637815,0.005303212994623393,0.0005133611354790143,0.001828504748956039,133743.0,21690404.0,966876.0,833133.0,113550.0,0.0023124449046170495,0.0076762801595329465,0.0038488106076769195,0.004934854336152859,0.006880889391914638,0.006165998567845947
Sudeste,2022-07-01,2022-08-01,0.0062945030490481205,0.00461379757636005,0.005886895178706879,0.005686771773247227,-0.0001832803994170181,0.0013359437071792676,100539.0,21790943.0,948489.0,847950.0,122190.66666666667,0.0076762801595329465,0.0038488106076769195,0.004934854336152859,0.006880889391914638,0.006165998567845947,0.00461379757636005
Sudeste,2022-08-01,2022-09-01,0.004882972080194481,0.0062945030490481205,0.0056914330644180396,0.0054564755881664215,0.00030144003152596797,0.0010646947308829927,138032.0,21928975.0,1035140.0,897108.0,118046.66666666667,0.0038488106076769195,0.004934854336152859,0.006880889391914638,0.006165998567845947,0.00461379757636005,0.0062945030490481205
Sudeste,2022-09-01,2022-10-01,0.0036456676205693385,0.004882972080194481,0.005263757568534217,0.005628835833586016,-0.00010202203713935209,0.000853182325060832,107604.0,22036579.0,956018.0,848414.0,122315.66666666667,0.004934854336152859,0.006880889391914638,0.006165998567845947,0.00461379757636005,0.0062945030490481205,0.004882972080194481
Sudeste,2022-10-01,2022-11-01,0.003895790037269444,0.0036456676205693385,0.004941047583270647,0.005413971380988762,-0.0005241280813426522,0.0011211501477781595,80632.0,22117211.0,904243.0,823611.0,118146.5,0.006880889391914638,0.006165998567845947,0.00461379757636005,0.0062945030490481205,0.004882972080194481,0.0036456676205693385
Sudeste,2022-11-01,2022-12-01,-0.009498795805624497,0.003895790037269444,0.004141476579344421,0.0049164548218812295,-0.00044762752826023626,0.0010173294865561346,86501.0,22203712.0,909774.0,823273.0,107841.83333333333,0.006165998567845947,0.00461379757636005,0.0062945030490481205,0.004882972080194481,0.0036456676205693385,0.003895790037269444
Sudeste,2022-12-01,2023-01-01,0.0008163447760612277,-0.009498795805624497,-0.0006524460492619046,0.002305655759636156,-0.0022570402972823963,0.005347120974965649,-208924.0,21994788.0,720078.0,929002.0,50730.666666666664,0.00461379757636005,0.0062945030490481205,0.004882972080194481,0.0036456676205693385,0.003895790037269444,-0.009498795805624497
Sudeste,2023-01-01,2023-02-01,0.004987502427892442,0.0008163447760612277,-0.0015955536640979418,0.001672746959586353,-0.002008170645876894,0.005260502250896298,17970.0,22012758.0,926083.0,908113.0,36969.166666666664,0.0062945030490481205,0.004882972080194481,0.0036456676205693385,0.003895790037269444,-0.009498795805624497,0.0008163447760612277
Sudeste,2023-02-01,2023-03-01,0.00513520307555462,0.004987502427892442,-0.0012316495338902755,0.0014549135227270727,-0.000610282932512242,0.005088869711062479,110339.0,22123097.0,975602.0,865263.0,32353.666666666668,0.004882972080194481,0.0036456676205693385,0.003895790037269444,-0.009498795805624497,0.0008163447760612277,0.004987502427892442
Sudeste,2023-03-01,2023-04-01,0.004760634560318229,0.00513520307555462,0.00364635009316943,0.0014969520219537628,0.0006010844293851751,0.005117973425809241,114193.0,22237290.0,1110693.0,996500.0,33451.833333333336,0.0036456676205693385,0.003895790037269444,-0.009498795805624497,0.0008163447760612277,0.004987502427892442,0.00513520307555462
Sudeste,2023-04-01,2023-05-01,0.004577525073164264,0.004760634560318229,0.00496111335458843,0.0016827798452452444,0.0014970679117317855,0.005211995219871388,106370.0,22343660.0,955599.0,849229.0,37741.5,0.003895790037269444,-0.009498795805624497,0.0008163447760612277,0.004987502427892442,0.00513520307555462,0.004760634560318229
Sudeste,2023-05-01,2023-06-01,0.003378001277833845,0.004577525073164264,0.004824454236345705,0.0017964023512277143,0.0023532049826964847,0.005266150403174595,102749.0,22446409.0,1034376.0,931627.0,40449.5,-0.009498795805624497,0.0008163447760612277,0.004987502427892442,0.00513520307555462,0.004760634560318229,0.004577525073164264
Sudeste,2023-06-01,2023-07-01,0.00310742034095534,0.003378001277833845,0.004238720303772113,0.0039425351984707716,0.00032010805512691886,0.0015098938697320327,76081.0,22522490.0,974734.0,898653.0,87950.33333333333,0.0008163447760612277,0.004987502427892442,0.00513520307555462,0.004760634560318229,0.004577525073164264,0.003378001277833845
Sudeste,2023-07-01,2023-08-01,0.004406967685336356,0.00310742034095534,0.003687648897317817,0.004324381125953123,-0.0004244321518571942,0.0007882670212978749,70205.0,22592695.0,955250.0,885045.0,96656.16666666667,0.004987502427892442,0.00513520307555462,0.004760634560318229,0.004577525073164264,0.003378001277833845,0.00310742034095534
Sudeste,2023-08-01,2023-09-01,0.0036157987088590933,0.004406967685336356,0.003630796434708513,0.004227625335527109,-0.0002800098115574402,0.0007347459835451332,100006.0,22692701.0,1056266.0,956260.0,94934.0,0.00513520307555462,0.004760634560318229,0.004577525073164264,0.003378001277833845,0.00310742034095534,0.004406967685336356
Sudeste,2023-09-01,2023-10-01,0.004222524265545254,0.0036157987088590933,0.003710062245050263,0.003974391274411188,-0.00018589806736165438,0.0006331112975700742,82350.0,22775051.0,957902.0,875552.0,89626.83333333333,0.004760634560318229,0.004577525073164264,0.003378001277833845,0.00310742034095534,0.004406967685336356,0.0036157987088590933
Sudeste,2023-10-01,2023-11-01,0.003197516634783169,0.004222524265545254,0.004081763553246901,0.0038847062252823587,6.798159981762727e-06,0.0005477393721921908,96576.0,22871627.0,997266.0,900690.0,87994.5,0.004577525073164264,0.003378001277833845,0.00310742034095534,0.004406967685336356,0.0036157987088590933,0.004222524265545254
Sudeste,2023-11-01,2023-12-01,-0.009722203764062295,0.003197516634783169,0.003678613203062505,0.0036547048188855093,4.7191988058260266e-05,0.0004958054414686999,73367.0,22944994.0,963513.0,890146.0,83097.5,0.003378001277833845,0.00310742034095534,0.004406967685336356,0.0036157987088590933,0.004222524265545254,0.003197516634783169
Sudeste,2023-12-01,2024-01-01,0.002512717772275509,-0.009722203764062295,-0.0007673876212446239,0.0014713373119028198,-0.0019191356605731875,0.0050288748671773005,-220928.0,22724066.0,795919.0,1016847.0,33596.0,0.00310742034095534,0.004406967685336356,0.0036157987088590933,0.004222524265545254,0.003197516634783169,-0.009722203764062295
Sudeste,2024-01-01,2024-02-01,0.006955662289821689,0.002512717772275509,-0.0013373231190012054,0.0013722202171228479,-0.0014431504175665855,0.0050014373762748065,57243.0,22781309.0,1033892.0,976649.0,31435.666666666668,0.004406967685336356,0.0036157987088590933,0.004222524265545254,0.003197516634783169,-0.009722203764062295,0.002512717772275509
Sudeste,2024-02-01,2024-03-01,0.006423094590358377,0.006955662289821689,-8.460790065503247e-05,0.0017970026512037364,-3.856634210976362e-05,0.005338051258938429,159569.0,22940878.0,1141731.0,982162.0,41362.833333333336,0.0036157987088590933,0.004222524265545254,0.003197516634783169,-0.009722203764062295,0.002512717772275509,0.006955662289821689
Sudeste,2024-03-01,2024-04-01,0.005445090289100089,0.006423094590358377,0.005297158217485192,0.0022648852981202836,0.0009860631464433992,0.0055938652403143075,148304.0,23089182.0,1171754.0,1023450.0,52355.166666666664,0.004222524265545254,0.003197516634783169,-0.009722203764062295,0.002512717772275509,0.006955662289821689,0.006423094590358377
Sudeste,2024-04-01,2024-05-01,0.0036346770395311095,0.005445090289100089,0.006274615723093385,0.0024686463020460897,0.001831905938639794,0.005683018742099527,126411.0,23215593.0,1167544.0,1041133.0,57327.666666666664,0.003197516634783169,-0.009722203764062295,0.002512717772275509,0.006955662289821689,0.006423094590358377,0.005445090289100089
Sudeste,2024-05-01,2024-06-01,0.004004494663858364,0.0036346770395311095,0.005167620639663192,0.0025415063695040795,0.0021442558248279267,0.005694686651030688,84689.0,23300282.0,1121857.0,1037168.0,59214.666666666664,-0.009722203764062295,0.002512717772275509,0.006955662289821689,0.006423094590358377,0.005445090289100089,0.0036346770395311095
Sudeste,2024-06-01,2024-07-01,0.0035162378465761865,0.004004494663858364,0.0043614206641631875,0.004829289440824189,-9.948787412045028e-05,0.0015766407613091247,93681.0,23393963.0,1068384.0,974703.0,111649.5,0.002512717772275509,0.006955662289821689,0.006423094590358377,0.005445090289100089,0.0036346770395311095,0.004004494663858364
Sudeste,2024-07-01,2024-08-01,0.004082722115656156,0.0035162378465761865,0.0037184698499885534,0.00499654278654097,-0.0007503810070084724,0.0013604248506160711,82549.0,23476512.0,1112233.0,1029684.0,115867.16666666667,0.006955662289821689,0.006423094590358377,0.005445090289100089,0.0036346770395311095,0.004004494663858364,0.0035162378465761865
Sudeste,2024-08-01,2024-09-01,0.0041519941988172465,0.004082722115656156,0.003867818208696902,0.004517719424180047,-0.00048910291647873,0.0010587589245108571,96241.0,23572753.0,1129239.0,1032998.0,105312.5,0.006423094590358377,0.005445090289100089,0.0036346770395311095,0.004004494663858364,0.0035162378465761865,0.004082722115656156
Sudeste,2024-09-01,2024-10-01,0.0027576946602853253,0.0041519941988172465,0.003916984720349863,0.004139202692256525,-0.0001602743440091785,0.0006284204643243137,98282.0,23671035.0,1101741.0,1003459.0,96975.5,0.005445090289100089,0.0036346770395311095,0.004004494663858364,0.0035162378465761865,0.004082722115656156,0.0041519941988172465
Sudeste,2024-10-01,2024-11-01,0.002256268030030891,0.0027576946602853253,0.003664136991586242,0.003691303420787398,-9.645511492206573e-05,0.0004776702423229416,65458.0,23736493.0,1144891.0,1079433.0,86816.66666666667,0.0036346770395311095,0.004004494663858364,0.0035162378465761865,0.004082722115656156,0.0041519941988172465,0.0027576946602853253
Sudeste,2024-11-01,2024-12-01,-0.012056144338679638,0.002256268030030891,0.0030553189630444875,0.0034615685858706943,-0.00031278544699568135,0.0007197759630409794,53677.0,23790170.0,1020072.0,966395.0,81648.0,0.004004494663858364,0.0035162378465761865,0.004082722115656156,0.0041519941988172465,0.0027576946602853253,0.002256268030030891
Sudeste,2024-12-01,2025-01-01,0.0011793737073512213,-0.012056144338679638,-0.0023473938827878074,0.000784795418781028,-0.0024210163634767663,0.005782479611955977,-283401.0,23506769.0,790313.0,1073714.0,18801.0,0.0035162378465761865,0.004082722115656156,0.0041519941988172465,0.0027576946602853253,0.002256268030030891,-0.012056144338679638
Sudeste,2025-01-01,2025-02-01,0.009612945055617448,0.0011793737073512213,-0.0028735008670991748,0.0003953180622435335,-0.001818359550979136,0.005662849421125348,27756.0,23534525.0,1118437.0,1090681.0,9668.833333333334,0.004082722115656156,0.0041519941988172465,0.0027576946602853253,0.002256268030030891,-0.012056144338679638,0.0011793737073512213
Sudeste,2025-02-01,2025-03-01,0.0020194831448584593,0.009612945055617448,-0.00042127519190365603,0.0013170218855704156,0.00023592511589966161,0.0065660446300934905,228432.0,23762957.0,1312801.0,1084369.0,31700.666666666668,0.0041519941988172465,0.0027576946602853253,0.002256268030030891,-0.012056144338679638,0.0011793737073512213,0.009612945055617448
Sudeste,2025-03-01,2025-04-01,0.0054279285742241355,0.0020194831448584593,0.004270600635942376,0.0009616033765772843,0.0009032711870187486,0.006459825880148171,48086.0,23811043.0,1140485.0,1092399.0,23334.666666666668,0.0027576946602853253,0.002256268030030891,-0.012056144338679638,0.0011793737073512213,0.009612945055617448,0.0020194831448584593
Sudeste,2025-04-01,2025-05-01,0.0031036584703172687,0.0054279285742241355,0.005686785591566681,0.001406642362233753,0.001900535900567049,0.006657199875450524,129950.0,23940993.0,1170183.0,1040233.0,34083.333333333336,0.002256268030030891,-0.012056144338679638,0.0011793737073512213,0.009612945055617448,0.0020194831448584593,0.0054279285742241355
Sudeste,2025-05-01,2025-06-01,0.0031683729206307474,0.0031036584703172687,0.003517023396466621,0.0015478741022814824,0.0023128919067098358,0.006682666415929155,74536.0,24015529.0,1158852.0,1084316.0,37559.833333333336,-0.012056144338679638,0.0011793737073512213,0.009612945055617448,0.0020194831448584593,0.0054279285742241355,0.0031036584703172687
Sudeste,2025-06-01,2025-07-01,0.00207245545854853,0.0031683729206307474,0.003899986655057384,0.00408529364549988,-0.00017641195028963546,0.0027950519854421825,76332.0,24091861.0,1103184.0,1026852.0,97515.33333333333,0.0011793737073512213,0.009612945055617448,0.0020194831448584593,0.0054279285742241355,0.0031036584703172687,0.0031683729206307474
Sudeste,2025-07-01,2025-08-01,0.0026315406786993683,0.00207245545854853,0.0027814956164988486,0.004234140604032765,-0.001045144250340988,0.0026566930567116227,50033.0,24141894.0,1144960.0,1094927.0,101228.16666666667,0.009612945055617448,0.0020194831448584593,0.0054279285742241355,0.0031036584703172687,0.0031683729206307474,0.00207245545854853
Sudeste,2025-08-01,2025-09-01,0.0033203587662490736,0.0026315406786993683,0.0026241230192928823,0.0030705732078797517,-0.00019832620650025128,0.0011446660841651635,63698.0,24205592.0,1139060.0,1075362.0,73772.5,0.0020194831448584593,0.0054279285742241355,0.0031036584703172687,0.0031683729206307474,0.00207245545854853,0.0026315406786993683
Sudeste,2025-09-01,2025-10-01,0.0008555139571579016,0.0033203587662490736,0.002674784967832324,0.003287385811444854,-0.000372860567908892,0.0010438006626129783,80639.0,24286231.0,1162341.0,1081702.0,79198.0,0.0054279285742241355,0.0031036584703172687,0.0031683729206307474,0.00207245545854853,0.0026315406786993683,0.0033203587662490736
Sudeste,2025-10-01,2025-11-01,0.001779604079775412,0.0008555139571579016,0.0022691378007021145,0.0025253167086004813,-0.00029216228025117204,0.000854858704792191,20795.0,24307026.0,1156071.0,1135276.0,61005.5,0.0031036584703172687,0.0031683729206307474,0.00207245545854853,0.0026315406786993683,0.0033203587662490736,0.0008555139571579016
Sudeste,2025-11-01,2025-12-01,-0.013576801328604587,0.001779604079775412,0.0019851589343941292,0.002304640976843506,-0.00028302430345425315,0.0008479506560799545,43334.0,24350360.0,1027224.0,983890.0,55805.166666666664,0.0031683729206307474,0.00207245545854853,0.0026315406786993683,0.0033203587662490736,0.0008555139571579016,0.001779604079775412
Sudeste,2025-12-01,2026-01-01,0.0005534459384928121,-0.013576801328604587,-0.0036472277638904247,-0.00048622139802905005,-0.0023790553869036746,0.005902751081043494,-330600.0,,788171.0,1118771.0,-12016.833333333334,0.00207245545854853,0.0026315406786993683,0.0033203587662490736,0.0008555139571579016,0.001779604079775412,-0.013576801328604587
Sudeste,2026-01-01,2026-02-01,0.005505726138084349,0.0005534459384928121,-0.003747917103445454,-0.00073938965137167,-0.0017187961103707506,0.0058195695412948745,13301.0,24033061.0,1092908.0,1079607.0,-18138.833333333332,0.0026315406786993683,0.0033203587662490736,0.0008555139571579016,0.001779604079775412,-0.013576801328604587,0.0005534459384928121
Sudeste,2026-02-01,2026-03-01,0.005679155896896578,0.005505726138084349,-0.002505876417342475,-0.00026035874147417316,-0.00015245064586282537,0.006184197794021724,133052.0,24166113.0,1213326.0,1080274.0,-6579.833333333333,0.0033203587662490736,0.0008555139571579016,0.001779604079775412,-0.013576801328604587,0.0005534459384928121,0.005505726138084349
Sudeste,2026-03-01,2026-04-01,0.0018294622481665847,0.005679155896896578,0.003912775991157913,0.0001327741136337442,0.0014121949468776454,0.006467802173745109,138027.0,24304140.0,1302685.0,1164658.0,2984.8333333333335,0.0008555139571579016,0.001779604079775412,-0.013576801328604587,0.0005534459384928121,0.005505726138084349,0.005679155896896578
Sudeste,2026-04-01,2026-05-01,0.0018804603879275042,0.0018294622481665847,0.004338114761049171,0.0002950988288018583,0.001799126934801454,0.006496064085502499,44545.0,24348685.0,1165360.0,1120815.0,6943.166666666667,0.001779604079775412,-0.013576801328604587,0.0005534459384928121,0.005505726138084349,0.005679155896896578,0.0018294622481665847
Sudeste,2026-05-01,2026-06-01,0.0028768922843509003,0.0018804603879275042,0.0031296928443302224,0.0003119082134938735,0.0023225082077283996,0.0065000129707336665,45873.0,24394558.0,1150914.0,1105041.0,7366.333333333333,-0.013576801328604587,0.0005534459384928121,0.005505726138084349,0.005679155896896578,0.0018294622481665847,0.0018804603879275042
Sul,2020-07-01,2020-08-01,0.005965861635026619,0.003494536055260828,-0.0030124477497475194,-0.005872407860703859,7.298084970390448e-05,0.013055601246197913,23935.0,6849264.0,218980.0,195045.0,-40223.666666666664,0.009413677500761736,-0.004723104175263954,-0.030887677240478383,-0.012344342557190547,-0.00018753674731284017,0.003494536055260828
Sul,2020-08-01,2020-09-01,0.008635770667932014,0.005965861635026619,0.0030909536476582023,-0.006447043838326379,0.004821379278529949,0.012431085520669597,41107.0,6890371.0,259579.0,218472.0,-44603.0,-0.004723104175263954,-0.030887677240478383,-0.012344342557190547,-0.00018753674731284017,0.003494536055260828,0.005965861635026619
Sul,2020-09-01,2020-10-01,0.01308027775888458,0.008635770667932014,0.006032056119406488,-0.004220564697793717,0.007320854997750775,0.01367459562243167,60022.0,6950393.0,296589.0,236567.0,-28991.166666666668,-0.030887677240478383,-0.012344342557190547,-0.00018753674731284017,0.003494536055260828,0.005965861635026619,0.008635770667932014
Sul,2020-10-01,2020-11-01,0.012824223832944187,0.01308027775888458,0.009227303353947738,0.0031074278021001093,0.004458981411596455,0.008041090374836777,92118.0,7042511.0,349827.0,257709.0,21938.666666666668,-0.012344342557190547,-0.00018753674731284017,0.003494536055260828,0.005965861635026619,0.008635770667932014,0.01308027775888458
Sul,2020-11-01,2020-12-01,-0.0033059597001163913,0.012824223832944187,0.011513424086586926,0.007302188867122565,0.002756741058430336,0.004796484858914217,91488.0,7133999.0,339444.0,247956.0,51231.666666666664,-0.00018753674731284017,0.003494536055260828,0.005965861635026619,0.008635770667932014,0.01308027775888458,0.012824223832944187
Sul,2020-12-01,2021-01-01,0.012018910122451158,-0.0033059597001163913,0.007532847297237458,0.006782451708321973,-0.0002566538597765948,0.005669416018874363,-23507.0,7110492.0,263375.0,286882.0,47527.166666666664,0.003494536055260828,0.005965861635026619,0.008635770667932014,0.01308027775888458,0.012824223832944187,-0.0033059597001163913
Sul,2021-01-01,2021-02-01,0.014410682118401769,0.012018910122451158,0.007179058085092984,0.008203180719520363,-0.00016617150265608354,0.005735168550445441,86500.0,7196992.0,364797.0,278297.0,57954.666666666664,0.005965861635026619,0.008635770667932014,0.01308027775888458,0.012824223832944187,-0.0033059597001163913,0.012018910122451158
Sul,2021-02-01,2021-03-01,0.0064862151091954375,0.014410682118401769,0.007707877513578845,0.009610650800082885,0.00027315059457108323,0.006041448427009776,105230.0,7302222.0,405571.0,300341.0,68641.83333333333,0.008635770667932014,0.01308027775888458,0.012824223832944187,-0.0033059597001163913,0.012018910122451158,0.014410682118401769
Sul,2021-03-01,2021-04-01,0.0025371203988822826,0.0064862151091954375,0.010971935783349455,0.009252391540293456,-0.0003681733877001545,0.006151371168398053,47673.0,7349895.0,372887.0,325214.0,66583.66666666667,0.01308027775888458,0.012824223832944187,-0.0033059597001163913,0.012018910122451158,0.014410682118401769,0.0064862151091954375
Sul,2021-04-01,2021-05-01,0.004944763866830461,0.0025371203988822826,0.007811339208826496,0.007495198646959741,-0.0005619205927549538,0.00631073154663662,18695.0,7368590.0,307693.0,288998.0,54346.5,0.012824223832944187,-0.0033059597001163913,0.012018910122451158,0.014410682118401769,0.0064862151091954375,0.0025371203988822826
Sul,2021-05-01,2021-06-01,0.005780810132401322,0.004944763866830461,0.004656033124969394,0.0061819553192741196,0.00013953661870917978,0.005869562105058882,36617.0,7405207.0,328208.0,291591.0,45201.333333333336,-0.0033059597001163913,0.012018910122451158,0.014410682118401769,0.0064862151091954375,0.0025371203988822826,0.004944763866830461
Sul,2021-06-01,2021-07-01,0.005680290553202896,0.005780810132401322,0.004420898132704688,0.007696416958027072,-0.001815352840436464,0.004145064887813559,43057.0,7448264.0,332332.0,289275.0,56295.333333333336,0.012018910122451158,0.014410682118401769,0.0064862151091954375,0.0025371203988822826,0.004944763866830461,0.005780810132401322
Sul,2021-07-01,2021-08-01,0.0072796002620815125,0.005680290553202896,0.005468621517478227,0.006639980363152362,-0.0012388722653836714,0.0036917440863568013,42550.0,7490814.0,350075.0,307525.0,48970.333333333336,0.014410682118401769,0.0064862151091954375,0.0025371203988822826,0.004944763866830461,0.005780810132401322,0.005680290553202896
Sul,2021-08-01,2021-09-01,0.006303719494754275,0.0072796002620815125,0.006246900315895244,0.005451466720432319,0.0004066423569418019,0.001490177068191472,54930.0,7545744.0,379985.0,325055.0,40587.0,0.0064862151091954375,0.0025371203988822826,0.004944763866830461,0.005780810132401322,0.005680290553202896,0.0072796002620815125
Sul,2021-09-01,2021-10-01,0.007095303323432545,0.006303719494754275,0.006421203436679561,0.005421050784692125,0.0007353424310261337,0.0014704787177306283,47868.0,7593612.0,368706.0,320838.0,40619.5,0.0025371203988822826,0.004944763866830461,0.005780810132401322,0.005680290553202896,0.0072796002620815125,0.006303719494754275
Sul,2021-10-01,2021-11-01,0.007054210032472502,0.007095303323432545,0.006892874360089445,0.006180747938783836,0.00039773528796993975,0.0008161979389689992,54264.0,7647876.0,370710.0,316446.0,46547.666666666664,0.004944763866830461,0.005780810132401322,0.005680290553202896,0.0072796002620815125,0.006303719494754275,0.007095303323432545
Sul,2021-11-01,2021-12-01,-0.01047761548447361,0.007054210032472502,0.006817744283553108,0.006532322299724176,0.0002753187726776461,0.0006442989302112733,54333.0,7702209.0,364522.0,310189.0,49500.333333333336,0.005780810132401322,0.005680290553202896,0.0072796002620815125,0.006303719494754275,0.007095303323432545,0.007054210032472502
Sul,2021-12-01,2022-01-01,0.007725384352321475,-0.01047761548447361,0.0012239659571438126,0.003822584696911687,-0.002304974772815179,0.006418824818413644,-79864.0,7622345.0,286193.0,366057.0,29013.5,0.005680290553202896,0.0072796002620815125,0.006303719494754275,0.007095303323432545,0.007054210032472502,-0.01047761548447361
Sul,2022-01-01,2022-02-01,0.010715281036748483,0.007725384352321475,0.0014339929667734558,0.004163433663431451,-0.001375890793641254,0.006561142917342986,59344.0,7681689.0,398818.0,339474.0,31812.5,0.0072796002620815125,0.006303719494754275,0.007095303323432545,0.007054210032472502,-0.01047761548447361,0.007725384352321475
Sul,2022-02-01,2022-03-01,0.004264346935797304,0.010715281036748483,0.002654349968198783,0.004736047125875945,0.0001833207222769058,0.006946707504989482,83203.0,7764892.0,457935.0,374732.0,36524.666666666664,0.006303719494754275,0.007095303323432545,0.007054210032472502,-0.01047761548447361,0.007725384352321475,0.010715281036748483
Sul,2022-03-01,2022-04-01,0.0031756404105898655,0.004264346935797304,0.0075683374416224206,0.004396151699383117,0.0004294694546127666,0.006911490456319032,33254.0,7798146.0,433863.0,400609.0,34089.0,0.007095303323432545,0.007054210032472502,-0.01047761548447361,0.007725384352321475,0.010715281036748483,0.004264346935797304
Sul,2022-04-01,2022-05-01,0.003272908287600573,0.0031756404105898655,0.006051756127711884,0.00374287454724267,0.0007949410238807587,0.006809990260126969,24843.0,7822989.0,374397.0,349554.0,29185.5,0.007054210032472502,-0.01047761548447361,0.007725384352321475,0.010715281036748483,0.004264346935797304,0.0031756404105898655
Sul,2022-05-01,2022-06-01,0.004010264103593286,0.003272908287600573,0.0035709652113292477,0.003112657589764015,0.0013900700838349966,0.006647414148457063,25688.0,7848677.0,390319.0,364631.0,24411.333333333332,-0.01047761548447361,0.007725384352321475,0.010715281036748483,0.004264346935797304,0.0031756404105898655,0.003272908287600573
Sul,2022-06-01,2022-07-01,0.0035577293300870024,0.004010264103593286,0.003486270933927908,0.005527304187775165,-0.0011997550290369175,0.0027765612793598524,31602.0,7880279.0,377342.0,345740.0,42989.0,0.007725384352321475,0.010715281036748483,0.004264346935797304,0.0031756404105898655,0.003272908287600573,0.004010264103593286
Sul,2022-07-01,2022-08-01,0.004404034646130032,0.0035577293300870024,0.0036136339070936205,0.004832695017402752,-0.0010415068329402497,0.0026585877372869485,28136.0,7908415.0,380530.0,352394.0,37787.666666666664,0.010715281036748483,0.004264346935797304,0.0031756404105898655,0.003272908287600573,0.004010264103593286,0.0035577293300870024
Sul,2022-08-01,2022-09-01,0.0048049613180067025,0.004404034646130032,0.00399067602660344,0.003780820618966344,7.377317503279311e-05,0.0004741352619062248,34983.0,7943398.0,409918.0,374935.0,29751.0,0.004264346935797304,0.0031756404105898655,0.003272908287600573,0.004010264103593286,0.0035577293300870024,0.004404034646130032
Sul,2022-09-01,2022-10-01,0.003906501055215784,0.0048049613180067025,0.004255575098074579,0.003870923016001244,0.0003167842525476078,0.0005937425508517221,38352.0,7981750.0,378435.0,340083.0,30600.666666666668,0.0031756404105898655,0.003272908287600573,0.004010264103593286,0.0035577293300870024,0.004404034646130032,0.0048049613180067025
Sul,2022-10-01,2022-11-01,0.0025856920475997363,0.003906501055215784,0.004371832339784172,0.003992733123438896,0.00018281030849598095,0.000507280819992625,31303.0,8013053.0,368299.0,336996.0,31677.333333333332,0.003272908287600573,0.004010264103593286,0.0035577293300870024,0.004404034646130032,0.0048049613180067025,0.003906501055215784
Sul,2022-11-01,2022-12-01,-0.013047078076424797,0.0025856920475997363,0.003765718140274075,0.003878197083438757,-0.0001621605266487066,0.0006984397790849988,20773.0,8033826.0,348269.0,327496.0,30858.166666666668,0.004010264103593286,0.0035577293300870024,0.004404034646130032,0.0048049613180067025,0.003906501055215784,0.0025856920475997363
Sul,2022-12-01,2023-01-01,0.0040671909080588296,-0.013047078076424797,-0.002184961657869759,0.0010353067201024104,-0.0025536435740268794,0.006336169355133898,-103468.0,7930358.0,271513.0,374981.0,8346.5,0.0035577293300870024,0.004404034646130032,0.0048049613180067025,0.003906501055215784,0.0025856920475997363,-0.013047078076424797
Sul,2023-01-01,2023-02-01,0.007965929641680176,0.0040671909080588296,-0.0021313983735887433,0.0011202169830977144,-0.0016160327394647586,0.006372711353509256,32386.0,7962744.0,401953.0,369567.0,9054.833333333334,0.004404034646130032,0.0048049613180067025,0.003906501055215784,0.0025856920475997363,-0.013047078076424797,0.0040671909080588296
Sul,2023-02-01,2023-03-01,0.004644266912165172,0.007965929641680176,-0.0003379858422285972,0.001713866149022739,1.8689744367770534e-05,0.006802383250713029,63940.0,8026684.0,436484.0,372544.0,13881.0,0.0048049613180067025,0.003906501055215784,0.0025856920475997363,-0.013047078076424797,0.0040671909080588296,0.007965929641680176
Sul,2023-03-01,2023-04-01,0.0034514057907345033,0.004644266912165172,0.005559129153968059,0.00168708374804915,0.0010555374586134823,0.006790466145564986,37452.0,8064136.0,467237.0,429785.0,13731.0,0.003906501055215784,0.0025856920475997363,-0.013047078076424797,0.0040671909080588296,0.007965929641680176,0.004644266912165172
Sul,2023-04-01,2023-05-01,0.0010949353377110174,0.0034514057907345033,0.005353867448193284,0.00161123453730227,0.0017514669261447166,0.006767755454047206,27929.0,8092065.0,382413.0,354484.0,13168.666666666666,0.0025856920475997363,-0.013047078076424797,0.0040671909080588296,0.007965929641680176,0.004644266912165172,0.0034514057907345033
Sul,2023-05-01,2023-06-01,0.0011820447561821546,0.0010949353377110174,0.0030635360135368972,0.0013627750856541503,0.0018726013996911734,0.006754772240721839,8870.0,8100935.0,399677.0,390807.0,11184.833333333334,-0.013047078076424797,0.0040671909080588296,0.007965929641680176,0.004644266912165172,0.0034514057907345033,0.0010949353377110174
Sul,2023-06-01,2023-07-01,0.0008961790988367903,0.0011820447561821546,0.0019094619615425583,0.003734295557755309,-0.0010351878512206147,0.0023239989725292844,9587.0,8110522.0,376144.0,366557.0,30027.333333333332,0.0040671909080588296,0.007965929641680176,0.004644266912165172,0.0034514057907345033,0.0010949353377110174,0.0011820447561821546
Sul,2023-07-01,2023-08-01,0.0028045747821912512,0.0008961790988367903,0.0010577197309099874,0.0032057935895516356,-0.001374053989576842,0.002538832641315774,7275.0,8117797.0,369249.0,361974.0,25842.166666666668,0.007965929641680176,0.004644266912165172,0.0034514057907345033,0.0010949353377110174,0.0011820447561821546,0.0008961790988367903
Sul,2023-08-01,2023-09-01,0.0027355279789507674,0.0028045747821912512,0.0016275995457367323,0.0023455677796368145,-0.0004793437516311889,0.0013985812880681807,22831.0,8140628.0,415160.0,392329.0,18990.666666666668,0.004644266912165172,0.0034514057907345033,0.0010949353377110174,0.0011820447561821546,0.0008961790988367903,0.0028045747821912512
Sul,2023-09-01,2023-10-01,0.0046022900484105015,0.0027355279789507674,0.002145427286659603,0.002027444624101081,3.610467477647598e-05,0.000999751212272416,22330.0,8162958.0,369769.0,347439.0,16470.333333333332,0.0034514057907345033,0.0010949353377110174,0.0011820447561821546,0.0008961790988367903,0.0028045747821912512,0.0027355279789507674
Sul,2023-10-01,2023-11-01,0.0031983661627859347,0.0046022900484105015,0.0033807976031841737,0.0022192586670470803,0.0006887319687187919,0.0013151947074622576,37742.0,8200700.0,390759.0,353017.0,18105.833333333332,0.0010949353377110174,0.0011820447561821546,0.0008961790988367903,0.0028045747821912512,0.0027355279789507674,0.0046022900484105015
Sul,2023-11-01,2023-12-01,-0.012579249555281854,0.0031983661627859347,0.003512061396715735,0.0025698304712262333,0.0006037398022428443,0.0012473684106436853,26313.0,8227013.0,373156.0,346843.0,21013.0,0.0011820447561821546,0.0008961790988367903,0.0028045747821912512,0.0027355279789507674,0.0046022900484105015,0.0031983661627859347
Sul,2023-12-01,2024-01-01,0.0082052952218053,-0.012579249555281854,-0.0015928644480284724,0.00027628141931556525,-0.0018379716302671261,0.005850100293282364,-102204.0,8124809.0,287486.0,389690.0,2381.1666666666665,0.0008961790988367903,0.0028045747821912512,0.0027355279789507674,0.0046022900484105015,0.0031983661627859347,-0.012579249555281854
Sul,2024-01-01,2024-02-01,0.010252886078332088,0.0082052952218053,-0.00039186272356353985,0.0014944674398103168,-0.000581275836864349,0.006569159818330377,67218.0,8192027.0,454212.0,386994.0,12371.666666666666,0.0028045747821912512,0.0027355279789507674,0.0046022900484105015,0.0031983661627859347,-0.012579249555281854,0.0082052952218053
Sul,2024-02-01,2024-03-01,0.005077454622953917,0.010252886078332088,0.0019596439149518444,0.002735852655833789,0.0009319482942578058,0.007356068431169303,84862.0,8276889.0,510282.0,425420.0,22710.166666666668,0.0027355279789507674,0.0046022900484105015,0.0031983661627859347,-0.012579249555281854,0.0082052952218053,0.010252886078332088
Sul,2024-03-01,2024-04-01,0.005380236796893401,0.005077454622953917,0.007845211974363768,0.003126173763167648,0.0012663979256126482,0.00740764754437711,42240.0,8319129.0,474411.0,432171.0,26028.5,0.0046022900484105015,0.0031983661627859347,-0.012579249555281854,0.0082052952218053,0.010252886078332088,0.005077454622953917
Sul,2024-04-01,2024-05-01,-0.0011759205372654533,0.005380236796893401,0.006903525832726469,0.0032558315545814648,0.0018836301874791835,0.007439091195227875,45001.0,8364130.0,467521.0,422520.0,27238.333333333332,0.0031983661627859347,-0.012579249555281854,0.0082052952218053,0.010252886078332088,0.005077454622953917,0.005380236796893401
Sul,2024-05-01,2024-06-01,0.0018264926382919695,-0.0011759205372654533,0.0030939236275272885,0.002526783771239567,0.0012390296674276609,0.007621116794532831,-9824.0,8354306.0,392121.0,401945.0,21215.5,-0.012579249555281854,0.0082052952218053,0.010252886078332088,0.005077454622953917,0.005380236796893401,-0.0011759205372654533
Sul,2024-06-01,2024-07-01,0.003930322668482609,0.0018264926382919695,0.0020102696326399724,0.00492774080350187,-0.0018822185882977085,0.003790319334826389,15287.0,8369593.0,401038.0,385751.0,40797.333333333336,0.0082052952218053,0.010252886078332088,0.005077454622953917,0.005380236796893401,-0.0011759205372654533,0.0018264926382919695
Sul,2024-07-01,2024-08-01,0.003658871343070324,0.003930322668482609,0.0015269649231697084,0.004215245377948089,-0.0013691960096397745,0.0034977541733295847,33025.0,8402618.0,444975.0,411950.0,35098.5,0.010252886078332088,0.005077454622953917,0.005380236796893401,-0.0011759205372654533,0.0018264926382919695,0.003930322668482609
Sul,2024-08-01,2024-09-01,0.004502093166415141,0.003658871343070324,0.003138562216614968,0.0031162429220711278,-0.0002411498745455121,0.0022366386235404823,30857.0,8433475.0,442706.0,411849.0,26097.666666666668,0.005077454622953917,0.005380236796893401,-0.0011759205372654533,0.0018264926382919695,0.003930322668482609,0.003658871343070324
Sul,2024-09-01,2024-10-01,0.004040918473070791,0.004502093166415141,0.004030429059322691,0.003020349345981332,0.00034907107196590476,0.0021615723478653004,38140.0,8471615.0,429117.0,390977.0,25414.333333333332,0.005380236796893401,-0.0011759205372654533,0.0018264926382919695,0.003930322668482609,0.003658871343070324,0.004502093166415141
Sul,2024-10-01,2024-11-01,0.002924883181089444,0.004040918473070791,0.004067294327518752,0.00279712962534423,0.000966844151732527,0.00196671894240312,34372.0,8505987.0,464153.0,429781.0,23642.833333333332,-0.0011759205372654533,0.0018264926382919695,0.003930322668482609,0.003658871343070324,0.004502093166415141,0.004040918473070791
Sul,2024-11-01,2024-12-01,-0.01320537550210796,0.002924883181089444,0.003822631606858459,0.0034805969117367133,0.00019048462717419242,0.0008790457494184602,24952.0,8530939.0,402482.0,377530.0,29438.833333333332,0.0018264926382919695,0.003930322668482609,0.003658871343070324,0.004502093166415141,0.004040918473070791,0.002924883181089444
Sul,2024-12-01,2025-01-01,0.007744065882070105,-0.01320537550210796,-0.002079857949315908,0.0009752855550033919,-0.0025240465723497083,0.006359539200556901,-111186.0,8419753.0,296915.0,408101.0,8360.0,0.003930322668482609,0.003658871343070324,0.004502093166415141,0.004040918473070791,0.002924883181089444,-0.01320537550210796
Sul,2025-01-01,2025-02-01,0.01164367869242674,0.007744065882070105,-0.0008454754796494704,0.0016109094239346409,-0.0009660705315014792,0.0067985595241202195,65712.0,8485465.0,503138.0,437426.0,13807.833333333334,0.003658871343070324,0.004502093166415141,0.004040918473070791,0.002924883181089444,-0.01320537550210796,0.007744065882070105
Sul,2025-02-01,2025-03-01,0.0028516893875760977,0.01164367869242674,0.002060789690796295,0.002941710648827377,0.0008767746049673866,0.007779873492861221,99966.0,8585431.0,566426.0,466460.0,25326.0,0.004502093166415141,0.004040918473070791,0.002924883181089444,-0.01320537550210796,0.007744065882070105,0.01164367869242674
Sul,2025-03-01,2025-04-01,0.004364614613225578,0.0028516893875760977,0.007413144654024314,0.002666643352354203,0.0011759909283061852,0.007748956139488482,24553.0,8609984.0,489854.0,465301.0,23061.5,0.004040918473070791,0.002924883181089444,-0.01320537550210796,0.007744065882070105,0.01164367869242674,0.0028516893875760977
Sul,2025-04-01,2025-05-01,0.0008223139755824628,0.004364614613225578,0.006286660897742806,0.0027205927090466673,0.001693413275431128,0.00775945593675975,37744.0,8647728.0,466130.0,428386.0,23623.5,0.002924883181089444,-0.01320537550210796,0.007744065882070105,0.01164367869242674,0.0028516893875760977,0.004364614613225578
Sul,2025-05-01,2025-06-01,0.0021166344198331345,0.0008223139755824628,0.0026795393254613795,0.0023701645081288373,0.0014630886936305109,0.007789735410740435,7117.0,8654845.0,444277.0,437160.0,20651.0,-0.01320537550210796,0.007744065882070105,0.01164367869242674,0.0028516893875760977,0.004364614613225578,0.0008223139755824628
Sul,2025-06-01,2025-07-01,0.0013054232003076732,0.0021166344198331345,0.002434521002880392,0.004923832828452352,-0.0016882378924590919,0.0037062866899791836,18358.0,8673203.0,419642.0,401284.0,42241.666666666664,0.007744065882070105,0.01164367869242674,0.0028516893875760977,0.004364614613225578,0.0008223139755824628,0.0021166344198331345
Sul,2025-07-01,2025-08-01,0.0005461898710665065,0.0013054232003076732,0.0014147905319077567,0.0038507257148252816,-0.0016411069428990668,0.0036662693724077563,11337.0,8684540.0,446121.0,434784.0,33179.166666666664,0.01164367869242674,0.0028516893875760977,0.004364614613225578,0.0008223139755824628,0.0021166344198331345,0.0013054232003076732
Sul,2025-08-01,2025-09-01,0.0031321888794101547,0.0005461898710665065,0.0013227491637357713,0.002001144244598575,-0.0005545928964871713,0.0013110630551753375,4746.0,8689286.0,432168.0,427422.0,17309.166666666668,0.0028516893875760977,0.004364614613225578,0.0008223139755824628,0.0021166344198331345,0.0013054232003076732,0.0005461898710665065
Sul,2025-09-01,2025-10-01,0.0015860607174785677,0.0031321888794101547,0.0016612673169281115,0.0020478941599042515,-0.00022290606291858428,0.0013451170708703524,27302.0,8716588.0,446168.0,418866.0,17767.333333333332,0.004364614613225578,0.0008223139755824628,0.0021166344198331345,0.0013054232003076732,0.0005461898710665065,0.0031321888794101547
Sul,2025-10-01,2025-11-01,0.0013241804431497512,0.0015860607174785677,0.0017548131559850765,0.0015848018439464165,0.00017446182168486904,0.0008578470257172173,13847.0,8730435.0,451582.0,437735.0,13784.5,0.0008223139755824628,0.0021166344198331345,0.0013054232003076732,0.0005461898710665065,0.0031321888794101547,0.0015860607174785677
Sul,2025-11-01,2025-12-01,-0.0155275485240181,0.0013241804431497512,0.0020141433466794915,0.0016684462552076314,-1.5267380673159534e-05,0.0008020771530980105,11576.0,8742011.0,385083.0,373507.0,14527.666666666666,0.0021166344198331345,0.0013054232003076732,0.0005461898710665065,0.0031321888794101547,0.0015860607174785677,0.0013241804431497512
Sul,2025-12-01,2026-01-01,0.006433505626185928,-0.0155275485240181,-0.004205769121129927,-0.0012722509021009078,-0.0023822004304945906,0.006422293616086649,-135742.0,,291206.0,426948.0,-11155.666666666666,0.0013054232003076732,0.0005461898710665065,0.0031321888794101547,0.0015860607174785677,0.0013241804431497512,-0.0155275485240181
Sul,2026-01-01,2026-02-01,0.007757184255979062,0.006433505626185928,-0.002589954151560807,-0.00041757049778786537,-0.0007658432488290423,0.007021710856114662,55727.0,8661996.0,477158.0,421431.0,-3757.3333333333335,0.0005461898710665065,0.0031321888794101547,0.0015860607174785677,0.0013241804431497512,-0.0155275485240181,0.006433505626185928
Sul,2026-02-01,2026-03-01,0.0041915441571106415,0.007757184255979062,-0.0004456195472843704,0.0007842618996975606,0.0005947309326228218,0.007670918183275696,67718.0,8729714.0,520276.0,452558.0,6738.0,0.0031321888794101547,0.0015860607174785677,0.0013241804431497512,-0.0155275485240181,0.006433505626185928,0.007757184255979062
Sul,2026-03-01,2026-04-01,0.000507245087965807,0.0041915441571106415,0.006127411346425211,0.0009608211126476417,0.0015510709367672093,0.007734852799640216,36745.0,8766459.0,525131.0,488386.0,8311.833333333334,0.0015860607174785677,0.0013241804431497512,-0.0155275485240181,0.006433505626185928,0.007757184255979062,0.0041915441571106415
Sul,2026-04-01,2026-05-01,-0.00046870014927911544,0.000507245087965807,0.004151991167018503,0.0007810185077288482,0.0016113222827788462,0.007730766669385775,4449.0,8770908.0,455979.0,451530.0,6745.5,0.0013241804431497512,-0.0155275485240181,0.006433505626185928,0.007757184255979062,0.0041915441571106415,0.000507245087965807
Sul,2026-05-01,2026-06-01,0.0011909194358325362,-0.00046870014927911544,0.001410029698599111,0.00048220507565737027,0.0015414234331476038,0.007738642805313493,-4109.0,8766799.0,424592.0,428701.0,4131.333333333333,-0.0155275485240181,0.006433505626185928,0.007757184255979062,0.0041915441571106415,0.000507245087965807,-0.00046870014927911544
São Paulo,2020-07-01,2020-08-01,0.005257010954508837,0.0016533310307193906,-0.0036346647392863593,-0.00593741831607213,0.00025461032842767883,0.009138668838596143,19109.0,11557879.0,308866.0,289757.0,-69158.66666666667,0.004994874899172554,-0.006648703107610943,-0.02306668747013531,-0.010139129895000923,-0.0024181953535775476,0.0016533310307193906
São Paulo,2020-08-01,2020-09-01,0.006306498926680749,0.005257010954508837,0.0014973822105502268,-0.005893728973516082,0.004040273152988182,0.009191303571376642,61081.0,11618960.0,379516.0,318435.0,-68995.66666666667,-0.006648703107610943,-0.02306668747013531,-0.010139129895000923,-0.0024181953535775476,0.0016533310307193906,0.005257010954508837
São Paulo,2020-09-01,2020-10-01,0.009654611889921044,0.006306498926680749,0.004405613637302992,-0.003734528634467467,0.00563216802619733,0.010224016385419097,73740.0,11692700.0,420880.0,347140.0,-43459.833333333336,-0.02306668747013531,-0.010139129895000923,-0.0024181953535775476,0.0016533310307193906,0.005257010954508837,0.006306498926680749
São Paulo,2020-10-01,2020-11-01,0.01140634521859573,0.009654611889921044,0.007072707257036876,0.0017190212588752585,0.0036784706196906895,0.006509896906443946,113989.0,11806689.0,492747.0,378758.0,20456.666666666668,-0.010139129895000923,-0.0024181953535775476,0.0016533310307193906,0.005257010954508837,0.006306498926680749,0.009654611889921044
São Paulo,2020-11-01,2020-12-01,-0.0033665066404723644,0.01140634521859573,0.009122485345065842,0.0053099337778080334,0.0026907438117326635,0.00465712942336445,136225.0,11942914.0,504985.0,368760.0,62706.833333333336,-0.0024181953535775476,0.0016533310307193906,0.005257010954508837,0.006306498926680749,0.009654611889921044,0.01140634521859573
São Paulo,2020-12-01,2021-01-01,0.004855230151269351,-0.0033665066404723644,0.005898150156014803,0.005151881896658898,-9.437350287022265e-05,0.004925103770033546,-40071.0,11902843.0,404741.0,444812.0,60678.833333333336,0.0016533310307193906,0.005257010954508837,0.006306498926680749,0.009654611889921044,0.01140634521859573,-0.0033665066404723644
São Paulo,2021-01-01,2021-02-01,0.009260304622498688,0.004855230151269351,0.004298356243130905,0.0056855317500838914,-0.00083646249682806,0.004684715110045031,58073.0,11960916.0,472265.0,414192.0,67172.83333333333,0.005257010954508837,0.006306498926680749,0.009654611889921044,0.01140634521859573,-0.0033665066404723644,0.004855230151269351
São Paulo,2021-02-01,2021-03-01,0.0033938083140543965,0.009260304622498688,0.0035830093777652248,0.006352747361415533,-0.00041148481702667054,0.004858045645435173,111797.0,12072713.0,533111.0,421314.0,75625.5,0.006306498926680749,0.009654611889921044,0.01140634521859573,-0.0033665066404723644,0.004855230151269351,0.009260304622498688
São Paulo,2021-03-01,2021-04-01,0.0018976906459390599,0.0033938083140543965,0.005836447695940811,0.005867298925977807,-0.0008434400821680751,0.004982349934623542,41112.0,12113825.0,497818.0,456706.0,70187.5,0.009654611889921044,0.01140634521859573,-0.0033665066404723644,0.004855230151269351,0.009260304622498688,0.0033938083140543965
São Paulo,2021-04-01,2021-05-01,0.006893242015857819,0.0018976906459390599,0.004850601194164048,0.0045744787186474765,-0.0006530643865278207,0.0048361246728048195,23032.0,12136857.0,430592.0,407560.0,55028.0,0.01140634521859573,-0.0033665066404723644,0.004855230151269351,0.009260304622498688,0.0033938083140543965,0.0018976906459390599
São Paulo,2021-05-01,2021-06-01,0.007192414137997257,0.006893242015857819,0.004061580325283759,0.003822294851524492,0.0010445608130633067,0.003992413452225843,84243.0,12221100.0,489176.0,404933.0,46364.333333333336,-0.0033665066404723644,0.004855230151269351,0.009260304622498688,0.0033938083140543965,0.0018976906459390599,0.006893242015857819
São Paulo,2021-06-01,2021-07-01,0.007757214306033006,0.007192414137997257,0.005327782266598045,0.0055821149812694286,8.824612701718839e-05,0.0024743088873619428,88536.0,12309636.0,500775.0,412239.0,67798.83333333333,0.004855230151269351,0.009260304622498688,0.0033938083140543965,0.0018976906459390599,0.006893242015857819,0.007192414137997257
São Paulo,2021-07-01,2021-08-01,0.009018694642143072,0.007757214306033006,0.007280956819962694,0.006065779007063371,0.000253597635983398,0.0025668507617275975,96235.0,12405871.0,507330.0,411095.0,74159.16666666667,0.009260304622498688,0.0033938083140543965,0.0018976906459390599,0.006893242015857819,0.007192414137997257,0.007757214306033006
São Paulo,2021-08-01,2021-09-01,0.006631700169547757,0.009018694642143072,0.007989441028724445,0.0060255106770041025,0.0013143478497961325,0.002517847116343659,112903.0,12518774.0,562480.0,449577.0,74343.5,0.0033938083140543965,0.0018976906459390599,0.006893242015857819,0.007192414137997257,0.007757214306033006,0.009018694642143072
São Paulo,2021-09-01,2021-10-01,0.006211596941878709,0.006631700169547757,0.0078025363725746115,0.006565159319586328,0.0008746058761409995,0.0022260431650782926,83575.0,12602349.0,548615.0,465040.0,81420.66666666667,0.0018976906459390599,0.006893242015857819,0.007192414137997257,0.007757214306033006,0.009018694642143072,0.006631700169547757
São Paulo,2021-10-01,2021-11-01,0.009148704123062248,0.006211596941878709,0.007287330584523181,0.007284143702242936,-0.00010939676968954255,0.0009101025873656351,78770.0,12681119.0,557442.0,478672.0,90710.33333333333,0.006893242015857819,0.007192414137997257,0.007757214306033006,0.009018694642143072,0.006631700169547757,0.006211596941878709
São Paulo,2021-11-01,2021-12-01,-0.007349487187237108,0.009148704123062248,0.007330667078162905,0.007660054053443675,7.878866743619268e-05,0.0011139756280103053,117087.0,12798206.0,576655.0,459568.0,96184.33333333333,0.007192414137997257,0.007757214306033006,0.009018694642143072,0.006631700169547757,0.006211596941878709,0.009148704123062248
São Paulo,2021-12-01,2022-01-01,0.0034959283975884987,-0.007349487187237108,0.0026702712925679504,0.00523640383257128,-0.0021589594928932017,0.005733945834606035,-93374.0,12704832.0,460024.0,553398.0,65866.0,0.007757214306033006,0.009018694642143072,0.006631700169547757,0.006211596941878709,0.009148704123062248,-0.007349487187237108
São Paulo,2022-01-01,2022-02-01,0.007642908447619306,0.0034959283975884987,0.0017650484444712133,0.004526189514497197,-0.0019034367460555412,0.0056408798373459275,44571.0,12749403.0,547933.0,503362.0,57255.333333333336,0.009018694642143072,0.006631700169547757,0.006211596941878709,0.009148704123062248,-0.007349487187237108,0.0034959283975884987
São Paulo,2022-02-01,2022-03-01,0.0030469018017653796,0.007642908447619306,0.0012631165526568989,0.004296891815409902,-0.0005596901586517785,0.005479249066760455,98193.0,12847596.0,626081.0,527888.0,54803.666666666664,0.006631700169547757,0.006211596941878709,0.009148704123062248,-0.007349487187237108,0.0034959283975884987,0.007642908447619306
São Paulo,2022-03-01,2022-04-01,0.004392248190299028,0.0030469018017653796,0.004728579548991061,0.003699425420779506,-0.00027129848977342473,0.0053867487170053885,39265.0,12886861.0,601341.0,562076.0,47418.666666666664,0.006211596941878709,0.009148704123062248,-0.007349487187237108,0.0034959283975884987,0.007642908447619306,0.0030469018017653796
São Paulo,2022-04-01,2022-05-01,0.006450767561433469,0.004392248190299028,0.005027352813227905,0.003396200628849559,0.00033011049580634747,0.005287086413026432,56852.0,12943713.0,581883.0,525031.0,43765.666666666664,0.009148704123062248,-0.007349487187237108,0.0034959283975884987,0.007642908447619306,0.0030469018017653796,0.004392248190299028
São Paulo,2022-05-01,2022-06-01,0.005725581905448565,0.006450767561433469,0.004629972517832625,0.0029465445352447623,0.0019169778993037296,0.004877595642535069,84039.0,13027752.0,610167.0,526128.0,38257.666666666664,-0.007349487187237108,0.0034959283975884987,0.007642908447619306,0.0030469018017653796,0.004392248190299028,0.006450767561433469
São Paulo,2022-06-01,2022-07-01,0.005175409678490628,0.005725581905448565,0.0055228658857270204,0.00512572271735904,0.00025477689340789884,0.001631334305136006,75021.0,13102773.0,585745.0,510724.0,66323.5,0.0034959283975884987,0.007642908447619306,0.0030469018017653796,0.004392248190299028,0.006450767561433469,0.005725581905448565
São Paulo,2022-07-01,2022-08-01,0.005771624417989436,0.005175409678490628,0.00578391971512422,0.005405636264176062,-6.408383324169705e-05,0.0014630811892419318,68165.0,13170938.0,580929.0,512764.0,70255.83333333333,0.007642908447619306,0.0030469018017653796,0.004392248190299028,0.006450767561433469,0.005725581905448565,0.005175409678490628
São Paulo,2022-08-01,2022-09-01,0.0046766099851979475,0.005771624417989436,0.005557538667309543,0.005093755592571084,0.00043565462542029075,0.0011096983511957729,76459.0,13247397.0,621951.0,545492.0,66633.5,0.0030469018017653796,0.004392248190299028,0.006450767561433469,0.005725581905448565,0.005175409678490628,0.005771624417989436
São Paulo,2022-09-01,2022-10-01,0.004602361197740214,0.0046766099851979475,0.005207881360559338,0.005365373623143179,-3.330836236558398e-05,0.0006988472023629988,62244.0,13309641.0,571492.0,509248.0,70463.33333333333,0.004392248190299028,0.006450767561433469,0.005725581905448565,0.005175409678490628,0.005771624417989436,0.0046766099851979475
São Paulo,2022-10-01,2022-11-01,0.00404751547798521,0.004602361197740214,0.0050168652003091995,0.0054003924577167095,-0.0003369352239919806,0.0006529652127187954,61539.0,13371180.0,559351.0,497812.0,71244.5,0.006450767561433469,0.005725581905448565,0.005175409678490628,0.005771624417989436,0.0046766099851979475,0.004602361197740214
São Paulo,2022-11-01,2022-12-01,-0.011045079643168003,0.00404751547798521,0.004442162220307791,0.004999850443808666,-0.0003201283432102713,0.00062216908854852,54340.0,13425520.0,560433.0,506093.0,66294.66666666667,0.005725581905448565,0.005175409678490628,0.005771624417989436,0.0046766099851979475,0.004602361197740214,0.00404751547798521
São Paulo,2022-12-01,2023-01-01,0.0013947838378341752,-0.011045079643168003,-0.000798400989147526,0.002204740185705906,-0.0024671149204503868,0.005949227029067435,-146666.0,13278854.0,434325.0,580991.0,29346.833333333332,0.005175409678490628,0.005771624417989436,0.0046766099851979475,0.004602361197740214,0.00404751547798521,-0.011045079643168003
São Paulo,2023-01-01,2023-02-01,0.004855235013071873,0.0013947838378341752,-0.0018675934424495389,0.0015746358789298302,-0.0019886890715894046,0.005799551374688513,18547.0,13297401.0,572994.0,554447.0,21077.166666666668,0.005771624417989436,0.0046766099851979475,0.004602361197740214,0.00404751547798521,-0.011045079643168003,0.0013947838378341752
São Paulo,2023-02-01,2023-03-01,0.0038488416423970765,0.004855235013071873,-0.0015983535974206514,0.0014219043114435696,-0.0006806343446143344,0.005698193181140895,64877.0,13362278.0,591842.0,526965.0,19146.833333333332,0.0046766099851979475,0.004602361197740214,0.00404751547798521,-0.011045079643168003,0.0013947838378341752,0.004855235013071873
São Paulo,2023-03-01,2023-04-01,0.004086215228618905,0.0038488416423970765,0.0033662868311010417,0.001283942920976758,0.00031701212312989927,0.005627301734870409,51628.0,13413906.0,664639.0,613011.0,17377.5,0.004602361197740214,0.00404751547798521,-0.011045079643168003,0.0013947838378341752,0.004855235013071873,0.0038488416423970765
São Paulo,2023-04-01,2023-05-01,0.003706767965660322,0.004086215228618905,0.004263430628029284,0.0011979185927898728,0.0013810203938600402,0.00557965915936379,55037.0,13468943.0,579437.0,524400.0,16293.833333333334,0.00404751547798521,-0.011045079643168003,0.0013947838378341752,0.004855235013071873,0.0038488416423970765,0.004086215228618905
São Paulo,2023-05-01,2023-06-01,0.0026865901322661334,0.003706767965660322,0.003880608278892101,0.0011411273407357248,0.002309346824166314,0.005552031899791457,50112.0,13519055.0,617248.0,567136.0,15589.166666666666,-0.011045079643168003,0.0013947838378341752,0.004855235013071873,0.0038488416423970765,0.004086215228618905,0.003706767965660322
São Paulo,2023-06-01,2023-07-01,0.0031863831554598478,0.0026865901322661334,0.003493191108848453,0.003429738969974748,9.288582617562744e-05,0.0011112084072714117,36418.0,13555473.0,586906.0,550488.0,46103.166666666664,0.0013947838378341752,0.004855235013071873,0.0038488416423970765,0.004086215228618905,0.003706767965660322,0.0026865901322661334
São Paulo,2023-07-01,2023-08-01,0.004790743974100036,0.0031863831554598478,0.0031932470844621007,0.003728338856245693,-0.00034887031661175796,0.0006821428316331355,43331.0,13598804.0,578329.0,534998.0,50233.833333333336,0.004855235013071873,0.0038488416423970765,0.004086215228618905,0.003706767965660322,0.0026865901322661334,0.0031863831554598478
São Paulo,2023-08-01,2023-09-01,0.0034500785176200073,0.004790743974100036,0.0035545724206086722,0.003717590349750387,2.8281074446955174e-05,0.0006645837745427638,65462.0,13664266.0,642890.0,577428.0,50331.333333333336,0.0038488416423970765,0.004086215228618905,0.003706767965660322,0.0026865901322661334,0.0031863831554598478,0.004790743974100036
São Paulo,2023-09-01,2023-10-01,0.005038961574235393,0.0034500785176200073,0.0038090685490599643,0.0036511298289542086,1.6315356957667562e-05,0.0006680647715446923,47306.0,13711572.0,582205.0,534899.0,49611.0,0.004086215228618905,0.003706767965660322,0.0026865901322661334,0.0031863831554598478,0.004790743974100036,0.0034500785176200073
São Paulo,2023-10-01,2023-11-01,0.0034185723799339714,0.005038961574235393,0.0044265946886518125,0.0038099208865569564,0.00030159411478791905,0.0008429465465689987,69442.0,13781014.0,621054.0,551612.0,52011.833333333336,0.003706767965660322,0.0026865901322661334,0.0031863831554598478,0.004790743974100036,0.0034500785176200073,0.005038961574235393
São Paulo,2023-11-01,2023-12-01,-0.011997423953572619,0.0034185723799339714,0.003969204157263124,0.003761888288935898,0.0002250566010910228,0.0008555722868521769,47273.0,13828287.0,594400.0,547127.0,51538.666666666664,0.0026865901322661334,0.0031863831554598478,0.004790743974100036,0.0034500785176200073,0.005038961574235393,0.0034185723799339714
São Paulo,2023-12-01,2024-01-01,0.0028095617196102797,-0.011997423953572619,-0.0011799633331344179,0.001314552607962773,-0.0022413333506012888,0.0059952059770999955,-163937.0,13664350.0,481166.0,645103.0,18146.166666666668,0.0031863831554598478,0.004790743974100036,0.0034500785176200073,0.005038961574235393,0.0034185723799339714,-0.011997423953572619
São Paulo,2024-01-01,2024-02-01,0.007328521592128433,0.0028095617196102797,-0.001923096618009456,0.001251749035321178,-0.0016533945108665167,0.005977215142523588,38499.0,13702849.0,639442.0,600943.0,17340.833333333332,0.004790743974100036,0.0034500785176200073,0.005038961574235393,0.0034185723799339714,-0.011997423953572619,0.0028095617196102797
São Paulo,2024-02-01,2024-03-01,0.0055429191353072085,0.007328521592128433,-0.0006197802139446352,0.0016747119716592443,-7.748515785256585e-05,0.006294069944763467,101163.0,13804012.0,704433.0,603270.0,23291.0,0.0034500785176200073,0.005038961574235393,0.0034185723799339714,-0.011997423953572619,0.0028095617196102797,0.007328521592128433
São Paulo,2024-03-01,2024-04-01,0.005466620506672804,0.0055429191353072085,0.005227000815681973,0.0020235187412737782,0.0008301891747178674,0.006439112285228143,76941.0,13880953.0,713338.0,636397.0,28230.166666666668,0.005038961574235393,0.0034185723799339714,-0.011997423953572619,0.0028095617196102797,0.007328521592128433,0.0055429191353072085
São Paulo,2024-04-01,2024-05-01,0.0030254420713381456,0.005466620506672804,0.006112687078036148,0.0020947952300133465,0.00192514942208148,0.0064743670783535285,76299.0,13957252.0,723611.0,647312.0,29373.0,0.0034185723799339714,-0.011997423953572619,0.0028095617196102797,0.007328521592128433,0.0055429191353072085,0.005466620506672804
São Paulo,2024-05-01,2024-06-01,0.003413901513458134,0.0030254420713381456,0.004678327237772719,0.002029273511914042,0.0023228544008262898,0.006462617289960363,42355.0,13999607.0,683314.0,640959.0,28553.333333333332,-0.011997423953572619,0.0028095617196102797,0.007328521592128433,0.0055429191353072085,0.005466620506672804,0.0030254420713381456
São Paulo,2024-06-01,2024-07-01,0.0043833863794881306,0.003413901513458134,0.0039686546971563616,0.004597827756419167,-0.0002846810920504574,0.0016419836018033223,47957.0,14047564.0,656213.0,608256.0,63869.0,0.0028095617196102797,0.007328521592128433,0.0055429191353072085,0.005466620506672804,0.0030254420713381456,0.003413901513458134
São Paulo,2024-07-01,2024-08-01,0.004288583187469518,0.0043833863794881306,0.00360757665476147,0.00486013186639881,-0.0006729687818309541,0.0014498235467697847,61847.0,14109411.0,680724.0,618877.0,67760.33333333333,0.007328521592128433,0.0055429191353072085,0.005466620506672804,0.0030254420713381456,0.003413901513458134,0.0043833863794881306
São Paulo,2024-08-01,2024-09-01,0.004011106012912687,0.004288583187469518,0.004028623693471928,0.0043534754656223236,-0.00026094064796064275,0.0009403408694209651,60770.0,14170181.0,693487.0,632717.0,61028.166666666664,0.0055429191353072085,0.005466620506672804,0.0030254420713381456,0.003413901513458134,0.0043833863794881306,0.004288583187469518
São Paulo,2024-09-01,2024-10-01,0.003310448006491014,0.004011106012912687,0.004227691859956779,0.00409817327855657,-7.196183583932752e-05,0.000776403145139191,57067.0,14227248.0,680882.0,623815.0,57715.833333333336,0.005466620506672804,0.0030254420713381456,0.003413901513458134,0.0043833863794881306,0.004288583187469518,0.004011106012912687
São Paulo,2024-10-01,2024-11-01,0.0026941818541311733,0.003310448006491014,0.0038700457356244064,0.003738811195192938,8.919542806026824e-05,0.0005147536156659834,47255.0,14274503.0,720450.0,673195.0,52875.166666666664,0.0030254420713381456,0.003413901513458134,0.0043833863794881306,0.004288583187469518,0.004011106012912687,0.003310448006491014
São Paulo,2024-11-01,2024-12-01,-0.013494002759852082,0.0026941818541311733,0.0033385786245116247,0.003683601158991776,-0.0002027111597195142,0.0005991513128029512,38562.0,14313065.0,638754.0,600192.0,52243.0,0.003413901513458134,0.0043833863794881306,0.004288583187469518,0.004011106012912687,0.003310448006491014,0.0026941818541311733
São Paulo,2024-12-01,2025-01-01,0.0025514490429541124,-0.013494002759852082,-0.0024964576330766316,0.0008656171134400736,-0.0027105945058039354,0.006448579013779912,-190569.0,14122496.0,482273.0,672842.0,12488.666666666666,0.0043833863794881306,0.004288583187469518,0.004011106012912687,0.003310448006491014,0.0026941818541311733,-0.013494002759852082
São Paulo,2025-01-01,2025-02-01,0.009623604926679128,0.0025514490429541124,-0.002749457287588932,0.000560294224017737,-0.001766207519806605,0.006316816498658717,36125.0,14158621.0,706744.0,670619.0,8201.666666666666,0.004288583187469518,0.004011106012912687,0.003310448006491014,0.0026941818541311733,-0.013494002759852082,0.0025514490429541124
São Paulo,2025-02-01,2025-03-01,0.0024327569212227477,0.009623604926679128,-0.00043964959673961347,0.0014494645138860053,0.00027420894469252106,0.007105311904226248,137581.0,14296202.0,802375.0,664794.0,21003.5,0.004011106012912687,0.003310448006491014,0.0026941818541311733,-0.013494002759852082,0.0025514490429541124,0.009623604926679128
São Paulo,2025-03-01,2025-04-01,0.005018485631362539,0.0024327569212227477,0.004869270296951996,0.0011864063319376823,0.0009270075884031066,0.007034467554883905,34864.0,14331066.0,711909.0,677045.0,17303.0,0.003310448006491014,0.0026941818541311733,-0.013494002759852082,0.0025514490429541124,0.009623604926679128,0.0024327569212227477
São Paulo,2025-04-01,2025-05-01,0.0023075278759037234,0.005018485631362539,0.005691615826421471,0.0014710792694162698,0.0018992558232316097,0.00714830340381701,72283.0,14403349.0,730954.0,658671.0,21474.333333333332,0.0026941818541311733,-0.013494002759852082,0.0025514490429541124,0.009623604926679128,0.0024327569212227477,0.005018485631362539
São Paulo,2025-05-01,2025-06-01,0.002769198696585995,0.0023075278759037234,0.003252923476163003,0.001406636939711695,0.002263368998244226,0.007138723027422846,33313.0,14436662.0,707444.0,674131.0,20599.5,-0.013494002759852082,0.0025514490429541124,0.009623604926679128,0.0024327569212227477,0.005018485631362539,0.0023075278759037234
São Paulo,2025-06-01,2025-07-01,0.0029476122157788783,0.002769198696585995,0.003365070734617419,0.004117170515784707,-0.0005221072621150575,0.0026303914872286126,40089.0,14476751.0,678491.0,638402.0,59042.5,0.0025514490429541124,0.009623604926679128,0.0024327569212227477,0.005018485631362539,0.0023075278759037234,0.002769198696585995
São Paulo,2025-07-01,2025-08-01,0.003120494549982461,0.0029476122157788783,0.0026747795960895323,0.004183197711255502,-0.0010023313138248662,0.002594994592155181,42798.0,14519549.0,706897.0,664099.0,60154.666666666664,0.009623604926679128,0.0024327569212227477,0.005018485631362539,0.0023075278759037234,0.002769198696585995,0.0029476122157788783
São Paulo,2025-08-01,2025-09-01,0.0033564957450880665,0.003120494549982461,0.0029457684874491115,0.0030993459818060578,-6.606460806486129e-05,0.0009024855964363784,45450.0,14564999.0,705905.0,660455.0,44799.5,0.0024327569212227477,0.005018485631362539,0.0023075278759037234,0.002769198696585995,0.0029476122157788783,0.003120494549982461
São Paulo,2025-09-01,2025-10-01,0.0012613012930730188,0.0033564957450880665,0.0031415341702831358,0.003253302452450277,-0.0001626467397126648,0.0008530778556300378,49052.0,14614051.0,728293.0,679241.0,47164.166666666664,0.005018485631362539,0.0023075278759037234,0.002769198696585995,0.0029476122157788783,0.003120494549982461,0.0033564957450880665
São Paulo,2025-10-01,2025-11-01,0.0021211691990465375,0.0012613012930730188,0.002579430529381182,0.0026271050627353575,-9.418169812696352e-05,0.0006911233494739956,18456.0,14632507.0,731303.0,712847.0,38193.0,0.0023075278759037234,0.002769198696585995,0.0029476122157788783,0.003120494549982461,0.0033564957450880665,0.0012613012930730188
São Paulo,2025-11-01,2025-12-01,-0.015295141149066216,0.0021211691990465375,0.0022463220790692076,0.0025960452832591596,-0.00023037368744883616,0.0007087503281064025,31104.0,14663611.0,650681.0,619577.0,37824.833333333336,0.002769198696585995,0.0029476122157788783,0.003120494549982461,0.0033564957450880665,0.0012613012930730188,0.0021211691990465375
São Paulo,2025-12-01,2026-01-01,0.0011380222997306269,-0.015295141149066216,-0.00397089021898222,-0.00041467802434954227,-0.0027516267808299507,0.006691932991885987,-224282.0,,483374.0,707656.0,-6237.0,0.0029476122157788783,0.003120494549982461,0.0033564957450880665,0.0012613012930730188,0.0021211691990465375,-0.015295141149066216
São Paulo,2026-01-01,2026-02-01,0.006590031278871245,0.0011380222997306269,-0.0040119832167630175,-0.0007162763436909178,-0.0018573544007928142,0.0065733288924196215,16451.0,14455780.0,690564.0,674113.0,-10628.166666666666,0.003120494549982461,0.0033564957450880665,0.0012613012930730188,0.0021211691990465375,-0.015295141149066216,0.0011380222997306269
São Paulo,2026-02-01,2026-03-01,0.004642823528381718,0.006590031278871245,-0.0025223625234881146,-0.00013802022220945365,-4.624199026354389e-05,0.007022665160040707,95896.0,14551676.0,770074.0,674178.0,-2220.5,0.0033564957450880665,0.0012613012930730188,0.0021211691990465375,-0.015295141149066216,0.0011380222997306269,0.006590031278871245
São Paulo,2026-03-01,2026-04-01,0.0013799412203237842,0.004642823528381718,0.004123625702327863,7.636774167282146e-05,0.0013356388818518417,0.007144648435808688,67876.0,14619552.0,804299.0,736423.0,916.8333333333334,0.0012613012930730188,0.0021211691990465375,-0.015295141149066216,0.0011380222997306269,0.006590031278871245,0.004642823528381718
São Paulo,2026-04-01,2026-05-01,0.0012432819860965817,0.0013799412203237842,0.004204265342525582,9.614106288128243e-05,0.0017588503747963048,0.007148063817279937,20202.0,14639754.0,728131.0,707929.0,1207.8333333333333,0.0021211691990465375,-0.015295141149066216,0.0011380222997306269,0.006590031278871245,0.004642823528381718,0.0013799412203237842
São Paulo,2026-05-01,2026-06-01,0.002380800218662558,0.0012432819860965817,0.002422015578267361,-5.0173472610376794e-05,0.0023277332767743975,0.007114019535409374,18224.0,14657978.0,704269.0,686045.0,-938.8333333333334,-0.015295141149066216,0.0011380222997306269,0.006590031278871245,0.004642823528381718,0.0013799412203237842,0.0012432819860965817
Tocantins,2020-07-01,2020-08-01,0.012634227270241199,0.0107401799672563,0.00330423550887517,0.0002419069618560532,0.0011944419132765608,0.00987874305902976,1745.0,162474.0,5848.0,4103.0,47.166666666666664,0.008315449003674695,0.0002139547394031274,-0.016990668498567014,-0.00790771409415318,0.007080240653522389,0.0107401799672563
Tocantins,2020-08-01,2020-09-01,0.011349298854856346,0.012634227270241199,0.010151549297006629,0.0009617033396171374,0.004579481794266738,0.010573680115660976,2079.0,164553.0,6148.0,4069.0,167.0,0.0002139547394031274,-0.016990668498567014,-0.00790771409415318,0.007080240653522389,0.0107401799672563,0.012634227270241199
Tocantins,2020-09-01,2020-10-01,0.00971590063959542,0.011349298854856346,0.011574568697451283,0.0028175940255260067,0.00591387429068668,0.011236052823543669,1889.0,166442.0,6801.0,4912.0,476.0,-0.016990668498567014,-0.00790771409415318,0.007080240653522389,0.0107401799672563,0.012634227270241199,0.011349298854856346
Tocantins,2020-10-01,2020-11-01,0.006725251605964081,0.00971590063959542,0.011233142254897655,0.0072686888818864126,0.002937694159306564,0.006998085401465167,1633.0,168075.0,6776.0,5143.0,1203.6666666666667,-0.00790771409415318,0.007080240653522389,0.0107401799672563,0.012634227270241199,0.011349298854856346,0.00971590063959542
Tocantins,2020-11-01,2020-12-01,0.0006496459429610862,0.006725251605964081,0.009263483700138615,0.009707516498572622,-0.00017522033246168667,0.0021650262367713456,1138.0,169213.0,6478.0,5340.0,1603.6666666666667,0.007080240653522389,0.0107401799672563,0.012634227270241199,0.011349298854856346,0.00971590063959542,0.006725251605964081
Tocantins,2020-12-01,2021-01-01,0.00931457157066378,0.0006496459429610862,0.005696932729506862,0.008635750713479072,-0.001994657009416237,0.00400779201229922,110.0,169323.0,5252.0,5142.0,1432.3333333333333,0.0107401799672563,0.012634227270241199,0.011349298854856346,0.00971590063959542,0.006725251605964081,0.0006496459429610862
Tocantins,2021-01-01,2021-02-01,0.016859749433406578,0.00931457157066378,0.005563156373196316,0.008398149314046985,-0.0014767967504915485,0.003917223285377447,1592.0,170915.0,7050.0,5458.0,1406.8333333333333,0.012634227270241199,0.011349298854856346,0.00971590063959542,0.006725251605964081,0.0006496459429610862,0.00931457157066378
Tocantins,2021-02-01,2021-03-01,0.008130266843915993,0.016859749433406578,0.008941322315677147,0.009102403007907883,0.0005792188577986637,0.0048776071685153015,2931.0,173846.0,8251.0,5320.0,1548.8333333333333,0.011349298854856346,0.00971590063959542,0.006725251605964081,0.0006496459429610862,0.00931457157066378,0.016859749433406578
Tocantins,2021-03-01,2021-04-01,0.007199419968052928,0.008130266843915993,0.011434862615995451,0.008565897672751156,0.000889721432332373,0.004776954923876854,1425.0,175271.0,7304.0,5879.0,1471.5,0.00971590063959542,0.006725251605964081,0.0006496459429610862,0.00931457157066378,0.016859749433406578,0.008130266843915993
Tocantins,2021-04-01,2021-05-01,0.009804251500364574,0.007199419968052928,0.010729812081791834,0.008146484227494075,0.00092451092503005,0.004768037659488793,1271.0,176542.0,6781.0,5510.0,1411.1666666666667,0.006725251605964081,0.0006496459429610862,0.00931457157066378,0.016859749433406578,0.008130266843915993,0.007199419968052928
Tocantins,2021-05-01,2021-06-01,0.010901223267038362,0.009804251500364574,0.008377979437444498,0.008659650876560824,0.0008770882968484084,0.0047531278971857625,1748.0,178290.0,7655.0,5907.0,1512.8333333333333,0.0006496459429610862,0.00931457157066378,0.016859749433406578,0.008130266843915993,0.007199419968052928,0.009804251500364574
Tocantins,2021-06-01,2021-07-01,0.010006755383711288,0.010901223267038362,0.009301631578485289,0.01036824709724037,-0.00040468806266046194,0.003133209491761065,1965.0,180255.0,7976.0,6011.0,1822.0,0.00931457157066378,0.016859749433406578,0.008130266843915993,0.007199419968052928,0.009804251500364574,0.010901223267038362
Tocantins,2021-07-01,2021-08-01,0.008273600732042093,0.010006755383711288,0.010237410050371407,0.010483611066081621,-0.0006670648413370772,0.0031049047593383785,1822.0,182077.0,8210.0,6388.0,1860.3333333333333,0.016859749433406578,0.008130266843915993,0.007199419968052928,0.009804251500364574,0.010901223267038362,0.010006755383711288
Tocantins,2021-08-01,2021-09-01,0.010333507624802575,0.008273600732042093,0.009727193127597247,0.009052586282520873,0.00029244707012226725,0.0012770157267153702,1519.0,183596.0,8781.0,7262.0,1625.0,0.008130266843915993,0.007199419968052928,0.009804251500364574,0.010901223267038362,0.010006755383711288,0.008273600732042093
Tocantins,2021-09-01,2021-10-01,0.009577858809334408,0.010333507624802575,0.009537954580185318,0.009419793079335303,0.0002909719455843914,0.0012757779552227707,1917.0,185513.0,9153.0,7236.0,1707.0,0.007199419968052928,0.009804251500364574,0.010901223267038362,0.010006755383711288,0.008273600732042093,0.010333507624802575
Tocantins,2021-10-01,2021-11-01,0.006766251464872231,0.009577858809334408,0.009394989055393025,0.009816199552882215,-0.00013052185810078239,0.0008080589720919033,1794.0,187307.0,8985.0,7191.0,1794.1666666666667,0.009804251500364574,0.010901223267038362,0.010006755383711288,0.008273600732042093,0.010333507624802575,0.009577858809334408
Tocantins,2021-11-01,2021-12-01,-0.009269417878416493,0.006766251464872231,0.008892539299669738,0.009309866213633493,-0.0005686183383200232,0.0013953228834967172,1276.0,188583.0,8709.0,7433.0,1715.5,0.010901223267038362,0.010006755383711288,0.008273600732042093,0.010333507624802575,0.009577858809334408,0.006766251464872231
Tocantins,2021-12-01,2022-01-01,0.004645142044395199,-0.009269417878416493,0.0023582307985967155,0.005948092689391016,-0.002904530369360475,0.006910496948207991,-1732.0,186851.0,6625.0,8357.0,1099.3333333333333,0.010006755383711288,0.008273600732042093,0.010333507624802575,0.009577858809334408,0.006766251464872231,-0.009269417878416493
Tocantins,2022-01-01,2022-02-01,0.009115861704935339,0.004645142044395199,0.0007139918769503125,0.005054490466171669,-0.0022789336369243964,0.006670377254999953,872.0,187723.0,9101.0,8229.0,941.0,0.008273600732042093,0.010333507624802575,0.009577858809334408,0.006766251464872231,-0.009269417878416493,0.004645142044395199
Tocantins,2022-02-01,2022-03-01,0.00798533839507789,0.009115861704935339,0.0014971952903046818,0.00519486729498721,-0.001054915692498358,0.0067450899160665856,1727.0,189450.0,9684.0,7957.0,975.6666666666666,0.010333507624802575,0.009577858809334408,0.006766251464872231,-0.009269417878416493,0.004645142044395199,0.009115861704935339
Tocantins,2022-03-01,2022-04-01,0.003137136175721385,0.00798533839507789,0.00724878071480281,0.004803505756699762,0.0003714511020490978,0.006499224944230798,1525.0,190975.0,10155.0,8630.0,910.3333333333334,0.009577858809334408,0.006766251464872231,-0.009269417878416493,0.004645142044395199,0.009115861704935339,0.00798533839507789
Tocantins,2022-04-01,2022-05-01,0.010071050251905439,0.003137136175721385,0.0067461120919115386,0.0037300519844309255,0.0010882689152934013,0.006144212341115418,601.0,191576.0,8995.0,8394.0,711.5,0.006766251464872231,-0.009269417878416493,0.004645142044395199,0.009115861704935339,0.00798533839507789,0.003137136175721385
Tocantins,2022-05-01,2022-06-01,0.008453951581913668,0.010071050251905439,0.007064508274234905,0.004280851782269794,0.0026013657067351643,0.006527857496856284,1949.0,193525.0,10171.0,8222.0,823.6666666666666,-0.009269417878416493,0.004645142044395199,0.009115861704935339,0.00798533839507789,0.003137136175721385,0.010071050251905439
Tocantins,2022-06-01,2022-07-01,0.012662005888363905,0.008453951581913668,0.007220712669846831,0.00723474669232482,0.0004874688888327461,0.0024876201551601897,1650.0,195175.0,9914.0,8264.0,1387.3333333333333,0.004645142044395199,0.009115861704935339,0.00798533839507789,0.003137136175721385,0.010071050251905439,0.008453951581913668
Tocantins,2022-07-01,2022-08-01,0.010907744498594002,0.012662005888363905,0.01039566924072767,0.008570890666319605,0.0007448707015381206,0.0028626016736269795,2503.0,197678.0,10516.0,8013.0,1659.1666666666667,0.009115861704935339,0.00798533839507789,0.003137136175721385,0.010071050251905439,0.008453951581913668,0.012662005888363905
Tocantins,2022-08-01,2022-09-01,0.010001139307598191,0.010907744498594002,0.010674567322957192,0.008869537798596049,0.001187701171014753,0.0029943191155334986,2180.0,199858.0,11261.0,9081.0,1734.6666666666667,0.00798533839507789,0.003137136175721385,0.010071050251905439,0.008453951581913668,0.012662005888363905,0.010907744498594002
Tocantins,2022-09-01,2022-10-01,0.0051154424266318405,0.010001139307598191,0.011190296564852034,0.009205504617349432,0.0011725186487399986,0.00298934644373622,2019.0,201877.0,10549.0,8530.0,1817.0,0.003137136175721385,0.010071050251905439,0.008453951581913668,0.012662005888363905,0.010907744498594002,0.010001139307598191
Tocantins,2022-10-01,2022-11-01,0.003966169750101854,0.0051154424266318405,0.008674775410941344,0.009535222325834506,-0.0006254496382595519,0.0023405264201645177,1038.0,202915.0,9344.0,8306.0,1889.8333333333333,0.010071050251905439,0.008453951581913668,0.012662005888363905,0.010907744498594002,0.010001139307598191,0.0051154424266318405
Tocantins,2022-11-01,2022-12-01,-0.012590088970624783,0.003966169750101854,0.006360917161443962,0.008517742242200576,-0.0013138629924357456,0.00309257239856767,808.0,203723.0,9277.0,8469.0,1699.6666666666667,0.008453951581913668,0.012662005888363905,0.010907744498594002,0.010001139307598191,0.0051154424266318405,0.003966169750101854
Tocantins,2022-12-01,2023-01-01,0.005427904769437633,-0.012590088970624783,-0.0011694922646303628,0.005010402150110835,-0.004342025583468178,0.008456869854085097,-2533.0,201190.0,6637.0,9170.0,1002.5,0.012662005888363905,0.010907744498594002,0.010001139307598191,0.0051154424266318405,0.003966169750101854,-0.012590088970624783
Tocantins,2023-01-01,2023-02-01,0.00937307176227461,0.005427904769437633,-0.0010653381503617652,0.0038047186302897894,-0.002752061604485164,0.0077676371197390485,1098.0,202288.0,9835.0,8737.0,768.3333333333334,0.010907744498594002,0.010001139307598191,0.0051154424266318405,0.003966169750101854,-0.012590088970624783,0.005427904769437633
Tocantins,2023-02-01,2023-03-01,0.008843629868364851,0.00937307176227461,0.0007369625203624868,0.0035489398409032243,-0.0005359774119693475,0.007551800689524031,1914.0,204202.0,10521.0,8607.0,724.0,0.010001139307598191,0.0051154424266318405,0.003966169750101854,-0.012590088970624783,0.005427904769437633,0.00937307176227461
Tocantins,2023-03-01,2023-04-01,0.0042628053318898435,0.008843629868364851,0.007881535466692366,0.0033560216010310013,0.001510846771007021,0.007397721741308876,1822.0,206024.0,11550.0,9728.0,691.1666666666666,0.0051154424266318405,0.003966169750101854,-0.012590088970624783,0.005427904769437633,0.00937307176227461,0.008843629868364851
Tocantins,2023-04-01,2023-05-01,0.005599050324168193,0.0042628053318898435,0.007493168987509767,0.0032139154185740013,0.001992271469107023,0.00737069933205619,882.0,206906.0,9269.0,8387.0,665.1666666666666,0.003966169750101854,-0.012590088970624783,0.005427904769437633,0.00937307176227461,0.008843629868364851,0.0042628053318898435
Tocantins,2023-05-01,2023-06-01,0.0077445814158659,0.005599050324168193,0.006235161841474296,0.0034860621809183912,0.0024834558933546206,0.007423407243740299,1165.0,208071.0,10753.0,9588.0,724.6666666666666,-0.012590088970624783,0.005427904769437633,0.00937307176227461,0.008843629868364851,0.0042628053318898435,0.005599050324168193
Tocantins,2023-06-01,2023-07-01,0.005515560234849994,0.0077445814158659,0.005868812357307979,0.006875173912000172,-0.00012341444624722574,0.0018893442826861829,1624.0,209695.0,11176.0,9552.0,1417.5,0.005427904769437633,0.00937307176227461,0.008843629868364851,0.0042628053318898435,0.005599050324168193,0.0077445814158659
Tocantins,2023-07-01,2023-08-01,0.01093396000731745,0.005515560234849994,0.0062863973249613625,0.006889783156235565,-0.0006070988000669019,0.0018784040970591298,1163.0,210858.0,10375.0,9212.0,1428.3333333333333,0.00937307176227461,0.008843629868364851,0.0042628053318898435,0.005599050324168193,0.0077445814158659,0.005515560234849994
Tocantins,2023-08-01,2023-09-01,0.006158221061955154,0.01093396000731745,0.008064700552677781,0.007149931197076039,0.0004672984712954614,0.0022713062979306123,2331.0,213189.0,12076.0,9745.0,1497.8333333333333,0.008843629868364851,0.0042628053318898435,0.005599050324168193,0.0077445814158659,0.005515560234849994,0.01093396000731745
Tocantins,2023-09-01,2023-10-01,0.008128803151645181,0.006158221061955154,0.007535913768040866,0.006702363062674423,0.0006643653291073835,0.002155070153053844,1321.0,214510.0,10306.0,8985.0,1414.3333333333333,0.0042628053318898435,0.005599050324168193,0.0077445814158659,0.005515560234849994,0.01093396000731745,0.006158221061955154
Tocantins,2023-10-01,2023-11-01,0.002223760092272203,0.008128803151645181,0.008406994740305929,0.007346696032633646,0.00038023093851771874,0.0018911312194924664,1758.0,216268.0,10867.0,9109.0,1560.3333333333333,0.005599050324168193,0.0077445814158659,0.005515560234849994,0.01093396000731745,0.006158221061955154,0.008128803151645181
Tocantins,2023-11-01,2023-12-01,-0.009308454908242569,0.002223760092272203,0.005503594768624179,0.00678414766065098,-0.0007011461946555779,0.0026692604106082008,482.0,216750.0,9562.0,9080.0,1446.5,0.0077445814158659,0.005515560234849994,0.01093396000731745,0.006158221061955154,0.008128803151645181,0.002223760092272203
Tocantins,2023-12-01,2024-01-01,0.0066929388801006484,-0.009308454908242569,0.00034803611189160544,0.003941974939966236,-0.002808002667740242,0.0064850013702750725,-1999.0,214751.0,7523.0,9522.0,842.6666666666666,0.005515560234849994,0.01093396000731745,0.006158221061955154,0.008128803151645181,0.002223760092272203,-0.009308454908242569
Tocantins,2024-01-01,2024-02-01,0.010404126863519643,0.0066929388801006484,-0.00013058531195657246,0.004138204714174678,-0.002100290760172861,0.006547162894576901,1447.0,216198.0,11287.0,9840.0,890.0,0.01093396000731745,0.006158221061955154,0.008128803151645181,0.002223760092272203,-0.009308454908242569,0.0066929388801006484
Tocantins,2024-02-01,2024-03-01,0.004452079763770916,0.010404126863519643,0.002596203611792574,0.004049899190208376,0.00015399203407640206,0.006457873166308233,2273.0,218471.0,12358.0,10085.0,880.3333333333334,0.006158221061955154,0.008128803151645181,0.002223760092272203,-0.009308454908242569,0.0066929388801006484,0.010404126863519643
Tocantins,2024-03-01,2024-04-01,0.006627073223727095,0.004452079763770916,0.007183048502463736,0.0037655423071776706,0.0006331107760775487,0.006396044742261257,977.0,219448.0,11371.0,10394.0,823.0,0.008128803151645181,0.002223760092272203,-0.009308454908242569,0.0066929388801006484,0.010404126863519643,0.004452079763770916
Tocantins,2024-04-01,2024-05-01,0.0023798879149562633,0.006627073223727095,0.007161093283672551,0.0035152539858579897,0.0019145530759066822,0.006248076752046956,1464.0,220912.0,11865.0,10401.0,774.0,0.002223760092272203,-0.009308454908242569,0.0066929388801006484,0.010404126863519643,0.004452079763770916,0.006627073223727095
Tocantins,2024-05-01,2024-06-01,0.003173617113223855,0.0023798879149562633,0.004486346967484758,0.0035412752896386668,0.0014940591442035643,0.006242966917327859,527.0,221439.0,11210.0,10683.0,781.5,-0.009308454908242569,0.0066929388801006484,0.010404126863519643,0.004452079763770916,0.006627073223727095,0.0023798879149562633
Tocantins,2024-06-01,2024-07-01,0.0009219740138251128,0.003173617113223855,0.004060192750635737,0.0056216206265497365,-0.0011284094920033685,0.0026739609083591886,705.0,222144.0,11313.0,10608.0,1232.1666666666667,0.0066929388801006484,0.010404126863519643,0.004452079763770916,0.006627073223727095,0.0023798879149562633,0.003173617113223855
Tocantins,2024-07-01,2024-08-01,0.005096470504009164,0.0009219740138251128,0.002158493014001744,0.004659793148837147,-0.001585523928825276,0.003116854304674385,205.0,222349.0,11183.0,10978.0,1025.1666666666667,0.010404126863519643,0.004452079763770916,0.006627073223727095,0.0023798879149562633,0.003173617113223855,0.0009219740138251128
Tocantins,2024-08-01,2024-09-01,0.005066198926215131,0.005096470504009164,0.0030640205436860434,0.0037751837555854008,-0.00037427470657848904,0.0018613077461160725,1139.0,223488.0,11859.0,10720.0,836.1666666666666,0.004452079763770916,0.006627073223727095,0.0023798879149562633,0.003173617113223855,0.0009219740138251128,0.005096470504009164
Tocantins,2024-09-01,2024-10-01,0.005824503633675899,0.005066198926215131,0.003694881148016469,0.003877536949326103,-5.446476627999589e-05,0.001911913267811211,1138.0,224626.0,10850.0,9712.0,863.0,0.006627073223727095,0.0023798879149562633,0.003173617113223855,0.0009219740138251128,0.005096470504009164,0.005066198926215131
Tocantins,2024-10-01,2024-11-01,0.0006855464689933966,0.005824503633675899,0.005329057687966731,0.0037437753509842373,0.0007735805863644585,0.001734735840426941,1316.0,225942.0,11780.0,10464.0,838.3333333333334,0.0023798879149562633,0.003173617113223855,0.0009219740138251128,0.005096470504009164,0.005066198926215131,0.005824503633675899
Tocantins,2024-11-01,2024-12-01,-0.013129181285763576,0.0006855464689933966,0.0038587496762948086,0.003461385109990426,6.391325887445815e-05,0.002044095565427708,155.0,226097.0,9916.0,9761.0,776.3333333333334,0.003173617113223855,0.0009219740138251128,0.005096470504009164,0.005066198926215131,0.005824503633675899,0.0006855464689933966
Tocantins,2024-12-01,2025-01-01,0.006959431498102175,-0.013129181285763576,-0.0022063770610314267,0.0007442520434925206,-0.002363721254157999,0.0065311710331969865,-2930.0,223167.0,7410.0,10340.0,170.5,0.0009219740138251128,0.005096470504009164,0.005066198926215131,0.005824503633675899,0.0006855464689933966,-0.013129181285763576
Tocantins,2025-01-01,2025-02-01,0.014285839605593277,0.006959431498102175,-0.0018280677728893348,0.0017504949575386987,-0.0014402940808615307,0.006933720647808585,1564.0,224731.0,12598.0,11034.0,397.0,0.005096470504009164,0.005066198926215131,0.005824503633675899,0.0006855464689933966,-0.013129181285763576,0.006959431498102175
Tocantins,2025-02-01,2025-03-01,0.0040756418152987275,0.014285839605593277,0.0027053632726439583,0.0032820564744693837,0.0010196645495832164,0.008369827966553002,3257.0,227988.0,13961.0,10704.0,750.0,0.005066198926215131,0.005824503633675899,0.0006855464689933966,-0.013129181285763576,0.006959431498102175,0.014285839605593277
Tocantins,2025-03-01,2025-04-01,0.007405833611557957,0.0040756418152987275,0.008440304306331393,0.0031169636226499827,0.001489862374336558,0.00834273337147248,933.0,228921.0,11879.0,10946.0,715.8333333333334,0.005824503633675899,0.0006855464689933966,-0.013129181285763576,0.006959431498102175,0.014285839605593277,0.0040756418152987275
Tocantins,2025-04-01,2025-05-01,0.004175374358797216,0.007405833611557957,0.008589105010816655,0.0033805186189636593,0.00264406608924288,0.008448412731581017,1708.0,230629.0,11803.0,10095.0,781.1666666666666,0.0006855464689933966,-0.013129181285763576,0.006959431498102175,0.014285839605593277,0.0040756418152987275,0.007405833611557957
Tocantins,2025-05-01,2025-06-01,0.0022101684984210004,0.004175374358797216,0.0052189499285513,0.0039621566005976295,0.0022186224792250494,0.008362547163860989,967.0,231596.0,12080.0,11113.0,916.5,-0.013129181285763576,0.006959431498102175,0.014285839605593277,0.0040756418152987275,0.007405833611557957,0.004175374358797216
Tocantins,2025-06-01,2025-07-01,-0.0002628766462111287,0.0022101684984210004,0.0045971254895920575,0.006518714897961725,-0.001449929112643852,0.003901556527085742,513.0,232109.0,11374.0,10861.0,1490.3333333333333,0.006959431498102175,0.014285839605593277,0.0040756418152987275,0.007405833611557957,0.004175374358797216,0.0022101684984210004
Tocantins,2025-07-01,2025-08-01,0.005562555175576183,-0.0002628766462111287,0.0020408887370023626,0.005314996873909509,-0.0023305845846404555,0.004626643676685085,-61.0,232048.0,11802.0,11863.0,1219.5,0.014285839605593277,0.0040756418152987275,0.007405833611557957,0.004175374358797216,0.0022101684984210004,-0.0002628766462111287
Tocantins,2025-08-01,2025-09-01,0.00678471099004001,0.005562555175576183,0.0025032823425953517,0.003861116135573326,-0.0005010505666370341,0.0024268512127978824,1298.0,233346.0,12443.0,11145.0,893.0,0.0040756418152987275,0.007405833611557957,0.004175374358797216,0.0022101684984210004,-0.0002628766462111287,0.005562555175576183
Tocantins,2025-09-01,2025-10-01,0.0001829919611205917,0.00678471099004001,0.004028129839801688,0.004312627664696873,-4.048902291099883e-05,0.0026650781881765004,1594.0,234940.0,12466.0,10872.0,1003.1666666666666,0.007405833611557957,0.004175374358797216,0.0022101684984210004,-0.0002628766462111287,0.005562555175576183,0.00678471099004001
Tocantins,2025-10-01,2025-11-01,-0.0015386451398419585,0.0001829919611205917,0.004176752708912262,0.0031088207229573125,-1.1795791192536439e-05,0.002627004364646733,43.0,234983.0,11579.0,11536.0,725.6666666666666,0.004175374358797216,0.0022101684984210004,-0.0002628766462111287,0.005562555175576183,0.00678471099004001,0.0001829919611205917
Tocantins,2025-11-01,2025-12-01,-0.0187834047957992,-0.0015386451398419585,0.0018096859371062146,0.002156484139850783,-0.00046240875871016575,0.0030666660527316697,-361.0,234622.0,9640.0,10001.0,504.3333333333333,0.0022101684984210004,-0.0002628766462111287,0.005562555175576183,0.00678471099004001,0.0001829919611205917,-0.0015386451398419585
Tocantins,2025-12-01,2026-01-01,0.006460606269852231,-0.0187834047957992,-0.006713019324840189,-0.0013424447425192507,-0.003443084592088977,0.008381007206352183,-4407.0,,7623.0,12030.0,-315.6666666666667,-0.0002628766462111287,0.005562555175576183,0.00678471099004001,0.0001829919611205917,-0.0015386451398419585,-0.0187834047957992
Tocantins,2026-01-01,2026-02-01,0.005634588563458856,0.006460606269852231,-0.004620481221929643,-0.00022186425650869073,-0.0021124493996314267,0.008884777476400318,1497.0,231712.0,11807.0,10310.0,-56.0,0.005562555175576183,0.00678471099004001,0.0001829919611205917,-0.0015386451398419585,-0.0187834047957992,0.006460606269852231
Tocantins,2026-02-01,2026-03-01,0.002679209590371965,0.005634588563458856,-0.002229403320829371,-0.0002098586918615784,-0.0001189293960762311,0.008892630764624083,1313.0,233025.0,12268.0,10955.0,-53.5,0.00678471099004001,0.0001829919611205917,-0.0015386451398419585,-0.0187834047957992,0.006460606269852231,0.005634588563458856
Tocantins,2026-03-01,2026-04-01,0.002399525218497692,0.002679209590371965,0.004924801474561018,-0.0008941089251395858,0.001692708580623164,0.00847630827374765,626.0,233651.0,12086.0,11460.0,-214.83333333333334,0.0001829919611205917,-0.0015386451398419585,-0.0187834047957992,0.006460606269852231,0.005634588563458856,0.002679209590371965
Tocantins,2026-04-01,2026-05-01,-0.003182421724418555,0.002399525218497692,0.0035711077907761707,-0.000524686715576736,0.002378647921251954,0.00856305878613729,562.0,234213.0,11499.0,10937.0,-128.33333333333334,-0.0015386451398419585,-0.0187834047957992,0.006460606269852231,0.005634588563458856,0.002679209590371965,0.002399525218497692
Tocantins,2026-05-01,2026-06-01,-0.0005785672959478861,-0.003182421724418555,0.0006321043614837006,-0.0007986494796728352,0.001796179806564363,0.008617240130144881,-743.0,233470.0,10808.0,11551.0,-192.0,-0.0187834047957992,0.006460606269852231,0.005634588563458856,0.002679209590371965,0.002399525218497692,-0.003182421724418555
