setor,date_base,target_date,target_taxa,taxa_atual,taxa_media_3m,taxa_media_6m,taxa_tendencia_6m,taxa_volatilidade_6m,saldo_atual,estoque_atual,admissoes_atual,desligamentos_atual,saldo_medio_6m,taxa_lag_6m,taxa_lag_5m,taxa_lag_4m,taxa_lag_3m,taxa_lag_2m,taxa_lag_1m
"Administração Pública, Defesa e Seguridade Social",2020-07-01,2020-08-01,-0.00010725073466753248,-0.0009261570138358109,-0.00016992687559118702,0.004705281497433253,-0.0038809201096361005,0.00818736501218637,-475.0,512872.0,2534.0,3009.0,2402.0,0.022073292512816086,0.006765617723112418,-9.744062455542715e-05,0.0009423364102044909,-0.0005259600231422411,-0.0009261570138358109
"Administração Pública, Defesa e Seguridade Social",2020-08-01,2020-09-01,-0.00029648991056537894,-0.00010725073466753248,-0.0005197892572151948,0.0010085242895193163,-0.0010948225111453605,0.002636735727675694,-55.0,512817.0,3255.0,3310.0,517.6666666666666,0.006765617723112418,-9.744062455542715e-05,0.0009423364102044909,-0.0005259600231422411,-0.0009261570138358109,-0.00010725073466753248
"Administração Pública, Defesa e Seguridade Social",2020-09-01,2020-10-01,-0.0010817967198517508,-0.00029648991056537894,-0.0004432992196895741,-0.00016849364942698327,-0.00012983442443883995,0.0005716878042694201,-152.0,512665.0,2262.0,2414.0,-86.33333333333333,-9.744062455542715e-05,0.0009423364102044909,-0.0005259600231422411,-0.0009261570138358109,-0.00010725073466753248,-0.00029648991056537894
"Administração Pública, Defesa e Seguridade Social",2020-10-01,2020-11-01,-0.00469278170913778,-0.0010817967198517508,-0.0004951791216948875,-0.0003325529986430372,-0.00024609568666806686,0.0006618840305037184,-554.0,512111.0,1881.0,2435.0,-170.33333333333334,0.0009423364102044909,-0.0005259600231422411,-0.0009261570138358109,-0.00010725073466753248,-0.00029648991056537894,-0.0010817967198517508
"Administração Pública, Defesa e Seguridade Social",2020-11-01,2020-12-01,-0.0312436776214099,-0.00469278170913778,-0.002023689446518303,-0.001271739351866749,-0.0006140076206835243,0.0015664380073676816,-2392.0,509719.0,1640.0,4032.0,-649.6666666666666,-0.0005259600231422411,-0.0009261570138358109,-0.00010725073466753248,-0.00029648991056537894,-0.0010817967198517508,-0.00469278170913778
"Administração Pública, Defesa e Seguridade Social",2020-12-01,2021-01-01,0.004467324882073097,-0.0312436776214099,-0.012339418683466477,-0.006391358951578025,-0.004746557222016215,0.011219181758170703,-15443.0,494276.0,1332.0,16775.0,-3178.5,-0.0009261570138358109,-0.00010725073466753248,-0.00029648991056537894,-0.0010817967198517508,-0.00469278170913778,-0.0312436776214099
"Administração Pública, Defesa e Seguridade Social",2021-01-01,2021-02-01,0.013175704549384545,0.004467324882073097,-0.01048971148282486,-0.0054924453022598746,-0.0021022762868033278,0.011820988000321954,2218.0,496494.0,6800.0,4582.0,-2729.6666666666665,-0.00010725073466753248,-0.00029648991056537894,-0.0010817967198517508,-0.00469278170913778,-0.0312436776214099,0.004467324882073097
"Administração Pública, Defesa e Seguridade Social",2021-02-01,2021-03-01,0.0064221179955566525,0.013175704549384545,-0.004533549396650753,-0.003278619421584528,0.0016416411769500582,0.01371439567264675,6629.0,503123.0,10619.0,3990.0,-1615.6666666666667,-0.00029648991056537894,-0.0010817967198517508,-0.00469278170913778,-0.0312436776214099,0.004467324882073097,0.013175704549384545
"Administração Pública, Defesa e Seguridade Social",2021-03-01,2021-04-01,0.0032596436044257143,0.0064221179955566525,0.008021715809004765,-0.002158851437230857,0.0036238867101740565,0.014178597838400676,3252.0,506375.0,7303.0,4051.0,-1048.3333333333333,-0.0010817967198517508,-0.00469278170913778,-0.0312436776214099,0.004467324882073097,0.013175704549384545,0.0064221179955566525
"Administração Pública, Defesa e Seguridade Social",2021-04-01,2021-05-01,0.0021076243753732045,0.0032596436044257143,0.007619155383122304,-0.0014352780498512782,0.004613368373886531,0.014325120772901512,1656.0,508031.0,5201.0,3545.0,-680.0,-0.00469278170913778,-0.0312436776214099,0.004467324882073097,0.013175704549384545,0.0064221179955566525,0.0032596436044257143
"Administração Pública, Defesa e Seguridade Social",2021-05-01,2021-06-01,0.001335857273164177,0.0021076243753732045,0.003929795325118523,-0.0003018770357661146,0.004467996559918442,0.014291534506490823,1073.0,509104.0,5050.0,3977.0,-102.5,-0.0312436776214099,0.004467324882073097,0.013175704549384545,0.0064221179955566525,0.0032596436044257143,0.0021076243753732045
"Administração Pública, Defesa e Seguridade Social",2021-06-01,2021-07-01,0.0013575511579343282,0.001335857273164177,0.002234375084321032,0.005128045446662898,-0.0014864015130774152,0.003955387728467768,681.0,509785.0,4431.0,3750.0,2584.8333333333335,0.004467324882073097,0.013175704549384545,0.0064221179955566525,0.0032596436044257143,0.0021076243753732045,0.001335857273164177
"Administração Pública, Defesa e Seguridade Social",2021-07-01,2021-08-01,0.002239926195800041,0.0013575511579343282,0.0016003442688239033,0.004609749825973103,-0.002157187667242315,0.004203943504008787,693.0,510478.0,4363.0,3670.0,2330.6666666666665,0.013175704549384545,0.0064221179955566525,0.0032596436044257143,0.0021076243753732045,0.001335857273164177,0.0013575511579343282
"Administração Pública, Defesa e Seguridade Social",2021-08-01,2021-09-01,0.001841706856456119,0.002239926195800041,0.0016444448756328487,0.002787120100375686,-0.0007825429554418927,0.0017486878377891428,1146.0,511624.0,5955.0,4809.0,1416.8333333333333,0.0064221179955566525,0.0032596436044257143,0.0021076243753732045,0.001335857273164177,0.0013575511579343282,0.002239926195800041
"Administração Pública, Defesa e Seguridade Social",2021-09-01,2021-10-01,0.0018033316844987479,0.001841706856456119,0.0018130614033968293,0.0020237182438589307,-0.00019060241125135193,0.0006495327886000183,944.0,512568.0,5663.0,4719.0,1032.1666666666667,0.0032596436044257143,0.0021076243753732045,0.001335857273164177,0.0013575511579343282,0.002239926195800041,0.001841706856456119
"Administração Pública, Defesa e Seguridade Social",2021-10-01,2021-11-01,-0.0001207560105330404,0.0018033316844987479,0.001961654912251636,0.0017809995905377696,2.509886666769306e-05,0.0003413067367811915,926.0,513494.0,5043.0,4117.0,910.5,0.0021076243753732045,0.001335857273164177,0.0013575511579343282,0.002239926195800041,0.001841706856456119,0.0018033316844987479
"Administração Pública, Defesa e Seguridade Social",2021-11-01,2021-12-01,-0.03587821220258691,-0.0001207560105330404,0.0011747608434739421,0.0014096028595533955,-0.00018125554794676412,0.0007507018001902708,-62.0,513432.0,3736.0,3798.0,721.3333333333334,0.001335857273164177,0.0013575511579343282,0.002239926195800041,0.001841706856456119,0.0018033316844987479,-0.0001207560105330404
"Administração Pública, Defesa e Seguridade Social",2021-12-01,2022-01-01,0.0024453371546338636,-0.03587821220258691,-0.0113985455095404,-0.0047927420530717866,-0.005522835388387507,0.013922060062856564,-17783.0,495649.0,2370.0,20153.0,-2356.0,0.0013575511579343282,0.002239926195800041,0.001841706856456119,0.0018033316844987479,-0.0001207560105330404,-0.03587821220258691
"Administração Pública, Defesa e Seguridade Social",2022-01-01,2022-02-01,0.023030927470176592,0.0024453371546338636,-0.01118454368616203,-0.004611444386955197,-0.003258765430799765,0.014007789555196014,1215.0,496864.0,6084.0,4869.0,-2269.0,0.002239926195800041,0.001841706856456119,0.0018033316844987479,-0.0001207560105330404,-0.03587821220258691,0.0024453371546338636
"Administração Pública, Defesa e Seguridade Social",2022-02-01,2022-03-01,0.01088157270329773,0.023030927470176592,-0.0034673158592588176,-0.0011462775078924382,0.002060418951055823,0.017428062444245575,11713.0,508577.0,20466.0,8753.0,-507.8333333333333,0.001841706856456119,0.0018033316844987479,-0.0001207560105330404,-0.03587821220258691,0.0024453371546338636,0.023030927470176592
"Administração Pública, Defesa e Seguridade Social",2022-03-01,2022-04-01,0.00567003929577029,0.01088157270329773,0.012119279109369394,0.00036036679991449747,0.004376280139809846,0.018002524966806238,5595.0,514172.0,11487.0,5892.0,267.3333333333333,0.0018033316844987479,-0.0001207560105330404,-0.03587821220258691,0.0024453371546338636,0.023030927470176592,0.01088157270329773
"Administração Pública, Defesa e Seguridade Social",2022-04-01,2022-05-01,0.003393946402243358,0.00567003929577029,0.013194179823081539,0.0010048180684597535,0.005423397758991809,0.01811152487972239,2932.0,517104.0,8561.0,5629.0,601.6666666666666,-0.0001207560105330404,-0.03587821220258691,0.0024453371546338636,0.023030927470176592,0.01088157270329773,0.00567003929577029
"Administração Pública, Defesa e Seguridade Social",2022-05-01,2022-06-01,0.00580386055405887,0.003393946402243358,0.006648519467103793,0.0015906018039224875,0.00553958699087662,0.018122482181406652,1761.0,518865.0,7697.0,5936.0,905.5,-0.03587821220258691,0.0024453371546338636,0.023030927470176592,0.01088157270329773,0.00567003929577029,0.003393946402243358
"Administração Pública, Defesa e Seguridade Social",2022-06-01,2022-07-01,0.0077928793729194114,0.00580386055405887,0.00495594875069084,0.008537613930030117,-0.0013522817032629178,0.007009753013384237,3029.0,521894.0,8324.0,5295.0,4374.166666666667,0.0024453371546338636,0.023030927470176592,0.01088157270329773,0.00567003929577029,0.003393946402243358,0.00580386055405887
"Administração Pública, Defesa e Seguridade Social",2022-07-01,2022-08-01,0.008673281881661154,0.0077928793729194114,0.005663562109740547,0.009428870966411042,-0.002677127709357983,0.006499904902830344,4099.0,525993.0,9284.0,5185.0,4854.833333333333,0.023030927470176592,0.01088157270329773,0.00567003929577029,0.003393946402243358,0.00580386055405887,0.0077928793729194114
"Administração Pública, Defesa e Seguridade Social",2022-08-01,2022-09-01,0.0059259064969518025,0.008673281881661154,0.007423340602879812,0.007035930034991801,-6.465770642628588e-05,0.002404529004497579,4602.0,530595.0,10202.0,5600.0,3669.6666666666665,0.01088157270329773,0.00567003929577029,0.003393946402243358,0.00580386055405887,0.0077928793729194114,0.008673281881661154
"Administração Pública, Defesa e Seguridade Social",2022-09-01,2022-10-01,0.004949544474127212,0.0059259064969518025,0.007464022583844122,0.006209985667267481,0.0005458960360863285,0.0016852615292626064,3163.0,533758.0,7858.0,4695.0,3264.3333333333335,0.00567003929577029,0.003393946402243358,0.00580386055405887,0.0077928793729194114,0.008673281881661154,0.0059259064969518025
"Administração Pública, Defesa e Seguridade Social",2022-10-01,2022-11-01,0.00329810400826477,0.004949544474127212,0.006516244284246723,0.006089903196993634,0.000257843734195423,0.0017440990822076166,2655.0,536413.0,6593.0,3938.0,3218.1666666666665,0.003393946402243358,0.00580386055405887,0.0077928793729194114,0.008673281881661154,0.0059259064969518025,0.004949544474127212
"Administração Pública, Defesa e Seguridade Social",2022-11-01,2022-12-01,-0.044345910912319174,0.00329810400826477,0.004724518326447928,0.006073929464663869,-0.0006801760802873268,0.0017689789127075732,1775.0,538188.0,5781.0,4006.0,3220.5,0.00580386055405887,0.0077928793729194114,0.008673281881661154,0.0059259064969518025,0.004949544474127212,0.00329810400826477
"Administração Pública, Defesa e Seguridade Social",2022-12-01,2023-01-01,0.015745474894906023,-0.044345910912319174,-0.012032754143309064,-0.0022843657797324713,-0.007937024201977332,0.01889310495229502,-22853.0,515335.0,4390.0,27243.0,-1093.1666666666667,0.0077928793729194114,0.008673281881661154,0.0059259064969518025,0.004949544474127212,0.00329810400826477,-0.044345910912319174
"Administração Pública, Defesa e Seguridade Social",2023-01-01,2023-02-01,0.0369366883714086,0.015745474894906023,-0.008434110669716128,-0.0009589331927347018,-0.003345883646498601,0.01981026730452653,8244.0,523579.0,16266.0,8022.0,-402.3333333333333,0.008673281881661154,0.0059259064969518025,0.004949544474127212,0.00329810400826477,-0.044345910912319174,0.015745474894906023
"Administração Pública, Defesa e Seguridade Social",2023-02-01,2023-03-01,0.01515329921652099,0.0369366883714086,0.00277875078466515,0.003751634555556539,0.0039942195918296125,0.024374994083714328,20081.0,543660.0,26038.0,5957.0,2177.5,0.0059259064969518025,0.004949544474127212,0.00329810400826477,-0.044345910912319174,0.015745474894906023,0.0369366883714086
"Administração Pública, Defesa e Seguridade Social",2023-03-01,2023-04-01,0.008230238265487615,0.01515329921652099,0.022611820827611873,0.0052895333421514035,0.006057883217389301,0.024751840746315344,8365.0,552025.0,14132.0,5767.0,3044.5,0.004949544474127212,0.00329810400826477,-0.044345910912319174,0.015745474894906023,0.0369366883714086,0.01515329921652099
"Administração Pública, Defesa e Seguridade Social",2023-04-01,2023-05-01,0.00485587908217449,0.008230238265487615,0.020106741951139068,0.005836315640711471,0.006409986147118206,0.024774516644156013,4581.0,556606.0,9386.0,4805.0,3365.5,0.00329810400826477,-0.044345910912319174,0.015745474894906023,0.0369366883714086,0.01515329921652099,0.008230238265487615
"Administração Pública, Defesa e Seguridade Social",2023-05-01,2023-06-01,0.0030888237338585344,0.00485587908217449,0.009413138854727698,0.006095944819696424,0.005762281455123584,0.02475471114555815,2716.0,559322.0,8810.0,6094.0,3522.3333333333335,-0.044345910912319174,0.015745474894906023,0.0369366883714086,0.01515329921652099,0.008230238265487615,0.00485587908217449
"Administração Pública, Defesa e Seguridade Social",2023-06-01,2023-07-01,-0.00036194931996319887,0.0030888237338585344,0.005391647027173547,0.014001733927392708,-0.004755678417827804,0.011302118550986557,1733.0,561055.0,7077.0,5344.0,7620.0,0.015745474894906023,0.0369366883714086,0.01515329921652099,0.008230238265487615,0.00485587908217449,0.0030888237338585344
"Administração Pública, Defesa e Seguridade Social",2023-07-01,2023-08-01,0.001902402650906444,-0.00036194931996319887,0.0025275844986899416,0.011317163224914507,-0.006458884973947413,0.012426185705814214,-203.0,560852.0,5772.0,5975.0,6212.166666666667,0.0369366883714086,0.01515329921652099,0.008230238265487615,0.00485587908217449,0.0030888237338585344,-0.00036194931996319887
"Administração Pública, Defesa e Seguridade Social",2023-08-01,2023-09-01,0.0014145654032133382,0.001902402650906444,0.0015430923549339265,0.005478115604830813,-0.0026799457409354597,0.005069045479652494,1069.0,561921.0,6966.0,5897.0,3043.5,0.01515329921652099,0.008230238265487615,0.00485587908217449,0.0030888237338585344,-0.00036194931996319887,0.001902402650906444
"Administração Pública, Defesa e Seguridade Social",2023-09-01,2023-10-01,0.0014710422929095407,0.0014145654032133382,0.0009850062447188611,0.0031883266359462037,-0.0013254161902570638,0.0027572871219644418,796.0,562717.0,5948.0,5152.0,1782.0,0.008230238265487615,0.00485587908217449,0.0030888237338585344,-0.00036194931996319887,0.001902402650906444,0.0014145654032133382
"Administração Pública, Defesa e Seguridade Social",2023-10-01,2023-11-01,-0.0006107932855352077,0.0014710422929095407,0.0015960034490097744,0.002061793973849858,-0.0005623601990683053,0.0016088055216951266,829.0,563546.0,5169.0,4340.0,1156.6666666666667,0.00485587908217449,0.0030888237338585344,-0.00036194931996319887,0.001902402650906444,0.0014145654032133382,0.0014710422929095407
"Administração Pública, Defesa e Seguridade Social",2023-11-01,2023-12-01,-0.04356961800151198,-0.0006107932855352077,0.0007582714701958905,0.0011506819125649086,-0.0003853413573155312,0.0012835232225514282,-344.0,563202.0,4156.0,4500.0,646.6666666666666,0.0030888237338585344,-0.00036194931996319887,0.001902402650906444,0.0014145654032133382,0.0014710422929095407,-0.0006107932855352077
"Administração Pública, Defesa e Seguridade Social",2023-12-01,2024-01-01,0.006801819707610088,-0.04356961800151198,-0.014236456331379217,-0.006625725043330178,-0.00638632726649636,0.01654890928430204,-23514.0,539688.0,4125.0,27639.0,-3561.1666666666665,-0.00036194931996319887,0.001902402650906444,0.0014145654032133382,0.0014710422929095407,-0.0006107932855352077,-0.04356961800151198
"Administração Pública, Defesa e Seguridade Social",2024-01-01,2024-02-01,0.0326735951635816,0.006801819707610088,-0.012459530526479032,-0.005431763538734629,-0.0032153514431172148,0.017203241934198893,3696.0,543384.0,10400.0,6704.0,-2911.3333333333335,0.001902402650906444,0.0014145654032133382,0.0014710422929095407,-0.0006107932855352077,-0.04356961800151198,0.006801819707610088
"Administração Pública, Defesa e Seguridade Social",2024-02-01,2024-03-01,0.01299865058615164,0.0326735951635816,-0.0013647343767734313,-0.000303231453288771,0.0036951044665704614,0.022420699209680112,18354.0,561738.0,25965.0,7611.0,-30.5,0.0014145654032133382,0.0014710422929095407,-0.0006107932855352077,-0.04356961800151198,0.006801819707610088,0.0326735951635816
"Administração Pública, Defesa e Seguridade Social",2024-03-01,2024-04-01,0.007464040068641265,0.01299865058615164,0.017491355152447777,0.0016274494105342795,0.005938932700648086,0.022977346040789416,7398.0,569136.0,14349.0,6951.0,1069.8333333333333,0.0014710422929095407,-0.0006107932855352077,-0.04356961800151198,0.006801819707610088,0.0326735951635816,0.01299865058615164
"Administração Pública, Defesa e Seguridade Social",2024-04-01,2024-05-01,0.004104005182543997,0.007464040068641265,0.017712095272791502,0.0026262823731562344,0.006741449942566992,0.02307887168699842,4280.0,573416.0,11622.0,7342.0,1645.0,-0.0006107932855352077,-0.04356961800151198,0.006801819707610088,0.0326735951635816,0.01299865058615164,0.007464040068641265
"Administração Pública, Defesa e Seguridade Social",2024-05-01,2024-06-01,0.00512832031958697,0.004104005182543997,0.008188898612445634,0.003412082117836102,0.0063051380693126685,0.0230355016894882,2363.0,575779.0,8718.0,6355.0,2096.1666666666665,-0.04356961800151198,0.006801819707610088,0.0326735951635816,0.01299865058615164,0.007464040068641265,0.004104005182543997
"Administração Pública, Defesa e Seguridade Social",2024-06-01,2024-07-01,0.00454428962364269,0.00512832031958697,0.005565455190257411,0.011528405171352596,-0.002846025068592535,0.00986765048466469,2968.0,578747.0,8444.0,5476.0,6509.833333333333,0.006801819707610088,0.0326735951635816,0.01299865058615164,0.007464040068641265,0.004104005182543997,0.00512832031958697
"Administração Pública, Defesa e Seguridade Social",2024-07-01,2024-08-01,-0.0017730374250465228,0.00454428962364269,0.004592205041924553,0.011152150157358027,-0.004789072953871022,0.010081426894289192,2642.0,581389.0,8658.0,6016.0,6334.166666666667,0.0326735951635816,0.01299865058615164,0.007464040068641265,0.004104005182543997,0.00512832031958697,0.00454428962364269
"Administração Pública, Defesa e Seguridade Social",2024-08-01,2024-09-01,0.0014951077802380817,-0.0017730374250465228,0.002633190839394379,0.0054110447259200075,-0.002331239321541244,0.004395777117198224,-1029.0,580360.0,5092.0,6121.0,3103.6666666666665,0.01299865058615164,0.007464040068641265,0.004104005182543997,0.00512832031958697,0.00454428962364269,-0.0017730374250465228
"Administração Pública, Defesa e Seguridade Social",2024-09-01,2024-10-01,-0.0032623386307498716,0.0014951077802380817,0.0014221199929447495,0.00349378759160108,-0.0013731377131637643,0.002933845279442877,869.0,581229.0,5058.0,4189.0,2015.5,0.007464040068641265,0.004104005182543997,0.00512832031958697,0.00454428962364269,-0.0017730374250465228,0.0014951077802380817
"Administração Pública, Defesa e Seguridade Social",2024-10-01,2024-11-01,-0.007067948608747499,-0.0032623386307498716,-0.0011800894251861043,0.0017060578083692244,-0.0015442481066630061,0.0032236407697928703,-1890.0,579339.0,3377.0,5267.0,987.1666666666666,0.004104005182543997,0.00512832031958697,0.00454428962364269,-0.0017730374250465228,0.0014951077802380817,-0.0032623386307498716
"Administração Pública, Defesa e Seguridade Social",2024-11-01,2024-12-01,-0.05066361296944659,-0.007067948608747499,-0.0029450598197530964,-0.00015593449017935854,-0.0023180881199875826,0.004335552712845906,-4066.0,575273.0,3724.0,7790.0,-84.33333333333333,0.00512832031958697,0.00454428962364269,-0.0017730374250465228,0.0014951077802380817,-0.0032623386307498716,-0.007067948608747499
"Administração Pública, Defesa e Seguridade Social",2024-12-01,2025-01-01,0.002926393997887606,-0.05066361296944659,-0.02033130006964799,-0.009454590038351618,-0.008476619797929635,0.018784276981935185,-27740.0,547533.0,1972.0,29712.0,-5202.333333333333,0.00454428962364269,-0.0017730374250465228,0.0014951077802380817,-0.0032623386307498716,-0.007067948608747499,-0.05066361296944659
"Administração Pública, Defesa e Seguridade Social",2025-01-01,2025-02-01,0.02935582626893953,0.002926393997887606,-0.018268389193435496,-0.0097242393093108,-0.003908131860353743,0.018592015490271622,1607.0,549140.0,9673.0,8066.0,-5374.833333333333,-0.0017730374250465228,0.0014951077802380817,-0.0032623386307498716,-0.007067948608747499,-0.05066361296944659,0.002926393997887606
"Administração Pública, Defesa e Seguridade Social",2025-02-01,2025-03-01,0.008781274090686103,0.02935582626893953,-0.006127130900873152,-0.004536095360313124,0.0032649750276777297,0.023722377369359827,16608.0,565748.0,24742.0,8134.0,-2435.3333333333335,0.0014951077802380817,-0.0032623386307498716,-0.007067948608747499,-0.05066361296944659,0.002926393997887606,0.02935582626893953
"Administração Pública, Defesa e Seguridade Social",2025-03-01,2025-04-01,0.0060013305329446225,0.008781274090686103,0.013687831452504413,-0.0033217343085717877,0.006373697005930719,0.02418207328275013,5012.0,570760.0,11689.0,6677.0,-1744.8333333333333,-0.0032623386307498716,-0.007067948608747499,-0.05066361296944659,0.002926393997887606,0.02935582626893953,0.008781274090686103
"Administração Pública, Defesa e Seguridade Social",2025-04-01,2025-05-01,0.00400855482145366,0.0060013305329446225,0.014712810297523417,-0.0017777894479560387,0.007717442547426016,0.024431023396870595,3446.0,574206.0,9138.0,5692.0,-855.5,-0.007067948608747499,-0.05066361296944659,0.002926393997887606,0.02935582626893953,0.008781274090686103,0.0060013305329446225
"Administração Pública, Defesa e Seguridade Social",2025-05-01,2025-06-01,0.0014151253866912393,0.00400855482145366,0.006263719815028128,6.829445707748841e-05,0.007486031325183395,0.024379968781295683,2311.0,576517.0,8749.0,6438.0,207.33333333333334,-0.05066361296944659,0.002926393997887606,0.02935582626893953,0.008781274090686103,0.0060013305329446225,0.00400855482145366
"Administração Pública, Defesa e Seguridade Social",2025-06-01,2025-07-01,-0.00039160780997664216,0.0014151253866912393,0.0038083369136965076,0.00874808418310046,-0.0024679457416051684,0.009507473296951053,817.0,577334.0,6896.0,6079.0,4966.833333333333,0.002926393997887606,0.02935582626893953,0.008781274090686103,0.0060013305329446225,0.00400855482145366,0.0014151253866912393
"Administração Pública, Defesa e Seguridade Social",2025-07-01,2025-08-01,0.003508650758020513,-0.00039160780997664216,0.0016773574660560858,0.008195083881789751,-0.00493795406337304,0.009917655368664843,-226.0,577108.0,7292.0,7518.0,4661.333333333333,0.02935582626893953,0.008781274090686103,0.0060013305329446225,0.00400855482145366,0.0014151253866912393,-0.00039160780997664216
"Administração Pública, Defesa e Seguridade Social",2025-08-01,2025-09-01,0.0043529686833817,0.003508650758020513,0.0015107227782450367,0.003887221296636582,-0.0013752960321958328,0.0029720611479383714,2032.0,579140.0,8209.0,6177.0,2232.0,0.008781274090686103,0.0060013305329446225,0.00400855482145366,0.0014151253866912393,-0.00039160780997664216,0.003508650758020513
"Administração Pública, Defesa e Seguridade Social",2025-09-01,2025-10-01,0.00128601132170715,0.0043529686833817,0.0024900038771418567,0.003149170395419182,-0.00032995013242234113,0.002081495371245457,2532.0,581672.0,7852.0,5320.0,1818.6666666666667,0.0060013305329446225,0.00400855482145366,0.0014151253866912393,-0.00039160780997664216,0.003508650758020513,0.0043529686833817
"Administração Pública, Defesa e Seguridade Social",2025-10-01,2025-11-01,0.0007326095311299001,0.00128601132170715,0.003049210254369788,0.0023632838602129368,-2.568368687611464e-05,0.0017139902902123388,749.0,582421.0,5587.0,4838.0,1369.1666666666667,0.00400855482145366,0.0014151253866912393,-0.00039160780997664216,0.003508650758020513,0.0043529686833817,0.00128601132170715
"Administração Pública, Defesa e Seguridade Social",2025-11-01,2025-12-01,-0.04201095311299001,0.0007326095311299001,0.002123863178739583,0.0018172929784923103,7.041702978873897e-05,0.001622247528572068,427.0,582848.0,4332.0,3905.0,1055.1666666666667,0.0014151253866912393,-0.00039160780997664216,0.003508650758020513,0.0043529686833817,0.00128601132170715,0.0007326095311299001
"Administração Pública, Defesa e Seguridade Social",2025-12-01,2026-01-01,0.0009107647381953975,-0.04201095311299001,-0.013330777420050987,-0.005420386771454565,-0.006271194501640377,0.016443030387627473,-24486.0,,2787.0,27273.0,-3162.0,-0.00039160780997664216,0.003508650758020513,0.0043529686833817,0.00128601132170715,0.0007326095311299001,-0.04201095311299001
"Administração Pública, Defesa e Seguridade Social",2026-01-01,2026-02-01,0.02725870795708507,0.0009107647381953975,-0.013455859614554906,-0.005203324680092558,-0.004360988493680514,0.016516414339762853,509.0,558871.0,8451.0,7942.0,-3039.5,0.003508650758020513,0.0043529686833817,0.00128601132170715,0.0007326095311299001,-0.04201095311299001,0.0009107647381953975
"Administração Pública, Defesa e Seguridade Social",2026-02-01,2026-03-01,0.010289317060145908,0.02725870795708507,-0.0046138268059031816,-0.0012449818135817994,0.0020188398278246193,0.0204964461686496,15661.0,574532.0,22447.0,6786.0,-768.0,0.0043529686833817,0.00128601132170715,0.0007326095311299001,-0.04201095311299001,0.0009107647381953975,0.02725870795708507
"Administração Pública, Defesa e Seguridade Social",2026-03-01,2026-04-01,0.003695135053496219,0.010289317060145908,0.012819596585142127,-0.000255590417454431,0.0047861869091784205,0.020882430661522386,5973.0,580505.0,12730.0,6757.0,-194.5,0.00128601132170715,0.0007326095311299001,-0.04201095311299001,0.0009107647381953975,0.02725870795708507,0.010289317060145908
"Administração Pública, Defesa e Seguridade Social",2026-04-01,2026-05-01,0.002388481867227803,0.003695135053496219,0.013747720023575731,0.0001459302045104138,0.005658896610003687,0.020931315633778636,2153.0,582658.0,7640.0,5487.0,39.5,0.0007326095311299001,-0.04201095311299001,0.0009107647381953975,0.02725870795708507,0.010289317060145908,0.003695135053496219
"Administração Pública, Defesa e Seguridade Social",2026-05-01,2026-06-01,0.0019412531677799822,0.002388481867227803,0.005457644660289977,0.00042190892719339777,0.006096596998572923,0.020948141145698453,1395.0,584053.0,7159.0,5764.0,200.83333333333334,-0.04201095311299001,0.0009107647381953975,0.02725870795708507,0.010289317060145908,0.003695135053496219,0.002388481867227803
"Administração pública, defesa e seguridade social, educação, saúde humana e serviços sociais",2020-07-01,2020-08-01,-0.00011713036817288028,-0.001417007825050526,-0.0017344075084142919,0.001636318383214929,-0.002758097389805696,0.006402115517205591,-6836.0,4824250.0,77647.0,84483.0,7960.5,0.014535562643647332,0.0047739410577410735,-0.004288370876855954,-0.0023107700486171136,-0.0014754446515752358,-0.001417007825050526
"Administração pública, defesa e seguridade social, educação, saúde humana e serviços sociais",2020-08-01,2020-09-01,-0.0007244523196477818,-0.00011713036817288028,-0.0010031942815995473,-0.000805797118755106,-0.0004287412164889028,0.0027935344952687543,-565.0,4823685.0,87558.0,88123.0,-3875.8333333333335,0.0047739410577410735,-0.004288370876855954,-0.0023107700486171136,-0.0014754446515752358,-0.001417007825050526,-0.00011713036817288028
"Administração pública, defesa e seguridade social, educação, saúde humana e serviços sociais",2020-09-01,2020-10-01,0.0009169639786950965,-0.0007244523196477818,-0.0007528635042903959,-0.001722196014986582,0.0006988271043970931,0.001332755734905814,-3492.0,4820193.0,82083.0,85575.0,-8332.833333333334,-0.004288370876855954,-0.0023107700486171136,-0.0014754446515752358,-0.001417007825050526,-0.00011713036817288028,-0.0007244523196477818
"Administração pública, defesa e seguridade social, educação, saúde humana e serviços sociais",2020-10-01,2020-11-01,0.002610989267242297,0.0009169639786950965,2.512709695814479e-05,-0.0008546402057280736,0.0005626149882634588,0.0010425466137489563,4424.0,4824617.0,86422.0,81998.0,-4129.5,-0.0023107700486171136,-0.0014754446515752358,-0.001417007825050526,-0.00011713036817288028,-0.0007244523196477818,0.0009169639786950965
"Administração pública, defesa e seguridade social, educação, saúde humana e serviços sociais",2020-11-01,2020-12-01,-0.010877506375914383,0.002610989267242297,0.0009345003087632039,-3.4346986418171665e-05,0.0007664789443957035,0.001436106332050341,12630.0,4837247.0,84824.0,72194.0,-161.16666666666666,-0.0014754446515752358,-0.001417007825050526,-0.00011713036817288028,-0.0007244523196477818,0.0009169639786950965,0.002610989267242297
"Administração pública, defesa e seguridade social, educação, saúde humana e serviços sociais",2020-12-01,2021-01-01,0.0038715232168573424,-0.010877506375914383,-0.0024498510433256632,-0.0016013572738080295,-0.0010707633585637386,0.004342399950920292,-52051.0,4785196.0,80036.0,132087.0,-7648.333333333333,-0.001417007825050526,-0.00011713036817288028,-0.0007244523196477818,0.0009169639786950965,0.002610989267242297,-0.010877506375914383
"Administração pública, defesa e seguridade social, educação, saúde humana e serviços sociais",2021-01-01,2021-02-01,0.012356760917585408,0.0038715232168573424,-0.0014649979639382478,-0.0007199354334900514,-0.0002520533987171857,0.0048027012084316785,18598.0,4803794.0,115481.0,96883.0,-3409.3333333333335,-0.00011713036817288028,-0.0007244523196477818,0.0009169639786950965,0.002610989267242297,-0.010877506375914383,0.0038715232168573424
"Administração pública, defesa e seguridade social, educação, saúde humana e serviços sociais",2021-02-01,2021-03-01,0.011313024298355684,0.012356760917585408,0.0017835925861761227,0.0013590464474696631,0.0017366070930713135,0.006869003480953794,60102.0,4863896.0,162056.0,101954.0,6701.833333333333,-0.0007244523196477818,0.0009169639786950965,0.002610989267242297,-0.010877506375914383,0.0038715232168573424,0.012356760917585408
"Administração pública, defesa e seguridade social, educação, saúde humana e serviços sociais",2021-03-01,2021-04-01,0.007430825031409006,0.011313024298355684,0.009180436144266146,0.003365292550470241,0.0027419041754886847,0.007677779847462976,55655.0,4919551.0,162360.0,106705.0,16559.666666666668,0.0009169639786950965,0.002610989267242297,-0.010877506375914383,0.0038715232168573424,0.012356760917585408,0.011313024298355684
"Administração pública, defesa e seguridade social, educação, saúde humana e serviços sociais",2021-04-01,2021-05-01,0.005487058179551167,0.007430825031409006,0.010366870082450031,0.004450936059255893,0.0028330288155534794,0.007715269825761537,36830.0,4956381.0,128756.0,91926.0,21960.666666666668,0.002610989267242297,-0.010877506375914383,0.0038715232168573424,0.012356760917585408,0.011313024298355684,0.007430825031409006
"Administração pública, defesa e seguridade social, educação, saúde humana e serviços sociais",2021-05-01,2021-06-01,0.004037028510402228,0.005487058179551167,0.008076969169771952,0.004930280877974037,0.002613056902907228,0.007675305064785929,27346.0,4983727.0,120118.0,92772.0,24413.333333333332,-0.010877506375914383,0.0038715232168573424,0.012356760917585408,0.011313024298355684,0.007430825031409006,0.005487058179551167
"Administração pública, defesa e seguridade social, educação, saúde humana e serviços sociais",2021-06-01,2021-07-01,0.0012873280219576246,0.004037028510402228,0.005651637240454133,0.007416036692360139,-0.0006761080289521423,0.003349122201926466,20201.0,5003928.0,120821.0,100620.0,36455.333333333336,0.0038715232168573424,0.012356760917585408,0.011313024298355684,0.007430825031409006,0.005487058179551167,0.004037028510402228
"Administração pública, defesa e seguridade social, educação, saúde humana e serviços sociais",2021-07-01,2021-08-01,0.006914209807141829,0.0012873280219576246,0.0036038049039703395,0.006985337493210186,-0.0022605405341102032,0.003898380016715838,6450.0,5010378.0,117064.0,110614.0,34430.666666666664,0.012356760917585408,0.011313024298355684,0.007430825031409006,0.005487058179551167,0.004037028510402228,0.0012873280219576246
"Administração pública, defesa e seguridade social, educação, saúde humana e serviços sociais",2021-08-01,2021-09-01,0.0038052859354878454,0.006914209807141829,0.004079522113167228,0.00607824564146959,-0.0011964169472449236,0.003093007606069152,34884.0,5045262.0,152067.0,117183.0,30227.666666666668,0.011313024298355684,0.007430825031409006,0.005487058179551167,0.004037028510402228,0.0012873280219576246,0.006914209807141829
"Administração pública, defesa e seguridade social, educação, saúde humana e serviços sociais",2021-09-01,2021-10-01,0.0028230677993066177,0.0038052859354878454,0.0040022745881957665,0.00482695591432495,-0.00047416974529366926,0.0020724083678211186,19272.0,5064534.0,132171.0,112899.0,24163.833333333332,0.007430825031409006,0.005487058179551167,0.004037028510402228,0.0012873280219576246,0.006914209807141829,0.0038052859354878454
"Administração pública, defesa e seguridade social, educação, saúde humana e serviços sociais",2021-10-01,2021-11-01,0.0019617379548051575,0.0028230677993066177,0.0045141878473120975,0.004058996375641218,-0.00023966565259376238,0.0018012088874959137,14338.0,5078872.0,119350.0,105012.0,20415.166666666668,0.005487058179551167,0.004037028510402228,0.0012873280219576246,0.006914209807141829,0.0038052859354878454,0.0028230677993066177
"Administração pública, defesa e seguridade social, educação, saúde humana e serviços sociais",2021-11-01,2021-12-01,-0.0168615190573551,0.0019617379548051575,0.0028633638965332073,0.0034714430048502173,-0.0002536616376454959,0.0018144760182662299,9983.0,5088855.0,108258.0,98275.0,17521.333333333332,0.004037028510402228,0.0012873280219576246,0.006914209807141829,0.0038052859354878454,0.0028230677993066177,0.0019617379548051575
"Administração pública, defesa e seguridade social, educação, saúde humana e serviços sociais",2021-12-01,2022-01-01,0.005873809927253274,-0.0168615190573551,-0.004025571101081108,-1.1648256442671015e-05,-0.0030452534025644244,0.00774673963868242,-84383.0,5004472.0,88102.0,172485.0,90.66666666666667,0.0012873280219576246,0.006914209807141829,0.0038052859354878454,0.0028230677993066177,0.0019617379548051575,-0.0168615190573551
"Administração pública, defesa e seguridade social, educação, saúde humana e serviços sociais",2022-01-01,2022-02-01,0.019785413809191122,0.005873809927253274,-0.0030086570584322236,0.0007527653944399373,-0.0019446784063563737,0.008057265452780836,29569.0,5034041.0,154184.0,124615.0,3943.8333333333335,0.006914209807141829,0.0038052859354878454,0.0028230677993066177,0.0019617379548051575,-0.0168615190573551,0.005873809927253274
"Administração pública, defesa e seguridade social, educação, saúde humana e serviços sociais",2022-02-01,2022-03-01,0.00731785435461527,0.019785413809191122,0.0029325682263630984,0.0028979660614481526,0.0020065602497198877,0.010694111716873091,101611.0,5135652.0,241724.0,140113.0,15065.0,0.0038052859354878454,0.0028230677993066177,0.0019617379548051575,-0.0168615190573551,0.005873809927253274,0.019785413809191122
"Administração pública, defesa e seguridade social, educação, saúde humana e serviços sociais",2022-03-01,2022-04-01,0.005844625769082804,0.00731785435461527,0.010992359363686555,0.0034833941313027234,0.002819436837837415,0.010823123236064073,37859.0,5173511.0,180703.0,142844.0,18162.833333333332,0.0028230677993066177,0.0019617379548051575,-0.0168615190573551,0.005873809927253274,0.019785413809191122,0.00731785435461527
"Administração pública, defesa e seguridade social, educação, saúde humana e serviços sociais",2022-04-01,2022-05-01,0.004740174012294808,0.005844625769082804,0.010982631310963066,0.003986987126265421,0.003024690376835348,0.010850942570834216,30415.0,5203926.0,158679.0,128264.0,20842.333333333332,0.0019617379548051575,-0.0168615190573551,0.005873809927253274,0.019785413809191122,0.00731785435461527,0.005844625769082804
"Administração pública, defesa e seguridade social, educação, saúde humana e serviços sociais",2022-05-01,2022-06-01,0.0027814570799468653,0.004740174012294808,0.005967551378664293,0.004450059802513696,0.0027272386691189216,0.010813855051977789,24785.0,5228711.0,153227.0,128442.0,23309.333333333332,-0.0168615190573551,0.005873809927253274,0.019785413809191122,0.00731785435461527,0.005844625769082804,0.004740174012294808
"Administração pública, defesa e seguridade social, educação, saúde humana e serviços sociais",2022-06-01,2022-07-01,0.0019615121059844676,0.0027814570799468653,0.004455418953774826,0.00772388915873069,-0.0017734489203643847,0.005566714412989272,14584.0,5243295.0,142521.0,127937.0,39803.833333333336,0.005873809927253274,0.019785413809191122,0.00731785435461527,0.005844625769082804,0.004740174012294808,0.0027814570799468653
"Administração pública, defesa e seguridade social, educação, saúde humana e serviços sociais",2022-07-01,2022-08-01,0.007192637623611943,0.0019615121059844676,0.0031610477327420473,0.007071839521852557,-0.0029666614884807565,0.005960439579654195,10305.0,5253600.0,143874.0,133569.0,36593.166666666664,0.019785413809191122,0.00731785435461527,0.005844625769082804,0.004740174012294808,0.0027814570799468653,0.0019615121059844676
"Administração pública, defesa e seguridade social, educação, saúde humana e serviços sociais",2022-08-01,2022-09-01,0.004057614779738088,0.007192637623611943,0.003978535603181092,0.004973043490922692,-0.00040668975933313083,0.002045767673404466,38061.0,5291661.0,180969.0,142908.0,26001.5,0.00731785435461527,0.005844625769082804,0.004740174012294808,0.0027814570799468653,0.0019615121059844676,0.007192637623611943
"Administração pública, defesa e seguridade social, educação, saúde humana e serviços sociais",2022-09-01,2022-10-01,0.0025411338533246125,0.004057614779738088,0.004403921503111499,0.004429670228443163,-6.850311676384479e-05,0.0017644327211970429,21559.0,5313220.0,143801.0,122242.0,23284.833333333332,0.005844625769082804,0.004740174012294808,0.0027814570799468653,0.0019615121059844676,0.007192637623611943,0.004057614779738088
"Administração pública, defesa e seguridade social, educação, saúde humana e serviços sociais",2022-10-01,2022-11-01,0.0009769381456930044,0.0025411338533246125,0.004597128752224881,0.0038790882424834645,-5.530291936713837e-05,0.0017523776364492115,13536.0,5326756.0,123677.0,110141.0,20471.666666666668,0.004740174012294808,0.0027814570799468653,0.0019615121059844676,0.007192637623611943,0.004057614779738088,0.0025411338533246125
"Administração pública, defesa e seguridade social, educação, saúde humana e serviços sociais",2022-11-01,2022-12-01,-0.02103573380435586,0.0009769381456930044,0.0025252289262519016,0.0032518822647164963,-0.000297678636374935,0.001989373717798876,5209.0,5331965.0,108851.0,103642.0,17209.0,0.0027814570799468653,0.0019615121059844676,0.007192637623611943,0.004057614779738088,0.0025411338533246125,0.0009769381456930044
"Administração pública, defesa e seguridade social, educação, saúde humana e serviços sociais",2022-12-01,2023-01-01,0.0037131954753311836,-0.02103573380435586,-0.0058392206017794145,-0.0007176495493339576,-0.0038614231117677683,0.009299368654753375,-109851.0,5222114.0,83063.0,192914.0,-3530.1666666666665,0.0019615121059844676,0.007192637623611943,0.004057614779738088,0.0025411338533246125,0.0009769381456930044,-0.02103573380435586
"Administração pública, defesa e seguridade social, educação, saúde humana e serviços sociais",2023-01-01,2023-02-01,0.01695080868979088,0.0037131954753311836,-0.005448533394443892,-0.00042570232110950495,-0.0026926129200376355,0.009405783908628788,19463.0,5241577.0,159067.0,139604.0,-2003.8333333333333,0.007192637623611943,0.004057614779738088,0.0025411338533246125,0.0009769381456930044,-0.02103573380435586,0.0037131954753311836
"Administração pública, defesa e seguridade social, educação, saúde humana e serviços sociais",2023-02-01,2023-03-01,0.00835299935594512,0.01695080868979088,-0.0001239098797445997,0.0012006595232536509,0.0013134137847495655,0.01124608331761717,90381.0,5331958.0,227478.0,137097.0,6716.166666666667,0.004057614779738088,0.0025411338533246125,0.0009769381456930044,-0.02103573380435586,0.0037131954753311836,0.01695080868979088
"Administração pública, defesa e seguridade social, educação, saúde humana e serviços sociais",2023-03-01,2023-04-01,0.007043016918346766,0.00835299935594512,0.009672334507022394,0.0019165569526214895,0.002906567669288091,0.01153808950743306,44913.0,5376871.0,194440.0,149527.0,10608.5,0.0025411338533246125,0.0009769381456930044,-0.02103573380435586,0.0037131954753311836,0.01695080868979088,0.00835299935594512
"Administração pública, defesa e seguridade social, educação, saúde humana e serviços sociais",2023-04-01,2023-05-01,0.004799742700268787,0.007043016918346766,0.01078227498802759,0.0026668707967918482,0.0037638344731037556,0.011699556452960024,38138.0,5415009.0,159529.0,121391.0,14708.833333333334,0.0009769381456930044,-0.02103573380435586,0.0037131954753311836,0.01695080868979088,0.00835299935594512,0.007043016918346766
"Administração pública, defesa e seguridade social, educação, saúde humana e serviços sociais",2023-05-01,2023-06-01,0.0011249706962390034,0.004799742700268787,0.006731919658186891,0.0033040048892211456,0.0037305439290949765,0.01169426752912845,26116.0,5441125.0,157428.0,131312.0,18193.333333333332,-0.02103573380435586,0.0037131954753311836,0.01695080868979088,0.00835299935594512,0.007043016918346766,0.004799742700268787
"Administração pública, defesa e seguridade social, educação, saúde humana e serviços sociais",2023-06-01,2023-07-01,0.0008708729143666701,0.0011249706962390034,0.004322576771618185,0.006997455639320288,-0.0014486944086178715,0.005016824990952882,6128.0,5447253.0,140639.0,134511.0,37523.166666666664,0.0037131954753311836,0.01695080868979088,0.00835299935594512,0.007043016918346766,0.004799742700268787,0.0011249706962390034
"Administração pública, defesa e seguridade social, educação, saúde humana e serviços sociais",2023-07-01,2023-08-01,0.006580039441607707,0.0008708729143666701,0.0022651954369581535,0.00652373521249287,-0.0029807725449804956,0.005422382359923686,4748.0,5452001.0,140238.0,135490.0,35070.666666666664,0.01695080868979088,0.00835299935594512,0.007043016918346766,0.004799742700268787,0.0011249706962390034,0.0008708729143666701
"Administração pública, defesa e seguridade social, educação, saúde humana e serviços sociais",2023-08-01,2023-09-01,0.0037002840702798005,0.006580039441607707,0.002858627684071127,0.004795273671129009,-0.0008873143882187758,0.0028800236054782147,36112.0,5488113.0,179234.0,143122.0,26025.833333333332,0.00835299935594512,0.007043016918346766,0.004799742700268787,0.0011249706962390034,0.0008708729143666701,0.006580039441607707
"Administração pública, defesa e seguridade social, educação, saúde humana e serviços sociais",2023-09-01,2023-10-01,0.0022546868796350767,0.0037002840702798005,0.0037170654754180594,0.004019821123518123,-0.0003321963370911542,0.0024048855158011425,20383.0,5508496.0,142403.0,122020.0,21937.5,0.007043016918346766,0.004799742700268787,0.0011249706962390034,0.0008708729143666701,0.006580039441607707,0.0037002840702798005
"Administração pública, defesa e seguridade social, educação, saúde humana e serviços sociais",2023-10-01,2023-11-01,0.00021024591165868812,0.0022546868796350767,0.004178336797174195,0.0032217661170661736,2.0280787034139356e-05,0.0020353329535066915,12448.0,5520944.0,130697.0,118249.0,17655.833333333332,0.004799742700268787,0.0011249706962390034,0.0008708729143666701,0.006580039441607707,0.0037002840702798005,0.0022546868796350767
"Administração pública, defesa e seguridade social, educação, saúde humana e serviços sociais",2023-11-01,2023-12-01,-0.020109180272328133,0.00021024591165868812,0.0020550722871911886,0.0024568499856311575,-9.434106852640749e-05,0.0021573187491052527,1161.0,5522105.0,115590.0,114429.0,13496.666666666666,0.0011249706962390034,0.0008708729143666701,0.006580039441607707,0.0037002840702798005,0.0022546868796350767,0.00021024591165868812
"Administração pública, defesa e seguridade social, educação, saúde humana e serviços sociais",2023-12-01,2024-01-01,0.005055914094307098,-0.020109180272328133,-0.005881415827011456,-0.0010821751757966985,-0.0035844355346847366,0.008758117850635794,-108856.0,5413249.0,94165.0,203021.0,-5667.333333333333,0.0008708729143666701,0.006580039441607707,0.0037002840702798005,0.0022546868796350767,0.00021024591165868812,-0.020109180272328133
"Administração pública, defesa e seguridade social, educação, saúde humana e serviços sociais",2024-01-01,2024-02-01,0.016946638289768508,0.005055914094307098,-0.004947673422120782,-0.00038466831247329394,-0.00231695602092295,0.009047747581697936,27508.0,5440757.0,171370.0,143862.0,-1874.0,0.006580039441607707,0.0037002840702798005,0.0022546868796350767,0.00021024591165868812,-0.020109180272328133,0.005055914094307098
"Administração pública, defesa e seguridade social, educação, saúde humana e serviços sociais",2024-02-01,2024-03-01,0.010156779977032335,0.016946638289768508,0.0006311240372491577,0.0013430981622201729,0.0015518864730706505,0.010993379752586184,93792.0,5534549.0,246156.0,152364.0,7739.333333333333,0.0037002840702798005,0.0022546868796350767,0.00021024591165868812,-0.020109180272328133,0.005055914094307098,0.016946638289768508
"Administração pública, defesa e seguridade social, educação, saúde humana e serviços sociais",2024-03-01,2024-04-01,0.007125498049708548,0.010156779977032335,0.010719777453702646,0.0024191808133455957,0.0032824210567985986,0.011476812339108714,56790.0,5591339.0,207566.0,150776.0,13807.166666666666,0.0022546868796350767,0.00021024591165868812,-0.020109180272328133,0.005055914094307098,0.016946638289768508,0.010156779977032335
"Administração pública, defesa e seguridade social, educação, saúde humana e serviços sociais",2024-04-01,2024-05-01,0.004285584959891819,0.007125498049708548,0.011409638772169798,0.003230982675024507,0.0039218533038226314,0.011607982590312692,40127.0,5631466.0,190774.0,150647.0,18420.333333333332,0.00021024591165868812,-0.020109180272328133,0.005055914094307098,0.016946638289768508,0.010156779977032335,0.007125498049708548
"Administração pública, defesa e seguridade social, educação, saúde humana e serviços sociais",2024-05-01,2024-06-01,0.00238638983439206,0.004285584959891819,0.0071892876622109,0.003910205849730029,0.0034683634204162265,0.01153032833849764,24238.0,5655704.0,170462.0,146224.0,22266.5,-0.020109180272328133,0.005055914094307098,0.016946638289768508,0.010156779977032335,0.007125498049708548,0.004285584959891819
"Administração pública, defesa e seguridade social, educação, saúde humana e serviços sociais",2024-06-01,2024-07-01,0.0019544621928108113,0.00238638983439206,0.004599157614664143,0.007659467534183395,-0.0015532018061865435,0.00480867542500688,13529.0,5669233.0,160351.0,146822.0,42664.0,0.005055914094307098,0.016946638289768508,0.010156779977032335,0.007125498049708548,0.004285584959891819,0.00238638983439206
"Administração pública, defesa e seguridade social, educação, saúde humana e serviços sociais",2024-07-01,2024-08-01,0.006818627276991915,0.0019544621928108113,0.00287547899569823,0.007142558883934014,-0.0028889132572150296,0.005210655495760151,11102.0,5680335.0,165130.0,154028.0,39929.666666666664,0.016946638289768508,0.010156779977032335,0.007125498049708548,0.004285584959891819,0.00238638983439206,0.0019544621928108113
"Administração pública, defesa e seguridade social, educação, saúde humana e serviços sociais",2024-08-01,2024-09-01,0.005398948486699746,0.006818627276991915,0.0037198264347315956,0.0054545570484712475,-0.0009743733198970018,0.0028808112770504655,38998.0,5719333.0,188537.0,149539.0,30797.333333333332,0.010156779977032335,0.007125498049708548,0.004285584959891819,0.00238638983439206,0.0019544621928108113,0.006818627276991915
"Administração pública, defesa e seguridade social, educação, saúde humana e serviços sociais",2024-09-01,2024-10-01,0.0018569444567395992,0.005398948486699746,0.004724012652167491,0.004661585133415817,-4.187281443785633e-05,0.0019964053854258246,31046.0,5750379.0,165040.0,133994.0,26506.666666666668,0.007125498049708548,0.004285584959891819,0.00238638983439206,0.0019544621928108113,0.006818627276991915,0.005398948486699746
"Administração pública, defesa e seguridade social, educação, saúde humana e serviços sociais",2024-10-01,2024-11-01,-0.000330429328928072,0.0018569444567395992,0.004691506740143753,0.003783492867920992,5.024681500980191e-05,0.0018745076279566095,10698.0,5761077.0,150744.0,140046.0,21601.833333333332,0.004285584959891819,0.00238638983439206,0.0019544621928108113,0.006818627276991915,0.005398948486699746,0.0018569444567395992
"Administração pública, defesa e seguridade social, educação, saúde humana e serviços sociais",2024-11-01,2024-12-01,-0.02369464212741458,-0.000330429328928072,0.0023084878715037577,0.003014157153117677,-0.00043703793757447036,0.002387595296669898,-1903.0,5759174.0,124241.0,126144.0,17245.0,0.00238638983439206,0.0019544621928108113,0.006818627276991915,0.005398948486699746,0.0018569444567395992,-0.000330429328928072
"Administração pública, defesa e seguridade social, educação, saúde humana e serviços sociais",2024-12-01,2025-01-01,0.003912380523402399,-0.02369464212741458,-0.007389375666534351,-0.00133268150718343,-0.004378134155681343,0.01027780372917979,-133303.0,5625871.0,96271.0,229574.0,-7227.0,0.0019544621928108113,0.006818627276991915,0.005398948486699746,0.0018569444567395992,-0.000330429328928072,-0.02369464212741458
"Administração pública, defesa e seguridade social, educação, saúde humana e serviços sociais",2025-01-01,2025-02-01,0.01712574127115528,0.003912380523402399,-0.006704230310980085,-0.0010063617854181657,-0.0029714108398845203,0.010407256695920204,22097.0,5647968.0,189851.0,167754.0,-5394.5,0.006818627276991915,0.005398948486699746,0.0018569444567395992,-0.000330429328928072,-0.02369464212741458,0.003912380523402399
"Administração pública, defesa e seguridade social, educação, saúde humana e serviços sociais",2025-02-01,2025-03-01,0.005628746058727022,0.01712574127115528,-0.0008855067776189681,0.0007114905469423951,0.001183887409250844,0.012245424718517242,98411.0,5746379.0,272247.0,173836.0,4507.666666666667,0.005398948486699746,0.0018569444567395992,-0.000330429328928072,-0.02369464212741458,0.003912380523402399,0.01712574127115528
"Administração pública, defesa e seguridade social, educação, saúde humana e serviços sociais",2025-03-01,2025-04-01,0.0064576990709825964,0.005628746058727022,0.0088889559510949,0.0007497901422802742,0.002823844070314404,0.012260375863585927,32528.0,5778907.0,188905.0,156377.0,4754.666666666667,0.0018569444567395992,-0.000330429328928072,-0.02369464212741458,0.003912380523402399,0.01712574127115528,0.005628746058727022
"Administração pública, defesa e seguridade social, educação, saúde humana e serviços sociais",2025-04-01,2025-05-01,0.0040403666809130856,0.0064576990709825964,0.009737395466954965,0.0015165825779874405,0.0038606904944494557,0.012448075538839927,37561.0,5816468.0,181621.0,144060.0,9231.833333333334,-0.000330429328928072,-0.02369464212741458,0.003912380523402399,0.01712574127115528,0.005628746058727022,0.0064576990709825964
"Administração pública, defesa e seguridade social, educação, saúde humana e serviços sociais",2025-05-01,2025-06-01,0.0021905436378811473,0.0040403666809130856,0.005375603936874235,0.0022450485796276336,0.0038518286991985895,0.012446562876584364,23596.0,5840064.0,171923.0,148327.0,13481.666666666666,-0.02369464212741458,0.003912380523402399,0.01712574127115528,0.005628746058727022,0.0064576990709825964,0.0040403666809130856
"Administração pública, defesa e seguridade social, educação, saúde humana e serviços sociais",2025-06-01,2025-07-01,0.000682274405097184,0.0021905436378811473,0.004229536463258943,0.006559246207176922,-0.0013438958624593501,0.004915336109887084,12821.0,5852885.0,160721.0,147900.0,37835.666666666664,0.003912380523402399,0.01712574127115528,0.005628746058727022,0.0064576990709825964,0.0040403666809130856,0.0021905436378811473
"Administração pública, defesa e seguridade social, educação, saúde humana e serviços sociais",2025-07-01,2025-08-01,0.006620684555207367,0.000682274405097184,0.0023043949079638057,0.006020895187459384,-0.0027128363995113595,0.005334746840773719,3996.0,5856881.0,166753.0,162757.0,34818.833333333336,0.01712574127115528,0.005628746058727022,0.0064576990709825964,0.0040403666809130856,0.0021905436378811473,0.000682274405097184
"Administração pública, defesa e seguridade social, educação, saúde humana e serviços sociais",2025-08-01,2025-09-01,0.002872532450653241,0.006620684555207367,0.0031645008660618995,0.004270052401468068,-0.00040618298737961323,0.002213842101656888,39035.0,5895916.0,196357.0,157322.0,24922.833333333332,0.005628746058727022,0.0064576990709825964,0.0040403666809130856,0.0021905436378811473,0.000682274405097184,0.006620684555207367
"Administração pública, defesa e seguridade social, educação, saúde humana e serviços sociais",2025-09-01,2025-10-01,0.0021503151641096164,0.002872532450653241,0.003391830470319264,0.003810683466789103,-0.00033408996318708264,0.002169772482549448,16985.0,5912901.0,179909.0,162924.0,22332.333333333332,0.0064576990709825964,0.0040403666809130856,0.0021905436378811473,0.000682274405097184,0.006620684555207367,0.002872532450653241
"Administração pública, defesa e seguridade social, educação, saúde humana e serviços sociais",2025-10-01,2025-11-01,0.0008135951496576661,0.0021503151641096164,0.003881177389990075,0.00309278614897694,-4.1882314159739554e-05,0.001866607783044789,12742.0,5925643.0,161501.0,148759.0,18195.833333333332,0.0040403666809130856,0.0021905436378811473,0.000682274405097184,0.006620684555207367,0.002872532450653241,0.0021503151641096164
"Administração pública, defesa e seguridade social, educação, saúde humana e serviços sociais",2025-11-01,2025-12-01,-0.02072214199621345,0.0008135951496576661,0.0019454809214735078,0.0025549908937677035,-0.00017796492196097804,0.001977658886244899,4825.0,5930468.0,132077.0,127252.0,15067.333333333334,0.0021905436378811473,0.000682274405097184,0.006620684555207367,0.002872532450653241,0.0021503151641096164,0.0008135951496576661
"Administração pública, defesa e seguridade social, educação, saúde humana e serviços sociais",2025-12-01,2026-01-01,0.0013981103243337397,-0.02072214199621345,-0.00591941056081539,-0.0012637900452480628,-0.0035761590717070255,0.008922447110485244,-122892.0,,100347.0,223239.0,-7551.5,0.000682274405097184,0.006620684555207367,0.002872532450653241,0.0021503151641096164,0.0008135951496576661,-0.02072214199621345
"Administração pública, defesa e seguridade social, educação, saúde humana e serviços sociais",2026-01-01,2026-02-01,0.013533723631349021,0.0013981103243337397,-0.00617014550740735,-0.0011444840587086366,-0.0028066747002691472,0.008952406732815634,8131.0,5815707.0,175726.0,167595.0,-6862.333333333333,0.006620684555207367,0.002872532450653241,0.0021503151641096164,0.0008135951496576661,-0.02072214199621345,0.0013981103243337397
"Administração pública, defesa e seguridade social, educação, saúde humana e serviços sociais",2026-02-01,2026-03-01,0.008440081760243618,0.013533723631349021,-0.0019301026801768963,7.689120648305542e-06,0.0008432458353794325,0.010231165109907415,79788.0,5895495.0,254305.0,174517.0,-70.16666666666667,0.002872532450653241,0.0021503151641096164,0.0008135951496576661,-0.02072214199621345,0.0013981103243337397,0.013533723631349021
"Administração pública, defesa e seguridade social, educação, saúde humana e serviços sociais",2026-03-01,2026-04-01,0.00485964846506409,0.008440081760243618,0.00779063857197546,0.0009356140055800354,0.0026208420213226073,0.010691056135913287,50182.0,5945677.0,224463.0,174281.0,5462.666666666667,0.0021503151641096164,0.0008135951496576661,-0.02072214199621345,0.0013981103243337397,0.013533723631349021,0.008440081760243618
"Administração pública, defesa e seguridade social, educação, saúde humana e serviços sociais",2026-04-01,2026-05-01,0.003477073613986619,0.00485964846506409,0.008944484618885576,0.0013871695557391133,0.0034243586043833886,0.010789587734268807,29035.0,5974712.0,190700.0,161665.0,8178.166666666667,0.0008135951496576661,-0.02072214199621345,0.0013981103243337397,0.013533723631349021,0.008440081760243618,0.00485964846506409
"Administração pública, defesa e seguridade social, educação, saúde humana e serviços sociais",2026-05-01,2026-06-01,0.0023180007484829407,0.003477073613986619,0.0055922679464314425,0.001831082633127273,0.0036082014457738845,0.010811626298454623,20847.0,5995559.0,177919.0,157072.0,10848.5,-0.02072214199621345,0.0013981103243337397,0.013533723631349021,0.008440081760243618,0.00485964846506409,0.003477073613986619
"Agricultura, pecuária, produção florestal, pesca e aquicultura",2020-07-01,2020-08-01,0.006871773630244037,0.014872914780432645,0.016572029166226486,0.0077225586658467805,0.004390792037915261,0.009971851781155313,22965.0,1544082.0,73886.0,50921.0,11771.0,0.0033428075524993945,-0.003018421939972143,-0.0037051211161260272,0.010631359951707485,0.024211812766539328,0.014872914780432645
"Agricultura, pecuária, produção florestal, pesca e aquicultura",2020-08-01,2020-09-01,0.0050681966818669905,0.006871773630244037,0.01531883372573867,0.00831071967880422,0.0033933010958739638,0.009798749773746151,10684.0,1554766.0,66190.0,55506.0,12728.0,-0.003018421939972143,-0.0037051211161260272,0.010631359951707485,0.024211812766539328,0.014872914780432645,0.006871773630244037
"Agricultura, pecuária, produção florestal, pesca e aquicultura",2020-09-01,2020-10-01,-0.0001900935042425414,0.0050681966818669905,0.008937628364181225,0.009658489449110743,0.0006642552011276581,0.008634799633033425,7920.0,1562686.0,68302.0,60382.0,14789.5,-0.0037051211161260272,0.010631359951707485,0.024211812766539328,0.014872914780432645,0.006871773630244037,0.0050681966818669905
"Agricultura, pecuária, produção florestal, pesca e aquicultura",2020-10-01,2020-11-01,-0.010556456766455292,-0.0001900935042425414,0.003916625602622829,0.010244327384424658,-0.0034154073338273083,0.007785754625670107,-297.0,1562389.0,65023.0,65320.0,15646.833333333334,0.010631359951707485,0.024211812766539328,0.014872914780432645,0.006871773630244037,0.0050681966818669905,-0.0001900935042425414
"Agricultura, pecuária, produção florestal, pesca e aquicultura",2020-11-01,2020-12-01,-0.015613216842935032,-0.010556456766455292,-0.001892784529610281,0.006713024598064194,-0.006309541413353592,0.010965172756022275,-16321.0,1546068.0,55550.0,71871.0,10296.666666666666,0.024211812766539328,0.014872914780432645,0.006871773630244037,0.0050681966818669905,-0.0001900935042425414,-0.010556456766455292
"Agricultura, pecuária, produção florestal, pesca e aquicultura",2020-12-01,2021-01-01,0.02114413544901147,-0.015613216842935032,-0.008786589037877622,7.55196631518007e-05,-0.005999246842658452,0.010402922028346863,-23768.0,1522300.0,45905.0,69673.0,197.16666666666666,0.014872914780432645,0.006871773630244037,0.0050681966818669905,-0.0001900935042425414,-0.010556456766455292,-0.015613216842935032
"Agricultura, pecuária, produção florestal, pesca e aquicultura",2021-01-01,2021-02-01,0.014495664924863344,0.02114413544901147,-0.0016751793867929518,0.0011207231079149386,-2.9965564079476734e-05,0.012025623253403308,32883.0,1555183.0,88199.0,55316.0,1850.1666666666667,0.006871773630244037,0.0050681966818669905,-0.0001900935042425414,-0.010556456766455292,-0.015613216842935032,0.02114413544901147
"Agricultura, pecuária, produção florestal, pesca e aquicultura",2021-02-01,2021-03-01,0.002156224469922882,0.014495664924863344,0.006675527843646593,0.0023913716570181562,0.003030950514236116,0.012934584698146226,22875.0,1578058.0,87523.0,64648.0,3882.0,0.0050681966818669905,-0.0001900935042425414,-0.010556456766455292,-0.015613216842935032,0.02114413544901147,0.014495664924863344
"Agricultura, pecuária, produção florestal, pesca e aquicultura",2021-03-01,2021-04-01,0.0069860868495046444,0.002156224469922882,0.012598674947932565,0.0019060429550274713,0.0035327230639065573,0.012879554380057804,3410.0,1581468.0,89350.0,85940.0,3130.3333333333335,-0.0001900935042425414,-0.010556456766455292,-0.015613216842935032,0.02114413544901147,0.014495664924863344,0.002156224469922882
"Agricultura, pecuária, produção florestal, pesca e aquicultura",2021-04-01,2021-05-01,0.02586132019959948,0.0069860868495046444,0.007879325414763624,0.003102073013985336,0.0038392163284064374,0.012962302114693632,11126.0,1592594.0,85399.0,74273.0,5034.166666666667,-0.010556456766455292,-0.015613216842935032,0.02114413544901147,0.014495664924863344,0.002156224469922882,0.0069860868495046444
"Agricultura, pecuária, produção florestal, pesca e aquicultura",2021-05-01,2021-06-01,0.022937926377031594,0.02586132019959948,0.011667877173009003,0.009171702508327799,0.004358831398834617,0.01365352909309956,42280.0,1634874.0,105783.0,63503.0,14801.0,-0.015613216842935032,0.02114413544901147,0.014495664924863344,0.002156224469922882,0.0069860868495046444,0.02586132019959948
"Agricultura, pecuária, produção florestal, pesca e aquicultura",2021-06-01,2021-07-01,0.015022589807361186,0.022937926377031594,0.018595111142045238,0.015596893044988902,0.0013684509383968793,0.008621981519513244,38381.0,1673255.0,104436.0,66055.0,25159.166666666668,0.02114413544901147,0.014495664924863344,0.002156224469922882,0.0069860868495046444,0.02586132019959948,0.022937926377031594
"Agricultura, pecuária, produção florestal, pesca e aquicultura",2021-07-01,2021-08-01,0.005334082798314875,0.015022589807361186,0.021273945461330754,0.014576635438047188,0.0023958560995402905,0.00825977970196135,25520.0,1698775.0,93045.0,67525.0,23932.0,0.014495664924863344,0.002156224469922882,0.0069860868495046444,0.02586132019959948,0.022937926377031594,0.015022589807361186
"Agricultura, pecuária, produção florestal, pesca e aquicultura",2021-08-01,2021-09-01,0.0051759960996545255,0.005334082798314875,0.014431532994235885,0.013049705083622444,0.0010592973340846196,0.008951469987104835,9110.0,1707885.0,84941.0,75831.0,21637.833333333332,0.002156224469922882,0.0069860868495046444,0.02586132019959948,0.022937926377031594,0.015022589807361186,0.005334082798314875
"Agricultura, pecuária, produção florestal, pesca e aquicultura",2021-09-01,2021-10-01,-0.0034156921949329224,0.0051759960996545255,0.008510889568443529,0.013553000355244383,-0.002244214357793566,0.008392262568191198,8886.0,1716771.0,90004.0,81118.0,22550.5,0.0069860868495046444,0.02586132019959948,0.022937926377031594,0.015022589807361186,0.005334082798314875,0.0051759960996545255
"Agricultura, pecuária, produção florestal, pesca e aquicultura",2021-10-01,2021-11-01,-0.009914823537745037,-0.0034156921949329224,0.0023647955676788257,0.011819370514504789,-0.005981695994681128,0.010403202755266749,-5844.0,1710927.0,83540.0,89384.0,19722.166666666668,0.02586132019959948,0.022937926377031594,0.015022589807361186,0.005334082798314875,0.0051759960996545255,-0.0034156921949329224
"Agricultura, pecuária, produção florestal, pesca e aquicultura",2021-11-01,2021-12-01,-0.01563076081932452,-0.009914823537745037,-0.0027181732110078114,0.005856679891614036,-0.006278190922269308,0.010887581065594896,-16797.0,1694130.0,73989.0,90786.0,9876.0,0.022937926377031594,0.015022589807361186,0.005334082798314875,0.0051759960996545255,-0.0034156921949329224,-0.009914823537745037
"Agricultura, pecuária, produção florestal, pesca e aquicultura",2021-12-01,2022-01-01,0.01477433610285688,-0.01563076081932452,-0.009653758850667493,-0.0005714346411119818,-0.005931576012462733,0.010273377543395454,-26073.0,1668057.0,63456.0,89529.0,-866.3333333333334,0.015022589807361186,0.005334082798314875,0.0051759960996545255,-0.0034156921949329224,-0.009914823537745037,-0.01563076081932452
"Agricultura, pecuária, produção florestal, pesca e aquicultura",2022-01-01,2022-02-01,0.010181316888884212,0.01477433610285688,-0.0035904160847375593,-0.0006128102585293667,-0.0006205181593439778,0.01021079923799164,25014.0,1693071.0,106242.0,81228.0,-950.6666666666666,0.005334082798314875,0.0051759960996545255,-0.0034156921949329224,-0.009914823537745037,-0.01563076081932452,0.01477433610285688
"Agricultura, pecuária, produção florestal, pesca e aquicultura",2022-02-01,2022-03-01,-0.009439412779412815,0.010181316888884212,0.0031082973908055245,0.00019506208989885648,0.002110878615941096,0.01082277093237743,17415.0,1710486.0,104570.0,87155.0,433.5,0.0051759960996545255,-0.0034156921949329224,-0.009914823537745037,-0.01563076081932452,0.01477433610285688,0.010181316888884212
"Agricultura, pecuária, produção florestal, pesca e aquicultura",2022-03-01,2022-04-01,-0.0006029040963229346,-0.009439412779412815,0.005172080070776093,-0.0022408393899457004,0.0017307118651334193,0.011069522198429094,-15995.0,1694491.0,98510.0,114505.0,-3713.3333333333335,-0.0034156921949329224,-0.009914823537745037,-0.01563076081932452,0.01477433610285688,0.010181316888884212,-0.009439412779412815
"Agricultura, pecuária, produção florestal, pesca e aquicultura",2022-04-01,2022-05-01,0.015548619738091183,-0.0006029040963229346,4.633333771615416e-05,-0.0017720413735107026,0.0017297320603677988,0.011069401170497851,-1021.0,1693470.0,95820.0,96841.0,-2909.5,-0.009914823537745037,-0.01563076081932452,0.01477433610285688,0.010181316888884212,-0.009439412779412815,-0.0006029040963229346
"Agricultura, pecuária, produção florestal, pesca e aquicultura",2022-05-01,2022-06-01,0.01963894209589571,0.015548619738091183,0.001835434287451811,0.0024718658391286678,0.0025755557863212,0.011977936404297318,26747.0,1720217.0,121088.0,94341.0,4347.833333333333,-0.01563076081932452,0.01477433610285688,0.010181316888884212,-0.009439412779412815,-0.0006029040963229346,0.015548619738091183
"Agricultura, pecuária, produção florestal, pesca e aquicultura",2022-06-01,2022-07-01,0.008963331670946888,0.01963894209589571,0.011528219245887988,0.008350149658332041,0.001407469919882998,0.010169430124544928,34460.0,1754677.0,123008.0,88548.0,14436.666666666666,0.01477433610285688,0.010181316888884212,-0.009439412779412815,-0.0006029040963229346,0.015548619738091183,0.01963894209589571
"Agricultura, pecuária, produção florestal, pesca e aquicultura",2022-07-01,2022-08-01,0.004343544937751333,0.008963331670946888,0.014716964501644593,0.007381648919680374,0.0027799046391615155,0.009780778027760846,15870.0,1770547.0,103950.0,88080.0,12912.666666666666,0.010181316888884212,-0.009439412779412815,-0.0006029040963229346,0.015548619738091183,0.01963894209589571,0.008963331670946888
"Agricultura, pecuária, produção florestal, pesca e aquicultura",2022-08-01,2022-09-01,0.005299413506959885,0.004343544937751333,0.010981939568197978,0.0064086869278248935,0.0029058233784409913,0.009744175335481458,7724.0,1778271.0,103696.0,95972.0,11297.5,-0.009439412779412815,-0.0006029040963229346,0.015548619738091183,0.01963894209589571,0.008963331670946888,0.004343544937751333
"Agricultura, pecuária, produção florestal, pesca e aquicultura",2022-09-01,2022-10-01,-0.0008033320084419838,0.005299413506959885,0.006202096705219369,0.008865157975553678,-0.0004222641945586947,0.006874547754256786,9474.0,1787745.0,99961.0,90487.0,15542.333333333334,-0.0006029040963229346,0.015548619738091183,0.01963894209589571,0.008963331670946888,0.004343544937751333,0.005299413506959885
"Agricultura, pecuária, produção florestal, pesca e aquicultura",2022-10-01,2022-11-01,-0.010299762626414018,-0.0008033320084419838,0.002946542145423078,0.008831753323533835,-0.003697089463790538,0.006920804925517439,-1435.0,1786310.0,91032.0,92467.0,15473.333333333334,0.015548619738091183,0.01963894209589571,0.008963331670946888,0.004343544937751333,0.005299413506959885,-0.0008033320084419838
"Agricultura, pecuária, produção florestal, pesca e aquicultura",2022-11-01,2022-12-01,-0.02132709634711162,-0.010299762626414018,-0.0019345603759653724,0.004523689596116302,-0.005086789888014477,0.009100616962030244,-18211.0,1768099.0,80060.0,98271.0,7980.333333333333,0.01963894209589571,0.008963331670946888,0.004343544937751333,0.005299413506959885,-0.0008033320084419838,-0.010299762626414018
"Agricultura, pecuária, produção florestal, pesca e aquicultura",2022-12-01,2023-01-01,0.01319424850013538,-0.02132709634711162,-0.010810063660655874,-0.002303983477718253,-0.005756708808519726,0.010464359613063332,-36921.0,1731178.0,63391.0,100312.0,-3916.5,0.008963331670946888,0.004343544937751333,0.005299413506959885,-0.0008033320084419838,-0.010299762626414018,-0.02132709634711162
"Agricultura, pecuária, produção florestal, pesca e aquicultura",2023-01-01,2023-02-01,0.009196835665016952,0.01319424850013538,-0.006144203491130088,-0.001598830672853504,-0.001289212639093324,0.011308376641379904,23147.0,1754325.0,111632.0,88485.0,-2703.6666666666665,0.004343544937751333,0.005299413506959885,-0.0008033320084419838,-0.010299762626414018,-0.02132709634711162,0.01319424850013538
"Agricultura, pecuária, produção florestal, pesca e aquicultura",2023-02-01,2023-03-01,-0.00018754127178966908,0.009196835665016952,0.00035466260601357016,-0.0007899488849759008,0.0014415005312948517,0.011864408531966505,16284.0,1770609.0,104811.0,88527.0,-1277.0,0.005299413506959885,-0.0008033320084419838,-0.010299762626414018,-0.02132709634711162,0.01319424850013538,0.009196835665016952
"Agricultura, pecuária, produção florestal, pesca e aquicultura",2023-03-01,2023-04-01,0.0016366085995830088,-0.00018754127178966908,0.007401180964454221,-0.0017044413481008267,0.002745431240137185,0.011567554629809958,-332.0,1770277.0,117601.0,117933.0,-2911.3333333333335,-0.0008033320084419838,-0.010299762626414018,-0.02132709634711162,0.01319424850013538,0.009196835665016952,-0.00018754127178966908
"Agricultura, pecuária, produção florestal, pesca e aquicultura",2023-04-01,2023-05-01,0.010910127414044886,0.0016366085995830088,0.0035486343309367643,-0.0012977845800966619,0.003402945957738073,0.011634777744839985,2902.0,1773179.0,103483.0,100581.0,-2188.5,-0.010299762626414018,-0.02132709634711162,0.01319424850013538,0.009196835665016952,-0.00018754127178966908,0.0016366085995830088
"Agricultura, pecuária, produção florestal, pesca e aquicultura",2023-05-01,2023-06-01,0.014923372036988906,0.010910127414044886,0.004119731580612742,0.002237197093313156,0.0033465377762091067,0.011584682796356638,19559.0,1792738.0,128396.0,108837.0,4106.5,-0.02132709634711162,0.01319424850013538,0.009196835665016952,-0.00018754127178966908,0.0016366085995830088,0.010910127414044886
"Agricultura, pecuária, produção florestal, pesca e aquicultura",2023-06-01,2023-07-01,0.007080679260724272,0.014923372036988906,0.009156702683538935,0.008278941823996577,0.0004459897943635457,0.005655031475949294,27159.0,1819897.0,125832.0,98673.0,14786.5,0.01319424850013538,0.009196835665016952,-0.00018754127178966908,0.0016366085995830088,0.010910127414044886,0.014923372036988906
"Agricultura, pecuária, produção florestal, pesca e aquicultura",2023-07-01,2023-08-01,0.002788899461969825,0.007080679260724272,0.010971392903919354,0.007260013617428059,0.0012578707634095486,0.005210927480993878,12978.0,1832875.0,104362.0,91384.0,13091.666666666666,0.009196835665016952,-0.00018754127178966908,0.0016366085995830088,0.010910127414044886,0.014923372036988906,0.007080679260724272
"Agricultura, pecuária, produção florestal, pesca e aquicultura",2023-08-01,2023-09-01,0.0032224423423066763,0.002788899461969825,0.008264316919894333,0.006192024250253538,0.0010065045792904362,0.0053590820994175985,5126.0,1838001.0,105218.0,100092.0,11232.0,-0.00018754127178966908,0.0016366085995830088,0.010910127414044886,0.014923372036988906,0.007080679260724272,0.002788899461969825
"Agricultura, pecuária, produção florestal, pesca e aquicultura",2023-09-01,2023-10-01,-0.0008988827473678097,0.0032224423423066763,0.004364007021666925,0.00676035485260293,-0.0006936345119677566,0.004804513990446046,5942.0,1843943.0,97457.0,91515.0,12277.666666666666,0.0016366085995830088,0.010910127414044886,0.014923372036988906,0.007080679260724272,0.002788899461969825,0.0032224423423066763
"Agricultura, pecuária, produção florestal, pesca e aquicultura",2023-10-01,2023-11-01,-0.011539749735074975,-0.0008988827473678097,0.0017041530189695637,0.00633777296144446,-0.0028125605625675594,0.005320398173154119,-1656.0,1842287.0,94611.0,96267.0,11518.0,0.010910127414044886,0.014923372036988906,0.007080679260724272,0.002788899461969825,0.0032224423423066763,-0.0008988827473678097
"Agricultura, pecuária, produção florestal, pesca e aquicultura",2023-11-01,2023-12-01,-0.03035737521285804,-0.011539749735074975,-0.0030720633800453696,0.002596126769924482,-0.004452021485835964,0.00800562006254218,-21017.0,1821270.0,81983.0,103000.0,4755.333333333333,0.014923372036988906,0.007080679260724272,0.002788899461969825,0.0032224423423066763,-0.0008988827473678097,-0.011539749735074975
"Agricultura, pecuária, produção florestal, pesca e aquicultura",2023-12-01,2024-01-01,0.012237986934971025,-0.03035737521285804,-0.01426533589843361,-0.004950664438383341,-0.0066942155728205825,0.012759229909617082,-53660.0,1767610.0,62078.0,115738.0,-8714.5,0.007080679260724272,0.002788899461969825,0.0032224423423066763,-0.0008988827473678097,-0.011539749735074975,-0.03035737521285804
"Agricultura, pecuária, produção florestal, pesca e aquicultura",2024-01-01,2024-02-01,0.0020961718515180934,0.012237986934971025,-0.009886379337653997,-0.004091113159342217,-0.0018324252082341525,0.013681198910302998,21900.0,1789510.0,113538.0,91638.0,-7227.5,0.002788899461969825,0.0032224423423066763,-0.0008988827473678097,-0.011539749735074975,-0.03035737521285804,0.012237986934971025
"Agricultura, pecuária, produção florestal, pesca e aquicultura",2024-02-01,2024-03-01,-0.0036136985872044737,0.0020961718515180934,-0.005341072142122973,-0.004206567761084172,0.00042747517472258695,0.013625461247761358,3759.0,1793269.0,113369.0,109610.0,-7455.333333333333,0.0032224423423066763,-0.0008988827473678097,-0.011539749735074975,-0.03035737521285804,0.012237986934971025,0.0020961718515180934
"Agricultura, pecuária, produção florestal, pesca e aquicultura",2024-03-01,2024-04-01,0.003666802721998809,-0.0036136985872044737,0.003573486733094882,-0.0053459245826693634,0.001997972791669285,0.013236890774304318,-6457.0,1786812.0,108429.0,114886.0,-9521.833333333334,-0.0008988827473678097,-0.011539749735074975,-0.03035737521285804,0.012237986934971025,0.0020961718515180934,-0.0036136985872044737
"Agricultura, pecuária, produção florestal, pesca e aquicultura",2024-04-01,2024-05-01,0.010939630183584598,0.003666802721998809,0.0007164253287708096,-0.004584977004441594,0.004174913630825046,0.013597000216393942,6576.0,1793388.0,111381.0,104805.0,-8149.833333333333,-0.011539749735074975,-0.03035737521285804,0.012237986934971025,0.0020961718515180934,-0.0036136985872044737,0.003666802721998809
"Agricultura, pecuária, produção florestal, pesca e aquicultura",2024-05-01,2024-06-01,0.01474119367317031,0.010939630183584598,0.0036642447727929777,-0.000838413684664998,0.005001760111559255,0.01424602069386911,19836.0,1813224.0,128126.0,108290.0,-1341.0,-0.03035737521285804,0.012237986934971025,0.0020961718515180934,-0.0036136985872044737,0.003666802721998809,0.010939630183584598
"Agricultura, pecuária, produção florestal, pesca e aquicultura",2024-06-01,2024-07-01,0.0036209266605343356,0.01474119367317031,0.009782542192917906,0.006678014463006393,0.0013236259998971205,0.006455870155494352,27129.0,1840353.0,116667.0,89538.0,12123.833333333334,0.012237986934971025,0.0020961718515180934,-0.0036136985872044737,0.003666802721998809,0.010939630183584598,0.01474119367317031
"Agricultura, pecuária, produção florestal, pesca e aquicultura",2024-07-01,2024-08-01,0.0007579356019826427,0.0036209266605343356,0.009767250172429747,0.005241837750600278,0.001998893665365467,0.006001755679730849,6688.0,1847041.0,103565.0,96877.0,9588.5,0.0020961718515180934,-0.0036136985872044737,0.003666802721998809,0.010939630183584598,0.01474119367317031,0.0036209266605343356
"Agricultura, pecuária, produção florestal, pesca e aquicultura",2024-08-01,2024-09-01,-0.0010853329491702403,0.0007579356019826427,0.006373351978562429,0.005018798375677703,0.0007292030357465102,0.00613783502260397,1401.0,1848442.0,97221.0,95820.0,9195.5,-0.0036136985872044737,0.003666802721998809,0.010939630183584598,0.01474119367317031,0.0036209266605343356,0.0007579356019826427
"Agricultura, pecuária, produção florestal, pesca e aquicultura",2024-09-01,2024-10-01,-0.0031276467785564146,-0.0010853329491702403,0.0010978431044489127,0.005440192648683409,-0.0018693151175224875,0.005593345588064313,-2004.0,1846438.0,91557.0,93561.0,9937.666666666666,0.003666802721998809,0.010939630183584598,0.01474119367317031,0.0036209266605343356,0.0007579356019826427,-0.0010853329491702403
"Agricultura, pecuária, produção florestal, pesca e aquicultura",2024-10-01,2024-11-01,-0.010367253377714495,-0.0031276467785564146,-0.0011516813752480042,0.0043077843985908715,-0.003447970163893668,0.006458611294939804,-5757.0,1840681.0,95070.0,100827.0,7882.166666666667,0.010939630183584598,0.01474119367317031,0.0036209266605343356,0.0007579356019826427,-0.0010853329491702403,-0.0031276467785564146
"Agricultura, pecuária, produção florestal, pesca e aquicultura",2024-11-01,2024-12-01,-0.02629227737586487,-0.010367253377714495,-0.0048600777018137165,0.0007566371383743564,-0.004218034974938546,0.007593785103538453,-18887.0,1821794.0,81144.0,100031.0,1428.3333333333333,0.01474119367317031,0.0036209266605343356,0.0007579356019826427,-0.0010853329491702403,-0.0031276467785564146,-0.010367253377714495
"Agricultura, pecuária, produção florestal, pesca e aquicultura",2024-12-01,2025-01-01,0.019744035483379316,-0.02629227737586487,-0.013262392510711927,-0.0060822747031315065,-0.005285254312870674,0.010012035233164114,-46672.0,1775122.0,63185.0,109857.0,-10871.833333333334,0.0036209266605343356,0.0007579356019826427,-0.0010853329491702403,-0.0031276467785564146,-0.010367253377714495,-0.02629227737586487
"Agricultura, pecuária, produção florestal, pesca e aquicultura",2025-01-01,2025-02-01,0.010838370519107804,0.019744035483379316,-0.005638498423400015,-0.0033950898993240102,0.0003448588436497534,0.013729320844988775,35754.0,1810876.0,128372.0,92618.0,-6027.5,0.0007579356019826427,-0.0010853329491702403,-0.0031276467785564146,-0.010367253377714495,-0.02629227737586487,0.019744035483379316
"Agricultura, pecuária, produção florestal, pesca e aquicultura",2025-02-01,2025-03-01,-0.0030924773461240476,0.010838370519107804,0.0014300428755407498,-0.0017150174131364841,0.0032088154322584867,0.014716053697144012,19842.0,1830718.0,120205.0,100363.0,-2954.0,-0.0010853329491702403,-0.0031276467785564146,-0.010367253377714495,-0.02629227737586487,0.019744035483379316,0.010838370519107804
"Agricultura, pecuária, produção florestal, pesca e aquicultura",2025-03-01,2025-04-01,0.0022005369856962363,-0.0030924773461240476,0.009163309552121024,-0.002049541479295451,0.00313797233462494,0.014720749945463286,-5644.0,1825074.0,105093.0,110737.0,-3560.6666666666665,-0.0031276467785564146,-0.010367253377714495,-0.02629227737586487,0.019744035483379316,0.010838370519107804,-0.0030924773461240476
"Agricultura, pecuária, produção florestal, pesca e aquicultura",2025-04-01,2025-05-01,0.009395341431408537,0.0022005369856962363,0.0033154767195599975,-0.0011615108519200089,0.003529505341200131,0.014789479026729863,4025.0,1829099.0,106109.0,102084.0,-1930.3333333333333,-0.010367253377714495,-0.02629227737586487,0.019744035483379316,0.010838370519107804,-0.0030924773461240476,0.0022005369856962363
"Agricultura, pecuária, produção florestal, pesca e aquicultura",2025-05-01,2025-06-01,0.013797615741235286,0.009395341431408537,0.002834467023660242,0.002132254949600496,0.0031964785908024543,0.014571548848364844,17348.0,1846447.0,121825.0,104477.0,4108.833333333333,-0.02629227737586487,0.019744035483379316,0.010838370519107804,-0.0030924773461240476,0.0022005369856962363,0.009395341431408537
"Agricultura, pecuária, produção florestal, pesca e aquicultura",2025-06-01,2025-07-01,0.004675517988384301,0.013797615741235286,0.008464498052780019,0.008813903802450522,-0.0008219477611999337,0.007463692463771191,25833.0,1872280.0,115261.0,89428.0,16193.0,0.019744035483379316,0.010838370519107804,-0.0030924773461240476,0.0022005369856962363,0.009395341431408537,0.013797615741235286
"Agricultura, pecuária, produção florestal, pesca e aquicultura",2025-07-01,2025-08-01,-0.001418753094372368,0.004675517988384301,0.009289491720342708,0.006302484219951353,0.0007728806015477938,0.005687051371756553,8795.0,1881075.0,109024.0,100229.0,11699.833333333334,0.010838370519107804,-0.0030924773461240476,0.0022005369856962363,0.009395341431408537,0.013797615741235286,0.004675517988384301
"Agricultura, pecuária, produção florestal, pesca e aquicultura",2025-08-01,2025-09-01,0.001683162581175259,-0.001418753094372368,0.005684793545082406,0.004259630284371324,0.0005770239593328381,0.005888676248565681,-2665.0,1878410.0,96454.0,99119.0,7948.666666666667,-0.0030924773461240476,0.0022005369856962363,0.009395341431408537,0.013797615741235286,0.004675517988384301,-0.001418753094372368
"Agricultura, pecuária, produção florestal, pesca e aquicultura",2025-09-01,2025-10-01,-0.005298505070365344,0.001683162581175259,0.001646642491729064,0.0050555702722545415,-0.0012614643815085308,0.0051127719844829824,3167.0,1881577.0,96665.0,93498.0,9417.166666666666,0.0022005369856962363,0.009395341431408537,0.013797615741235286,0.004675517988384301,-0.001418753094372368,0.001683162581175259
"Agricultura, pecuária, produção florestal, pesca e aquicultura",2025-10-01,2025-11-01,-0.00893000570321504,-0.005298505070365344,-0.0016780318611874844,0.003805729929577612,-0.0033116246591944607,0.0064099620387862,-9917.0,1871660.0,94411.0,104328.0,7093.5,0.009395341431408537,0.013797615741235286,0.004675517988384301,-0.001418753094372368,0.001683162581175259,-0.005298505070365344
"Agricultura, pecuária, produção florestal, pesca e aquicultura",2025-11-01,2025-12-01,-0.023630069419662832,-0.00893000570321504,-0.004181782730801708,0.0007515054071403487,-0.004013093163512941,0.007320190808058694,-16566.0,1855094.0,77356.0,93922.0,1441.1666666666667,0.013797615741235286,0.004675517988384301,-0.001418753094372368,0.001683162581175259,-0.005298505070365344,-0.00893000570321504
"Agricultura, pecuária, produção florestal, pesca e aquicultura",2025-12-01,2026-01-01,0.012578427775575945,-0.023630069419662832,-0.012619526731081071,-0.005486442119676004,-0.004886953214808692,0.009240305017513044,-43836.0,,63201.0,107037.0,-10170.333333333334,0.004675517988384301,-0.001418753094372368,0.001683162581175259,-0.005298505070365344,-0.00893000570321504,-0.023630069419662832
"Agricultura, pecuária, produção florestal, pesca e aquicultura",2026-01-01,2026-02-01,0.004408793923756034,0.012578427775575945,-0.006660549115767307,-0.0041692904884773965,-0.000273865493874927,0.010992150089019714,23073.0,1834331.0,113385.0,90312.0,-7790.666666666667,-0.001418753094372368,0.001683162581175259,-0.005298505070365344,-0.00893000570321504,-0.023630069419662832,0.012578427775575945
"Agricultura, pecuária, produção florestal, pesca e aquicultura",2026-02-01,2026-03-01,-0.0099191057895435,0.004408793923756034,-0.002214282573443618,-0.003198032652122662,0.0015016826152651414,0.01144058715710697,8123.0,1842454.0,111197.0,103074.0,-5992.666666666667,0.001683162581175259,-0.005298505070365344,-0.00893000570321504,-0.023630069419662832,0.012578427775575945,0.004408793923756034
"Agricultura, pecuária, produção florestal, pesca e aquicultura",2026-03-01,2026-04-01,-0.00461348693267547,-0.0099191057895435,0.0023560386365961594,-0.005131744047242456,0.0015177683565788917,0.011432654442804453,-18096.0,1824358.0,109101.0,127197.0,-9536.5,-0.005298505070365344,-0.00893000570321504,-0.023630069419662832,0.012578427775575945,0.004408793923756034,-0.0099191057895435
"Agricultura, pecuária, produção florestal, pesca e aquicultura",2026-04-01,2026-05-01,0.0055881523503916635,-0.00461348693267547,-0.0033745995994876447,-0.005017574357627477,0.0015584528826067406,0.01143383938536005,-8378.0,1815980.0,97242.0,105620.0,-9280.0,-0.00893000570321504,-0.023630069419662832,0.012578427775575945,0.004408793923756034,-0.0099191057895435,-0.00461348693267547
"Agricultura, pecuária, produção florestal, pesca e aquicultura",2026-05-01,2026-06-01,0.012383435465038617,0.0055881523503916635,-0.0029814801239424356,-0.002597881348693026,0.0022910704289205337,0.0118774361218208,10205.0,1826185.0,115263.0,105058.0,-4818.166666666667,-0.023630069419662832,0.012578427775575945,0.004408793923756034,-0.0099191057895435,-0.00461348693267547,0.0055881523503916635
Alojamento e alimentação,2020-07-01,2020-08-01,-0.010475233962447697,-0.017465939434150656,-0.026009591269886088,-0.0332083875724811,-0.00027736334157696033,0.027177818300306612,-26851.0,1537335.0,26227.0,53078.0,-54841.333333333336,0.006224465183195755,-0.04529083613894147,-0.08215518066948263,-0.03620256008587709,-0.02436027428963052,-0.017465939434150656
Alojamento e alimentação,2020-08-01,2020-09-01,0.0028438715191412413,-0.010475233962447697,-0.017433815895409623,-0.035991670763421676,0.010856800582420327,0.023619092736130283,-15937.0,1521398.0,38785.0,54722.0,-59445.833333333336,-0.04529083613894147,-0.08215518066948263,-0.03620256008587709,-0.02436027428963052,-0.017465939434150656,-0.010475233962447697
Alojamento e alimentação,2020-09-01,2020-10-01,0.016707891280446387,0.0028438715191412413,-0.008365767292485704,-0.02796921948707456,0.014544902119111065,0.027026948806943348,4339.0,1525737.0,55397.0,51058.0,-45160.333333333336,-0.08215518066948263,-0.03620256008587709,-0.02436027428963052,-0.017465939434150656,-0.010475233962447697,0.0028438715191412413
Alojamento e alimentação,2020-10-01,2020-11-01,0.022494454660510567,0.016707891280446387,0.0030255096123799775,-0.011492040828753054,0.010090154277989587,0.017386187568111108,25925.0,1551662.0,81084.0,55159.0,-18105.833333333332,-0.03620256008587709,-0.02436027428963052,-0.017465939434150656,-0.010475233962447697,0.0028438715191412413,0.016707891280446387
Alojamento e alimentação,2020-11-01,2020-12-01,0.0144342199293811,0.022494454660510567,0.01401540582003273,-0.0017092050376884469,0.010003264067888156,0.017242998414412916,35707.0,1587369.0,88563.0,52856.0,-2486.8333333333335,-0.02436027428963052,-0.017465939434150656,-0.010475233962447697,0.0028438715191412413,0.016707891280446387,0.022494454660510567
Alojamento e alimentação,2020-12-01,2021-01-01,0.002920756375612489,0.0144342199293811,0.017878855290112683,0.004756543998813491,0.007779253784223962,0.014609527334982768,23248.0,1610617.0,81095.0,57847.0,7738.5,-0.017465939434150656,-0.010475233962447697,0.0028438715191412413,0.016707891280446387,0.022494454660510567,0.0144342199293811
Alojamento e alimentação,2021-01-01,2021-02-01,0.010321159234178073,0.002920756375612489,0.01328314365516805,0.008154326633774014,0.003072501722888133,0.010961231066598225,4718.0,1615335.0,79572.0,74854.0,13000.0,-0.010475233962447697,0.0028438715191412413,0.016707891280446387,0.022494454660510567,0.0144342199293811,0.002920756375612489
Alojamento e alimentação,2021-02-01,2021-03-01,-0.019368985640482447,0.010321159234178073,0.00922537851305722,0.011620392166544974,-0.0003438628820127716,0.007146613333335453,16846.0,1632181.0,87386.0,70540.0,18463.833333333332,0.0028438715191412413,0.016707891280446387,0.022494454660510567,0.0144342199293811,0.002920756375612489,0.010321159234178073
Alojamento e alimentação,2021-03-01,2021-04-01,-0.01557967912064214,-0.019368985640482447,-0.002042356676897295,0.007918249306607693,-0.006526220983926008,0.013586289317281845,-31013.0,1601168.0,58066.0,89079.0,12571.833333333334,0.016707891280446387,0.022494454660510567,0.0144342199293811,0.002920756375612489,0.010321159234178073,-0.019368985640482447
Alojamento e alimentação,2021-04-01,2021-05-01,0.003817654852914137,-0.01557967912064214,-0.008209168508982172,0.002536987573092941,-0.008125139507336815,0.01532248082477545,-24563.0,1576605.0,43690.0,68253.0,4157.166666666667,0.022494454660510567,0.0144342199293811,0.002920756375612489,0.010321159234178073,-0.019368985640482447,-0.01557967912064214
Alojamento e alimentação,2021-05-01,2021-06-01,0.011419001978852266,0.003817654852914137,-0.010377003302736816,-0.0005758123948397982,-0.003950693621307405,0.012608680779842002,6042.0,1582647.0,65911.0,59869.0,-787.0,0.0144342199293811,0.002920756375612489,0.010321159234178073,-0.019368985640482447,-0.01557967912064214,0.003817654852914137
Alojamento e alimentação,2021-06-01,2021-07-01,0.017346064419821408,0.011419001978852266,-0.00011434076295857865,-0.0010783487199279367,0.0007648577540642112,0.01204804431560518,18281.0,1600928.0,76580.0,58299.0,-1614.8333333333333,0.002920756375612489,0.010321159234178073,-0.019368985640482447,-0.01557967912064214,0.003817654852914137,0.011419001978852266
Alojamento e alimentação,2021-07-01,2021-08-01,0.020283032767119465,0.017346064419821408,0.010860907083862606,0.0013258692874402163,0.004196737793136486,0.013902738360972805,28260.0,1629188.0,90393.0,62133.0,2308.8333333333335,0.010321159234178073,-0.019368985640482447,-0.01557967912064214,0.003817654852914137,0.011419001978852266,0.017346064419821408
Alojamento e alimentação,2021-08-01,2021-09-01,0.018723663394205402,0.020283032767119465,0.016349366388597714,0.0029861815429304494,0.00870396199386681,0.015392832687417674,33729.0,1662917.0,109908.0,76179.0,5122.666666666667,-0.019368985640482447,-0.01557967912064214,0.003817654852914137,0.011419001978852266,0.017346064419821408,0.020283032767119465
Alojamento e alimentação,2021-09-01,2021-10-01,0.01902219845002165,0.018723663394205402,0.018784253527048756,0.00933495638204509,0.006481140250223508,0.012434555161130754,31730.0,1694647.0,111105.0,79375.0,15579.833333333334,-0.01557967912064214,0.003817654852914137,0.011419001978852266,0.017346064419821408,0.020283032767119465,0.018723663394205402
Alojamento e alimentação,2021-10-01,2021-11-01,0.020644880391672202,0.01902219845002165,0.01934296487044884,0.015101935977155721,0.0028821048736827133,0.005791721780272517,32861.0,1727508.0,115681.0,82820.0,25150.5,0.003817654852914137,0.011419001978852266,0.017346064419821408,0.020283032767119465,0.018723663394205402,0.01902219845002165
Alojamento e alimentação,2021-11-01,2021-12-01,0.011270544065658052,0.020644880391672202,0.01946358074529975,0.017906473566948734,0.0014170978509081803,0.00309464302778826,36416.0,1763924.0,118262.0,81846.0,30212.833333333332,0.011419001978852266,0.017346064419821408,0.020283032767119465,0.018723663394205402,0.01902219845002165,0.020644880391672202
Alojamento e alimentação,2021-12-01,2022-01-01,0.0011237162927104575,0.011270544065658052,0.016979207635783967,0.01788173058141636,-0.0008283863954669245,0.003146572004165107,20107.0,1784031.0,110965.0,90858.0,30517.166666666668,0.017346064419821408,0.020283032767119465,0.018723663394205402,0.01902219845002165,0.020644880391672202,0.011270544065658052
Alojamento e alimentação,2022-01-01,2022-02-01,0.011314287422424974,0.0011237162927104575,0.011013046916680237,0.015178005893564538,-0.0033295216690296145,0.0070248230559207024,2007.0,1786038.0,101794.0,99787.0,26141.666666666668,0.020283032767119465,0.018723663394205402,0.01902219845002165,0.020644880391672202,0.011270544065658052,0.0011237162927104575
Alojamento e alimentação,2022-02-01,2022-03-01,0.0038880017292261273,0.011314287422424974,0.007902849260264494,0.013683215002782126,-0.0028604760759099964,0.006727424668269934,20439.0,1806477.0,118279.0,97840.0,23926.666666666668,0.018723663394205402,0.01902219845002165,0.020644880391672202,0.011270544065658052,0.0011237162927104575,0.011314287422424974
Alojamento e alimentação,2022-03-01,2022-04-01,0.010592794979006451,0.0038880017292261273,0.005442001814787187,0.011210604725285575,-0.00325170257956191,0.007134502196895471,7051.0,1813528.0,114721.0,107670.0,19813.5,0.01902219845002165,0.020644880391672202,0.011270544065658052,0.0011237162927104575,0.011314287422424974,0.0038880017292261273
Alojamento e alimentação,2022-04-01,2022-05-01,0.011501021965517427,0.010592794979006451,0.008598361376885851,0.009805704146783044,-0.0017776423697974289,0.006230635977897692,19416.0,1832944.0,117583.0,98167.0,17572.666666666668,0.020644880391672202,0.011270544065658052,0.0011237162927104575,0.011314287422424974,0.0038880017292261273,0.010592794979006451
Alojamento e alimentação,2022-05-01,2022-06-01,0.009485969226956006,0.011501021965517427,0.008660606224583334,0.008281727742423915,0.0006323811389996,0.004170856916089053,21326.0,1854270.0,121221.0,99895.0,15057.666666666666,0.011270544065658052,0.0011237162927104575,0.011314287422424974,0.0038880017292261273,0.010592794979006451,0.011501021965517427
Alojamento e alimentação,2022-06-01,2022-07-01,0.006597642508918996,0.009485969226956006,0.010526595390493295,0.00798429860264024,0.0014021789014367263,0.00400754859539698,17758.0,1872028.0,113188.0,95430.0,14666.166666666666,0.0011237162927104575,0.011314287422424974,0.0038880017292261273,0.010592794979006451,0.011501021965517427,0.009485969226956006
Alojamento e alimentação,2022-07-01,2022-08-01,0.008723623059948607,0.006597642508918996,0.009194877900464143,0.008896619638674998,-0.00016803128822369412,0.0027756056972906354,12433.0,1884461.0,113707.0,101274.0,16403.833333333332,0.011314287422424974,0.0038880017292261273,0.010592794979006451,0.011501021965517427,0.009485969226956006,0.006597642508918996
Alojamento e alimentação,2022-08-01,2022-09-01,0.009413733754847949,0.008723623059948607,0.008269078265274538,0.008464842244928937,0.00029078847156538884,0.0025589757690060648,16584.0,1901045.0,123685.0,107101.0,15761.333333333334,0.0038880017292261273,0.010592794979006451,0.011501021965517427,0.009485969226956006,0.006597642508918996,0.008723623059948607
Alojamento e alimentação,2022-09-01,2022-10-01,0.00754768305006035,0.009413733754847949,0.00824499977457185,0.009385797582532574,-0.0004890237015867426,0.0015359099098154019,18066.0,1919111.0,120619.0,102553.0,17597.166666666668,0.010592794979006451,0.011501021965517427,0.009485969226956006,0.006597642508918996,0.008723623059948607,0.009413733754847949
Alojamento e alimentação,2022-10-01,2022-11-01,0.010981614452297669,0.00754768305006035,0.008561679954952302,0.008878278927708223,-0.0005102120126451407,0.0015561965769056666,14595.0,1933706.0,116772.0,102177.0,16793.666666666668,0.011501021965517427,0.009485969226956006,0.006597642508918996,0.008723623059948607,0.009413733754847949,0.00754768305006035
Alojamento e alimentação,2022-11-01,2022-12-01,9.717695821799963e-06,0.010981614452297669,0.009314343752401989,0.008791711008838264,0.0003148130984294769,0.0014160250689280386,21471.0,1955177.0,118602.0,97131.0,16817.833333333332,0.009485969226956006,0.006597642508918996,0.008723623059948607,0.009413733754847949,0.00754768305006035,0.010981614452297669
Alojamento e alimentação,2022-12-01,2023-01-01,-0.0012043972790453307,9.717695821799963e-06,0.006179671732726606,0.0072123357536492275,-0.0008009057312350394,0.003504892220673298,19.0,1955196.0,102224.0,102205.0,13861.333333333334,0.006597642508918996,0.008723623059948607,0.009413733754847949,0.00754768305006035,0.010981614452297669,9.717695821799963e-06
Alojamento e alimentação,2023-01-01,2023-02-01,0.00785498182446318,-0.0012043972790453307,0.0032623116230247125,0.005911995788988507,-0.002126234813423165,0.004726236344202945,-2352.0,1952844.0,113539.0,115891.0,11397.166666666666,0.008723623059948607,0.009413733754847949,0.00754768305006035,0.010981614452297669,9.717695821799963e-06,-0.0012043972790453307
Alojamento e alimentação,2023-02-01,2023-03-01,0.005714738904172421,0.00785498182446318,0.0022201007470798832,0.005767222249740936,-0.001286339925591907,0.004650592264160812,15461.0,1968305.0,125257.0,109796.0,11210.0,0.009413733754847949,0.00754768305006035,0.010981614452297669,9.717695821799963e-06,-0.0012043972790453307,0.00785498182446318
Alojamento e alimentação,2023-03-01,2023-04-01,0.004610848416221337,0.005714738904172421,0.004121774483196758,0.0051507231079616815,-0.0005645352453660066,0.004362593487797353,11313.0,1979618.0,137023.0,125710.0,10084.5,0.00754768305006035,0.010981614452297669,9.717695821799963e-06,-0.0012043972790453307,0.00785498182446318,0.005714738904172421
Alojamento e alimentação,2023-04-01,2023-05-01,0.0026808629710942194,0.004610848416221337,0.006060189714952313,0.004661250668988513,-0.00016226821290917946,0.004228906078926742,9170.0,1988788.0,116169.0,106999.0,9180.333333333334,0.010981614452297669,9.717695821799963e-06,-0.0012043972790453307,0.00785498182446318,0.005714738904172421,0.004610848416221337
Alojamento e alimentação,2023-05-01,2023-06-01,0.006498676250935393,0.0026808629710942194,0.004335483430495992,0.0032777920887879374,0.000818892015482038,0.003156819891603014,5346.0,1994134.0,120181.0,114835.0,6492.833333333333,9.717695821799963e-06,-0.0012043972790453307,0.00785498182446318,0.005714738904172421,0.004610848416221337,0.0026808629710942194
Alojamento e alimentação,2023-06-01,2023-07-01,0.0046771562176127265,0.006498676250935393,0.0045967958794169836,0.00435928518130687,0.0006254034457670182,0.002957169019550543,13044.0,2007178.0,119324.0,106280.0,8663.666666666666,-0.0012043972790453307,0.00785498182446318,0.005714738904172421,0.004610848416221337,0.0026808629710942194,0.006498676250935393
Alojamento e alimentação,2023-07-01,2023-08-01,0.007144330643029145,0.0046771562176127265,0.00461889847988078,0.005339544097416546,-0.0004419228982597276,0.001625326935396561,9432.0,2016610.0,118412.0,108980.0,10627.666666666666,0.00785498182446318,0.005714738904172421,0.004610848416221337,0.0026808629710942194,0.006498676250935393,0.0046771562176127265
Alojamento e alimentação,2023-08-01,2023-09-01,0.008126917030925941,0.007144330643029145,0.006106721037192422,0.005221102233844206,0.00031899129652282726,0.0014546352663038506,14511.0,2031121.0,132243.0,117732.0,10469.333333333334,0.005714738904172421,0.004610848416221337,0.0026808629710942194,0.006498676250935393,0.0046771562176127265,0.007144330643029145
Alojamento e alimentação,2023-09-01,2023-10-01,0.005215450675467902,0.008126917030925941,0.006649467963855938,0.005623131921636461,0.0008328350301715752,0.0018223655780924633,16642.0,2047763.0,126437.0,109795.0,11357.5,0.004610848416221337,0.0026808629710942194,0.006498676250935393,0.0046771562176127265,0.007144330643029145,0.008126917030925941
Alojamento e alimentação,2023-10-01,2023-11-01,0.007188182905108172,0.005215450675467902,0.006828899449807663,0.005723898964844221,0.0005721381510644706,0.001779824894123889,10736.0,2058499.0,126067.0,115331.0,11618.5,0.0026808629710942194,0.006498676250935393,0.0046771562176127265,0.007144330643029145,0.008126917030925941,0.005215450675467902
Alojamento e alimentação,2023-11-01,2023-12-01,-0.0008940161260813758,0.007188182905108172,0.006843516870500672,0.006475118953846546,0.0001727143723521774,0.0011905692258786418,14904.0,2073403.0,124769.0,109865.0,13211.5,0.006498676250935393,0.0046771562176127265,0.007144330643029145,0.008126917030925941,0.005215450675467902,0.007188182905108172
Alojamento e alimentação,2023-12-01,2024-01-01,-0.002116413890254144,-0.0008940161260813758,0.0038365391514982327,0.005243003557677085,-0.000875307751076899,0.0029916460706654125,-1852.0,2071551.0,111576.0,113428.0,10728.833333333334,0.0046771562176127265,0.007144330643029145,0.008126917030925941,0.005215450675467902,0.007188182905108172,-0.0008940161260813758
Alojamento e alimentação,2024-01-01,2024-02-01,0.007614363067002651,-0.002116413890254144,0.001392584296257551,0.0041107418730326065,-0.002039822568794231,0.004079387619450167,-4375.0,2067176.0,123039.0,127414.0,8427.666666666666,0.007144330643029145,0.008126917030925941,0.005215450675467902,0.007188182905108172,-0.0008940161260813758,-0.002116413890254144
Alojamento e alimentação,2024-02-01,2024-03-01,0.0034822486169555225,0.007614363067002651,0.001534644350222377,0.004189080610361526,-0.0009325875013706325,0.00414093988922662,15861.0,2083037.0,141464.0,125603.0,8652.666666666666,0.008126917030925941,0.005215450675467902,0.007188182905108172,-0.0008940161260813758,-0.002116413890254144,0.007614363067002651
Alojamento e alimentação,2024-03-01,2024-04-01,0.004482011232888847,0.0034822486169555225,0.0029933992645680093,0.003414969208033121,-0.00024599621631574945,0.0037479297398612535,7279.0,2090316.0,139905.0,132626.0,7092.166666666667,0.005215450675467902,0.007188182905108172,-0.0008940161260813758,-0.002116413890254144,0.007614363067002651,0.0034822486169555225
Alojamento e alimentação,2024-04-01,2024-05-01,0.00039608504212450117,0.004482011232888847,0.005192874305615674,0.0032927293009366123,0.00026653465215059613,0.0036988523807736412,9411.0,2099727.0,135924.0,126513.0,6871.333333333333,0.007188182905108172,-0.0008940161260813758,-0.002116413890254144,0.007614363067002651,0.0034822486169555225,0.004482011232888847
Alojamento e alimentação,2024-05-01,2024-06-01,0.003942390082285657,0.00039608504212450117,0.00278678163065629,0.002160712990439334,0.0006318190502974636,0.0033569896540649267,832.0,2100559.0,127622.0,126790.0,4526.0,-0.0008940161260813758,-0.002116413890254144,0.007614363067002651,0.0034822486169555225,0.004482011232888847,0.00039608504212450117
Alojamento e alimentação,2024-06-01,2024-07-01,0.0038977386786325794,0.003942390082285657,0.0029401621190996686,0.002966780691833839,0.00027539852582851045,0.0030973324456671798,8314.0,2108873.0,124837.0,116523.0,6220.333333333333,-0.002116413890254144,0.007614363067002651,0.0034822486169555225,0.004482011232888847,0.00039608504212450117,0.003942390082285657
Alojamento e alimentação,2024-07-01,2024-08-01,0.006468600958558062,0.0038977386786325794,0.0027454046010142456,0.00396913945331496,-0.0006082463924749793,0.0021039758699267336,8252.0,2117125.0,132828.0,124576.0,8324.833333333334,0.007614363067002651,0.0034822486169555225,0.004482011232888847,0.00039608504212450117,0.003942390082285657,0.0038977386786325794
Alojamento e alimentação,2024-08-01,2024-09-01,0.005893516432148286,0.006468600958558062,0.0047695765731587654,0.0037781791019075276,0.0004778642595830012,0.001793559972742831,13784.0,2130909.0,139789.0,126005.0,7978.666666666667,0.0034822486169555225,0.004482011232888847,0.00039608504212450117,0.003942390082285657,0.0038977386786325794,0.006468600958558062
Alojamento e alimentação,2024-09-01,2024-10-01,0.003229037529191076,0.005893516432148286,0.0054199520231129755,0.004180057071106322,0.0007208692097698511,0.0019459010770922932,12633.0,2143542.0,137010.0,124377.0,8871.0,0.004482011232888847,0.00039608504212450117,0.003942390082285657,0.0038977386786325794,0.006468600958558062,0.005893516432148286
Alojamento e alimentação,2024-10-01,2024-11-01,0.008023506836171744,0.003229037529191076,0.005197051639965808,0.003971228120490027,0.0006454001075670353,0.0019693819115214617,6944.0,2150486.0,143025.0,136081.0,8459.833333333334,0.00039608504212450117,0.003942390082285657,0.0038977386786325794,0.006468600958558062,0.005893516432148286,0.003229037529191076
Alojamento e alimentação,2024-11-01,2024-12-01,-0.006161689108532241,0.008023506836171744,0.005715353599170368,0.005242465086164567,0.0005092684512770328,0.0016938046375918143,17394.0,2167880.0,135381.0,117987.0,11220.166666666666,0.003942390082285657,0.0038977386786325794,0.006468600958558062,0.005893516432148286,0.003229037529191076,0.008023506836171744
Alojamento e alimentação,2024-12-01,2025-01-01,-0.004790771573978085,-0.006161689108532241,0.0016969517522768594,0.003558451887694918,-0.0013799114344554358,0.004628948405900909,-13276.0,2154604.0,112415.0,125691.0,7621.833333333333,0.0038977386786325794,0.006468600958558062,0.005893516432148286,0.003229037529191076,0.008023506836171744,-0.006161689108532241
Alojamento e alimentação,2025-01-01,2025-02-01,0.012586201180293084,-0.004790771573978085,-0.0009763179487795271,0.0021103668455931405,-0.0025048002850783326,0.005561410121219979,-10273.0,2144331.0,131393.0,141666.0,4534.333333333333,0.006468600958558062,0.005893516432148286,0.003229037529191076,0.008023506836171744,-0.006161689108532241,-0.004790771573978085
Alojamento e alimentação,2025-02-01,2025-03-01,-0.004047789342963574,0.012586201180293084,0.0005445801659275858,0.0031299668825489776,-0.00013660570038535706,0.006709285732363185,27333.0,2171664.0,160720.0,133387.0,6792.5,0.005893516432148286,0.003229037529191076,0.008023506836171744,-0.006161689108532241,-0.004790771573978085,0.012586201180293084
Alojamento e alimentação,2025-03-01,2025-04-01,0.007093406464768696,-0.004047789342963574,0.001249213421117142,0.0014730825866970006,-0.0006092895369672869,0.007041525345308138,-8755.0,2162909.0,135904.0,144659.0,3227.8333333333335,0.003229037529191076,0.008023506836171744,-0.006161689108532241,-0.004790771573978085,0.012586201180293084,-0.004047789342963574
Alojamento e alimentação,2025-04-01,2025-05-01,0.0024947236685992228,0.007093406464768696,0.005210606100699402,0.0021171440759599376,0.0005448048626846263,0.007342958607336524,15452.0,2178361.0,140881.0,125429.0,4645.833333333333,0.008023506836171744,-0.006161689108532241,-0.004790771573978085,0.012586201180293084,-0.004047789342963574,0.007093406464768696
Alojamento e alimentação,2025-05-01,2025-06-01,0.003363031209696337,0.0024947236685992228,0.0018467802634681149,0.0011956802146978504,0.0017800173565325997,0.006876010447711593,5448.0,2183809.0,138567.0,133119.0,2654.8333333333335,-0.006161689108532241,-0.004790771573978085,0.012586201180293084,-0.004047789342963574,0.007093406464768696,0.0024947236685992228
Alojamento e alimentação,2025-06-01,2025-07-01,0.0020253914033589527,0.003363031209696337,0.004317053781021418,0.00278313360106928,0.0006181650626006507,0.006043227552612578,7369.0,2191178.0,129243.0,121874.0,6095.666666666667,-0.004790771573978085,0.012586201180293084,-0.004047789342963574,0.007093406464768696,0.0024947236685992228,0.003363031209696337
Alojamento e alimentação,2025-07-01,2025-08-01,0.005194622783846603,0.0020253914033589527,0.002627715427218171,0.003919160763958786,-0.001004864857796011,0.005075929846911136,4447.0,2195625.0,137986.0,133539.0,8549.0,0.012586201180293084,-0.004047789342963574,0.007093406464768696,0.0024947236685992228,0.003363031209696337,0.0020253914033589527
Alojamento e alimentação,2025-08-01,2025-09-01,0.006914866332682103,0.005194622783846603,0.0035276817989672977,0.002687231031217706,0.0009107520854548215,0.003463949851732722,11465.0,2207090.0,144477.0,133012.0,5904.333333333333,-0.004047789342963574,0.007093406464768696,0.0024947236685992228,0.003363031209696337,0.0020253914033589527,0.005194622783846603
Alojamento e alimentação,2025-09-01,2025-10-01,0.004617140973509551,0.006914866332682103,0.0047116268399625535,0.004514340310491986,0.00016769591082776555,0.002019741004147349,15368.0,2222458.0,147115.0,131747.0,9924.833333333334,0.007093406464768696,0.0024947236685992228,0.003363031209696337,0.0020253914033589527,0.005194622783846603,0.006914866332682103
Alojamento e alimentação,2025-10-01,2025-11-01,0.006360755832065009,0.004617140973509551,0.0055755433633460855,0.004101629395282128,0.0006981949506856168,0.0016739736305164175,10309.0,2232767.0,148816.0,138507.0,9067.666666666666,0.0024947236685992228,0.003363031209696337,0.0020253914033589527,0.005194622783846603,0.006914866332682103,0.004617140973509551
Alojamento e alimentação,2025-11-01,2025-12-01,-0.009208031828255588,0.006360755832065009,0.005964254379418887,0.004745968089193093,0.0006995461534608754,0.0016754898996057623,14293.0,2247060.0,134454.0,120161.0,10541.833333333334,0.003363031209696337,0.0020253914033589527,0.005194622783846603,0.006914866332682103,0.004617140973509551,0.006360755832065009
Alojamento e alimentação,2025-12-01,2026-01-01,-0.003458789964370948,-0.009208031828255588,0.0005899549924396572,0.002650790916201106,-0.0015704697820739999,0.005527304849385019,-20691.0,,114003.0,134694.0,5865.166666666667,0.0020253914033589527,0.005194622783846603,0.006914866332682103,0.004617140973509551,0.006360755832065009,-0.009208031828255588
Alojamento e alimentação,2026-01-01,2026-02-01,0.007568387222307955,-0.003458789964370948,-0.002102021986853842,0.001736760688246122,-0.0025683469532955822,0.005989292387643506,-7674.0,2218695.0,134389.0,142063.0,3845.0,0.005194622783846603,0.006914866332682103,0.004617140973509551,0.006360755832065009,-0.009208031828255588,-0.003458789964370948
Alojamento e alimentação,2026-02-01,2026-03-01,0.0044269659719018365,0.007568387222307955,-0.0016994781901061935,0.0021323880946563472,-0.0010436850293095092,0.0062761675052066725,16920.0,2235615.0,155612.0,138692.0,4754.166666666667,0.006914866332682103,0.004617140973509551,0.006360755832065009,-0.009208031828255588,-0.003458789964370948,0.007568387222307955
Alojamento e alimentação,2026-03-01,2026-04-01,0.001897480915182292,0.0044269659719018365,0.0028455210766129475,0.0017177380345263025,0.0002406074579021404,0.006023607070294789,9941.0,2245556.0,159297.0,149356.0,3849.6666666666665,0.004617140973509551,0.006360755832065009,-0.009208031828255588,-0.003458789964370948,0.007568387222307955,0.0044269659719018365
Alojamento e alimentação,2026-04-01,2026-05-01,0.001267822652208635,0.001897480915182292,0.004630944703130694,0.0012644613581384262,0.0008461656000782164,0.0058892000652642496,4269.0,2249825.0,143846.0,139577.0,2843.0,0.006360755832065009,-0.009208031828255588,-0.003458789964370948,0.007568387222307955,0.0044269659719018365,0.001897480915182292
Alojamento e alimentação,2026-05-01,2026-06-01,0.0029168700877406917,0.001267822652208635,0.0025307565130975877,0.0004156391614956972,0.001865904679730706,0.005443663956939503,2856.0,2252681.0,140329.0,137473.0,936.8333333333334,-0.009208031828255588,-0.003458789964370948,0.007568387222307955,0.0044269659719018365,0.001897480915182292,0.001267822652208635
"Artes, Cultura, Esporte e Recreação",2020-07-01,2020-08-01,-0.007920027043994785,-0.012422630792617856,-0.018626018794066942,-0.021838528203644136,-0.0014407654898010418,0.01965461651463443,-2852.0,229581.0,2114.0,4966.0,-5247.666666666667,0.00560299842308542,-0.02065110058858747,-0.060105010674161935,-0.02400465913215223,-0.019450766457430744,-0.012422630792617856
"Artes, Cultura, Esporte e Recreação",2020-08-01,2020-09-01,0.0017880228761750334,-0.007920027043994785,-0.013264474764681128,-0.024092365781490835,0.006035897144066203,0.016970721306541516,-1804.0,227777.0,3393.0,5197.0,-5793.5,-0.02065110058858747,-0.060105010674161935,-0.02400465913215223,-0.019450766457430744,-0.012422630792617856,-0.007920027043994785
"Artes, Cultura, Esporte e Recreação",2020-09-01,2020-10-01,0.012267389262355044,0.0017880228761750334,-0.0061848783201458694,-0.020352511870697084,0.010421348562313429,0.01958768940468004,408.0,228185.0,5392.0,4984.0,-4840.166666666667,-0.060105010674161935,-0.02400465913215223,-0.019450766457430744,-0.012422630792617856,-0.007920027043994785,0.0017880228761750334
"Artes, Cultura, Esporte e Recreação",2020-10-01,2020-11-01,0.011488891931674254,0.012267389262355044,0.0020451283648450975,-0.008290445214610922,0.007130834677770762,0.012334920172696136,2834.0,231019.0,7955.0,5121.0,-1937.1666666666667,-0.02400465913215223,-0.019450766457430744,-0.012422630792617856,-0.007920027043994785,0.0017880228761750334,0.012267389262355044
"Artes, Cultura, Esporte e Recreação",2020-11-01,2020-12-01,-0.00365466624866332,0.011488891931674254,0.008514768023401445,-0.002374853370639841,0.006813611486588957,0.011882913725977462,2685.0,233704.0,7726.0,5041.0,-541.6666666666666,-0.019450766457430744,-0.012422630792617856,-0.007920027043994785,0.0017880228761750334,0.012267389262355044,0.011488891931674254
"Artes, Cultura, Esporte e Recreação",2020-12-01,2021-01-01,-0.0005285094315300992,-0.00365466624866332,0.0067005383151219925,0.0002578299974880617,0.0032155984580845656,0.009270803764762034,-851.0,232853.0,5947.0,6798.0,70.0,-0.012422630792617856,-0.007920027043994785,0.0017880228761750334,0.012267389262355044,0.011488891931674254,-0.00365466624866332
"Artes, Cultura, Esporte e Recreação",2021-01-01,2021-02-01,0.008440166843479854,-0.0005285094315300992,0.002435238750493612,0.002240183557669355,0.0005671720959179303,0.007437883936210061,-123.0,232730.0,7233.0,7356.0,524.8333333333334,-0.007920027043994785,0.0017880228761750334,0.012267389262355044,0.011488891931674254,-0.00365466624866332,-0.0005285094315300992
"Artes, Cultura, Esporte e Recreação",2021-02-01,2021-03-01,-0.010126614964838741,0.008440166843479854,0.001418997054428812,0.0049668825389151275,-0.0005791581264419688,0.0060900642300853545,1981.0,234711.0,8834.0,6853.0,1155.6666666666667,0.0017880228761750334,0.012267389262355044,0.011488891931674254,-0.00365466624866332,-0.0005285094315300992,0.008440166843479854
"Artes, Cultura, Esporte e Recreação",2021-03-01,2021-04-01,-0.007920809258584492,-0.010126614964838741,-0.0007383191842963288,0.0029811095654128316,-0.0033711439880976823,0.008332487086559311,-2353.0,232358.0,5693.0,8046.0,695.5,0.012267389262355044,0.011488891931674254,-0.00365466624866332,-0.0005285094315300992,0.008440166843479854,-0.010126614964838741
"Artes, Cultura, Esporte e Recreação",2021-04-01,2021-05-01,0.0027943835486075666,-0.007920809258584492,-0.0032024191266477927,-0.00038359018807709026,-0.0030713050235660006,0.007971529162530456,-1826.0,230532.0,4810.0,6636.0,-81.16666666666667,0.011488891931674254,-0.00365466624866332,-0.0005285094315300992,0.008440166843479854,-0.010126614964838741,-0.007920809258584492
"Artes, Cultura, Esporte e Recreação",2021-05-01,2021-06-01,0.006083588070148285,0.0027943835486075666,-0.005084346891605221,-0.001832674918588205,-0.00024281235151792424,0.006295716390060791,646.0,231178.0,7547.0,6901.0,-421.0,-0.00365466624866332,-0.0005285094315300992,0.008440166843479854,-0.010126614964838741,-0.007920809258584492,0.0027943835486075666
"Artes, Cultura, Esporte e Recreação",2021-06-01,2021-07-01,0.01086549747393131,0.006083588070148285,0.00031905412005711994,-0.00020963253211960442,0.000523684095143694,0.0068478492603494204,1415.0,232593.0,7788.0,6373.0,-43.333333333333336,-0.0005285094315300992,0.008440166843479854,-0.010126614964838741,-0.007920809258584492,0.0027943835486075666,0.006083588070148285
"Artes, Cultura, Esporte e Recreação",2021-07-01,2021-08-01,0.018675168911164622,0.01086549747393131,0.006581156364229054,0.0016893686187906306,0.0020420701446974407,0.00798204053800165,2555.0,235148.0,8644.0,6089.0,403.0,0.008440166843479854,-0.010126614964838741,-0.007920809258584492,0.0027943835486075666,0.006083588070148285,0.01086549747393131
"Artes, Cultura, Esporte e Recreação",2021-08-01,2021-09-01,0.016022995585668824,0.018675168911164622,0.011874751485081407,0.0033952022967380924,0.005818772688545855,0.010064481693748868,4475.0,239623.0,11393.0,6918.0,818.6666666666666,-0.010126614964838741,-0.007920809258584492,0.0027943835486075666,0.006083588070148285,0.01086549747393131,0.018675168911164622
"Artes, Cultura, Esporte e Recreação",2021-09-01,2021-10-01,0.01439204147627701,0.016022995585668824,0.015187887323588252,0.007753470721822686,0.004918379706077735,0.00885454073611187,3902.0,243525.0,11586.0,7684.0,1861.1666666666667,-0.007920809258584492,0.0027943835486075666,0.006083588070148285,0.01086549747393131,0.018675168911164622,0.016022995585668824
"Artes, Cultura, Esporte e Recreação",2021-10-01,2021-11-01,0.010115942725735759,0.01439204147627701,0.016363401991036818,0.011472279177632936,0.0027318909606326327,0.0055651849423664764,3556.0,247081.0,11202.0,7646.0,2758.1666666666665,0.0027943835486075666,0.006083588070148285,0.01086549747393131,0.018675168911164622,0.016022995585668824,0.01439204147627701
"Artes, Cultura, Esporte e Recreação",2021-11-01,2021-12-01,0.003242578408900319,0.010115942725735759,0.013510326595893865,0.012692539040487635,0.0008025494845565332,0.0041518524355918076,2525.0,249606.0,11003.0,8478.0,3071.3333333333335,0.006083588070148285,0.01086549747393131,0.018675168911164622,0.016022995585668824,0.01439204147627701,0.010115942725735759
"Artes, Cultura, Esporte e Recreação",2021-12-01,2022-01-01,0.0112333818994484,0.003242578408900319,0.00925018753697103,0.01221903743027964,-0.001869235085452382,0.004961612174864152,812.0,250418.0,10035.0,9223.0,2970.8333333333335,0.01086549747393131,0.018675168911164622,0.016022995585668824,0.01439204147627701,0.010115942725735759,0.003242578408900319
"Artes, Cultura, Esporte e Recreação",2022-01-01,2022-02-01,0.01136337020931086,0.0112333818994484,0.008197301011361492,0.012280351501199155,-0.002280751009697939,0.004946757560308765,2845.0,253263.0,11750.0,8905.0,3019.1666666666665,0.018675168911164622,0.016022995585668824,0.01439204147627701,0.010115942725735759,0.003242578408900319,0.0112333818994484
"Artes, Cultura, Esporte e Recreação",2022-02-01,2022-03-01,0.004507760342589786,0.01136337020931086,0.008613110172553192,0.011061718384223528,-0.0011327848551174592,0.004038548152966377,2911.0,256174.0,12227.0,9316.0,2758.5,0.016022995585668824,0.01439204147627701,0.010115942725735759,0.003242578408900319,0.0112333818994484,0.01136337020931086
"Artes, Cultura, Esporte e Recreação",2022-03-01,2022-04-01,0.012460616852341498,0.004507760342589786,0.009034837483783016,0.009142512510377022,-0.0010768091350617922,0.003960202320749997,1160.0,257334.0,12337.0,11177.0,2301.5,0.01439204147627701,0.010115942725735759,0.003242578408900319,0.0112333818994484,0.01136337020931086,0.004507760342589786
"Artes, Cultura, Esporte e Recreação",2022-04-01,2022-05-01,0.009337089458897418,0.012460616852341498,0.009443915801414049,0.00882060840638777,0.0004471115641131299,0.003580729513078579,3247.0,260581.0,13116.0,9869.0,2250.0,0.010115942725735759,0.003242578408900319,0.0112333818994484,0.01136337020931086,0.004507760342589786,0.012460616852341498
"Artes, Cultura, Esporte e Recreação",2022-05-01,2022-06-01,0.007841850359842485,0.009337089458897418,0.00876848888460957,0.00869079952858138,0.0007799614354841065,0.0035453608816115455,2456.0,263037.0,11762.0,9306.0,2238.5,0.003242578408900319,0.0112333818994484,0.01136337020931086,0.004507760342589786,0.012460616852341498,0.009337089458897418
"Artes, Cultura, Esporte e Recreação",2022-06-01,2022-07-01,0.008456224731371809,0.007841850359842485,0.009879852223693801,0.009457344853738408,-0.000430961241129091,0.0026748692676531417,2079.0,265116.0,11288.0,9209.0,2449.6666666666665,0.0112333818994484,0.01136337020931086,0.004507760342589786,0.012460616852341498,0.009337089458897418,0.007841850359842485
"Artes, Cultura, Esporte e Recreação",2022-07-01,2022-08-01,0.013066732615524311,0.008456224731371809,0.008545054850037237,0.008994485325725643,-0.00021877099232517846,0.002565542627783687,2261.0,267377.0,11858.0,9597.0,2352.3333333333335,0.01136337020931086,0.004507760342589786,0.012460616852341498,0.009337089458897418,0.007841850359842485,0.008456224731371809
"Artes, Cultura, Esporte e Recreação",2022-08-01,2022-09-01,0.009212393393700903,0.013066732615524311,0.009788269235579536,0.009278379060094552,0.0008367555972202459,0.0028861757376894047,3540.0,270917.0,13878.0,10338.0,2457.1666666666665,0.004507760342589786,0.012460616852341498,0.009337089458897418,0.007841850359842485,0.008456224731371809,0.013066732615524311
"Artes, Cultura, Esporte e Recreação",2022-09-01,2022-10-01,0.006030643959359494,0.009212393393700903,0.01024511691353234,0.010062484568613072,-0.00012679467005122718,0.0019806011209727026,2519.0,273436.0,12824.0,10305.0,2683.6666666666665,0.012460616852341498,0.009337089458897418,0.007841850359842485,0.008456224731371809,0.013066732615524311,0.009212393393700903
"Artes, Cultura, Esporte e Recreação",2022-10-01,2022-11-01,0.00618481469037994,0.006030643959359494,0.009436589989528236,0.008990822419782737,-0.00022314544319891044,0.002127229280979595,1659.0,275095.0,11072.0,9413.0,2419.0,0.009337089458897418,0.007841850359842485,0.008456224731371809,0.013066732615524311,0.009212393393700903,0.006030643959359494
"Artes, Cultura, Esporte e Recreação",2022-11-01,2022-12-01,-0.0002529477446095029,0.00618481469037994,0.007142617347813446,0.008465443291696491,-0.0005547502824335169,0.002354013085097475,1712.0,276807.0,10878.0,9166.0,2295.0,0.007841850359842485,0.008456224731371809,0.013066732615524311,0.009212393393700903,0.006030643959359494,0.00618481469037994
"Artes, Cultura, Esporte e Recreação",2022-12-01,2023-01-01,0.01132165798518074,-0.0002529477446095029,0.00398750363504331,0.007116310274287826,-0.0019249533025623158,0.004040395614997991,-70.0,276737.0,10164.0,10234.0,1936.8333333333333,0.008456224731371809,0.013066732615524311,0.009212393393700903,0.006030643959359494,0.00618481469037994,-0.0002529477446095029
"Artes, Cultura, Esporte e Recreação",2023-01-01,2023-02-01,0.008799855519474771,0.01132165798518074,0.005751174976983725,0.007593882483255981,-0.0010562064524465328,0.004329547853273427,3169.0,279906.0,13762.0,10593.0,2088.1666666666665,0.013066732615524311,0.009212393393700903,0.006030643959359494,0.00618481469037994,-0.0002529477446095029,0.01132165798518074
"Artes, Cultura, Esporte e Recreação",2023-02-01,2023-03-01,0.004642096803755974,0.008799855519474771,0.00662285525334867,0.006882736300581058,0.00021064543632410385,0.0036728239979096425,2485.0,282391.0,12951.0,10466.0,1912.3333333333333,0.009212393393700903,0.006030643959359494,0.00618481469037994,-0.0002529477446095029,0.01132165798518074,0.008799855519474771
"Artes, Cultura, Esporte e Recreação",2023-03-01,2023-04-01,0.009081129413079621,0.004642096803755974,0.008254536769470496,0.0061210202022569035,0.0003564854982587751,0.0035835204156029242,1317.0,283708.0,14049.0,12732.0,1712.0,0.006030643959359494,0.00618481469037994,-0.0002529477446095029,0.01132165798518074,0.008799855519474771,0.004642096803755974
"Artes, Cultura, Esporte e Recreação",2023-04-01,2023-05-01,0.008086141309996466,0.009081129413079621,0.0075076939121034554,0.00662943444454359,0.0007612829940825386,0.0037472852359722877,2600.0,286308.0,13142.0,10542.0,1868.8333333333333,0.00618481469037994,-0.0002529477446095029,0.01132165798518074,0.008799855519474771,0.004642096803755974,0.009081129413079621
"Artes, Cultura, Esporte e Recreação",2023-05-01,2023-06-01,0.00832460103413327,0.008086141309996466,0.007269789175610687,0.006946322214479678,0.0008804600240287905,0.003776565477875144,2334.0,288642.0,12945.0,10611.0,1972.5,-0.0002529477446095029,0.01132165798518074,0.008799855519474771,0.004642096803755974,0.009081129413079621,0.008086141309996466
"Artes, Cultura, Esporte e Recreação",2023-06-01,2023-07-01,0.00625815130181838,0.00832460103413327,0.008497290585736452,0.008375913677603474,-0.0003624969935528175,0.001974101268270072,2423.0,291065.0,12378.0,9955.0,2388.0,0.01132165798518074,0.008799855519474771,0.004642096803755974,0.009081129413079621,0.008086141309996466,0.00832460103413327
"Artes, Cultura, Esporte e Recreação",2023-07-01,2023-08-01,0.007485420542379544,0.00625815130181838,0.007556297881982706,0.007531995897043081,-7.588561429237739e-05,0.001576746626068174,1833.0,292898.0,12313.0,10480.0,2165.3333333333335,0.008799855519474771,0.004642096803755974,0.009081129413079621,0.008086141309996466,0.00832460103413327,0.00625815130181838
"Artes, Cultura, Esporte e Recreação",2023-08-01,2023-09-01,0.007770208931537432,0.007485420542379544,0.007356057626110398,0.0073129234008605425,0.00017103268809916922,0.001473291339533797,2209.0,295107.0,14404.0,12195.0,2119.3333333333335,0.004642096803755974,0.009081129413079621,0.008086141309996466,0.00832460103413327,0.00625815130181838,0.007485420542379544
"Artes, Cultura, Esporte e Recreação",2023-09-01,2023-10-01,0.007047731605286967,0.007770208931537432,0.007171260258578452,0.007834275422157451,-0.00029780612693933146,0.0008629862871616957,2311.0,297418.0,13204.0,10893.0,2285.0,0.009081129413079621,0.008086141309996466,0.00832460103413327,0.00625815130181838,0.007485420542379544,0.007770208931537432
"Artes, Cultura, Esporte e Recreação",2023-10-01,2023-11-01,0.005910855929109555,0.007047731605286967,0.007434453693067981,0.007495375787525343,-0.00016079873116496733,0.0006883991717541456,2111.0,299529.0,12903.0,10792.0,2203.5,0.008086141309996466,0.00832460103413327,0.00625815130181838,0.007485420542379544,0.007770208931537432,0.007047731605286967
"Artes, Cultura, Esporte e Recreação",2023-11-01,2023-12-01,0.001120511324457646,0.005910855929109555,0.006909598821977985,0.00713282822404419,-0.0002690056064444267,0.0008382934433008778,1781.0,301310.0,12458.0,10677.0,2111.3333333333335,0.00832460103413327,0.00625815130181838,0.007485420542379544,0.007770208931537432,0.007047731605286967,0.005910855929109555
"Artes, Cultura, Esporte e Recreação",2023-12-01,2024-01-01,0.014563582549835677,0.001120511324457646,0.004693032952951389,0.00593214660576492,-0.0008895534586532604,0.0022470065035446393,338.0,301648.0,11650.0,11312.0,1763.8333333333333,0.00625815130181838,0.007485420542379544,0.007770208931537432,0.007047731605286967,0.005910855929109555,0.001120511324457646
"Artes, Cultura, Esporte e Recreação",2024-01-01,2024-02-01,0.008120228636605187,0.014563582549835677,0.007198316601134292,0.007316385147101138,0.00040870975828182534,0.003941085694760084,4458.0,306106.0,16345.0,11887.0,2201.3333333333335,0.007485420542379544,0.007770208931537432,0.007047731605286967,0.005910855929109555,0.001120511324457646,0.014563582549835677
"Artes, Cultura, Esporte e Recreação",2024-02-01,2024-03-01,0.006080515297906602,0.008120228636605187,0.007934774170299502,0.0074221864961387446,0.0005573516215523714,0.003952707227514401,2506.0,308612.0,15435.0,12929.0,2250.8333333333335,0.007770208931537432,0.007047731605286967,0.005910855929109555,0.001120511324457646,0.014563582549835677,0.008120228636605187
"Artes, Cultura, Esporte e Recreação",2024-03-01,2024-04-01,0.011678427852525233,0.006080515297906602,0.009588108828115822,0.007140570890533607,0.0004352887945989461,0.003977991211054692,1888.0,310500.0,15878.0,13990.0,2180.3333333333335,0.007047731605286967,0.005910855929109555,0.001120511324457646,0.014563582549835677,0.008120228636605187,0.006080515297906602
"Artes, Cultura, Esporte e Recreação",2024-04-01,2024-05-01,0.005306400291282116,0.011678427852525233,0.008626390595679007,0.00791235359840665,0.001064986217834136,0.004319647359004937,3669.0,314169.0,16678.0,13009.0,2440.0,0.005910855929109555,0.001120511324457646,0.014563582549835677,0.008120228636605187,0.006080515297906602,0.011678427852525233
"Artes, Cultura, Esporte e Recreação",2024-05-01,2024-06-01,0.00878098687245601,0.005306400291282116,0.00768844781390465,0.007811610992102075,0.0002924076400997833,0.004371884130808884,1676.0,315845.0,14117.0,12441.0,2422.5,0.001120511324457646,0.014563582549835677,0.008120228636605187,0.006080515297906602,0.011678427852525233,0.005306400291282116
"Artes, Cultura, Esporte e Recreação",2024-06-01,2024-07-01,0.003000607004962422,0.00878098687245601,0.00858860500542112,0.009088356916768469,-0.0009073300248071116,0.003190313960972556,2798.0,318643.0,14129.0,11331.0,2832.5,0.014563582549835677,0.008120228636605187,0.006080515297906602,0.011678427852525233,0.005306400291282116,0.00878098687245601
"Artes, Cultura, Esporte e Recreação",2024-07-01,2024-08-01,0.008669435509635635,0.003000607004962422,0.005695998056233516,0.007161194325956261,-0.0006819634570231063,0.002764883613120107,959.0,319602.0,14473.0,13514.0,2249.3333333333335,0.008120228636605187,0.006080515297906602,0.011678427852525233,0.005306400291282116,0.00878098687245601,0.003000607004962422
"Artes, Cultura, Esporte e Recreação",2024-08-01,2024-09-01,0.009292577922137784,0.008669435509635635,0.006817009795684688,0.007252728804794669,-0.0002746935686534105,0.0028039335958271183,2795.0,322397.0,16135.0,13340.0,2297.5,0.006080515297906602,0.011678427852525233,0.005306400291282116,0.00878098687245601,0.003000607004962422,0.008669435509635635
"Artes, Cultura, Esporte e Recreação",2024-09-01,2024-10-01,0.006050665542666202,0.009292577922137784,0.006987540145578615,0.0077880725754998666,-0.0002177292532677223,0.0028354777333412877,3024.0,325421.0,15547.0,12523.0,2486.8333333333335,0.011678427852525233,0.005306400291282116,0.00878098687245601,0.003000607004962422,0.008669435509635635,0.009292577922137784
"Artes, Cultura, Esporte e Recreação",2024-10-01,2024-11-01,0.00699105569490487,0.006050665542666202,0.008004226324813207,0.006850112190523362,0.0003121407974468275,0.002267329735290488,1981.0,327402.0,15200.0,13219.0,2205.5,0.005306400291282116,0.00878098687245601,0.003000607004962422,0.008669435509635635,0.009292577922137784,0.006050665542666202
"Artes, Cultura, Esporte e Recreação",2024-11-01,2024-12-01,-0.0002730441694451439,0.00699105569490487,0.0074447663865696186,0.007130888091127154,2.3533203938793712e-05,0.002160575262000212,2305.0,329707.0,14071.0,11766.0,2310.3333333333335,0.00878098687245601,0.003000607004962422,0.008669435509635635,0.009292577922137784,0.006050665542666202,0.00699105569490487
"Artes, Cultura, Esporte e Recreação",2024-12-01,2025-01-01,0.012078634005400917,-0.0002730441694451439,0.00425622568937531,0.0056218829174769615,-0.0007041516484486198,0.0033276948984491167,-90.0,329617.0,12819.0,12909.0,1829.0,0.003000607004962422,0.008669435509635635,0.009292577922137784,0.006050665542666202,0.00699105569490487,-0.0002730441694451439
"Artes, Cultura, Esporte e Recreação",2025-01-01,2025-02-01,0.014231941949513095,0.012078634005400917,0.0062655485102868815,0.0071348874175500435,-0.00030601381839096296,0.003819353599790928,4030.0,333647.0,18578.0,14548.0,2340.8333333333335,0.008669435509635635,0.009292577922137784,0.006050665542666202,0.00699105569490487,-0.0002730441694451439,0.012078634005400917
"Artes, Cultura, Esporte e Recreação",2025-02-01,2025-03-01,0.0019049865825248443,0.014231941949513095,0.008679177261822955,0.008061971824196287,0.0010147607331637337,0.004661566326923987,4817.0,338464.0,19338.0,14521.0,2677.8333333333335,0.009292577922137784,0.006050665542666202,0.00699105569490487,-0.0002730441694451439,0.012078634005400917,0.014231941949513095
"Artes, Cultura, Esporte e Recreação",2025-03-01,2025-04-01,0.012768707641428139,0.0019049865825248443,0.009405187512479618,0.006830706600927464,0.0003813126325132556,0.005126389166517881,646.0,339110.0,17080.0,16434.0,2281.5,0.006050665542666202,0.00699105569490487,-0.0002730441694451439,0.012078634005400917,0.014231941949513095,0.0019049865825248443
"Artes, Cultura, Esporte e Recreação",2025-04-01,2025-05-01,0.008969864831724874,0.012768707641428139,0.009635212057822027,0.007950380284054454,0.0010735902837896707,0.00554990349291232,4386.0,343496.0,17949.0,13563.0,2682.3333333333335,0.00699105569490487,-0.0002730441694451439,0.012078634005400917,0.014231941949513095,0.0019049865825248443,0.012768707641428139
"Artes, Cultura, Esporte e Recreação",2025-05-01,2025-06-01,0.006449671066775594,0.008969864831724874,0.00788118635189262,0.008280181806857786,0.0010273660156269575,0.005541886013094181,3109.0,346605.0,17201.0,14092.0,2816.3333333333335,-0.0002730441694451439,0.012078634005400917,0.014231941949513095,0.0019049865825248443,0.012768707641428139,0.008969864831724874
"Artes, Cultura, Esporte e Recreação",2025-06-01,2025-07-01,0.0019739947646225807,0.006449671066775594,0.009396081179976203,0.00940063434622791,-0.0009447807139310847,0.004221682427317748,2250.0,348855.0,15531.0,13281.0,3206.3333333333335,0.012078634005400917,0.014231941949513095,0.0019049865825248443,0.012768707641428139,0.008969864831724874,0.006449671066775594
"Artes, Cultura, Esporte e Recreação",2025-07-01,2025-08-01,0.005946490120465481,0.0019739947646225807,0.00579784355437435,0.007716527806098188,-0.001470129293754388,0.004794121736950902,690.0,349545.0,15947.0,15257.0,2649.6666666666665,0.014231941949513095,0.0019049865825248443,0.012768707641428139,0.008969864831724874,0.006449671066775594,0.0019739947646225807
"Artes, Cultura, Esporte e Recreação",2025-08-01,2025-09-01,0.009224873911695923,0.005946490120465481,0.004790051983954552,0.006335619167923585,-0.00041990899159036524,0.0038110055391954063,2091.0,351636.0,17580.0,15489.0,2195.3333333333335,0.0019049865825248443,0.012768707641428139,0.008969864831724874,0.006449671066775594,0.0019739947646225807,0.005946490120465481
"Artes, Cultura, Esporte e Recreação",2025-09-01,2025-10-01,0.005062851119658216,0.009224873911695923,0.005715119598927995,0.007555600389452099,-0.0008932848309883498,0.0033399037436476374,3274.0,354910.0,17659.0,14385.0,2633.3333333333335,0.012768707641428139,0.008969864831724874,0.006449671066775594,0.0019739947646225807,0.005946490120465481,0.009224873911695923
"Artes, Cultura, Esporte e Recreação",2025-10-01,2025-11-01,0.007633672731319201,0.005062851119658216,0.006744738383939873,0.006271290969157111,-0.00020677041913512575,0.0024518819194002494,1806.0,356716.0,16905.0,15099.0,2203.3333333333335,0.008969864831724874,0.006449671066775594,0.0019739947646225807,0.005946490120465481,0.009224873911695923,0.005062851119658216
"Artes, Cultura, Esporte e Recreação",2025-11-01,2025-12-01,-0.0024842819785233406,0.007633672731319201,0.00730713258755778,0.006048592285756166,0.000527570319401582,0.0022489465916549316,2744.0,359460.0,15553.0,12809.0,2142.5,0.006449671066775594,0.0019739947646225807,0.005946490120465481,0.009224873911695923,0.005062851119658216,0.007633672731319201
"Artes, Cultura, Esporte e Recreação",2025-12-01,2026-01-01,0.009001614044397276,-0.0024842819785233406,0.003404080624151359,0.004559600111539676,-0.0006111959621487469,0.003866373354209554,-893.0,,14135.0,15028.0,1618.6666666666667,0.0019739947646225807,0.005946490120465481,0.009224873911695923,0.005062851119658216,0.007633672731319201,-0.0024842819785233406
"Artes, Cultura, Esporte e Recreação",2026-01-01,2026-02-01,0.005505363813021024,0.009001614044397276,0.004717001599064379,0.005730869991502126,-0.0004937436125525096,0.0039687939281411655,3257.0,361824.0,18845.0,15588.0,2046.5,0.005946490120465481,0.009224873911695923,0.005062851119658216,0.007633672731319201,-0.0024842819785233406,0.009001614044397276
"Artes, Cultura, Esporte e Recreação",2026-02-01,2026-03-01,0.00584752177108865,0.005505363813021024,0.004007565292964987,0.005657348940261383,-0.0004828347551142818,0.003968204472028602,2003.0,363827.0,18746.0,16743.0,2031.8333333333333,0.009224873911695923,0.005062851119658216,0.007633672731319201,-0.0024842819785233406,0.009001614044397276,0.005505363813021024
"Artes, Cultura, Esporte e Recreação",2026-03-01,2026-04-01,0.0071216955332725615,0.00584752177108865,0.006784833209502316,0.005094456916826838,0.0002578377864336639,0.003648920550301262,2140.0,365967.0,20025.0,17885.0,1842.8333333333333,0.005062851119658216,0.007633672731319201,-0.0024842819785233406,0.009001614044397276,0.005505363813021024,0.00584752177108865
"Artes, Cultura, Esporte e Recreação",2026-04-01,2026-05-01,0.0026355238306554176,0.0071216955332725615,0.006158193705794079,0.0054375976524292284,0.0005411221436350432,0.003725809781991042,2625.0,368592.0,18547.0,15922.0,1979.3333333333333,0.007633672731319201,-0.0024842819785233406,0.009001614044397276,0.005505363813021024,0.00584752177108865,0.0071216955332725615
"Artes, Cultura, Esporte e Recreação",2026-05-01,2026-06-01,0.002830430500654318,0.0026355238306554176,0.005201580378338876,0.004604572835651932,0.0005800408991596362,0.0037003432513716033,974.0,369566.0,16380.0,15406.0,1684.3333333333333,-0.0024842819785233406,0.009001614044397276,0.005505363813021024,0.00584752177108865,0.0071216955332725615,0.0026355238306554176
Atividades Administrativas e Serviços Complementares,2020-07-01,2020-08-01,0.007364373828941525,0.0022487469863953537,0.00034537854502507507,-0.003882439856853732,0.0012342978884449798,0.00829781419786168,10305.0,4582552.0,138055.0,127750.0,-17805.666666666668,0.0032984725515180432,-0.007708644879730061,-0.019920602447985603,-0.004520175443986163,0.003307564092666035,0.0022487469863953537
Atividades Administrativas e Serviços Complementares,2020-08-01,2020-09-01,0.009016531739247843,0.007364373828941525,0.004306894969334305,-0.003204789643949819,0.004277168039518656,0.008993445566757683,33998.0,4616550.0,202485.0,168487.0,-14725.833333333334,-0.007708644879730061,-0.019920602447985603,-0.004520175443986163,0.003307564092666035,0.0022487469863953537,0.007364373828941525
Atividades Administrativas e Serviços Complementares,2020-09-01,2020-10-01,0.01471220560413611,0.009016531739247843,0.006209884184861574,-0.00041726020745350145,0.005122300047105131,0.009727507741656639,42004.0,4658554.0,227405.0,185401.0,-1726.6666666666667,-0.019920602447985603,-0.004520175443986163,0.003307564092666035,0.0022487469863953537,0.007364373828941525,0.009016531739247843
Atividades Administrativas e Serviços Complementares,2020-10-01,2020-11-01,0.01748554733119158,0.01471220560413611,0.01036437039077516,0.005354874467900117,0.003382983857797226,0.00600501992938903,69561.0,4728115.0,266338.0,196777.0,25065.333333333332,-0.004520175443986163,0.003307564092666035,0.0022487469863953537,0.007364373828941525,0.009016531739247843,0.01471220560413611
Atividades Administrativas e Serviços Complementares,2020-11-01,2020-12-01,0.0010505839241354272,0.01748554733119158,0.01373809489152518,0.009022494930429741,0.003140927141604466,0.0055571209621096546,84145.0,4812260.0,274391.0,190246.0,42522.666666666664,0.003307564092666035,0.0022487469863953537,0.007364373828941525,0.009016531739247843,0.01471220560413611,0.01748554733119158
Atividades Administrativas e Serviços Complementares,2020-12-01,2021-01-01,0.004971095066125665,0.0010505839241354272,0.011082778953154375,0.008646331569007973,0.000859096544581109,0.005990708050669084,5061.0,4817321.0,243467.0,238406.0,40845.666666666664,0.0022487469863953537,0.007364373828941525,0.009016531739247843,0.01471220560413611,0.01748554733119158,0.0010505839241354272
Atividades Administrativas e Serviços Complementares,2021-01-01,2021-02-01,0.008536632567237884,0.004971095066125665,0.007835742107150892,0.009100056248963024,-0.0009454541580674592,0.005577851677831742,24067.0,4841388.0,250455.0,226388.0,43139.333333333336,0.007364373828941525,0.009016531739247843,0.01471220560413611,0.01748554733119158,0.0010505839241354272,0.004971095066125665
Atividades Administrativas e Serviços Complementares,2021-02-01,2021-03-01,0.004186311243512676,0.008536632567237884,0.004852770519166325,0.009295432705345752,-0.0013730797394610648,0.005533991884451453,41685.0,4883073.0,258222.0,216537.0,44420.5,0.009016531739247843,0.01471220560413611,0.01748554733119158,0.0010505839241354272,0.004971095066125665,0.008536632567237884
Atividades Administrativas e Serviços Complementares,2021-03-01,2021-04-01,0.0007775984800150466,0.004186311243512676,0.0058980129589587425,0.008490395956056556,-0.0021587344272282296,0.00585786121975822,20528.0,4903601.0,255080.0,234552.0,40841.166666666664,0.01471220560413611,0.01748554733119158,0.0010505839241354272,0.004971095066125665,0.008536632567237884,0.004186311243512676
Atividades Administrativas e Serviços Complementares,2021-04-01,2021-05-01,0.005440328349067875,0.0007775984800150466,0.004500180763588536,0.006167961435369713,-0.0020162007084753917,0.005690655284644475,3816.0,4907417.0,220209.0,216393.0,29883.666666666668,0.01748554733119158,0.0010505839241354272,0.004971095066125665,0.008536632567237884,0.004186311243512676,0.0007775984800150466
Atividades Administrativas e Serviços Complementares,2021-05-01,2021-06-01,0.006626101682767707,0.005440328349067875,0.003468079357531866,0.004160424938349096,0.00014336888693157633,0.002663388446123618,26844.0,4934261.0,249665.0,222821.0,20333.5,0.0010505839241354272,0.004971095066125665,0.008536632567237884,0.004186311243512676,0.0007775984800150466,0.005440328349067875
Atividades Administrativas e Serviços Complementares,2021-06-01,2021-07-01,0.0074213983018248456,0.006626101682767707,0.0042813428372835425,0.005089677898121142,-0.00012635978099421333,0.0023730856279142597,32913.0,4967174.0,254643.0,221730.0,24975.5,0.004971095066125665,0.008536632567237884,0.004186311243512676,0.0007775984800150466,0.005440328349067875,0.006626101682767707
Atividades Administrativas e Serviços Complementares,2021-07-01,2021-08-01,0.008940367251369801,0.0074213983018248456,0.006495942777886809,0.005498061770737673,0.00018302656742150652,0.0025236021283410125,37139.0,5004313.0,264970.0,227831.0,27154.166666666668,0.008536632567237884,0.004186311243512676,0.0007775984800150466,0.005440328349067875,0.006626101682767707,0.0074213983018248456
Atividades Administrativas e Serviços Complementares,2021-08-01,2021-09-01,0.006597687622233593,0.008940367251369801,0.007662622411987451,0.005565350884759658,0.0012824986525261383,0.0026077063293392082,45144.0,5049457.0,286727.0,241583.0,27730.666666666668,0.004186311243512676,0.0007775984800150466,0.005440328349067875,0.006626101682767707,0.0074213983018248456,0.008940367251369801
Atividades Administrativas e Serviços Complementares,2021-09-01,2021-10-01,0.008399258063912004,0.006597687622233593,0.007653151058476079,0.005967246947879812,0.001154167401058733,0.002549367239615662,33536.0,5082993.0,276415.0,242879.0,29898.666666666668,0.0007775984800150466,0.005440328349067875,0.006626101682767707,0.0074213983018248456,0.008940367251369801,0.006597687622233593
Atividades Administrativas e Serviços Complementares,2021-10-01,2021-11-01,0.014023205437093691,0.008399258063912004,0.007979104312505132,0.007237523545195972,0.0004636678669189503,0.0011758862601538606,43055.0,5126048.0,291994.0,248939.0,36438.5,0.005440328349067875,0.006626101682767707,0.0074213983018248456,0.008940367251369801,0.006597687622233593,0.008399258063912004
Atividades Administrativas e Serviços Complementares,2021-11-01,2021-12-01,-0.0031580753010031475,0.014023205437093691,0.00967338370774643,0.00866800305986694,0.0010736119551072907,0.002544084291534473,72906.0,5198954.0,312965.0,240059.0,44115.5,0.006626101682767707,0.0074213983018248456,0.008940367251369801,0.006597687622233593,0.008399258063912004,0.014023205437093691
Atividades Administrativas e Serviços Complementares,2021-12-01,2022-01-01,0.006547761103906746,-0.0031580753010031475,0.0064214627333341835,0.007037306895905131,-0.001024208086151139,0.005140783623522717,-16367.0,5182587.0,281463.0,297830.0,35902.166666666664,0.0074213983018248456,0.008940367251369801,0.006597687622233593,0.008399258063912004,0.014023205437093691,-0.0031580753010031475
Atividades Administrativas e Serviços Complementares,2022-01-01,2022-02-01,0.005962989223212709,0.006547761103906746,0.005804297079999097,0.006891700696252115,-0.001017324918109823,0.005140214967381775,34158.0,5216745.0,306583.0,272425.0,35405.333333333336,0.008940367251369801,0.006597687622233593,0.008399258063912004,0.014023205437093691,-0.0031580753010031475,0.006547761103906746
Atividades Administrativas e Serviços Complementares,2022-02-01,2022-03-01,0.0022938705596181066,0.005962989223212709,0.0031175583420387696,0.006395471024892598,-0.0007402646746633442,0.0050616016320766425,31294.0,5248039.0,304602.0,273308.0,33097.0,0.006597687622233593,0.008399258063912004,0.014023205437093691,-0.0031580753010031475,0.006547761103906746,0.005962989223212709
Atividades Administrativas e Serviços Complementares,2022-03-01,2022-04-01,0.0029227428403320694,0.0022938705596181066,0.00493487362891252,0.005678168181123352,-0.001285764278805787,0.005282265314197887,12066.0,5260105.0,306371.0,294305.0,29518.666666666668,0.008399258063912004,0.014023205437093691,-0.0031580753010031475,0.006547761103906746,0.005962989223212709,0.0022938705596181066
Atividades Administrativas e Serviços Complementares,2022-04-01,2022-05-01,0.004754630827054478,0.0029227428403320694,0.003726534207720962,0.004765415643860029,-0.0011351784937896677,0.005205818805116777,15419.0,5275524.0,290937.0,275518.0,24912.666666666668,0.014023205437093691,-0.0031580753010031475,0.006547761103906746,0.005962989223212709,0.0022938705596181066,0.0029227428403320694
Atividades Administrativas e Serviços Complementares,2022-05-01,2022-06-01,0.00779596943382495,0.004754630827054478,0.003323748075668218,0.003220653208853494,0.0007148387767419853,0.003229525124100371,25203.0,5300727.0,301098.0,275895.0,16962.166666666668,-0.0031580753010031475,0.006547761103906746,0.005962989223212709,0.0022938705596181066,0.0029227428403320694,0.004754630827054478
Atividades Administrativas e Serviços Complementares,2022-06-01,2022-07-01,0.0037452960022079417,0.00779596943382495,0.005157781033737166,0.005046327331324842,9.270967833800807e-05,0.0019504623516161937,41649.0,5342376.0,303331.0,261682.0,26631.5,0.006547761103906746,0.005962989223212709,0.0022938705596181066,0.0029227428403320694,0.004754630827054478,0.00779596943382495
Atividades Administrativas e Serviços Complementares,2022-07-01,2022-08-01,0.0068654123599646635,0.0037452960022079417,0.0054319654210291226,0.004579249814375042,0.0002071348144091171,0.0018688334603564531,20084.0,5362460.0,303041.0,282957.0,24285.833333333332,0.005962989223212709,0.0022938705596181066,0.0029227428403320694,0.004754630827054478,0.00779596943382495,0.0037452960022079417
Atividades Administrativas e Serviços Complementares,2022-08-01,2022-09-01,0.006856414068036625,0.0068654123599646635,0.006135559265332519,0.004729653670500368,0.000810477345546596,0.0020054636840786326,37070.0,5399530.0,329105.0,292035.0,25248.5,0.0022938705596181066,0.0029227428403320694,0.004754630827054478,0.00779596943382495,0.0037452960022079417,0.0068654123599646635
Atividades Administrativas e Serviços Complementares,2022-09-01,2022-10-01,0.006097989018245157,0.006856414068036625,0.005822374143403077,0.005490077588570122,0.0006271436373038944,0.001791270998629345,37277.0,5436807.0,310914.0,273637.0,29450.333333333332,0.0029227428403320694,0.004754630827054478,0.00779596943382495,0.0037452960022079417,0.0068654123599646635,0.006856414068036625
Atividades Administrativas e Serviços Complementares,2022-10-01,2022-11-01,0.006861347476268874,0.006097989018245157,0.006606605148748816,0.006019285284888968,0.00020052117760986117,0.00137537235109526,33357.0,5470164.0,301852.0,268495.0,32440.0,0.004754630827054478,0.00779596943382495,0.0037452960022079417,0.0068654123599646635,0.006856414068036625,0.006097989018245157
Atividades Administrativas e Serviços Complementares,2022-11-01,2022-12-01,-0.0047919545950079615,0.006861347476268874,0.006605250187516885,0.006370404726424701,6.788488481152081e-05,0.0012727858741116216,37792.0,5507956.0,312311.0,274519.0,34538.166666666664,0.00779596943382495,0.0037452960022079417,0.0068654123599646635,0.006856414068036625,0.006097989018245157,0.006861347476268874
Atividades Administrativas e Serviços Complementares,2022-12-01,2023-01-01,0.000766329340789064,-0.0047919545950079615,0.0027224606331686893,0.004272417388285883,-0.001241624933913095,0.004200726701970211,-26268.0,5481688.0,274576.0,300844.0,23218.666666666668,0.0037452960022079417,0.0068654123599646635,0.006856414068036625,0.006097989018245157,0.006861347476268874,-0.0047919545950079615
Atividades Administrativas e Serviços Complementares,2023-01-01,2023-02-01,0.004000416853821203,0.000766329340789064,0.0009452407406833254,0.0037759229447160707,-0.001847918932199658,0.004404777425213793,4204.0,5485892.0,314350.0,310146.0,20572.0,0.0068654123599646635,0.006856414068036625,0.006097989018245157,0.006861347476268874,-0.0047919545950079615,0.000766329340789064
Atividades Administrativas e Serviços Complementares,2023-02-01,2023-03-01,0.0044055825616077515,0.004000416853821203,-8.402800132564897e-06,0.0032984236936921597,-0.0011979504907063492,0.004194238199680608,22034.0,5507926.0,299190.0,277156.0,18066.0,0.006856414068036625,0.006097989018245157,0.006861347476268874,-0.0047919545950079615,0.000766329340789064,0.004000416853821203
Atividades Administrativas e Serviços Complementares,2023-03-01,2023-04-01,0.003742965170344983,0.0044055825616077515,0.00305744291873934,0.0028899517759540146,-0.0003281868632780861,0.003939441878053124,24373.0,5532299.0,349640.0,325267.0,15915.333333333334,0.006097989018245157,0.006861347476268874,-0.0047919545950079615,0.000766329340789064,0.004000416853821203,0.0044055825616077515
Atividades Administrativas e Serviços Complementares,2023-04-01,2023-05-01,0.005347363699901378,0.003742965170344983,0.004049654861924646,0.0024974478013039853,0.00043527964152170913,0.0037109519566130064,20785.0,5553084.0,305164.0,284379.0,13820.0,0.006861347476268874,-0.0047919545950079615,0.000766329340789064,0.004000416853821203,0.0044055825616077515,0.003742965170344983
Atividades Administrativas e Serviços Complementares,2023-05-01,2023-06-01,0.005770619135931525,0.005347363699901378,0.0044986371439513706,0.002245117171909403,0.0017151904191714568,0.0034477858190070073,29854.0,5582938.0,333815.0,303961.0,12497.0,-0.0047919545950079615,0.000766329340789064,0.004000416853821203,0.0044055825616077515,0.003742965170344983,0.005347363699901378
Atividades Administrativas e Serviços Complementares,2023-06-01,2023-07-01,0.002875946144729912,0.005770619135931525,0.004953649335392629,0.004005546127065984,0.0008114192035054304,0.0016143877441686225,32404.0,5615342.0,319037.0,286633.0,22275.666666666668,0.000766329340789064,0.004000416853821203,0.0044055825616077515,0.003742965170344983,0.005347363699901378,0.005770619135931525
Atividades Administrativas e Serviços Complementares,2023-07-01,2023-08-01,0.005979614909057854,0.002875946144729912,0.004664642993520938,0.004357148927722792,2.2044202020361846e-06,0.0009729003277270438,16196.0,5631538.0,312196.0,296000.0,24274.333333333332,0.004000416853821203,0.0044055825616077515,0.003742965170344983,0.005347363699901378,0.005770619135931525,0.002875946144729912
Atividades Administrativas e Serviços Complementares,2023-08-01,2023-09-01,0.004926526276446115,0.005979614909057854,0.004875393396573097,0.004687015270262234,0.00016263885989815542,0.0011203777302429198,33877.0,5665415.0,342993.0,309116.0,26248.166666666668,0.0044055825616077515,0.003742965170344983,0.005347363699901378,0.005770619135931525,0.002875946144729912,0.005979614909057854
Atividades Administrativas e Serviços Complementares,2023-09-01,2023-10-01,0.00893935909904211,0.004926526276446115,0.00459402911007796,0.004773839222735295,0.00014056817619352774,0.0011153779860649641,28049.0,5693464.0,320635.0,292586.0,26860.833333333332,0.003742965170344983,0.005347363699901378,0.005770619135931525,0.002875946144729912,0.005979614909057854,0.004926526276446115
Atividades Administrativas e Serviços Complementares,2023-10-01,2023-11-01,0.008797223371520717,0.00893935909904211,0.006615166761515359,0.005639904877518149,0.0005294676337592958,0.0017913144395684606,51355.0,5744819.0,349127.0,297772.0,31955.833333333332,0.005347363699901378,0.005770619135931525,0.002875946144729912,0.005979614909057854,0.004926526276446115,0.00893935909904211
Atividades Administrativas e Serviços Complementares,2023-11-01,2023-12-01,-0.0038894222783267467,0.008797223371520717,0.007554369582336314,0.006214881489454705,0.0009220048973791659,0.0021272962352386735,50987.0,5795806.0,348124.0,297137.0,35478.0,0.005770619135931525,0.002875946144729912,0.005979614909057854,0.004926526276446115,0.00893935909904211,0.008797223371520717
Atividades Administrativas e Serviços Complementares,2023-12-01,2024-01-01,0.004700877613234036,-0.0038894222783267467,0.004615720064078693,0.004604874587078326,-0.0006103195401513915,0.004349313889826202,-22455.0,5773351.0,305082.0,327537.0,26334.833333333332,0.002875946144729912,0.005979614909057854,0.004926526276446115,0.00893935909904211,0.008797223371520717,-0.0038894222783267467
Atividades Administrativas e Serviços Complementares,2024-01-01,2024-02-01,0.00623588962720348,0.004700877613234036,0.0032028929021426684,0.004909029831829013,-0.0009423905105988306,0.004281046375561011,27268.0,5800619.0,357496.0,330228.0,28180.166666666668,0.005979614909057854,0.004926526276446115,0.00893935909904211,0.008797223371520717,-0.0038894222783267467,0.004700877613234036
Atividades Administrativas e Serviços Complementares,2024-02-01,2024-03-01,0.005416094999935251,0.00623588962720348,0.002349114987370256,0.004951742284853285,-0.0005387220958138533,0.004292777011161897,36399.0,5837018.0,360276.0,323877.0,28600.5,0.004926526276446115,0.00893935909904211,0.008797223371520717,-0.0038894222783267467,0.004700877613234036,0.00623588962720348
Atividades Administrativas e Serviços Complementares,2024-03-01,2024-04-01,0.007404545965012928,0.005416094999935251,0.005450954080124255,0.005033337072101474,-0.0004774291953407206,0.004296173649238121,31786.0,5868804.0,379409.0,347623.0,29223.333333333332,0.00893935909904211,0.008797223371520717,-0.0038894222783267467,0.004700877613234036,0.00623588962720348,0.005416094999935251
Atividades Administrativas e Serviços Complementares,2024-04-01,2024-05-01,0.004085171952674463,0.007404545965012928,0.0063521768640505535,0.0047775348830966105,0.0006425193376061854,0.004097065273378145,43780.0,5912584.0,383125.0,339345.0,27960.833333333332,0.008797223371520717,-0.0038894222783267467,0.004700877613234036,0.00623588962720348,0.005416094999935251,0.007404545965012928
Atividades Administrativas e Serviços Complementares,2024-05-01,2024-06-01,0.006034941585160801,0.004085171952674463,0.00563527097254088,0.003992192979955568,0.0013475480452306999,0.003681860095576807,24253.0,5936837.0,363891.0,339638.0,23505.166666666668,-0.0038894222783267467,0.004700877613234036,0.00623588962720348,0.005416094999935251,0.007404545965012928,0.004085171952674463
Atividades Administrativas e Serviços Complementares,2024-06-01,2024-07-01,0.005001908241487585,0.006034941585160801,0.005841553167616064,0.00564625362387016,6.304622288926971e-05,0.0010781176251845556,36046.0,5972883.0,362058.0,326012.0,33255.333333333336,0.004700877613234036,0.00623588962720348,0.005416094999935251,0.007404545965012928,0.004085171952674463,0.006034941585160801
Atividades Administrativas e Serviços Complementares,2024-07-01,2024-08-01,0.0041969347778087985,0.005001908241487585,0.00504067392644095,0.005696425395245751,-0.00021807831957832254,0.0010392599620928347,30026.0,6002909.0,382331.0,352305.0,33715.0,0.00623588962720348,0.005416094999935251,0.007404545965012928,0.004085171952674463,0.006034941585160801,0.005001908241487585
Atividades Administrativas e Serviços Complementares,2024-08-01,2024-09-01,0.006597460484449867,0.0041969347778087985,0.005077928201485729,0.0053565995870133035,-0.000324398418534913,0.0011361432265512641,25300.0,6028209.0,375227.0,349927.0,31865.166666666668,0.005416094999935251,0.007404545965012928,0.004085171952674463,0.006034941585160801,0.005001908241487585,0.0041969347778087985
Atividades Administrativas e Serviços Complementares,2024-09-01,2024-10-01,0.006353481921289265,0.006597460484449867,0.00526543450124875,0.005553493834432407,-0.00013523349345958663,0.0012280418411749257,40035.0,6068244.0,380557.0,340522.0,33240.0,0.007404545965012928,0.004085171952674463,0.006034941585160801,0.005001908241487585,0.0041969347778087985,0.006597460484449867
Atividades Administrativas e Serviços Complementares,2024-10-01,2024-11-01,0.005422986073744402,0.006353481921289265,0.005715959061182643,0.0053783164938117954,0.0003492609450646411,0.0010064777632120974,38801.0,6107045.0,414059.0,375258.0,32410.166666666668,0.004085171952674463,0.006034941585160801,0.005001908241487585,0.0041969347778087985,0.006597460484449867,0.006353481921289265
Atividades Administrativas e Serviços Complementares,2024-11-01,2024-12-01,-0.008559132254115068,0.005422986073744402,0.006124642826494511,0.00560128551399012,9.701340539897502e-05,0.0008275935385587282,33299.0,6140344.0,373330.0,340031.0,33917.833333333336,0.006034941585160801,0.005001908241487585,0.0041969347778087985,0.006597460484449867,0.006353481921289265,0.005422986073744402
Atividades Administrativas e Serviços Complementares,2024-12-01,2025-01-01,0.0023022531075664633,-0.008559132254115068,0.0010724452469728664,0.0031689398741108084,-0.0018391722043819153,0.005306301415904042,-52110.0,6088234.0,313367.0,365477.0,19225.166666666668,0.005001908241487585,0.0041969347778087985,0.006597460484449867,0.006353481921289265,0.005422986073744402,-0.008559132254115068
Atividades Administrativas e Serviços Complementares,2025-01-01,2025-02-01,0.010483170561958523,0.0023022531075664633,-0.0002779643576014008,0.0027189973517906204,-0.0015963909261271817,0.005245914149343588,14049.0,6102283.0,399701.0,385652.0,16562.333333333332,0.0041969347778087985,0.006597460484449867,0.006353481921289265,0.005422986073744402,-0.008559132254115068,0.0023022531075664633
Atividades Administrativas e Serviços Complementares,2025-02-01,2025-03-01,-5.951449469842611e-05,0.010483170561958523,0.0014087638051366394,0.0037667033158155752,-0.00019163583947098877,0.0060087387951999055,64649.0,6166932.0,433627.0,368978.0,23120.5,0.006597460484449867,0.006353481921289265,0.005422986073744402,-0.008559132254115068,0.0023022531075664633,0.010483170561958523
Atividades Administrativas e Serviços Complementares,2025-03-01,2025-04-01,0.0053930627764313625,-5.951449469842611e-05,0.004241969724942187,0.0026572074859575272,-0.00017208695010327273,0.0059982014257126594,-367.0,6166565.0,390380.0,390747.0,16386.833333333332,0.006353481921289265,0.005422986073744402,-0.008559132254115068,0.0023022531075664633,0.010483170561958523,-5.951449469842611e-05
Atividades Administrativas e Serviços Complementares,2025-04-01,2025-05-01,0.003000645476470662,0.0053930627764313625,0.005272239614563819,0.0024971376284812093,0.000958004407030765,0.00590958610189157,33437.0,6200002.0,390560.0,357123.0,15492.833333333334,0.005422986073744402,-0.008559132254115068,0.0023022531075664633,0.010483170561958523,-5.951449469842611e-05,0.0053930627764313625
Atividades Administrativas e Serviços Complementares,2025-05-01,2025-06-01,0.004227021037427983,0.003000645476470662,0.002778064586067866,0.0020934141956022527,0.0016151037886533253,0.005777170915780269,18660.0,6218662.0,393464.0,374804.0,13053.0,-0.008559132254115068,0.0023022531075664633,0.010483170561958523,-5.951449469842611e-05,0.0053930627764313625,0.003000645476470662
Atividades Administrativas e Serviços Complementares,2025-06-01,2025-07-01,0.0020046011220908196,0.004227021037427983,0.0042069097634433355,0.004224439744192761,-0.00021060452388646216,0.003268081386696996,26398.0,6245060.0,379504.0,353106.0,26137.666666666668,0.0023022531075664633,0.010483170561958523,-5.951449469842611e-05,0.0053930627764313625,0.003000645476470662,0.004227021037427983
Atividades Administrativas e Serviços Complementares,2025-07-01,2025-08-01,0.00017128223285563913,0.0020046011220908196,0.0030774225453298215,0.0041748310799468195,-0.0009121616543691426,0.0032989961004623127,12544.0,6257604.0,394747.0,382203.0,25886.833333333332,0.010483170561958523,-5.951449469842611e-05,0.0053930627764313625,0.003000645476470662,0.004227021037427983,0.0020046011220908196
Atividades Administrativas e Serviços Complementares,2025-08-01,2025-09-01,0.005844519948470885,0.00017128223285563913,0.0021343014641248136,0.0024561830250963397,-0.00022242930755125647,0.001992109483156096,1072.0,6258676.0,375665.0,374593.0,15290.666666666666,-5.951449469842611e-05,0.0053930627764313625,0.003000645476470662,0.004227021037427983,0.0020046011220908196,0.00017128223285563913
Atividades Administrativas e Serviços Complementares,2025-09-01,2025-10-01,0.003918997367029949,0.005844519948470885,0.0026734677678057813,0.0034401887656245584,-0.00024152067959956082,0.0019644121456612873,36794.0,6295470.0,409445.0,372651.0,21484.166666666668,0.0053930627764313625,0.003000645476470662,0.004227021037427983,0.0020046011220908196,0.00017128223285563913,0.005844519948470885
Atividades Administrativas e Serviços Complementares,2025-10-01,2025-11-01,0.005461415407778445,0.003918997367029949,0.0033115998494521576,0.0031945111973909895,0.000217455351333999,0.0017891751562114535,24769.0,6320239.0,420388.0,395619.0,20039.5,0.003000645476470662,0.004227021037427983,0.0020046011220908196,0.00017128223285563913,0.005844519948470885,0.003918997367029949
Atividades Administrativas e Serviços Complementares,2025-11-01,2025-12-01,-0.010180574311725072,0.005461415407778445,0.005074977574426426,0.00360463951927562,0.0005025256657767128,0.0019705720733025167,34707.0,6354946.0,380001.0,345294.0,22714.0,0.004227021037427983,0.0020046011220908196,0.00017128223285563913,0.005844519948470885,0.003918997367029949,0.005461415407778445
Atividades Administrativas e Serviços Complementares,2025-12-01,2026-01-01,0.00408530518748104,-0.010180574311725072,-0.0002667205123055589,0.001203373627750111,-0.0013423142921643414,0.005452021339190494,-64697.0,,316409.0,381106.0,7531.5,0.0020046011220908196,0.00017128223285563913,0.005844519948470885,0.003918997367029949,0.005461415407778445,-0.010180574311725072
Atividades Administrativas e Serviços Complementares,2026-01-01,2026-02-01,0.005976055488616348,0.00408530518748104,-0.00021128457215519557,0.001550157638648481,-0.0007703642847632106,0.00555711599683877,25803.0,6316052.0,401512.0,375709.0,9741.333333333334,0.00017128223285563913,0.005844519948470885,0.003918997367029949,0.005461415407778445,-0.010180574311725072,0.00408530518748104
Atividades Administrativas e Serviços Complementares,2026-02-01,2026-03-01,0.00606650663261172,0.005976055488616348,-3.9737878542561375e-05,0.0025176198479419324,-0.00041386824449779773,0.00573527977883544,37972.0,6354024.0,411134.0,373162.0,15891.333333333334,0.005844519948470885,0.003918997367029949,0.005461415407778445,-0.010180574311725072,0.00408530518748104,0.005976055488616348
Atividades Administrativas e Serviços Complementares,2026-03-01,2026-04-01,0.0018876184718690202,0.00606650663261172,0.005375955769569702,0.002554617628632072,0.0007584956019893906,0.005757295733327706,38782.0,6392806.0,446027.0,407245.0,16222.666666666666,0.003918997367029949,0.005461415407778445,-0.010180574311725072,0.00408530518748104,0.005976055488616348,0.00606650663261172
Atividades Administrativas e Serviços Complementares,2026-04-01,2026-05-01,0.0017787484985526726,0.0018876184718690202,0.004643393531032363,0.0022160544794385833,0.000936085955845673,0.00572675490911711,12090.0,6404896.0,399874.0,387784.0,14109.5,0.005461415407778445,-0.010180574311725072,0.00408530518748104,0.005976055488616348,0.00606650663261172,0.0018876184718690202
Atividades Administrativas e Serviços Complementares,2026-05-01,2026-06-01,0.004133825178959367,0.0017787484985526726,0.0032442912010111377,0.0016022766612342884,0.0015226858585299437,0.005540349875227306,11413.0,6416309.0,396538.0,385125.0,10227.166666666666,-0.010180574311725072,0.00408530518748104,0.005976055488616348,0.00606650663261172,0.0018876184718690202,0.0017787484985526726
"Atividades Financeiras, de Seguros e Serviços Relacionados",2020-07-01,2020-08-01,0.0013304125546985542,0.00011639423361804068,-0.0015559263275211324,-0.0010967362877122272,-0.00047449965109866915,0.0028427004196836087,110.0,945064.0,9966.0,9856.0,-1035.5,0.001992286838946847,0.00192353402519128,-0.005828459607848093,-0.003533318677230335,-0.0012508545389511023,0.00011639423361804068
"Atividades Financeiras, de Seguros e Serviços Relacionados",2020-08-01,2020-09-01,0.0013560459599327992,0.0013304125546985542,6.531741645516419e-05,-0.001207048668420276,0.0004900405231489716,0.002731350360614468,1259.0,946323.0,11807.0,10548.0,-1142.1666666666667,0.00192353402519128,-0.005828459607848093,-0.003533318677230335,-0.0012508545389511023,0.00011639423361804068,0.0013304125546985542
"Atividades Financeiras, de Seguros e Serviços Relacionados",2020-09-01,2020-10-01,-0.0028818321806357385,0.0013560459599327992,0.0009342842494164647,-0.0013016300126300225,0.0014823134373502934,0.002629222985436628,1285.0,947608.0,12944.0,11659.0,-1234.1666666666667,-0.005828459607848093,-0.003533318677230335,-0.0012508545389511023,0.00011639423361804068,0.0013304125546985542,0.0013560459599327992
"Atividades Financeiras, de Seguros e Serviços Relacionados",2020-10-01,2020-11-01,0.0015702087236400947,-0.0028818321806357385,-6.51245553347951e-05,-0.0008105254414279636,0.00035120435144872004,0.0019163607676785093,-2723.0,944885.0,14251.0,16974.0,-765.6666666666666,-0.003533318677230335,-0.0012508545389511023,0.00011639423361804068,0.0013304125546985542,0.0013560459599327992,-0.0028818321806357385
"Atividades Financeiras, de Seguros e Serviços Relacionados",2020-11-01,2020-12-01,0.002398154843851131,0.0015702087236400947,1.480750097905179e-05,4.006245871710799e-05,0.00014675058501225396,0.0016303335576877175,1486.0,946371.0,15106.0,13620.0,39.166666666666664,-0.0012508545389511023,0.00011639423361804068,0.0013304125546985542,0.0013560459599327992,-0.0028818321806357385,0.0015702087236400947
"Atividades Financeiras, de Seguros e Serviços Relacionados",2020-12-01,2021-01-01,0.004773414911518723,0.002398154843851131,0.000362177128951829,0.0006482306891841469,0.00022543752621204384,0.0017138089391079566,2275.0,948646.0,13348.0,11073.0,615.3333333333334,0.00011639423361804068,0.0013304125546985542,0.0013560459599327992,-0.0028818321806357385,0.0015702087236400947,0.002398154843851131
"Atividades Financeiras, de Seguros e Serviços Relacionados",2021-01-01,2021-02-01,0.003401122276253099,0.004773414911518723,0.002913926159669983,0.0014244008021675938,0.0007083822668609047,0.0022635702281129035,4550.0,953196.0,17172.0,12622.0,1355.3333333333333,0.0013304125546985542,0.0013560459599327992,-0.0028818321806357385,0.0015702087236400947,0.002398154843851131,0.004773414911518723
"Atividades Financeiras, de Seguros e Serviços Relacionados",2021-02-01,2021-03-01,0.002447861693206897,0.003401122276253099,0.003524230677207651,0.0017695190890933514,0.0009719733993793118,0.002377900168538749,3253.0,956449.0,17736.0,14483.0,1687.6666666666667,0.0013560459599327992,-0.0028818321806357385,0.0015702087236400947,0.002398154843851131,0.004773414911518723,0.003401122276253099
"Atividades Financeiras, de Seguros e Serviços Relacionados",2021-03-01,2021-04-01,0.006755293856836666,0.002447861693206897,0.0035407996269929062,0.0019514883779723675,0.0009861848598491363,0.0023810700324527275,2347.0,958796.0,19407.0,17060.0,1864.6666666666667,-0.0028818321806357385,0.0015702087236400947,0.002398154843851131,0.004773414911518723,0.003401122276253099,0.002447861693206897
"Atividades Financeiras, de Seguros e Serviços Relacionados",2021-04-01,2021-05-01,0.005531139833066512,0.006755293856836666,0.004201425942098887,0.003557676050884435,0.0007057786736795578,0.001744204374945846,6521.0,965317.0,20510.0,13989.0,3405.3333333333335,0.0015702087236400947,0.002398154843851131,0.004773414911518723,0.003401122276253099,0.002447861693206897,0.006755293856836666
"Atividades Financeiras, de Seguros e Serviços Relacionados",2021-05-01,2021-06-01,0.005889780907523988,0.005531139833066512,0.004911431794370025,0.004217831235788838,0.0005902086056852723,0.0016115829238807933,5369.0,970686.0,20045.0,14676.0,4052.5,0.002398154843851131,0.004773414911518723,0.003401122276253099,0.002447861693206897,0.006755293856836666,0.005531139833066512
"Atividades Financeiras, de Seguros e Serviços Relacionados",2021-06-01,2021-07-01,0.005628515913006994,0.005889780907523988,0.0060587381991423885,0.004799768913067648,0.0004651232804027522,0.0014739675423430525,5751.0,976437.0,21236.0,15485.0,4631.833333333333,0.004773414911518723,0.003401122276253099,0.002447861693206897,0.006755293856836666,0.005531139833066512,0.005889780907523988
"Atividades Financeiras, de Seguros e Serviços Relacionados",2021-07-01,2021-08-01,0.00605901108355686,0.005628515913006994,0.005683145551199164,0.004942285746649026,0.0005782449086557313,0.0015055310616009312,5527.0,981964.0,21828.0,16301.0,4794.666666666667,0.003401122276253099,0.002447861693206897,0.006755293856836666,0.005531139833066512,0.005889780907523988,0.005628515913006994
"Atividades Financeiras, de Seguros e Serviços Relacionados",2021-08-01,2021-09-01,0.006139511675936796,0.00605901108355686,0.005859102634695947,0.005385267214532985,0.00042954440556337907,0.0013719959800080012,5986.0,987950.0,22451.0,16465.0,5250.166666666667,0.002447861693206897,0.006755293856836666,0.005531139833066512,0.005889780907523988,0.005628515913006994,0.00605901108355686
"Atividades Financeiras, de Seguros e Serviços Relacionados",2021-09-01,2021-10-01,0.005164064118461229,0.006139511675936796,0.005942346224166883,0.006000542211654636,-5.018748992986557e-05,0.000400705917369947,6103.0,994053.0,22574.0,16471.0,5876.166666666667,0.006755293856836666,0.005531139833066512,0.005889780907523988,0.005628515913006994,0.00605901108355686,0.006139511675936796
"Atividades Financeiras, de Seguros e Serviços Relacionados",2021-10-01,2021-11-01,0.005317777523380999,0.005164064118461229,0.005787528959318295,0.00573533725525873,-1.873403134966059e-05,0.0003345232763195798,5160.0,999213.0,22460.0,17300.0,5649.333333333333,0.005531139833066512,0.005889780907523988,0.005628515913006994,0.00605901108355686,0.006139511675936796,0.005164064118461229
"Atividades Financeiras, de Seguros e Serviços Relacionados",2021-11-01,2021-12-01,0.0011822093892680443,0.005317777523380999,0.0055404511059263415,0.005699776870311145,-0.00011922490605635121,0.0003643503879023707,5342.0,1004555.0,21075.0,15733.0,5644.833333333333,0.005889780907523988,0.005628515913006994,0.00605901108355686,0.006139511675936796,0.005164064118461229,0.005317777523380999
"Atividades Financeiras, de Seguros e Serviços Relacionados",2021-12-01,2022-01-01,0.0032674589040484975,0.0011822093892680443,0.0038880170103700908,0.004915181617268487,-0.0007265908816199396,0.0017066186537529966,1189.0,1005744.0,16625.0,15436.0,4884.5,0.005628515913006994,0.00605901108355686,0.006139511675936796,0.005164064118461229,0.005317777523380999,0.0011822093892680443
"Atividades Financeiras, de Seguros e Serviços Relacionados",2022-01-01,2022-02-01,0.0036682083344853054,0.0032674589040484975,0.0032558152722325135,0.004521672115775404,-0.0008193129815036652,0.0017678767553017955,3297.0,1009041.0,18488.0,15191.0,4512.833333333333,0.00605901108355686,0.006139511675936796,0.005164064118461229,0.005317777523380999,0.0011822093892680443,0.0032674589040484975
"Atividades Financeiras, de Seguros e Serviços Relacionados",2022-02-01,2022-03-01,0.003139930665606243,0.0036682083344853054,0.0027059588759339487,0.004123204990930145,-0.0006337685852745313,0.0016413745438015454,3715.0,1012756.0,19167.0,15452.0,4134.333333333333,0.006139511675936796,0.005164064118461229,0.005317777523380999,0.0011822093892680443,0.0032674589040484975,0.0036682083344853054
"Atividades Financeiras, de Seguros e Serviços Relacionados",2022-03-01,2022-04-01,0.003839735179857667,0.003139930665606243,0.0033585326347133487,0.0036232748225417197,-0.0003709750090337589,0.00138842939260445,3190.0,1015946.0,20571.0,17381.0,3648.8333333333335,0.005164064118461229,0.005317777523380999,0.0011822093892680443,0.0032674589040484975,0.0036682083344853054,0.003139930665606243
"Atividades Financeiras, de Seguros e Serviços Relacionados",2022-04-01,2022-05-01,0.0028686072295941714,0.003839735179857667,0.003549291393316405,0.0034025533327744595,-3.1894241661864595e-05,0.0012211287568670848,3916.0,1019862.0,21462.0,17546.0,3441.5,0.005317777523380999,0.0011822093892680443,0.0032674589040484975,0.0036682083344853054,0.003139930665606243,0.003839735179857667
"Atividades Financeiras, de Seguros e Serviços Relacionados",2022-05-01,2022-06-01,0.003566637472392901,0.0028686072295941714,0.0032827576916860273,0.002994358283809988,0.0002748725817194024,0.000872181957115678,2934.0,1022796.0,21079.0,18145.0,3040.1666666666665,0.0011822093892680443,0.0032674589040484975,0.0036682083344853054,0.003139930665606243,0.003839735179857667,0.0028686072295941714
"Atividades Financeiras, de Seguros e Serviços Relacionados",2022-06-01,2022-07-01,0.0028356985202685897,0.003566637472392901,0.0034249932939482467,0.0033917629643307975,-5.803027391427431e-06,0.0003317240748486749,3661.0,1026457.0,21052.0,17391.0,3452.1666666666665,0.0032674589040484975,0.0036682083344853054,0.003139930665606243,0.003839735179857667,0.0028686072295941714,0.003566637472392901
"Atividades Financeiras, de Seguros e Serviços Relacionados",2022-07-01,2022-08-01,0.003953701248812245,0.0028356985202685897,0.003090314407418554,0.003319802900367479,-0.00011010161717105976,0.00039220144329140636,2919.0,1029376.0,20270.0,17351.0,3389.1666666666665,0.0036682083344853054,0.003139930665606243,0.003839735179857667,0.0028686072295941714,0.003566637472392901,0.0028356985202685897
"Atividades Financeiras, de Seguros e Serviços Relacionados",2022-08-01,2022-09-01,0.003430023943630734,0.003953701248812245,0.0034520124138245783,0.003367385052755303,5.013637657318559e-05,0.0004453066799038978,4086.0,1033462.0,21921.0,17835.0,3451.0,0.003139930665606243,0.003839735179857667,0.0028686072295941714,0.003566637472392901,0.0028356985202685897,0.003953701248812245
"Atividades Financeiras, de Seguros e Serviços Relacionados",2022-09-01,2022-10-01,0.003024520148245711,0.003430023943630734,0.0034064745709038564,0.0034157339324260515,1.3593912125578423e-05,0.00043358018912815615,3557.0,1037019.0,20236.0,16679.0,3512.1666666666665,0.003839735179857667,0.0028686072295941714,0.003566637472392901,0.0028356985202685897,0.003953701248812245,0.003430023943630734
"Atividades Financeiras, de Seguros e Serviços Relacionados",2022-10-01,2022-11-01,0.0026779601863162277,0.003024520148245711,0.0034694151135628965,0.003279864760490725,4.250647815756729e-05,0.00040629612727689855,3146.0,1040165.0,19132.0,15986.0,3383.8333333333335,0.0028686072295941714,0.003566637472392901,0.0028356985202685897,0.003953701248812245,0.003430023943630734,0.003024520148245711
"Atividades Financeiras, de Seguros e Serviços Relacionados",2022-11-01,2022-12-01,-0.0009068984743952331,0.0026779601863162277,0.003044168092730891,0.003248090253277734,-0.0001257313957609573,0.00044301202054468705,2793.0,1042958.0,17795.0,15002.0,3360.3333333333335,0.003566637472392901,0.0028356985202685897,0.003953701248812245,0.003430023943630734,0.003024520148245711,0.0026779601863162277
"Atividades Financeiras, de Seguros e Serviços Relacionados",2022-12-01,2023-01-01,0.0012316711045166386,-0.0009068984743952331,0.0015985272867222351,0.0025025009288130455,-0.0006555917701769197,0.0015813810553770014,-945.0,1042013.0,13290.0,14235.0,2592.6666666666665,0.0028356985202685897,0.003953701248812245,0.003430023943630734,0.003024520148245711,0.0026779601863162277,-0.0009068984743952331
"Atividades Financeiras, de Seguros e Serviços Relacionados",2023-01-01,2023-02-01,-0.0008153883934738232,0.0012316711045166386,0.0010009109388125442,0.0022351630261877205,-0.0007704993696424403,0.0016370586802820317,1285.0,1043298.0,19889.0,18604.0,2320.3333333333335,0.003953701248812245,0.003430023943630734,0.003024520148245711,0.0026779601863162277,-0.0009068984743952331,0.0012316711045166386
"Atividades Financeiras, de Seguros e Serviços Relacionados",2023-02-01,2023-03-01,-0.0005269224752111289,-0.0008153883934738232,-0.00016353858778413925,0.001440314752473376,-0.0008625847850691844,0.0017626473653824448,-850.0,1042448.0,16942.0,17792.0,1497.6666666666667,0.003430023943630734,0.003024520148245711,0.0026779601863162277,-0.0009068984743952331,0.0012316711045166386,-0.0008153883934738232
"Atividades Financeiras, de Seguros e Serviços Relacionados",2023-03-01,2023-04-01,0.0002984043522898456,-0.0005269224752111289,-3.687992138943784e-05,0.0007808236826663986,-0.000745676836506928,0.0016300850297770197,-549.0,1041899.0,19780.0,20329.0,813.3333333333334,0.003024520148245711,0.0026779601863162277,-0.0009068984743952331,0.0012316711045166386,-0.0008153883934738232,-0.0005269224752111289
"Atividades Financeiras, de Seguros e Serviços Relacionados",2023-04-01,2023-05-01,0.0001726800909448479,0.0002984043522898456,-0.0003479688387983688,0.0003264710500070877,-0.00036585459058771587,0.0012847178625195019,311.0,1042210.0,19009.0,18698.0,340.8333333333333,0.0026779601863162277,-0.0009068984743952331,0.0012316711045166386,-0.0008153883934738232,-0.0005269224752111289,0.0002984043522898456
"Atividades Financeiras, de Seguros e Serviços Relacionados",2023-05-01,2023-06-01,0.0010522401790916617,0.0001726800909448479,-1.8612677325478454e-05,-9.107563255480884e-05,8.247309966522053e-05,0.00074733738764795,180.0,1042390.0,19556.0,19376.0,-94.66666666666667,-0.0009068984743952331,0.0012316711045166386,-0.0008153883934738232,-0.0005269224752111289,0.0002984043522898456,0.0001726800909448479
"Atividades Financeiras, de Seguros e Serviços Relacionados",2023-06-01,2023-07-01,0.0015204621286278427,0.0010522401790916617,0.0005077748741087851,0.0002354474763596736,8.26393615323458e-05,0.0007475492311346393,1098.0,1043488.0,19585.0,18487.0,245.83333333333334,0.0012316711045166386,-0.0008153883934738232,-0.0005269224752111289,0.0002984043522898456,0.0001726800909448479,0.0010522401790916617
"Atividades Financeiras, de Seguros e Serviços Relacionados",2023-07-01,2023-08-01,0.0022550239202473845,0.0015204621286278427,0.0009151274662214508,0.000283579313711541,0.00046545760891633436,0.0008162802025514278,1589.0,1045077.0,20012.0,18423.0,296.5,-0.0008153883934738232,-0.0005269224752111289,0.0002984043522898456,0.0001726800909448479,0.0010522401790916617,0.0015204621286278427
"Atividades Financeiras, de Seguros e Serviços Relacionados",2023-08-01,2023-09-01,0.002097860125509579,0.0022550239202473845,0.001609242075988963,0.0007953146993317422,0.0005272990112700962,0.0009224519319267421,2362.0,1047439.0,22275.0,19913.0,831.8333333333334,-0.0005269224752111289,0.0002984043522898456,0.0001726800909448479,0.0010522401790916617,0.0015204621286278427,0.0022550239202473845
"Atividades Financeiras, de Seguros e Serviços Relacionados",2023-09-01,2023-10-01,0.003403827858408357,0.002097860125509579,0.001957782058128269,0.001232778466118527,0.0004489294943869272,0.0008068014582595343,2202.0,1049641.0,19942.0,17740.0,1290.3333333333333,0.0002984043522898456,0.0001726800909448479,0.0010522401790916617,0.0015204621286278427,0.0022550239202473845,0.002097860125509579
"Atividades Financeiras, de Seguros e Serviços Relacionados",2023-10-01,2023-11-01,0.0023085018609158413,0.003403827858408357,0.0025855706347217735,0.0017503490504716121,0.0005722045848054524,0.0010114919820691948,3585.0,1053226.0,21069.0,17484.0,1836.0,0.0001726800909448479,0.0010522401790916617,0.0015204621286278427,0.0022550239202473845,0.002097860125509579,0.003403827858408357
"Atividades Financeiras, de Seguros e Serviços Relacionados",2023-11-01,2023-12-01,-0.000628436018957346,0.0023085018609158413,0.0026033966149445922,0.0021063193454667777,0.0003364069086778466,0.0007303996950506468,2437.0,1055663.0,18981.0,16544.0,2212.1666666666665,0.0010522401790916617,0.0015204621286278427,0.0022550239202473845,0.002097860125509579,0.003403827858408357,0.0023085018609158413
"Atividades Financeiras, de Seguros e Serviços Relacionados",2023-12-01,2024-01-01,0.0038571030653819097,-0.000628436018957346,0.0016946312334556173,0.001826206645791943,-0.0002650882623720511,0.0012313899703401696,-663.0,1055000.0,14891.0,15554.0,1918.6666666666667,0.0015204621286278427,0.0022550239202473845,0.002097860125509579,0.003403827858408357,0.0023085018609158413,-0.000628436018957346
"Atividades Financeiras, de Seguros e Serviços Relacionados",2024-01-01,2024-02-01,0.0021387754332904637,0.0038571030653819097,0.0018457229691134682,0.002215646801917621,-3.6109105863447785e-05,0.001427060282564269,4085.0,1059085.0,21996.0,17911.0,2334.6666666666665,0.0022550239202473845,0.002097860125509579,0.003403827858408357,0.0023085018609158413,-0.000628436018957346,0.0038571030653819097
"Atividades Financeiras, de Seguros e Serviços Relacionados",2024-02-01,2024-03-01,0.002224267453589804,0.0021387754332904637,0.0017891474932383424,0.0021962720540914674,-3.921530628708883e-05,0.0014271832786518792,2270.0,1061355.0,20286.0,18016.0,2319.3333333333335,0.002097860125509579,0.003403827858408357,0.0023085018609158413,-0.000628436018957346,0.0038571030653819097,0.0021387754332904637
"Atividades Financeiras, de Seguros e Serviços Relacionados",2024-03-01,2024-04-01,0.0019028870775388953,0.002224267453589804,0.002740048650754059,0.0022173399421048386,-5.489834921798964e-05,0.0014265078784952998,2366.0,1063721.0,21526.0,19160.0,2346.6666666666665,0.003403827858408357,0.0023085018609158413,-0.000628436018957346,0.0038571030653819097,0.0021387754332904637,0.002224267453589804
"Atividades Financeiras, de Seguros e Serviços Relacionados",2024-04-01,2024-05-01,0.0023300051112205332,0.0019028870775388953,0.0020886433214730546,0.001967183145293261,0.00013747739624757926,0.0013244624604601075,2028.0,1065749.0,23151.0,21123.0,2087.1666666666665,0.0023085018609158413,-0.000628436018957346,0.0038571030653819097,0.0021387754332904637,0.002224267453589804,0.0019028870775388953
"Atividades Financeiras, de Seguros e Serviços Relacionados",2024-05-01,2024-06-01,0.0024354575727975826,0.0023300051112205332,0.002152386547449744,0.001970767020344043,0.00025757284879027675,0.0013254099430849724,2489.0,1068238.0,22156.0,19667.0,2095.8333333333335,-0.000628436018957346,0.0038571030653819097,0.0021387754332904637,0.002224267453589804,0.0019028870775388953,0.0023300051112205332
"Atividades Financeiras, de Seguros e Serviços Relacionados",2024-06-01,2024-07-01,0.00039765811110530286,0.0024354575727975826,0.002222783253852337,0.0024814159523031975,-0.0001958833944337808,0.0006371519943115223,2608.0,1070846.0,21139.0,18531.0,2641.0,0.0038571030653819097,0.0021387754332904637,0.002224267453589804,0.0019028870775388953,0.0023300051112205332,0.0024354575727975826
"Atividades Financeiras, de Seguros e Serviços Relacionados",2024-07-01,2024-08-01,0.00021651809045976497,0.00039765811110530286,0.0017210402650411395,0.001904841793257097,-0.00021842566341773794,0.000694103873772442,426.0,1071272.0,21508.0,21082.0,2031.1666666666667,0.0021387754332904637,0.002224267453589804,0.0019028870775388953,0.0023300051112205332,0.0024354575727975826,0.00039765811110530286
"Atividades Financeiras, de Seguros e Serviços Relacionados",2024-08-01,2024-09-01,0.0032993783550733873,0.00021651809045976497,0.0010165445914542169,0.0015844655694519805,-0.00041282803581068353,0.0009192884525840024,232.0,1071504.0,21385.0,21153.0,1691.5,0.002224267453589804,0.0019028870775388953,0.0023300051112205332,0.0024354575727975826,0.00039765811110530286,0.00021651809045976497
"Atividades Financeiras, de Seguros e Serviços Relacionados",2024-09-01,2024-10-01,0.0018652628451525449,0.0032993783550733873,0.0013045181855461517,0.0017636507196992443,-3.98801181800607e-05,0.001111266773945572,3547.0,1075051.0,22754.0,19207.0,1888.3333333333333,0.0019028870775388953,0.0023300051112205332,0.0024354575727975826,0.00039765811110530286,0.00021651809045976497,0.0032993783550733873
"Atividades Financeiras, de Seguros e Serviços Relacionados",2024-10-01,2024-11-01,0.001147179302177415,0.0018652628451525449,0.0017937197635618989,0.0017573800143015194,2.483171309769436e-06,0.0011105693275275503,2009.0,1077060.0,22425.0,20416.0,1885.1666666666667,0.0023300051112205332,0.0024354575727975826,0.00039765811110530286,0.00021651809045976497,0.0032993783550733873,0.0018652628451525449
"Atividades Financeiras, de Seguros e Serviços Relacionados",2024-11-01,2024-12-01,-0.0014702140029757207,0.001147179302177415,0.0021039401674677826,0.0015602423794609996,2.9836660390128823e-05,0.0010963158997678042,1237.0,1078297.0,19357.0,18120.0,1676.5,0.0024354575727975826,0.00039765811110530286,0.00021651809045976497,0.0032993783550733873,0.0018652628451525449,0.001147179302177415
"Atividades Financeiras, de Seguros e Serviços Relacionados",2024-12-01,2025-01-01,6.872290553015078e-05,-0.0014702140029757207,0.0005140760481180796,0.0009092971168321158,-0.00022804264129065737,0.0014768625051141627,-1583.0,1076714.0,14296.0,15879.0,978.0,0.00039765811110530286,0.00021651809045976497,0.0032993783550733873,0.0018652628451525449,0.001147179302177415,-0.0014702140029757207
"Atividades Financeiras, de Seguros e Serviços Relacionados",2025-01-01,2025-02-01,0.0030857653910997007,6.872290553015078e-05,-8.477059842271831e-05,0.0008544745825695904,-0.0004504524726220148,0.0015007495141328264,74.0,1076788.0,20547.0,20473.0,919.3333333333334,0.00021651809045976497,0.0032993783550733873,0.0018652628451525449,0.001147179302177415,-0.0014702140029757207,6.872290553015078e-05
"Atividades Financeiras, de Seguros e Serviços Relacionados",2025-02-01,2025-03-01,0.0009212693908244899,0.0030857653910997007,0.000561424764551377,0.0013326824660095798,-0.00025928794125396434,0.0016689851273913158,3333.0,1080121.0,23547.0,20214.0,1436.1666666666667,0.0032993783550733873,0.0018652628451525449,0.001147179302177415,-0.0014702140029757207,6.872290553015078e-05,0.0030857653910997007
"Atividades Financeiras, de Seguros e Serviços Relacionados",2025-03-01,2025-04-01,0.0016216121373420522,0.0009212693908244899,0.0013585858958181137,0.0009363309719680967,7.527794010378447e-05,0.0014184421671984443,996.0,1081117.0,20646.0,19650.0,1011.0,0.0018652628451525449,0.001147179302177415,-0.0014702140029757207,6.872290553015078e-05,0.0030857653910997007,0.0009212693908244899
"Atividades Financeiras, de Seguros e Serviços Relacionados",2025-04-01,2025-05-01,0.0007594380711933974,0.0016216121373420522,0.0018762156397554143,0.000895722520666348,0.0003589616240798105,0.0013945531340908263,1756.0,1082873.0,22177.0,20421.0,968.8333333333334,0.001147179302177415,-0.0014702140029757207,6.872290553015078e-05,0.0030857653910997007,0.0009212693908244899,0.0016216121373420522
"Atividades Financeiras, de Seguros e Serviços Relacionados",2025-05-01,2025-06-01,0.001626957000797817,0.0007594380711933974,0.0011007731997866464,0.0008310989821690117,0.00038978377331445944,0.0013903810263526095,823.0,1083696.0,21866.0,21043.0,899.8333333333334,-0.0014702140029757207,6.872290553015078e-05,0.0030857653910997007,0.0009212693908244899,0.0016216121373420522,0.0007594380711933974
"Atividades Financeiras, de Seguros e Serviços Relacionados",2025-06-01,2025-07-01,0.0015526836223152278,0.001626957000797817,0.0013360024031110888,0.0013472941494646013,4.3215178946770906e-05,0.0009431825747994654,1766.0,1085462.0,22191.0,20425.0,1458.0,6.872290553015078e-05,0.0030857653910997007,0.0009212693908244899,0.0016216121373420522,0.0007594380711933974,0.001626957000797817
"Atividades Financeiras, de Seguros e Serviços Relacionados",2025-07-01,2025-08-01,0.000824412915986166,0.0015526836223152278,0.001313026231435481,0.0015946209355954474,-0.0001831577165757439,0.000750330748331137,1688.0,1087150.0,23729.0,22041.0,1727.0,0.0030857653910997007,0.0009212693908244899,0.0016216121373420522,0.0007594380711933974,0.001626957000797817,0.0015526836223152278
"Atividades Financeiras, de Seguros e Serviços Relacionados",2025-08-01,2025-09-01,0.0003068778304656182,0.000824412915986166,0.0013346845130330703,0.0012177288564098586,5.0414574380665115e-06,0.0003863073391138508,897.0,1088047.0,21789.0,20892.0,1321.0,0.0009212693908244899,0.0016216121373420522,0.0007594380711933974,0.001626957000797817,0.0015526836223152278,0.000824412915986166
"Atividades Financeiras, de Seguros e Serviços Relacionados",2025-09-01,2025-10-01,0.0008005486328704167,0.0003068778304656182,0.0008946581229223373,0.001115330263016713,-0.00018437201081389858,0.0005122253258535229,334.0,1088381.0,21542.0,21208.0,1210.6666666666667,0.0016216121373420522,0.0007594380711933974,0.001626957000797817,0.0015526836223152278,0.000824412915986166,0.0003068778304656182
"Atividades Financeiras, de Seguros e Serviços Relacionados",2025-10-01,2025-11-01,0.0009886905902886372,0.0008005486328704167,0.0006439464597740669,0.000978486345604774,-0.00012808444025544456,0.0004663077129045787,872.0,1089253.0,21554.0,20682.0,1063.3333333333333,0.0007594380711933974,0.001626957000797817,0.0015526836223152278,0.000824412915986166,0.0003068778304656182,0.0008005486328704167
"Atividades Financeiras, de Seguros e Serviços Relacionados",2025-11-01,2025-12-01,-0.002254361290287078,0.0009886905902886372,0.0006987056845415574,0.0010166950987873138,-0.00017043634589716808,0.00045607379261368344,1078.0,1090331.0,19138.0,18060.0,1105.8333333333333,0.001626957000797817,0.0015526836223152278,0.000824412915986166,0.0003068778304656182,0.0008005486328704167,0.0009886905902886372
"Atividades Financeiras, de Seguros e Serviços Relacionados",2025-12-01,2026-01-01,-0.0007386828815071707,-0.002254361290287078,-0.00015504068904267473,0.00036980871693983124,-0.0005156777353628374,0.0012291350747032604,-2458.0,,14165.0,16623.0,401.8333333333333,0.0015526836223152278,0.000824412915986166,0.0003068778304656182,0.0008005486328704167,0.0009886905902886372,-0.002254361290287078
"Atividades Financeiras, de Seguros e Serviços Relacionados",2026-01-01,2026-02-01,-0.00019137664211279812,-0.0007386828815071707,-0.0006681178605018705,-1.208570036390186e-05,-0.0004374586969230443,0.0011560809297975153,-803.0,1087070.0,20191.0,20994.0,-13.333333333333334,0.000824412915986166,0.0003068778304656182,0.0008005486328704167,0.0009886905902886372,-0.002254361290287078,-0.0007386828815071707
"Atividades Financeiras, de Seguros e Serviços Relacionados",2026-02-01,2026-03-01,0.0009256629244881507,-0.00019137664211279812,-0.0010614736046356823,-0.00018138396004706246,-0.0002957719653314445,0.001093890808055971,-208.0,1086862.0,18992.0,19200.0,-197.5,0.0003068778304656182,0.0008005486328704167,0.0009886905902886372,-0.002254361290287078,-0.0007386828815071707,-0.00019137664211279812
"Atividades Financeiras, de Seguros e Serviços Relacionados",2026-03-01,2026-04-01,-0.00014525917270304337,0.0009256629244881507,-1.465533043939365e-06,-7.825311104330705e-05,-3.997005229530653e-05,0.001162104412698728,1007.0,1087869.0,23127.0,22120.0,-85.33333333333333,0.0008005486328704167,0.0009886905902886372,-0.002254361290287078,-0.0007386828815071707,-0.00019137664211279812,0.0009256629244881507
"Atividades Financeiras, de Seguros e Serviços Relacionados",2026-04-01,2026-05-01,6.159345013412663e-05,-0.00014525917270304337,0.00019634236989076975,-0.00023588774530555038,0.0001262180019646188,0.0010943815023231563,-158.0,1087711.0,21902.0,22060.0,-257.0,0.0009886905902886372,-0.002254361290287078,-0.0007386828815071707,-0.00019137664211279812,0.0009256629244881507,-0.00014525917270304337
"Atividades Financeiras, de Seguros e Serviços Relacionados",2026-05-01,2026-06-01,0.0006991021911020184,6.159345013412663e-05,0.000280665733973078,-0.00039040393533130215,0.00041363098271769586,0.0009688203032137999,67.0,1087778.0,20690.0,20623.0,-425.5,-0.002254361290287078,-0.0007386828815071707,-0.00019137664211279812,0.0009256629244881507,-0.00014525917270304337,6.159345013412663e-05
Atividades Imobiliárias,2020-07-01,2020-08-01,0.006459098820344227,0.004210785840340496,-0.0030967938963305333,-0.004251627360758007,-0.00028452526429551634,0.01010860649013337,649.0,154128.0,4181.0,3532.0,-654.3333333333334,0.006886584982720704,7.539488068760131e-05,-0.023181362338964746,-0.010484468176326148,-0.0030166993530059485,0.004210785840340496
Atividades Imobiliárias,2020-08-01,2020-09-01,0.008050438330061577,0.006459098820344227,0.002551061769226258,-0.004322875054487419,0.003473220944557687,0.010031059887080359,1002.0,155130.0,4479.0,3477.0,-670.0,7.539488068760131e-05,-0.023181362338964746,-0.010484468176326148,-0.0030166993530059485,0.004210785840340496,0.006459098820344227
Atividades Imobiliárias,2020-09-01,2020-10-01,0.01032147829388685,0.008050438330061577,0.006240107663582101,-0.0029937011462584247,0.006120491129385403,0.011006716591615399,1259.0,156389.0,5094.0,3835.0,-462.1666666666667,-0.023181362338964746,-0.010484468176326148,-0.0030166993530059485,0.004210785840340496,0.006459098820344227,0.008050438330061577
Atividades Imobiliárias,2020-10-01,2020-11-01,0.010625043044885641,0.01032147829388685,0.008277005148097552,0.0025901056258835087,0.003985127382293465,0.007182917367487346,1631.0,158020.0,5699.0,4068.0,410.6666666666667,-0.010484468176326148,-0.0030166993530059485,0.004210785840340496,0.006459098820344227,0.008050438330061577,0.01032147829388685
Atividades Imobiliárias,2020-11-01,2020-12-01,0.004413277232351566,0.010625043044885641,0.009665653222944688,0.006108357496085473,0.002518060824566124,0.004635244929409231,1697.0,159717.0,5333.0,3636.0,962.5,-0.0030166993530059485,0.004210785840340496,0.006459098820344227,0.008050438330061577,0.01032147829388685,0.010625043044885641
Atividades Imobiliárias,2020-12-01,2021-01-01,0.01231945624468989,0.004413277232351566,0.008453266190374686,0.007346686926978394,0.00045089513135728154,0.002559910456068738,708.0,160425.0,4604.0,3896.0,1157.6666666666667,0.004210785840340496,0.006459098820344227,0.008050438330061577,0.01032147829388685,0.010625043044885641,0.004413277232351566
Atividades Imobiliárias,2021-01-01,2021-02-01,0.010605054609026174,0.01231945624468989,0.009119258840642365,0.00869813199436996,0.0005341105308456305,0.002684988693318046,2001.0,162426.0,6204.0,4203.0,1383.0,0.006459098820344227,0.008050438330061577,0.01032147829388685,0.010625043044885641,0.004413277232351566,0.01231945624468989
Atividades Imobiliárias,2021-02-01,2021-03-01,0.009239701143043368,0.010605054609026174,0.00911259602868921,0.009389124625816949,0.00035872141241994384,0.0025499426497828607,1741.0,164167.0,6402.0,4661.0,1506.1666666666667,0.008050438330061577,0.01032147829388685,0.010625043044885641,0.004413277232351566,0.01231945624468989,0.010605054609026174
Atividades Imobiliárias,2021-03-01,2021-04-01,0.008728321278797777,0.009239701143043368,0.010721403998919812,0.009587335094647249,6.963794144407169e-05,0.0024835380388378465,1531.0,165698.0,6198.0,4667.0,1551.5,0.01032147829388685,0.010625043044885641,0.004413277232351566,0.01231945624468989,0.010605054609026174,0.009239701143043368
Atividades Imobiliárias,2021-04-01,2021-05-01,0.007958551436812306,0.008728321278797777,0.009524359010289108,0.009321808925465734,9.375032188492513e-05,0.002476007564670609,1459.0,167157.0,5640.0,4181.0,1522.8333333333333,0.010625043044885641,0.004413277232351566,0.01231945624468989,0.010605054609026174,0.009239701143043368,0.008728321278797777
Atividades Imobiliárias,2021-05-01,2021-06-01,0.010314001433152819,0.007958551436812306,0.008642191286217817,0.008877393657453513,0.0001596460759612733,0.002441266849729586,1341.0,168498.0,6156.0,4815.0,1463.5,0.004413277232351566,0.01231945624468989,0.010605054609026174,0.009239701143043368,0.008728321278797777,0.007958551436812306
Atividades Imobiliárias,2021-06-01,2021-07-01,0.009725114293358771,0.010314001433152819,0.009000291382920968,0.00986084769092039,-0.0005279475268163584,0.0014195726128083304,1756.0,170254.0,6521.0,4765.0,1638.1666666666667,0.01231945624468989,0.010605054609026174,0.009239701143043368,0.008728321278797777,0.007958551436812306,0.010314001433152819
Atividades Imobiliárias,2021-07-01,2021-08-01,0.010024932773641509,0.009725114293358771,0.009332555721107966,0.009428457365698537,-5.561630142840336e-05,0.0009076542653717445,1672.0,171926.0,6551.0,4879.0,1583.3333333333333,0.010605054609026174,0.009239701143043368,0.008728321278797777,0.007958551436812306,0.010314001433152819,0.009725114293358771
Atividades Imobiliárias,2021-08-01,2021-09-01,0.008795260490388567,0.010024932773641509,0.010021349500051032,0.009331770393134426,0.00026491391980040514,0.0008019070195454902,1741.0,173667.0,7029.0,5288.0,1583.3333333333333,0.009239701143043368,0.008728321278797777,0.007958551436812306,0.010314001433152819,0.009725114293358771,0.010024932773641509
Atividades Imobiliárias,2021-09-01,2021-10-01,0.005996652767140385,0.008795260490388567,0.009515102519129617,0.009257696951025293,0.00016985579796135761,0.0008271209190070755,1541.0,175208.0,7114.0,5573.0,1585.0,0.008728321278797777,0.007958551436812306,0.010314001433152819,0.009725114293358771,0.010024932773641509,0.008795260490388567
Atividades Imobiliárias,2021-10-01,2021-11-01,0.009997472549074671,0.005996652767140385,0.008272282010390153,0.00880241886574906,-0.00040188279132484685,0.0014840976969897203,1057.0,176265.0,6731.0,5674.0,1518.0,0.007958551436812306,0.010314001433152819,0.009725114293358771,0.010024932773641509,0.008795260490388567,0.005996652767140385
Atividades Imobiliárias,2021-11-01,2021-12-01,-0.000146051825928693,0.009997472549074671,0.008263128602201209,0.00914223905112612,-0.00039993432235139515,0.0014853983956800239,1780.0,178045.0,6939.0,5159.0,1591.1666666666667,0.010314001433152819,0.009725114293358771,0.010024932773641509,0.008795260490388567,0.005996652767140385,0.009997472549074671
Atividades Imobiliárias,2021-12-01,2022-01-01,0.005952480665605718,-0.000146051825928693,0.005282691163428787,0.007398896841279201,-0.0014924805426681713,0.003649253767013559,-26.0,178019.0,5617.0,5643.0,1294.1666666666667,0.009725114293358771,0.010024932773641509,0.008795260490388567,0.005996652767140385,0.009997472549074671,-0.000146051825928693
Atividades Imobiliárias,2022-01-01,2022-02-01,0.0076249161868769426,0.005952480665605718,0.0052679671295838984,0.006770124569987025,-0.0012338679344913268,0.00351688837469504,1066.0,179085.0,6998.0,5932.0,1193.1666666666667,0.010024932773641509,0.008795260490388567,0.005996652767140385,0.009997472549074671,-0.000146051825928693,0.005952480665605718
Atividades Imobiliárias,2022-02-01,2022-03-01,0.007146786971830986,0.0076249161868769426,0.004477115008851323,0.006370121805526264,-0.0004607932056332998,0.0032503308046172258,1376.0,180461.0,7918.0,6542.0,1132.3333333333333,0.008795260490388567,0.005996652767140385,0.009997472549074671,-0.000146051825928693,0.005952480665605718,0.0076249161868769426
Atividades Imobiliárias,2022-03-01,2022-04-01,0.005754545653458197,0.007146786971830986,0.006908061274771215,0.006095376219100002,0.0001351866979541209,0.0030999167287964684,1299.0,181760.0,8117.0,6818.0,1092.0,0.005996652767140385,0.009997472549074671,-0.000146051825928693,0.005952480665605718,0.0076249161868769426,0.007146786971830986
Atividades Imobiliárias,2022-04-01,2022-05-01,0.003950157189013659,0.005754545653458197,0.0068420829373887085,0.0060550250334863035,6.675192675622547e-05,0.0031025138247948625,1052.0,182812.0,7526.0,6474.0,1091.1666666666667,0.009997472549074671,-0.000146051825928693,0.005952480665605718,0.0076249161868769426,0.007146786971830986,0.005754545653458197
Atividades Imobiliárias,2022-05-01,2022-06-01,0.002613874729646013,0.003950157189013659,0.00561716327143428,0.005047139140142802,0.0005545460235206638,0.0025995552370800066,725.0,183537.0,7715.0,6990.0,915.3333333333334,-0.000146051825928693,0.005952480665605718,0.0076249161868769426,0.007146786971830986,0.005754545653458197,0.003950157189013659
Atividades Imobiliárias,2022-06-01,2022-07-01,0.0002770700117890574,0.002613874729646013,0.004106192524039289,0.005507126899405253,-0.0008317013711931759,0.0017429924188521535,481.0,184018.0,7107.0,6626.0,999.8333333333334,0.005952480665605718,0.0076249161868769426,0.007146786971830986,0.005754545653458197,0.003950157189013659,0.002613874729646013
Atividades Imobiliárias,2022-07-01,2022-08-01,0.003508069100299377,0.0002770700117890574,0.0022803673101495768,0.004561225123769142,-0.0014897816018982534,0.0025824700543207297,51.0,184069.0,7187.0,7136.0,830.6666666666666,0.0076249161868769426,0.007146786971830986,0.005754545653458197,0.003950157189013659,0.002613874729646013,0.0002770700117890574
Atividades Imobiliárias,2022-08-01,2022-09-01,0.003452796495411557,0.003508069100299377,0.0021330046139114824,0.003875083942672881,-0.0010274942497723743,0.0021951881409880297,648.0,184717.0,7546.0,6898.0,709.3333333333334,0.007146786971830986,0.005754545653458197,0.003950157189013659,0.002613874729646013,0.0002770700117890574,0.003508069100299377
Atividades Imobiliárias,2022-09-01,2022-10-01,0.004029939765833633,0.003452796495411557,0.002412645202499997,0.003259418863269643,-0.000433480422120943,0.0016387561788919613,640.0,185357.0,6880.0,6240.0,599.5,0.005754545653458197,0.003950157189013659,0.002613874729646013,0.0002770700117890574,0.003508069100299377,0.003452796495411557
Atividades Imobiliárias,2022-10-01,2022-11-01,0.0007302287871222006,0.004029939765833633,0.0036636017871815225,0.002971984548665549,0.00017561935056876628,0.0012900558601626087,750.0,186107.0,6567.0,5817.0,549.1666666666666,0.003950157189013659,0.002613874729646013,0.0002770700117890574,0.003508069100299377,0.003452796495411557,0.004029939765833633
Atividades Imobiliárias,2022-11-01,2022-12-01,-0.005089044792228818,0.0007302287871222006,0.0027376550161224635,0.0024353298150169727,5.100305556076717e-05,0.0014333016718543002,136.0,186243.0,6055.0,5919.0,451.0,0.002613874729646013,0.0002770700117890574,0.003508069100299377,0.003452796495411557,0.004029939765833633,0.0007302287871222006
Atividades Imobiliárias,2022-12-01,2023-01-01,0.001094321924712808,-0.005089044792228818,-0.00010962541309099463,0.001151509894704501,-0.000988198619691395,0.003136380491163889,-943.0,185300.0,4802.0,5745.0,213.66666666666666,0.0002770700117890574,0.003508069100299377,0.003452796495411557,0.004029939765833633,0.0007302287871222006,-0.005089044792228818
Atividades Imobiliárias,2023-01-01,2023-02-01,0.0020657711405316134,0.001094321924712808,-0.0010881646934646034,0.0012877185468584595,-0.0011712563062732972,0.0031131068106119123,203.0,185503.0,6948.0,6745.0,239.0,0.003508069100299377,0.003452796495411557,0.004029939765833633,0.0007302287871222006,-0.005089044792228818,0.001094321924712808
Atividades Imobiliárias,2023-02-01,2023-03-01,0.0034311386555297627,0.0020657711405316134,-0.000642983908994799,0.0010473355535638323,-0.0006160358250603774,0.0029854455123491494,384.0,185887.0,6753.0,6369.0,195.0,0.003452796495411557,0.004029939765833633,0.0007302287871222006,-0.005089044792228818,0.001094321924712808,0.0020657711405316134
Atividades Imobiliárias,2023-03-01,2023-04-01,0.003515238934743703,0.0034311386555297627,0.0021970772402580612,0.0010437259135835334,0.0002055996635900146,0.0029825466230615962,640.0,186527.0,8282.0,7642.0,195.0,0.004029939765833633,0.0007302287871222006,-0.005089044792228818,0.001094321924712808,0.0020657711405316134,0.0034311386555297627
Atividades Imobiliárias,2023-04-01,2023-05-01,0.002520542689360432,0.003515238934743703,0.003004049576935026,0.0009579424417352115,0.0011559157227772014,0.002901730999781468,658.0,187185.0,7115.0,6457.0,179.66666666666666,0.0007302287871222006,-0.005089044792228818,0.001094321924712808,0.0020657711405316134,0.0034311386555297627,0.003515238934743703
Atividades Imobiliárias,2023-05-01,2023-06-01,0.0018403863747579838,0.002520542689360432,0.0031556400932112993,0.0012563280921082502,0.0013336015986582022,0.002954542232389718,473.0,187658.0,7530.0,7057.0,235.83333333333334,-0.005089044792228818,0.001094321924712808,0.0020657711405316134,0.0034311386555297627,0.003515238934743703,0.002520542689360432
Atividades Imobiliárias,2023-06-01,2023-07-01,0.0027900068954543043,0.0018403863747579838,0.00262538933295404,0.0024112332866060506,0.00014796391931217934,0.000861244236016524,346.0,188004.0,7203.0,6857.0,450.6666666666667,0.001094321924712808,0.0020657711405316134,0.0034311386555297627,0.003515238934743703,0.002520542689360432,0.0018403863747579838
Atividades Imobiliárias,2023-07-01,2023-08-01,0.002059083522567873,0.0027900068954543043,0.0023836453198575734,0.0026938474483963,-6.130783751671883e-05,0.0006298728878961875,526.0,188530.0,7074.0,6548.0,504.5,0.0020657711405316134,0.0034311386555297627,0.003515238934743703,0.002520542689360432,0.0018403863747579838,0.0027900068954543043
Atividades Imobiliárias,2023-08-01,2023-09-01,0.0038859830429830854,0.002059083522567873,0.002229825597593387,0.0026927328454023434,-0.00027760365992228833,0.0006309882550984705,389.0,188919.0,7716.0,7327.0,505.3333333333333,0.0034311386555297627,0.003515238934743703,0.002520542689360432,0.0018403863747579838,0.0027900068954543043,0.002059083522567873
Atividades Imobiliárias,2023-09-01,2023-10-01,0.001058691541528624,0.0038859830429830854,0.002911691153668421,0.0027685402433112304,4.054181604330151e-05,0.000734052608532877,737.0,189656.0,6996.0,6259.0,521.5,0.003515238934743703,0.002520542689360432,0.0018403863747579838,0.0027900068954543043,0.002059083522567873,0.0038859830429830854
Atividades Imobiliárias,2023-10-01,2023-11-01,0.001740383199781269,0.001058691541528624,0.002334586035693194,0.0023591156777753837,-5.438254592486175e-05,0.0008749525882944481,201.0,189857.0,6788.0,6587.0,445.3333333333333,0.002520542689360432,0.0018403863747579838,0.0027900068954543043,0.002059083522567873,0.0038859830429830854,0.001058691541528624
Atividades Imobiliárias,2023-11-01,2023-12-01,-0.0029267057948774737,0.001740383199781269,0.002228352594764326,0.0022290890961788566,-0.00011048749760701145,0.0008989421485190535,331.0,190188.0,6748.0,6417.0,421.6666666666667,0.0018403863747579838,0.0027900068954543043,0.002059083522567873,0.0038859830429830854,0.001058691541528624,0.001740383199781269
Atividades Imobiliárias,2023-12-01,2024-01-01,0.0024513542943413696,-0.0029267057948774737,-4.254368452252683e-05,0.0014345737345729474,-0.000924770169184947,0.0021405678807402276,-555.0,189633.0,5391.0,5946.0,271.5,0.0027900068954543043,0.002059083522567873,0.0038859830429830854,0.001058691541528624,0.001740383199781269,-0.0029267057948774737
Atividades Imobiliárias,2024-01-01,2024-02-01,0.004195914091147198,0.0024513542943413696,0.0004216772330817217,0.0013781316343874578,-0.0005084291713274731,0.002108305579583058,466.0,190099.0,7311.0,6845.0,261.5,0.002059083522567873,0.0038859830429830854,0.001058691541528624,0.001740383199781269,-0.0029267057948774737,0.0024513542943413696
Atividades Imobiliárias,2024-02-01,2024-03-01,0.004702766394511006,0.004195914091147198,0.0012401875302036978,0.001734270062484012,3.030155727428735e-05,0.002358845392743743,801.0,190900.0,7697.0,6896.0,330.1666666666667,0.0038859830429830854,0.001058691541528624,0.001740383199781269,-0.0029267057948774737,0.0024513542943413696,0.004195914091147198
Atividades Imobiliárias,2024-03-01,2024-04-01,0.006330818965517241,0.004702766394511006,0.0037833449266665244,0.0018704006210719989,0.0008847150579493866,0.002498526968373264,902.0,191802.0,8202.0,7300.0,357.6666666666667,0.001058691541528624,0.001740383199781269,-0.0029267057948774737,0.0024513542943413696,0.004195914091147198,0.004702766394511006
Atividades Imobiliárias,2024-04-01,2024-05-01,0.0006471687660821438,0.006330818965517241,0.005076499817058482,0.0027490885250701018,0.0013595758626757462,0.0029456105097807814,1222.0,193024.0,8397.0,7175.0,527.8333333333334,0.001740383199781269,-0.0029267057948774737,0.0024513542943413696,0.004195914091147198,0.004702766394511006,0.006330818965517241
Atividades Imobiliárias,2024-05-01,2024-06-01,0.0037035699732290693,0.0006471687660821438,0.003893584708703464,0.0025668861194535807,0.0008575605463339858,0.0030348289790439378,125.0,193149.0,7513.0,7388.0,493.5,-0.0029267057948774737,0.0024513542943413696,0.004195914091147198,0.004702766394511006,0.006330818965517241,0.0006471687660821438
Atividades Imobiliárias,2024-06-01,2024-07-01,0.0027007284250380676,0.0037035699732290693,0.003560519234942818,0.0036719320808046713,-7.87744288500126e-05,0.001781706120282347,718.0,193867.0,7441.0,6723.0,705.6666666666666,0.0024513542943413696,0.004195914091147198,0.004702766394511006,0.006330818965517241,0.0006471687660821438,0.0037035699732290693
Atividades Imobiliárias,2024-07-01,2024-08-01,0.0019202530215746076,0.0027007284250380676,0.0023504890547830933,0.0037134944359207872,-0.0004616333655379015,0.0017554639475221082,525.0,194392.0,7579.0,7054.0,715.5,0.004195914091147198,0.004702766394511006,0.006330818965517241,0.0006471687660821438,0.0037035699732290693,0.0027007284250380676
Atividades Imobiliárias,2024-08-01,2024-09-01,0.004477566166774006,0.0019202530215746076,0.0027748504732805815,0.0033342175909920227,-0.0006213267793992169,0.001853366420062073,374.0,194766.0,7533.0,7159.0,644.3333333333334,0.004702766394511006,0.006330818965517241,0.0006471687660821438,0.0037035699732290693,0.0027007284250380676,0.0019202530215746076
Atividades Imobiliárias,2024-09-01,2024-10-01,0.0018876395322735343,0.004477566166774006,0.003032849204462227,0.0032966842197025225,-0.00018428150786942255,0.0018273692445904093,876.0,195642.0,7556.0,6680.0,640.0,0.006330818965517241,0.0006471687660821438,0.0037035699732290693,0.0027007284250380676,0.0019202530215746076,0.004477566166774006
Atividades Imobiliárias,2024-10-01,2024-11-01,0.0007748618502885341,0.0018876395322735343,0.0027618195735407158,0.0025561543141619045,0.0002212533430893801,0.0012599468352448625,370.0,196012.0,7909.0,7539.0,498.0,0.0006471687660821438,0.0037035699732290693,0.0027007284250380676,0.0019202530215746076,0.004477566166774006,0.0018876395322735343
Atividades Imobiliárias,2024-11-01,2024-12-01,-0.0031142133926516835,0.0007748618502885341,0.002380022516445358,0.00257743649486297,-0.00041501411850848195,0.0012282002820959612,152.0,196164.0,6794.0,6642.0,502.5,0.0037035699732290693,0.0027007284250380676,0.0019202530215746076,0.004477566166774006,0.0018876395322735343,0.0007748618502885341
Atividades Imobiliárias,2024-12-01,2025-01-01,0.004738251071323148,-0.0031142133926516835,-0.00015057067002987177,0.0014411392672161775,-0.001002880263908784,0.0023248845523755053,-609.0,195555.0,5146.0,5755.0,281.3333333333333,0.0027007284250380676,0.0019202530215746076,0.004477566166774006,0.0018876395322735343,0.0007748618502885341,-0.0031142133926516835
Atividades Imobiliárias,2025-01-01,2025-02-01,0.008697845719186722,0.004738251071323148,0.0007996331763199994,0.0017807263749303576,-0.00027994646032912485,0.0026147974450286614,931.0,196486.0,8038.0,7107.0,349.0,0.0019202530215746076,0.004477566166774006,0.0018876395322735343,0.0007748618502885341,-0.0031142133926516835,0.004738251071323148
Atividades Imobiliárias,2025-02-01,2025-03-01,0.0026417088082119405,0.008697845719186722,0.003440627799286062,0.0029103251578657097,0.0007361187753220626,0.003678634392141512,1724.0,198210.0,9305.0,7581.0,574.0,0.004477566166774006,0.0018876395322735343,0.0007748618502885341,-0.0031142133926516835,0.004738251071323148,0.008697845719186722
Atividades Imobiliárias,2025-03-01,2025-04-01,0.006647839452178042,0.0026417088082119405,0.00535926853290727,0.0026043489314386994,0.0010111932128674692,0.0036112852652655505,525.0,198735.0,8167.0,7642.0,515.5,0.0018876395322735343,0.0007748618502885341,-0.0031142133926516835,0.004738251071323148,0.008697845719186722,0.0026417088082119405
Atividades Imobiliárias,2025-04-01,2025-05-01,0.0014573985435996745,0.006647839452178042,0.005995797993192234,0.0033977155847561176,0.001445492835997199,0.003879601503411255,1330.0,200065.0,8517.0,7187.0,675.5,0.0007748618502885341,-0.0031142133926516835,0.004738251071323148,0.008697845719186722,0.0026417088082119405,0.006647839452178042
Atividades Imobiliárias,2025-05-01,2025-06-01,0.002950982831550137,0.0014573985435996745,0.0035823156013298856,0.003511471700307974,0.0006437339403670484,0.0038104171411291283,292.0,200357.0,8051.0,7759.0,698.8333333333334,-0.0031142133926516835,0.004738251071323148,0.008697845719186722,0.0026417088082119405,0.006647839452178042,0.0014573985435996745
Atividades Imobiliárias,2025-06-01,2025-07-01,0.0025018118280103648,0.002950982831550137,0.003685406942442618,0.004522337737674943,-0.0007614729166188596,0.0024966316202831387,593.0,200950.0,7803.0,7210.0,899.1666666666666,0.004738251071323148,0.008697845719186722,0.0026417088082119405,0.006647839452178042,0.0014573985435996745,0.002950982831550137
Atividades Imobiliárias,2025-07-01,2025-08-01,0.002124993189124394,0.0025018118280103648,0.0023033977343867255,0.00414959786378948,-0.0010069368084127301,0.0026013237971867186,504.0,201454.0,8091.0,7587.0,828.0,0.008697845719186722,0.0026417088082119405,0.006647839452178042,0.0014573985435996745,0.002950982831550137,0.0025018118280103648
Atividades Imobiliárias,2025-08-01,2025-09-01,0.0028351699373200235,0.002124993189124394,0.0025259292828949654,0.003054122442112426,-0.00038651647657115125,0.0016739862665913438,429.0,201883.0,8020.0,7591.0,612.1666666666666,0.0026417088082119405,0.006647839452178042,0.0014573985435996745,0.002950982831550137,0.0025018118280103648,0.002124993189124394
Atividades Imobiliárias,2025-09-01,2025-10-01,0.0019029495718363464,0.0028351699373200235,0.0024873249848182608,0.0030863659636304395,-0.0005002781326073059,0.0016675829539719615,574.0,202457.0,7996.0,7422.0,620.3333333333334,0.006647839452178042,0.0014573985435996745,0.002950982831550137,0.0025018118280103648,0.002124993189124394,0.0028351699373200235
Atividades Imobiliárias,2025-10-01,2025-11-01,0.0014178042740891346,0.0019029495718363464,0.002287704232760255,0.00229555098357349,4.2957080560201504e-05,0.0005242531832540134,386.0,202843.0,8134.0,7748.0,463.0,0.0014573985435996745,0.002950982831550137,0.0025018118280103648,0.002124993189124394,0.0028351699373200235,0.0019029495718363464
Atividades Imobiliárias,2025-11-01,2025-12-01,-0.005129694630558605,0.0014178042740891346,0.002051974594415168,0.002288951938655067,-0.00025006579450375527,0.0005349029335504617,288.0,203131.0,7012.0,6724.0,462.3333333333333,0.002950982831550137,0.0025018118280103648,0.002124993189124394,0.0028351699373200235,0.0019029495718363464,0.0014178042740891346
Atividades Imobiliárias,2025-12-01,2026-01-01,0.0029503618880342597,-0.005129694630558605,-0.0006029802615443747,0.0009421723616369432,-0.001177466268669551,0.002751722718929755,-1042.0,,5228.0,6270.0,189.83333333333334,0.0025018118280103648,0.002124993189124394,0.0028351699373200235,0.0019029495718363464,0.0014178042740891346,-0.005129694630558605
Atividades Imobiliárias,2026-01-01,2026-02-01,0.002288926518075136,0.0029503618880342597,-0.00025384282281173693,0.001016930704974259,-0.0005786541573381076,0.002798770104311179,598.0,202687.0,7923.0,7325.0,205.5,0.002124993189124394,0.0028351699373200235,0.0019029495718363464,0.0014178042740891346,-0.005129694630558605,0.0029503618880342597
Atividades Imobiliárias,2026-02-01,2026-03-01,0.005716523101018011,0.002288926518075136,3.653125851693018e-05,0.0010442529264660491,-0.000175327972922241,0.002810230608501663,465.0,203152.0,8004.0,7539.0,211.5,0.0028351699373200235,0.0019029495718363464,0.0014178042740891346,-0.005129694630558605,0.0029503618880342597,0.002288926518075136
Atividades Imobiliárias,2026-03-01,2026-04-01,0.0032635897535965345,0.005716523101018011,0.003651937169042469,0.0015244784537490471,0.000850322597041691,0.0032818541999829415,1168.0,204320.0,9125.0,7957.0,310.5,0.0019029495718363464,0.0014178042740891346,-0.005129694630558605,0.0029503618880342597,0.002288926518075136,0.005716523101018011
Atividades Imobiliárias,2026-04-01,2026-05-01,0.0008091443055250908,0.0032635897535965345,0.003756346457563227,0.001751251817375745,0.0011744612920659347,0.0033465433090230485,669.0,204989.0,8376.0,7707.0,357.6666666666667,0.0014178042740891346,-0.005129694630558605,0.0029503618880342597,0.002288926518075136,0.005716523101018011,0.0032635897535965345
Atividades Imobiliárias,2026-05-01,2026-06-01,0.002314826071944405,0.0008091443055250908,0.0032630857200465456,0.0016498084892817377,0.0009731849960013762,0.0033642915926406273,166.0,205155.0,7805.0,7639.0,337.3333333333333,-0.005129694630558605,0.0029503618880342597,0.002288926518075136,0.005716523101018011,0.0032635897535965345,0.0008091443055250908
"Atividades Profissionais, Científicas e Técnicas",2020-07-01,2020-08-01,0.01103531976580849,0.004949019505010642,-0.0026420740555729346,-0.00386234334358029,-1.4530641666723199e-05,0.008750420384638165,5662.0,1144065.0,35063.0,29401.0,-4417.333333333333,0.006058398375143499,-0.0017198528173434653,-0.01958638345256297,-0.009459052501461973,-0.003416189170267471,0.004949019505010642
"Atividades Profissionais, Científicas e Técnicas",2020-08-01,2020-09-01,0.010548562904776404,0.01103531976580849,0.004189383366850554,-0.003032856445136125,0.004097855289133573,0.009821830279454201,12766.0,1156831.0,43322.0,30556.0,-3478.8333333333335,-0.0017198528173434653,-0.01958638345256297,-0.009459052501461973,-0.003416189170267471,0.004949019505010642,0.01103531976580849
"Atividades Profissionais, Científicas e Técnicas",2020-09-01,2020-10-01,0.016438070369074218,0.010548562904776404,0.008844300725198512,-0.0009881204914494804,0.006300658778965323,0.011078924455471066,12333.0,1169164.0,45533.0,33200.0,-1086.3333333333333,-0.01958638345256297,-0.009459052501461973,-0.003416189170267471,0.004949019505010642,0.01103531976580849,0.010548562904776404
"Atividades Profissionais, Científicas e Técnicas",2020-10-01,2020-11-01,0.01112491129935936,0.016438070369074218,0.012673984346553036,0.005015955145490051,0.005070462023960297,0.008925045282353269,19540.0,1188704.0,55301.0,35761.0,5934.5,-0.009459052501461973,-0.003416189170267471,0.004949019505010642,0.01103531976580849,0.010548562904776404,0.016438070369074218
"Atividades Profissionais, Científicas e Técnicas",2020-11-01,2020-12-01,-0.002838970395620494,0.01112491129935936,0.012703848191069995,0.008446615778960274,0.0030481685165512223,0.006259865605195559,13373.0,1202077.0,49014.0,35641.0,9964.166666666666,-0.003416189170267471,0.004949019505010642,0.01103531976580849,0.010548562904776404,0.016438070369074218,0.01112491129935936
"Atividades Profissionais, Científicas e Técnicas",2020-12-01,2021-01-01,0.014887544183913562,-0.002838970395620494,0.008241337090937694,0.008542818908068102,-0.0009366190696630063,0.006078627698184677,-3403.0,1198674.0,37908.0,41311.0,10045.166666666666,0.004949019505010642,0.01103531976580849,0.010548562904776404,0.016438070369074218,0.01112491129935936,-0.002838970395620494
"Atividades Profissionais, Científicas e Técnicas",2021-01-01,2021-02-01,0.012579019548969804,0.014887544183913562,0.007724495029217476,0.010199239687885256,-0.0007489896251537192,0.006225967850282441,18115.0,1216789.0,56218.0,38103.0,12120.666666666666,0.01103531976580849,0.010548562904776404,0.016438070369074218,0.01112491129935936,-0.002838970395620494,0.014887544183913562
"Atividades Profissionais, Científicas e Técnicas",2021-02-01,2021-03-01,0.012977255761350493,0.012579019548969804,0.008209197779087624,0.010456522985078811,-0.00024180505798556583,0.006286801096436593,15501.0,1232290.0,56608.0,41107.0,12576.5,0.010548562904776404,0.016438070369074218,0.01112491129935936,-0.002838970395620494,0.014887544183913562,0.012579019548969804
"Atividades Profissionais, Científicas e Técnicas",2021-03-01,2021-04-01,0.009733780469620009,0.012977255761350493,0.013481273164744617,0.010861305127841158,0.00013670760827847828,0.006357485601515938,16202.0,1248492.0,61028.0,44826.0,13221.333333333334,0.016438070369074218,0.01112491129935936,-0.002838970395620494,0.014887544183913562,0.012579019548969804,0.012977255761350493
"Atividades Profissionais, Científicas e Técnicas",2021-04-01,2021-05-01,0.011534517309616174,0.009733780469620009,0.01176335192664677,0.00974392347793212,0.0010909857053506414,0.005847869837679439,12272.0,1260764.0,55510.0,43238.0,12010.0,0.01112491129935936,-0.002838970395620494,0.014887544183913562,0.012579019548969804,0.012977255761350493,0.009733780469620009
"Atividades Profissionais, Científicas e Técnicas",2021-05-01,2021-06-01,0.011543957866413716,0.011534517309616174,0.011415184513528893,0.009812191146308257,0.0016229823884480953,0.005865955817121185,14712.0,1275476.0,60127.0,45415.0,12233.166666666666,-0.002838970395620494,0.014887544183913562,0.012579019548969804,0.012977255761350493,0.009733780469620009,0.011534517309616174
"Atividades Profissionais, Científicas e Técnicas",2021-06-01,2021-07-01,0.010635288055983433,0.011543957866413716,0.010937418548549965,0.012209345856647291,-0.000659854674208303,0.0015772153346743346,14896.0,1290372.0,59421.0,44525.0,15283.0,0.014887544183913562,0.012579019548969804,0.012977255761350493,0.009733780469620009,0.011534517309616174,0.011543957866413716
"Atividades Profissionais, Científicas e Técnicas",2021-07-01,2021-08-01,0.011591927180628993,0.010635288055983433,0.011237921077337773,0.01150063650199227,-0.000349080408849886,0.0010967335786322432,13871.0,1304243.0,62309.0,48438.0,14575.666666666666,0.012579019548969804,0.012977255761350493,0.009733780469620009,0.011534517309616174,0.011543957866413716,0.010635288055983433
"Atividades Profissionais, Científicas e Técnicas",2021-08-01,2021-09-01,0.010170302686151121,0.011591927180628993,0.011257057701008715,0.011336121107268804,-0.00012036227393484879,0.0009916299172228363,15296.0,1319539.0,64957.0,49661.0,14541.5,0.012977255761350493,0.009733780469620009,0.011534517309616174,0.011543957866413716,0.010635288055983433,0.011591927180628993
"Atividades Profissionais, Científicas e Técnicas",2021-09-01,2021-10-01,0.007946270767055497,0.010170302686151121,0.010799172640921182,0.010868295594735573,4.131916815039213e-05,0.0007362772047623369,13558.0,1333097.0,64625.0,51067.0,14100.833333333334,0.009733780469620009,0.011534517309616174,0.011543957866413716,0.010635288055983433,0.011591927180628993,0.010170302686151121
"Atividades Profissionais, Científicas e Técnicas",2021-10-01,2021-11-01,0.010162996879723506,0.007946270767055497,0.009902833544611871,0.010570377310974821,-0.0006030159751127316,0.001289133910498629,10678.0,1343775.0,64896.0,54218.0,13835.166666666666,0.011534517309616174,0.011543957866413716,0.010635288055983433,0.011591927180628993,0.010170302686151121,0.007946270767055497
"Atividades Profissionais, Científicas e Técnicas",2021-11-01,2021-12-01,-0.005527701837407202,0.010162996879723506,0.009426523444310041,0.01034179057265938,-0.0004683851798489353,0.0012175165250328998,13797.0,1357572.0,64444.0,50647.0,13682.666666666666,0.011543957866413716,0.010635288055983433,0.011591927180628993,0.010170302686151121,0.007946270767055497,0.010162996879723506
"Atividades Profissionais, Científicas e Técnicas",2021-12-01,2022-01-01,0.009464354233904545,-0.005527701837407202,0.0041938552697906,0.007496513955355891,-0.0024950220653932914,0.005926157663409368,-7463.0,1350109.0,50565.0,58028.0,9956.166666666666,0.010635288055983433,0.011591927180628993,0.010170302686151121,0.007946270767055497,0.010162996879723506,-0.005527701837407202
"Atividades Profissionais, Científicas e Técnicas",2022-01-01,2022-02-01,0.009951267842369011,0.009464354233904545,0.004699883092073616,0.007301358318342743,-0.0015861472054751204,0.005838208145208505,12900.0,1363009.0,68337.0,55437.0,9794.333333333334,0.011591927180628993,0.010170302686151121,0.007946270767055497,0.010162996879723506,-0.005527701837407202,0.009464354233904545
"Atividades Profissionais, Científicas e Técnicas",2022-02-01,2022-03-01,0.009501300439235492,0.009951267842369011,0.004629306746288785,0.0070279150952994125,-0.00034947492958554657,0.005666751836028709,13700.0,1376709.0,69730.0,56030.0,9528.333333333334,0.010170302686151121,0.007946270767055497,0.010162996879723506,-0.005527701837407202,0.009464354233904545,0.009951267842369011
"Atividades Profissionais, Científicas e Técnicas",2022-03-01,2022-04-01,0.007679885083731237,0.009501300439235492,0.00963897417183635,0.006916414720813475,0.0006323433520042353,0.005610123283170113,13206.0,1389915.0,75264.0,62058.0,9469.666666666666,0.007946270767055497,0.010162996879723506,-0.005527701837407202,0.009464354233904545,0.009951267842369011,0.009501300439235492
"Atividades Profissionais, Científicas e Técnicas",2022-04-01,2022-05-01,0.008508577949050465,0.007679885083731237,0.00904415112177858,0.0068720171069260975,0.0009473817559551773,0.005602846838060149,10757.0,1400672.0,69844.0,59087.0,9482.833333333334,0.010162996879723506,-0.005527701837407202,0.009464354233904545,0.009951267842369011,0.009501300439235492,0.007679885083731237
"Atividades Profissionais, Científicas e Técnicas",2022-05-01,2022-06-01,0.007961910914798143,0.008508577949050465,0.008563254490672398,0.006596280618480592,0.0018393721165324251,0.005473313378006891,12020.0,1412692.0,71266.0,59246.0,9186.666666666666,-0.005527701837407202,0.009464354233904545,0.009951267842369011,0.009501300439235492,0.007679885083731237,0.008508577949050465
"Atividades Profissionais, Científicas e Técnicas",2022-06-01,2022-07-01,0.006658179725511396,0.007961910914798143,0.008050124649193281,0.008844549410514815,-0.0003903343323140545,0.0008454462481780829,11338.0,1424030.0,67870.0,56532.0,12320.166666666666,0.009464354233904545,0.009951267842369011,0.009501300439235492,0.007679885083731237,0.008508577949050465,0.007961910914798143
"Atividades Profissionais, Científicas e Técnicas",2022-07-01,2022-08-01,0.009008666486474902,0.006658179725511396,0.007709556196453335,0.008376853659115958,-0.000578711894065169,0.0011084745250790915,9545.0,1433575.0,67349.0,57804.0,11761.0,0.009951267842369011,0.009501300439235492,0.007679885083731237,0.008508577949050465,0.007961910914798143,0.006658179725511396
"Atividades Profissionais, Científicas e Técnicas",2022-08-01,2022-09-01,0.006642948716628178,0.009008666486474902,0.007876252375594814,0.008219753433133605,-0.00017357008207756513,0.0009259786875571697,13032.0,1446607.0,74346.0,61314.0,11649.666666666666,0.009501300439235492,0.007679885083731237,0.008508577949050465,0.007961910914798143,0.006658179725511396,0.009008666486474902
"Atividades Profissionais, Científicas e Técnicas",2022-09-01,2022-10-01,0.006804395952144848,0.006642948716628178,0.007436598309538159,0.007743361479365719,-0.00014251849750082104,0.0008781489815056958,9674.0,1456281.0,72077.0,62403.0,11061.0,0.007679885083731237,0.008508577949050465,0.007961910914798143,0.006658179725511396,0.009008666486474902,0.006642948716628178
"Atividades Profissionais, Científicas e Técnicas",2022-10-01,2022-11-01,0.006394279572865378,0.006804395952144848,0.007485337051749309,0.007597446624101321,-0.00028935170908784245,0.0009466391375899608,9977.0,1466258.0,67654.0,57677.0,10931.0,0.008508577949050465,0.007961910914798143,0.006658179725511396,0.009008666486474902,0.006642948716628178,0.006804395952144848
"Atividades Profissionais, Científicas e Técnicas",2022-11-01,2022-12-01,-0.0073271625163826995,0.006394279572865378,0.006613874747212802,0.0072450635614038075,-0.0002790064514174339,0.0009353396589405478,9436.0,1475694.0,64826.0,55390.0,10500.333333333334,0.007961910914798143,0.006658179725511396,0.009008666486474902,0.006642948716628178,0.006804395952144848,0.006394279572865378
"Atividades Profissionais, Científicas e Técnicas",2022-12-01,2023-01-01,0.006611469373639563,-0.0073271625163826995,0.001957171002875842,0.004696884656207,-0.0022173835632794963,0.005448635456121633,-10734.0,1464960.0,49306.0,60040.0,6821.666666666667,0.006658179725511396,0.009008666486474902,0.006642948716628178,0.006804395952144848,0.006394279572865378,-0.0073271625163826995
"Atividades Profissionais, Científicas e Técnicas",2023-01-01,2023-02-01,0.00556520965121854,0.006611469373639563,0.0018928621433740803,0.004689099597561695,-0.0015516124469282517,0.005445860241975164,9750.0,1474710.0,72463.0,62713.0,6855.833333333333,0.009008666486474902,0.006642948716628178,0.006804395952144848,0.006394279572865378,-0.0073271625163826995,0.006611469373639563
"Atividades Profissionais, Científicas e Técnicas",2023-02-01,2023-03-01,0.006588299287646419,0.00556520965121854,0.0016165055028251345,0.004115190125018968,-0.0005625404900517748,0.005132852372593501,8253.0,1482963.0,66682.0,58429.0,6059.333333333333,0.006642948716628178,0.006804395952144848,0.006394279572865378,-0.0073271625163826995,0.006611469373639563,0.00556520965121854
"Atividades Profissionais, Científicas e Técnicas",2023-03-01,2023-04-01,0.005076595475251847,0.006588299287646419,0.006254992770834841,0.004106081886855341,0.0002963125372168463,0.005128405349063771,9835.0,1492798.0,79286.0,69451.0,6086.166666666667,0.006804395952144848,0.006394279572865378,-0.0073271625163826995,0.006611469373639563,0.00556520965121854,0.006588299287646419
"Atividades Profissionais, Científicas e Técnicas",2023-04-01,2023-05-01,0.002811957098214464,0.005076595475251847,0.005743368138038936,0.003818115140706508,0.000974620148617105,0.0050160857464566465,7617.0,1500415.0,66151.0,58534.0,5692.833333333333,0.006394279572865378,-0.0073271625163826995,0.006611469373639563,0.00556520965121854,0.006588299287646419,0.005076595475251847
"Atividades Profissionais, Científicas e Técnicas",2023-05-01,2023-06-01,0.004070042593469002,0.002811957098214464,0.004825617287037578,0.0032210613949313557,0.0013461161718357297,0.004885413477344562,4231.0,1504646.0,70531.0,66300.0,4825.333333333333,-0.0073271625163826995,0.006611469373639563,0.00556520965121854,0.006588299287646419,0.005076595475251847,0.002811957098214464
"Atividades Profissionais, Científicas e Técnicas",2023-06-01,2023-07-01,0.004215029099849063,0.004070042593469002,0.003986198388978437,0.0051205955799066396,-0.0006422455820645602,0.0013546186265657866,6149.0,1510795.0,69363.0,63214.0,7639.166666666667,0.006611469373639563,0.00556520965121854,0.006588299287646419,0.005076595475251847,0.002811957098214464,0.004070042593469002
"Atividades Profissionais, Científicas e Técnicas",2023-07-01,2023-08-01,0.0040973276129161,0.004215029099849063,0.0036990095971775098,0.0047211888676082225,-0.00047343746332620016,0.0012007040566978436,6395.0,1517190.0,69426.0,63031.0,7080.0,0.00556520965121854,0.006588299287646419,0.005076595475251847,0.002811957098214464,0.004070042593469002,0.004215029099849063
"Atividades Profissionais, Científicas e Técnicas",2023-08-01,2023-09-01,0.005647209944102282,0.0040973276129161,0.004127466435411388,0.004476541861224483,-0.00039375634298872573,0.0011523787156839727,6242.0,1523432.0,75992.0,69750.0,6744.833333333333,0.006588299287646419,0.005076595475251847,0.002811957098214464,0.004070042593469002,0.004215029099849063,0.0040973276129161
"Atividades Profissionais, Científicas e Técnicas",2023-09-01,2023-10-01,0.004317205066265816,0.005647209944102282,0.0046531888856224815,0.00431969363730046,0.0001958334398496323,0.0008879936529709837,8652.0,1532084.0,69610.0,60958.0,6547.666666666667,0.005076595475251847,0.002811957098214464,0.004070042593469002,0.004215029099849063,0.0040973276129161,0.005647209944102282
"Atividades Profissionais, Científicas e Técnicas",2023-10-01,2023-11-01,0.0036164971845067577,0.004317205066265816,0.004687247541094733,0.004193128569136122,0.00034685829729210377,0.0008228193268791814,6643.0,1538727.0,69824.0,63181.0,6385.333333333333,0.002811957098214464,0.004070042593469002,0.004215029099849063,0.0040973276129161,0.005647209944102282,0.004317205066265816
"Atividades Profissionais, Científicas e Técnicas",2023-11-01,2023-12-01,-0.007243645015738263,0.0036164971845067577,0.004526970731624952,0.00432721858351817,-1.1751908982136322e-05,0.0006297060422696277,5585.0,1544312.0,66777.0,61192.0,6611.0,0.004070042593469002,0.004215029099849063,0.0040973276129161,0.005647209944102282,0.004317205066265816,0.0036164971845067577
"Atividades Profissionais, Científicas e Técnicas",2023-12-01,2024-01-01,0.007858413951532016,-0.007243645015738263,0.0002300190783447702,0.002441603981983626,-0.0017161676211714602,0.004375398431145887,-11106.0,1533206.0,51446.0,62552.0,3735.1666666666665,0.004215029099849063,0.0040973276129161,0.005647209944102282,0.004317205066265816,0.0036164971845067577,-0.007243645015738263
"Atividades Profissionais, Científicas e Técnicas",2024-01-01,2024-02-01,0.00510340396465022,0.007858413951532016,0.0014104220401001703,0.003048834790597451,-0.0005876526019486033,0.0048105627989454515,12144.0,1545350.0,78053.0,65909.0,4693.333333333333,0.0040973276129161,0.005647209944102282,0.004317205066265816,0.0036164971845067577,-0.007243645015738263,0.007858413951532016
"Atividades Profissionais, Científicas e Técnicas",2024-02-01,2024-03-01,0.006460373921325439,0.00510340396465022,0.0019060576334813245,0.003216514182553138,-8.444415547733498e-05,0.0048614522123398085,7927.0,1553277.0,75671.0,67744.0,4974.166666666667,0.005647209944102282,0.004317205066265816,0.0036164971845067577,-0.007243645015738263,0.007858413951532016,0.00510340396465022
"Atividades Profissionais, Científicas e Técnicas",2024-03-01,2024-04-01,0.005906530693739166,0.006460373921325439,0.006474063945835892,0.0033520415120903307,0.0008651035309428221,0.004938057037852165,10100.0,1563377.0,80657.0,70557.0,5215.5,0.004317205066265816,0.0036164971845067577,-0.007243645015738263,0.007858413951532016,0.00510340396465022,0.006460373921325439
"Atividades Profissionais, Científicas e Técnicas",2024-04-01,2024-05-01,0.0017062831592137386,0.005906530693739166,0.005823436193238275,0.0036169291166692225,0.0014230632677277525,0.005024594933739813,9289.0,1572666.0,82589.0,73300.0,5656.5,0.0036164971845067577,-0.007243645015738263,0.007858413951532016,0.00510340396465022,0.006460373921325439,0.005906530693739166
"Atividades Profissionais, Científicas e Técnicas",2024-05-01,2024-06-01,0.0039302718185094555,0.0017062831592137386,0.004691062591426115,0.0032985601124537194,0.0011500274588016192,0.005074802793214191,2688.0,1575354.0,75535.0,72847.0,5173.666666666667,-0.007243645015738263,0.007858413951532016,0.00510340396465022,0.006460373921325439,0.005906530693739166,0.0017062831592137386
"Atividades Profissionais, Científicas e Técnicas",2024-06-01,2024-07-01,0.005243702933567813,0.0039302718185094555,0.0038476952238207865,0.0051608795848283396,-0.0008681690374002438,0.001956753610433353,6216.0,1581570.0,73534.0,67318.0,8060.666666666667,0.007858413951532016,0.00510340396465022,0.006460373921325439,0.005906530693739166,0.0017062831592137386,0.0039302718185094555
"Atividades Profissionais, Científicas e Técnicas",2024-07-01,2024-08-01,0.0059757481407845744,0.005243702933567813,0.0036267526370970023,0.004725094415167638,-0.0003168302570967256,0.0015579914374302339,8337.0,1589907.0,81535.0,73198.0,7426.166666666667,0.00510340396465022,0.006460373921325439,0.005906530693739166,0.0017062831592137386,0.0039302718185094555,0.005243702933567813
"Atividades Profissionais, Científicas e Técnicas",2024-08-01,2024-09-01,0.006069354822673176,0.0059757481407845744,0.005049907630953947,0.004870485111190031,-6.250352925493359e-05,0.0016257413598041004,9558.0,1599465.0,80782.0,71224.0,7698.0,0.006460373921325439,0.005906530693739166,0.0017062831592137386,0.0039302718185094555,0.005243702933567813,0.0059757481407845744
"Atividades Profissionais, Científicas e Técnicas",2024-09-01,2024-10-01,0.0034808121853815797,0.006069354822673176,0.0057629352990085205,0.004805315261414654,0.0004267413344125972,0.0015674963750338486,9767.0,1609232.0,79323.0,69556.0,7642.5,0.005906530693739166,0.0017062831592137386,0.0039302718185094555,0.005243702933567813,0.0059757481407845744,0.006069354822673176
"Atividades Profissionais, Científicas e Técnicas",2024-10-01,2024-11-01,0.002173790805692885,0.0034808121853815797,0.0051753050496131095,0.004401028843355056,0.0004577696957299176,0.001543978477696078,5621.0,1614853.0,79651.0,74030.0,7031.166666666667,0.0017062831592137386,0.0039302718185094555,0.005243702933567813,0.0059757481407845744,0.006069354822673176,0.0034808121853815797
"Atividades Profissionais, Científicas e Técnicas",2024-11-01,2024-12-01,-0.0073667816967687,0.002173790805692885,0.0039079859379158805,0.004478946784434915,-0.0003993563036215127,0.0014121924431234828,3518.0,1618371.0,68549.0,65031.0,7169.5,0.0039302718185094555,0.005243702933567813,0.0059757481407845744,0.006069354822673176,0.0034808121853815797,0.002173790805692885
"Atividades Profissionais, Científicas e Técnicas",2024-12-01,2025-01-01,0.006755641396433798,-0.0073667816967687,-0.0005707262352314118,0.002596104531888554,-0.002201338222692834,0.004667536722276761,-11835.0,1606536.0,51040.0,62875.0,4161.0,0.005243702933567813,0.0059757481407845744,0.006069354822673176,0.0034808121853815797,0.002173790805692885,-0.0073667816967687
"Atividades Profissionais, Científicas e Técnicas",2025-01-01,2025-02-01,0.00872343333351719,0.006755641396433798,0.0005208835017859941,0.002848094275699552,-0.0010775989902790915,0.004841252781526583,10927.0,1617463.0,85101.0,74174.0,4592.666666666667,0.0059757481407845744,0.006069354822673176,0.0034808121853815797,0.002173790805692885,-0.0073667816967687,0.006755641396433798
"Atividades Profissionais, Científicas e Técnicas",2025-02-01,2025-03-01,0.0047939778854898,0.00872343333351719,0.0027040976777274292,0.0033060418078216546,0.00038726593385471825,0.005229809838150732,14234.0,1631697.0,89674.0,75440.0,5372.0,0.006069354822673176,0.0034808121853815797,0.002173790805692885,-0.0073667816967687,0.006755641396433798,0.00872343333351719
"Atividades Profissionais, Científicas e Técnicas",2025-03-01,2025-04-01,0.006802214217954356,0.0047939778854898,0.00675768420514693,0.003093478984957759,0.0011524908336347573,0.005138294510997861,7860.0,1639557.0,81948.0,74088.0,5054.166666666667,0.0034808121853815797,0.002173790805692885,-0.0073667816967687,0.006755641396433798,0.00872343333351719,0.0047939778854898
"Atividades Profissionais, Científicas e Técnicas",2025-04-01,2025-05-01,0.0040717088930248835,0.006802214217954356,0.006773208478987116,0.003647045990386555,0.001759776792719035,0.0053257001782837255,11229.0,1650786.0,84696.0,73467.0,5988.833333333333,0.002173790805692885,-0.0073667816967687,0.006755641396433798,0.00872343333351719,0.0047939778854898,0.006802214217954356
"Atividades Profissionais, Científicas e Técnicas",2025-05-01,2025-06-01,0.005831134612120387,0.0040717088930248835,0.005222633665489679,0.003963365671608554,0.0015257918847286338,0.005285010300070505,6749.0,1657535.0,82564.0,75815.0,6527.333333333333,-0.0073667816967687,0.006755641396433798,0.00872343333351719,0.0047939778854898,0.006802214217954356,0.0040717088930248835
"Atividades Profissionais, Científicas e Técnicas",2025-06-01,2025-07-01,0.005004645977693339,0.005831134612120387,0.0055683525743665425,0.006163018389756736,-0.00047341345458798325,0.0015096076849280262,9722.0,1667257.0,79312.0,69590.0,10120.166666666666,0.006755641396433798,0.00872343333351719,0.0047939778854898,0.006802214217954356,0.0040717088930248835,0.005831134612120387
"Atividades Profissionais, Científicas e Técnicas",2025-07-01,2025-08-01,0.005109695775387131,0.005004645977693339,0.004969163160946203,0.005871185819966659,-0.0005203706264044847,0.0015358558579614745,8386.0,1675643.0,86036.0,77650.0,9696.666666666666,0.00872343333351719,0.0047939778854898,0.006802214217954356,0.0040717088930248835,0.005831134612120387,0.005004645977693339
"Atividades Profissionais, Científicas e Técnicas",2025-08-01,2025-09-01,0.007146427788244559,0.005109695775387131,0.0053151587884002855,0.005268896226944982,-5.8705415777168724e-05,0.000858404914640395,8606.0,1684249.0,85450.0,76844.0,8758.666666666666,0.0047939778854898,0.006802214217954356,0.0040717088930248835,0.005831134612120387,0.005004645977693339,0.005109695775387131
"Atividades Profissionais, Científicas e Técnicas",2025-09-01,2025-10-01,0.004735855211435518,0.007146427788244559,0.005753589847108343,0.005660971210737442,0.00011452971040316304,0.0010644556167358538,12123.0,1696372.0,87332.0,75209.0,9469.166666666666,0.006802214217954356,0.0040717088930248835,0.005831134612120387,0.005004645977693339,0.005109695775387131,0.007146427788244559
"Atividades Profissionais, Científicas e Técnicas",2025-10-01,2025-11-01,0.003259031927752765,0.004735855211435518,0.005663992925022403,0.0053165780429843025,0.0002106188833748424,0.0009695496073500385,8072.0,1704444.0,86901.0,78829.0,8943.0,0.0040717088930248835,0.005831134612120387,0.005004645977693339,0.005109695775387131,0.007146427788244559,0.004735855211435518
"Atividades Profissionais, Científicas e Técnicas",2025-11-01,2025-12-01,-0.010495217299009308,0.003259031927752765,0.005047104975810947,0.005181131882105617,-0.0003322901059358325,0.0011700342934773847,5573.0,1710017.0,74620.0,69047.0,8747.0,0.005831134612120387,0.005004645977693339,0.005109695775387131,0.007146427788244559,0.004735855211435518,0.003259031927752765
"Atividades Profissionais, Científicas e Técnicas",2025-12-01,2026-01-01,0.007648764421340064,-0.010495217299009308,-0.0008334433866070082,0.0024600732302506676,-0.0024417680143778674,0.005903591286464065,-17947.0,,53965.0,71912.0,4135.5,0.005004645977693339,0.005109695775387131,0.007146427788244559,0.004735855211435518,0.003259031927752765,-0.010495217299009308
"Atividades Profissionais, Científicas e Técnicas",2026-01-01,2026-02-01,0.004973057257267304,0.007648764421340064,0.0001375263500278404,0.0029007596375251223,-0.0011916118661622775,0.006169775512093999,13042.0,1705112.0,85684.0,72642.0,4911.5,0.005109695775387131,0.007146427788244559,0.004735855211435518,0.003259031927752765,-0.010495217299009308,0.007648764421340064
"Atividades Profissionais, Científicas e Técnicas",2026-02-01,2026-03-01,0.00703855240033353,0.004973057257267304,0.0007088681265326868,0.002877986551171817,-0.0004537821214838487,0.0061618271924902355,8522.0,1713634.0,84180.0,75658.0,4897.5,0.007146427788244559,0.004735855211435518,0.003259031927752765,-0.010495217299009308,0.007648764421340064,0.004973057257267304
"Atividades Profissionais, Científicas e Técnicas",2026-03-01,2026-04-01,0.0022339844303310794,0.00703855240033353,0.0065534580263136325,0.002860007319853312,0.000994272675810944,0.006149491363451499,12147.0,1725781.0,94443.0,82296.0,4901.5,0.004735855211435518,0.003259031927752765,-0.010495217299009308,0.007648764421340064,0.004973057257267304,0.00703855240033353
"Atividades Profissionais, Científicas e Técnicas",2026-04-01,2026-05-01,0.000561071895787396,0.0022339844303310794,0.0047485313626439716,0.0024430288563359057,0.0012800104127670667,0.0060927188414617185,3864.0,1729645.0,83814.0,79950.0,4200.166666666667,0.003259031927752765,-0.010495217299009308,0.007648764421340064,0.004973057257267304,0.00703855240033353,0.0022339844303310794
"Atividades Profissionais, Científicas e Técnicas",2026-05-01,2026-06-01,0.0026774054868947744,0.000561071895787396,0.0032778695754840017,0.0019933688510083442,0.001174360032686365,0.006115418676769181,971.0,1730616.0,79236.0,78265.0,3433.1666666666665,-0.010495217299009308,0.007648764421340064,0.004973057257267304,0.00703855240033353,0.0022339844303310794,0.000561071895787396
Comércio; reparação de veículos automotores e motocicletas,2020-07-01,2020-08-01,0.00579831356287211,0.003198189898657717,-0.003591555003352106,-0.008005846263002282,0.0013888461858657752,0.01083972279965492,26141.0,8173686.0,245220.0,219079.0,-66268.83333333333,0.0007278308867505399,-0.008551273602071297,-0.029436969852636614,-0.011542797756528929,-0.002430057152185106,0.003198189898657717
Comércio; reparação de veículos automotores e motocicletas,2020-08-01,2020-09-01,0.008330220301343104,0.00579831356287211,0.0021888154364482406,-0.007160765816982021,0.005107604448084111,0.011654686385176048,47670.0,8221356.0,279049.0,231379.0,-59364.333333333336,-0.008551273602071297,-0.029436969852636614,-0.011542797756528929,-0.002430057152185106,0.003198189898657717,0.00579831356287211
Comércio; reparação de veículos automotores e motocicletas,2020-09-01,2020-10-01,0.013585657090838005,0.008330220301343104,0.0057755745876243115,-0.004347183499746287,0.007042500907969843,0.01294559097854958,69061.0,8290417.0,324027.0,254966.0,-35733.0,-0.029436969852636614,-0.011542797756528929,-0.002430057152185106,0.003198189898657717,0.00579831356287211,0.008330220301343104
Comércio; reparação de veículos automotores e motocicletas,2020-10-01,2020-11-01,0.020675168613874053,0.013585657090838005,0.009238063651684407,0.00282325432416615,0.004586378007475247,0.008053242365630202,114182.0,8404599.0,397125.0,282943.0,23830.166666666668,-0.011542797756528929,-0.002430057152185106,0.003198189898657717,0.00579831356287211,0.008330220301343104,0.013585657090838005
Comércio; reparação de veículos automotores e motocicletas,2020-11-01,2020-12-01,0.006845356644330998,0.020675168613874053,0.01419701533535172,0.00819291538589998,0.004263441061294503,0.007398604682775413,177435.0,8582034.0,436572.0,259137.0,69115.0,-0.002430057152185106,0.003198189898657717,0.00579831356287211,0.008330220301343104,0.013585657090838005,0.020675168613874053
Comércio; reparação de veículos automotores e motocicletas,2020-12-01,2021-01-01,0.000806183235782695,0.006845356644330998,0.013702060783014352,0.009738817685319331,0.0019463381620247748,0.005817582444808818,59152.0,8641186.0,360180.0,301028.0,82273.5,0.003198189898657717,0.00579831356287211,0.008330220301343104,0.013585657090838005,0.020675168613874053,0.006845356644330998
Comércio; reparação de veículos automotores e motocicletas,2021-01-01,2021-02-01,0.007566592694547476,0.000806183235782695,0.009442236164662582,0.009340149908173494,-0.0006378780309556386,0.0063130040841514684,6972.0,8648158.0,343287.0,336315.0,79078.66666666667,0.00579831356287211,0.008330220301343104,0.013585657090838005,0.020675168613874053,0.006845356644330998,0.000806183235782695
Comércio; reparação de veículos automotores e motocicletas,2021-02-01,2021-03-01,0.0016195723531575131,0.007566592694547476,0.005072710858220389,0.009634863096786055,-0.0015996106162482029,0.0061806672874770395,65936.0,8714094.0,386423.0,320487.0,82123.0,0.008330220301343104,0.013585657090838005,0.020675168613874053,0.006845356644330998,0.000806183235782695,0.007566592694547476
Comércio; reparação de veículos automotores e motocicletas,2021-03-01,2021-04-01,0.0007767588264015574,0.0016195723531575131,0.0033307827611625614,0.008516421772088457,-0.0030055807101408696,0.0068828435936922295,14136.0,8728230.0,352666.0,338530.0,72968.83333333333,0.013585657090838005,0.020675168613874053,0.006845356644330998,0.000806183235782695,0.007566592694547476,0.0016195723531575131
Comércio; reparação de veículos automotores e motocicletas,2021-04-01,2021-05-01,0.006768855781493617,0.0007767588264015574,0.003320974624702182,0.0063816053946823825,-0.003097399781489089,0.006965412234940044,6785.0,8735015.0,297448.0,290663.0,55069.333333333336,0.020675168613874053,0.006845356644330998,0.000806183235782695,0.007566592694547476,0.0016195723531575131,0.0007767588264015574
Comércio; reparação de veículos automotores e motocicletas,2021-05-01,2021-06-01,0.008173547389489071,0.006768855781493617,0.003055062320350896,0.004063886589285643,-0.00018336565382057947,0.0030197929347234257,59529.0,8794544.0,353869.0,294340.0,35418.333333333336,0.006845356644330998,0.000806183235782695,0.007566592694547476,0.0016195723531575131,0.0007767588264015574,0.006768855781493617
Comércio; reparação de veículos automotores e motocicletas,2021-06-01,2021-07-01,0.008340790053322677,0.008173547389489071,0.005239720665794749,0.004285251713478655,0.0009600227572175522,0.003255088768067467,72475.0,8867019.0,378302.0,305827.0,37638.833333333336,0.000806183235782695,0.007566592694547476,0.0016195723531575131,0.0007767588264015574,0.006768855781493617,0.008173547389489071
Comércio; reparação de veículos automotores e motocicletas,2021-07-01,2021-08-01,0.00861365109973204,0.008340790053322677,0.007761064408101789,0.005541019516401985,0.000843571681656078,0.0031213078036908307,74580.0,8941599.0,390197.0,315617.0,48906.833333333336,0.007566592694547476,0.0016195723531575131,0.0007767588264015574,0.006768855781493617,0.008173547389489071,0.008340790053322677
Comércio; reparação de veículos automotores e motocicletas,2021-08-01,2021-09-01,0.0066516639402498965,0.00861365109973204,0.00837599618084793,0.005715529250599412,0.0016876336863323267,0.0032560397902760304,77689.0,9019288.0,417484.0,339795.0,50865.666666666664,0.0016195723531575131,0.0007767588264015574,0.006768855781493617,0.008173547389489071,0.008340790053322677,0.00861365109973204
Comércio; reparação de veículos automotores e motocicletas,2021-09-01,2021-10-01,0.007689039105629944,0.0066516639402498965,0.007868701697768205,0.006554211181781476,0.0010021758339368732,0.002692270778125228,60395.0,9079683.0,418178.0,357783.0,58575.5,0.0007767588264015574,0.006768855781493617,0.008173547389489071,0.008340790053322677,0.00861365109973204,0.0066516639402498965
Comércio; reparação de veículos automotores e motocicletas,2021-10-01,2021-11-01,0.014994307982549863,0.007689039105629944,0.007651451381870626,0.007706257894986208,8.803637696384591e-06,0.0007566968325237037,70355.0,9150038.0,433236.0,362881.0,69170.5,0.006768855781493617,0.008173547389489071,0.008340790053322677,0.00861365109973204,0.0066516639402498965,0.007689039105629944
Comércio; reparação de veículos automotores e motocicletas,2021-11-01,2021-12-01,0.0009693130105616724,0.014994307982549863,0.009778337009476569,0.009077166595162249,0.0008624732275069599,0.0027201760956861625,139287.0,9289325.0,475000.0,335713.0,82463.5,0.008173547389489071,0.008340790053322677,0.00861365109973204,0.0066516639402498965,0.007689039105629944,0.014994307982549863
Comércio; reparação de veículos automotores e motocicletas,2021-12-01,2022-01-01,-0.006504262170865694,0.0009693130105616724,0.007884220032913827,0.007876460865341014,-0.00047651541142775694,0.004096070159961461,9013.0,9298338.0,390748.0,381735.0,71886.5,0.008340790053322677,0.00861365109973204,0.0066516639402498965,0.007689039105629944,0.014994307982549863,0.0009693130105616724
Comércio; reparação de veículos automotores e motocicletas,2022-01-01,2022-02-01,0.0014288541635928305,-0.006504262170865694,0.0031531196074152806,0.005402285494642952,-0.0024380385790038106,0.00671474838683999,-60088.0,9238250.0,368425.0,428513.0,49441.833333333336,0.00861365109973204,0.0066516639402498965,0.007689039105629944,0.014994307982549863,0.0009693130105616724,-0.006504262170865694
Comércio; reparação de veículos automotores e motocicletas,2022-02-01,2022-03-01,3.8046564022369216e-05,0.0014288541635928305,-0.0013686983322370638,0.004204819338619752,-0.002363398505278869,0.006675812206709597,13219.0,9251469.0,428466.0,415247.0,38696.833333333336,0.0066516639402498965,0.007689039105629944,0.014994307982549863,0.0009693130105616724,-0.006504262170865694,0.0014288541635928305
Comércio; reparação de veículos automotores e motocicletas,2022-03-01,2022-04-01,0.003152757404793967,3.8046564022369216e-05,-0.001679120481083498,0.0031025497759151646,-0.0024692828384667524,0.00672661095244015,352.0,9251821.0,435469.0,435117.0,28689.666666666668,0.007689039105629944,0.014994307982549863,0.0009693130105616724,-0.006504262170865694,0.0014288541635928305,3.8046564022369216e-05
Comércio; reparação de veículos automotores e motocicletas,2022-04-01,2022-05-01,0.0050979569474175175,0.003152757404793967,0.0015398860441363888,0.0023465028257758347,-0.0015448124541125384,0.0064163951967134815,29261.0,9281082.0,423529.0,394268.0,21840.666666666668,0.014994307982549863,0.0009693130105616724,-0.006504262170865694,0.0014288541635928305,3.8046564022369216e-05,0.003152757404793967
Comércio; reparação de veículos automotores e motocicletas,2022-05-01,2022-06-01,0.005031669246886804,0.0050979569474175175,0.0027629203054112847,0.0006971109865871105,0.0013778134517625064,0.0036125090031521516,47557.0,9328639.0,448810.0,401253.0,6552.333333333333,0.0009693130105616724,-0.006504262170865694,0.0014288541635928305,3.8046564022369216e-05,0.003152757404793967,0.0050979569474175175
Comércio; reparação de veículos automotores e motocicletas,2022-06-01,2022-07-01,0.004097345032163001,0.005031669246886804,0.00442746119969943,0.0013741703593079656,0.0020514764651716607,0.003963692991644569,47176.0,9375815.0,436638.0,389462.0,12912.833333333334,-0.006504262170865694,0.0014288541635928305,3.8046564022369216e-05,0.003152757404793967,0.0050979569474175175,0.005031669246886804
Comércio; reparação de veículos automotores e motocicletas,2022-07-01,2022-08-01,0.004429439710668313,0.004097345032163001,0.004742323742155774,0.0031411048931460814,0.0008648149124019344,0.0018654225650522147,38574.0,9414389.0,437488.0,398914.0,29356.5,0.0014288541635928305,3.8046564022369216e-05,0.003152757404793967,0.0050979569474175175,0.005031669246886804,0.004097345032163001
Comércio; reparação de veículos automotores e motocicletas,2022-08-01,2022-09-01,0.0060933868768832935,0.004429439710668313,0.004519484663239373,0.003641202484325328,0.0007064125975658887,0.001737154114934375,41886.0,9456275.0,466529.0,424643.0,34134.333333333336,3.8046564022369216e-05,0.003152757404793967,0.0050979569474175175,0.005031669246886804,0.004097345032163001,0.004429439710668313
Comércio; reparação de veículos automotores e motocicletas,2022-09-01,2022-10-01,0.005160815403814775,0.0060933868768832935,0.004873390539904869,0.004650425869802149,0.0003360934695850061,0.0009151968069338445,57974.0,9514249.0,451905.0,393931.0,43738.0,0.003152757404793967,0.0050979569474175175,0.005031669246886804,0.004097345032163001,0.004429439710668313,0.0060933868768832935
Comércio; reparação de veículos automotores e motocicletas,2022-10-01,2022-11-01,0.01095901432679454,0.005160815403814775,0.005227880663788795,0.004985102202972284,0.00010947256715660208,0.0006286159837261332,49356.0,9563605.0,443634.0,394278.0,47087.166666666664,0.0050979569474175175,0.005031669246886804,0.004097345032163001,0.004429439710668313,0.0060933868768832935,0.005160815403814775
Comércio; reparação de veículos automotores e motocicletas,2022-11-01,2022-12-01,-0.0017897290583310775,0.01095901432679454,0.0074044055358308694,0.005961945099535122,0.000985459533734542,0.002320937523659744,105969.0,9669574.0,476560.0,370591.0,56822.5,0.005031669246886804,0.004097345032163001,0.004429439710668313,0.0060933868768832935,0.005160815403814775,0.01095901432679454
Comércio; reparação de veículos automotores e motocicletas,2022-12-01,2023-01-01,-0.005576128203859347,-0.0017897290583310775,0.004776700224092745,0.0048250453819988085,-0.00030797765934743464,0.0037369394610584773,-17275.0,9652299.0,387648.0,404923.0,46080.666666666664,0.004097345032163001,0.004429439710668313,0.0060933868768832935,0.005160815403814775,0.01095901432679454,-0.0017897290583310775
Comércio; reparação de veículos automotores e motocicletas,2023-01-01,2023-02-01,-0.00013805750485806125,-0.005576128203859347,0.0011977190215347053,0.00321279984266175,-0.0019393996701514758,0.005413673264722467,-53524.0,9598775.0,401624.0,455148.0,30731.0,0.004429439710668313,0.0060933868768832935,0.005160815403814775,0.01095901432679454,-0.0017897290583310775,-0.005576128203859347
Comércio; reparação de veículos automotores e motocicletas,2023-02-01,2023-03-01,0.0019295955024981788,-0.00013805750485806125,-0.002501304922349495,0.0024515503067406874,-0.002174765603338707,0.005509358349850268,-1325.0,9597450.0,419008.0,420333.0,23529.166666666668,0.0060933868768832935,0.005160815403814775,0.01095901432679454,-0.0017897290583310775,-0.005576128203859347,-0.00013805750485806125
Comércio; reparação de veículos automotores e motocicletas,2023-03-01,2023-04-01,0.002857760885913133,0.0019295955024981788,-0.0012615300687397431,0.0017575850776765012,-0.00152096326134483,0.005263682382476048,18555.0,9616005.0,492497.0,473942.0,16959.333333333332,0.005160815403814775,0.01095901432679454,-0.0017897290583310775,-0.005576128203859347,-0.00013805750485806125,0.0019295955024981788
Comércio; reparação de veículos automotores e motocicletas,2023-04-01,2023-05-01,0.0015956142762959553,0.002857760885913133,0.0015497662945177504,0.0013737426580262278,-0.0006831492235119421,0.005082363516434002,27559.0,9643564.0,423690.0,396131.0,13326.5,0.01095901432679454,-0.0017897290583310775,-0.005576128203859347,-0.00013805750485806125,0.0019295955024981788,0.002857760885913133
Comércio; reparação de veículos automotores e motocicletas,2023-05-01,2023-06-01,0.002123450208842785,0.0015956142762959553,0.0021276568882357557,-0.00018682401705686966,0.001265601055708824,0.002844353981888155,15412.0,9658976.0,449993.0,434581.0,-1766.3333333333333,-0.0017897290583310775,-0.005576128203859347,-0.00013805750485806125,0.0019295955024981788,0.002857760885913133,0.0015956142762959553
Comércio; reparação de veículos automotores e motocicletas,2023-06-01,2023-07-01,0.002755331242452047,0.002123450208842785,0.002192275123683958,0.00046537252747210736,0.0012750592225825041,0.0028506723732317015,20554.0,9679530.0,439553.0,418999.0,4538.5,-0.005576128203859347,-0.00013805750485806125,0.0019295955024981788,0.002857760885913133,0.0015956142762959553,0.002123450208842785
Comércio; reparação de veículos automotores e motocicletas,2023-07-01,2023-08-01,0.0042924187307148655,0.002755331242452047,0.002158131909196929,0.0018539491018573398,0.0003938960355990623,0.0009944268272967017,26744.0,9706274.0,436119.0,409375.0,17916.5,-0.00013805750485806125,0.0019295955024981788,0.002857760885913133,0.0015956142762959553,0.002123450208842785,0.002755331242452047
Comércio; reparação de veículos automotores e motocicletas,2023-08-01,2023-09-01,0.004439017106735153,0.0042924187307148655,0.0030570667273365653,0.002592361807786161,0.0003438475183784858,0.0008793778248553837,41843.0,9748117.0,483899.0,442056.0,25111.166666666668,0.0019295955024981788,0.002857760885913133,0.0015956142762959553,0.002123450208842785,0.002755331242452047,0.0042924187307148655
Comércio; reparação de veículos automotores e motocicletas,2023-09-01,2023-10-01,0.005044796742358094,0.004439017106735153,0.003828922359967355,0.003010598741825656,0.00047510215717074536,0.0010457195268352376,43465.0,9791582.0,454280.0,410815.0,29262.833333333332,0.002857760885913133,0.0015956142762959553,0.002123450208842785,0.002755331242452047,0.0042924187307148655,0.004439017106735153
Comércio; reparação de veículos automotores e motocicletas,2023-10-01,2023-11-01,0.008933190398527281,0.005044796742358094,0.004592077526602704,0.0033751047178998163,0.0007351343003500173,0.0012831335620551907,49647.0,9841229.0,474062.0,424415.0,32944.166666666664,0.0015956142762959553,0.002123450208842785,0.002755331242452047,0.0042924187307148655,0.004439017106735153,0.005044796742358094
Comércio; reparação de veículos automotores e motocicletas,2023-11-01,2023-12-01,-0.0008011500923303057,0.008933190398527281,0.00613900141587351,0.004598034071605038,0.0011732484521188827,0.0021844520062229184,88706.0,9929935.0,502406.0,413700.0,45159.833333333336,0.002123450208842785,0.002755331242452047,0.0042924187307148655,0.004439017106735153,0.005044796742358094,0.008933190398527281
Comércio; reparação de veículos automotores e motocicletas,2023-12-01,2024-01-01,-0.0038661345352493898,-0.0008011500923303057,0.004392279016185024,0.00411060068807619,-9.298034385290238e-05,0.0028934713847707954,-7949.0,9921986.0,420581.0,428530.0,40409.333333333336,0.002755331242452047,0.0042924187307148655,0.004439017106735153,0.005044796742358094,0.008933190398527281,-0.0008011500923303057
Comércio; reparação de veículos automotores e motocicletas,2024-01-01,2024-02-01,0.0019916195267571115,-0.0038661345352493898,0.001421968590315862,0.0030070230584592823,-0.0015035678363099559,0.004177664977236685,-38212.0,9883774.0,447139.0,485351.0,29583.333333333332,0.0042924187307148655,0.004439017106735153,0.005044796742358094,0.008933190398527281,-0.0008011500923303057,-0.0038661345352493898
Comércio; reparação de veículos automotores e motocicletas,2024-02-01,2024-03-01,0.003771555572276446,0.0019916195267571115,-0.0008918883669408613,0.0026235565244663236,-0.0013915463492448648,0.004147566169332813,19724.0,9903498.0,495449.0,475725.0,25896.833333333332,0.004439017106735153,0.005044796742358094,0.008933190398527281,-0.0008011500923303057,-0.0038661345352493898,0.0019916195267571115
Comércio; reparação de veículos automotores e motocicletas,2024-03-01,2024-04-01,0.002735882871469182,0.003771555572276446,0.0006323468545947226,0.002512312935389873,-0.0008644543688182234,0.004106125193847637,37493.0,9940991.0,519886.0,482393.0,24901.5,0.005044796742358094,0.008933190398527281,-0.0008011500923303057,-0.0038661345352493898,0.0019916195267571115,0.003771555572276446
Comércio; reparação de veículos automotores e motocicletas,2024-04-01,2024-05-01,0.0006391209385242853,0.002735882871469182,0.002833019323500913,0.0021274939569083874,-0.00032601904512753526,0.003956209887671676,27272.0,9968263.0,512709.0,485437.0,21172.333333333332,0.008933190398527281,-0.0008011500923303057,-0.0038661345352493898,0.0019916195267571115,0.003771555572276446,0.002735882871469182
Comércio; reparação de veículos automotores e motocicletas,2024-05-01,2024-06-01,0.003338512497439561,0.0006391209385242853,0.002382186460756638,0.0007451490469078882,0.0008224955262842288,0.0025279130238542234,6375.0,9974638.0,478022.0,471647.0,7450.5,-0.0008011500923303057,-0.0038661345352493898,0.0019916195267571115,0.003771555572276446,0.002735882871469182,0.0006391209385242853
Comércio; reparação de veículos automotores e motocicletas,2024-06-01,2024-07-01,0.0032868066725671103,0.003338512497439561,0.0022378387691443426,0.0014350928118695325,0.0008837161913696856,0.0025761865907680576,33412.0,10008050.0,479623.0,446211.0,14344.0,-0.0038661345352493898,0.0019916195267571115,0.003771555572276446,0.002735882871469182,0.0006391209385242853,0.003338512497439561
Comércio; reparação de veículos automotores e motocicletas,2024-07-01,2024-08-01,0.004734054964240593,0.0032868066725671103,0.0024214800361769856,0.0026272496798389494,8.800127347412688e-05,0.001050303841093693,33003.0,10041053.0,503945.0,470942.0,26213.166666666668,0.0019916195267571115,0.003771555572276446,0.002735882871469182,0.0006391209385242853,0.003338512497439561,0.0032868066725671103
Comércio; reparação de veículos automotores e motocicletas,2024-08-01,2024-09-01,0.0044034422282826875,0.004734054964240593,0.003786458044749088,0.003084322252752863,0.00026184742634370833,0.0012516615453809106,47761.0,10088814.0,519122.0,471361.0,30886.0,0.003771555572276446,0.002735882871469182,0.0006391209385242853,0.003338512497439561,0.0032868066725671103,0.004734054964240593
Comércio; reparação de veículos automotores e motocicletas,2024-09-01,2024-10-01,0.004352344475926024,0.0044034422282826875,0.004141434621696798,0.0031896366954205697,0.0005877398010383999,0.0013292341672609784,44622.0,10133436.0,505578.0,460956.0,32074.166666666668,0.002735882871469182,0.0006391209385242853,0.003338512497439561,0.0032868066725671103,0.004734054964240593,0.0044034422282826875
Comércio; reparação de veículos automotores e motocicletas,2024-10-01,2024-11-01,0.009206502338082836,0.004352344475926024,0.004496613889483101,0.003459046962830044,0.0006630901477489011,0.0013730553718785624,44297.0,10177733.0,543498.0,499201.0,34911.666666666664,0.0006391209385242853,0.003338512497439561,0.0032868066725671103,0.004734054964240593,0.0044034422282826875,0.004352344475926024
Comércio; reparação de veículos automotores e motocicletas,2024-11-01,2024-12-01,-0.0024478831870611553,0.009206502338082836,0.005987429680763848,0.004886943862756469,0.0009201699964952914,0.0020066393751957453,94572.0,10272305.0,529947.0,435375.0,49611.166666666664,0.003338512497439561,0.0032868066725671103,0.004734054964240593,0.0044034422282826875,0.004352344475926024,0.009206502338082836
Comércio; reparação de veículos automotores e motocicletas,2024-12-01,2025-01-01,-0.005141540729964009,-0.0024478831870611553,0.003703654542315901,0.003922544582006349,-0.00043734871225632136,0.003415193059791468,-25084.0,10247221.0,430142.0,455226.0,39861.833333333336,0.0032868066725671103,0.004734054964240593,0.0044034422282826875,0.004352344475926024,0.009206502338082836,-0.0024478831870611553
Comércio; reparação de veículos automotores e motocicletas,2025-01-01,2025-02-01,0.004548893797727281,-0.005141540729964009,0.0005390261403525571,0.002517820014917829,-0.0018593656244256488,0.004828651209374679,-52417.0,10194804.0,494527.0,546944.0,25625.166666666668,0.004734054964240593,0.0044034422282826875,0.004352344475926024,0.009206502338082836,-0.0024478831870611553,-0.005141540729964009
Comércio; reparação de veículos automotores e motocicletas,2025-02-01,2025-03-01,-0.0010077136521546453,0.004548893797727281,-0.0010135100397659612,0.0024869598204989435,-0.0011259652370168894,0.0048149607866487705,46587.0,10241391.0,567937.0,521350.0,25429.5,0.0044034422282826875,0.004352344475926024,0.009206502338082836,-0.0024478831870611553,-0.005141540729964009,0.004548893797727281
Comércio; reparação de veículos automotores e motocicletas,2025-03-01,2025-04-01,0.004673551366892169,-0.0010077136521546453,-0.0005334535281304579,0.0015851005070927219,-0.0012419078229820813,0.004877889242897502,-10310.0,10231081.0,513006.0,523316.0,16274.166666666666,0.004352344475926024,0.009206502338082836,-0.0024478831870611553,-0.005141540729964009,0.004548893797727281,-0.0010077136521546453
Comércio; reparação de veículos automotores e motocicletas,2025-04-01,2025-05-01,0.002257536827173607,0.004673551366892169,0.002738243837488268,0.0016386349889204127,-0.00024725176352978604,0.004909625150011205,48040.0,10279121.0,531662.0,483622.0,16898.0,0.009206502338082836,-0.0024478831870611553,-0.005141540729964009,0.004548893797727281,-0.0010077136521546453,0.004673551366892169
Comércio; reparação de veículos automotores e motocicletas,2025-05-01,2025-06-01,0.0031869365980743505,0.002257536827173607,0.0019744581806370436,0.0004804740704355413,0.001354736254624583,0.0036443773513449326,23258.0,10302379.0,525096.0,501838.0,5012.333333333333,-0.0024478831870611553,-0.005141540729964009,0.004548893797727281,-0.0010077136521546453,0.004673551366892169,0.002257536827173607
Comércio; reparação de veículos automotores e motocicletas,2025-06-01,2025-07-01,0.0026368758083122044,0.0031869365980743505,0.0033726749307133753,0.001419610701291459,0.0011557023070736451,0.003491578324852112,32938.0,10335317.0,500753.0,467815.0,14682.666666666666,-0.005141540729964009,0.004548893797727281,-0.0010077136521546453,0.004673551366892169,0.002257536827173607,0.0031869365980743505
Comércio; reparação de veículos automotores e motocicletas,2025-07-01,2025-08-01,0.0031372008803248097,0.0026368758083122044,0.0026937830778533873,0.0027160134576708276,1.7367036111229893e-05,0.0018927836990298575,27325.0,10362642.0,526973.0,499648.0,27973.0,0.004548893797727281,-0.0010077136521546453,0.004673551366892169,0.002257536827173607,0.0031869365980743505,0.0026368758083122044
Comércio; reparação de veículos automotores e motocicletas,2025-08-01,2025-09-01,0.003477916095561784,0.0031372008803248097,0.0029870044289037885,0.002480731304770416,0.0004441127359302318,0.001731164499360408,32612.0,10395254.0,524039.0,491427.0,25643.833333333332,-0.0010077136521546453,0.004673551366892169,0.002257536827173607,0.0031869365980743505,0.0026368758083122044,0.0031372008803248097
Comércio; reparação de veículos automotores e motocicletas,2025-09-01,2025-10-01,0.0024473263495151535,0.003477916095561784,0.003083997594732933,0.003228336262723154,-0.00011112128534172735,0.0007586428006239462,36280.0,10431534.0,531103.0,494823.0,33408.833333333336,0.004673551366892169,0.002257536827173607,0.0031869365980743505,0.0026368758083122044,0.0031372008803248097,0.003477916095561784
Comércio; reparação de veículos automotores e motocicletas,2025-10-01,2025-11-01,0.007427262911856483,0.0024473263495151535,0.0030208144418005824,0.002857298759826985,6.634889074807535e-05,0.0004375214679513129,25592.0,10457126.0,547183.0,521591.0,29667.5,0.002257536827173607,0.0031869365980743505,0.0026368758083122044,0.0031372008803248097,0.003477916095561784,0.0024473263495151535
Comércio; reparação de veículos automotores e motocicletas,2025-11-01,2025-12-01,-0.0051592847905271525,0.007427262911856483,0.004450835118977807,0.0037189197739407975,0.0005992485259358994,0.0016940613700369652,78249.0,10535375.0,517891.0,439642.0,38832.666666666664,0.0031869365980743505,0.0026368758083122044,0.0031372008803248097,0.003477916095561784,0.0024473263495151535,0.007427262911856483
Comércio; reparação de veículos automotores e motocicletas,2025-12-01,2026-01-01,-0.005448848930663397,-0.0051592847905271525,0.0015717681569481611,0.002327882875840547,-0.0007754630470185251,0.0037449671077902564,-54355.0,,424222.0,478577.0,24283.833333333332,0.0026368758083122044,0.0031372008803248097,0.003477916095561784,0.0024473263495151535,0.007427262911856483,-0.0051592847905271525
Comércio; reparação de veículos automotores e motocicletas,2026-01-01,2026-02-01,0.0005874205335642237,-0.005448848930663397,-0.0010602902697780222,0.00098026208601128,-0.0018246261471676142,0.004719361927730588,-56800.0,10424220.0,483703.0,540503.0,10263.0,0.0031372008803248097,0.003477916095561784,0.0024473263495151535,0.007427262911856483,-0.0051592847905271525,-0.005448848930663397
Comércio; reparação de veículos automotores e motocicletas,2026-02-01,2026-03-01,0.0026073825253064417,0.0005874205335642237,-0.0033402377292087756,0.0005552986948845158,-0.0014493586100830594,0.004619751765510141,6127.0,10430347.0,522059.0,515932.0,5848.833333333333,0.003477916095561784,0.0024473263495151535,0.007427262911856483,-0.0051592847905271525,-0.005448848930663397,0.0005874205335642237
Comércio; reparação de veículos automotores e motocicletas,2026-03-01,2026-04-01,-0.0007764964830853151,0.0026073825253064417,-0.0007513486239309105,0.0004102097665086252,-0.0005716802970301877,0.004538643135033465,27267.0,10457614.0,579427.0,552160.0,4346.666666666667,0.0024473263495151535,0.007427262911856483,-0.0051592847905271525,-0.005448848930663397,0.0005874205335642237,0.0026073825253064417
Comércio; reparação de veículos automotores e motocicletas,2026-04-01,2026-05-01,3.827919697900577e-06,-0.0007764964830853151,0.0008061021919284501,-0.00012709403892478607,-0.00033378644465658806,0.0044557443171181505,-8114.0,10449500.0,517595.0,525709.0,-1271.0,0.007427262911856483,-0.0051592847905271525,-0.005448848930663397,0.0005874205335642237,0.0026073825253064417,-0.0007764964830853151
Comércio; reparação de veículos automotores e motocicletas,2026-05-01,2026-06-01,0.0018318386102136488,3.827919697900577e-06,0.0006115713206396757,-0.00136433320428455,0.0011957880824457635,0.002968900234733835,40.0,10449540.0,502780.0,502740.0,-14305.833333333334,-0.0051592847905271525,-0.005448848930663397,0.0005874205335642237,0.0026073825253064417,-0.0007764964830853151,3.827919697900577e-06
Construção,2020-07-01,2020-08-01,0.02462671025547887,0.020831698861215688,0.006299916508044334,-0.0018928803670848233,0.0033435338021423192,0.018303222423839614,41953.0,2013902.0,140688.0,98735.0,-3492.8333333333335,0.011401012278910144,-0.006443051337579804,-0.035214992667972275,-0.01056097574699491,0.008629026409912224,0.020831698861215688
Construção,2020-08-01,2020-09-01,0.021981785343297536,0.02462671025547887,0.018029145175535593,0.0003114026290099662,0.009790825277421839,0.02044282934805896,50848.0,2064750.0,151653.0,100805.0,1070.6666666666667,-0.006443051337579804,-0.035214992667972275,-0.01056097574699491,0.008629026409912224,0.020831698861215688,0.02462671025547887
Construção,2020-09-01,2020-10-01,0.0171673340214047,0.021981785343297536,0.022480064819997366,0.005048875409156189,0.011535703443287821,0.021590030797663383,46407.0,2111157.0,155971.0,109564.0,11001.333333333334,-0.035214992667972275,-0.01056097574699491,0.008629026409912224,0.020831698861215688,0.02462671025547887,0.021981785343297536
Construção,2020-10-01,2020-11-01,0.00972556265671613,0.0171673340214047,0.021258609873393702,0.013779263190719019,0.00521413820104049,0.012007889911567352,36876.0,2148033.0,156900.0,120024.0,28742.333333333332,-0.01056097574699491,0.008629026409912224,0.020831698861215688,0.02462671025547887,0.021981785343297536,0.0171673340214047
Construção,2020-11-01,2020-12-01,-0.020876602702126486,0.00972556265671613,0.016291560673806122,0.01716035292467086,-0.00023300966278842083,0.006062606294739482,21096.0,2169129.0,141136.0,120040.0,35699.333333333336,0.008629026409912224,0.020831698861215688,0.02462671025547887,0.021981785343297536,0.0171673340214047,0.00972556265671613
Construção,2020-12-01,2021-01-01,0.020712435895840507,-0.020876602702126486,0.0020054313253314478,0.012242748072664407,-0.007373125769568339,0.015542740035574758,-44358.0,2124771.0,94316.0,138674.0,25470.333333333332,0.020831698861215688,0.02462671025547887,0.021981785343297536,0.0171673340214047,0.00972556265671613,-0.020876602702126486
Construção,2021-01-01,2021-02-01,0.01996378351594397,0.020712435895840507,0.0031871319501433834,0.012222870911768541,-0.004445380208547215,0.015531815586324205,44940.0,2169711.0,159138.0,114198.0,25968.166666666668,0.02462671025547887,0.021981785343297536,0.0171673340214047,0.00972556265671613,-0.020876602702126486,0.020712435895840507
Construção,2021-02-01,2021-03-01,0.011345875258337813,0.01996378351594397,0.006599872236552663,0.011445716455179394,-0.0008587676820658016,0.014999258068484745,44198.0,2213909.0,166683.0,122485.0,24859.833333333332,0.021981785343297536,0.0171673340214047,0.00972556265671613,-0.020876602702126486,0.020712435895840507,0.01996378351594397
Construção,2021-03-01,2021-04-01,0.010217323658788418,0.011345875258337813,0.0173406982233741,0.009673064774352773,0.0012341830674376022,0.014259581062045147,25407.0,2239316.0,162863.0,137456.0,21359.833333333332,0.0171673340214047,0.00972556265671613,-0.020876602702126486,0.020712435895840507,0.01996378351594397,0.011345875258337813
Construção,2021-04-01,2021-05-01,0.01035473451776472,0.010217323658788418,0.013842327477690068,0.008514729713916725,0.002810788186053079,0.013881015920450407,23116.0,2262432.0,148046.0,124930.0,19066.5,0.00972556265671613,-0.020876602702126486,0.020712435895840507,0.01996378351594397,0.011345875258337813,0.010217323658788418
Construção,2021-05-01,2021-06-01,0.010101185053294489,0.01035473451776472,0.01063931114496365,0.008619591690758157,0.0033158126037341022,0.013892138921949583,23672.0,2286104.0,158857.0,135185.0,19495.833333333332,-0.020876602702126486,0.020712435895840507,0.01996378351594397,0.011345875258337813,0.010217323658788418,0.01035473451776472
Construção,2021-06-01,2021-07-01,0.01309319247151048,0.010101185053294489,0.01022441440994921,0.013782556316661655,-0.002371770080194778,0.00465799591776632,23328.0,2309432.0,162207.0,138879.0,30776.833333333332,0.020712435895840507,0.01996378351594397,0.011345875258337813,0.010217323658788418,0.01035473451776472,0.010101185053294489
Construção,2021-07-01,2021-08-01,0.014068063473551915,0.01309319247151048,0.01118303734752323,0.01251268241260665,-0.0010842747136663173,0.0034870730074435473,30639.0,2340071.0,169142.0,138503.0,28393.333333333332,0.01996378351594397,0.011345875258337813,0.010217323658788418,0.01035473451776472,0.010101185053294489,0.01309319247151048
Construção,2021-08-01,2021-09-01,0.010920681911281857,0.014068063473551915,0.012420813666118961,0.011530062405541308,0.0006281428014218985,0.0015310736471688931,33390.0,2373461.0,176521.0,143131.0,26592.0,0.011345875258337813,0.010217323658788418,0.01035473451776472,0.010101185053294489,0.01309319247151048,0.014068063473551915
Construção,2021-09-01,2021-10-01,0.007131440525333454,0.010920681911281857,0.012693979285448085,0.011459196847698645,0.0005042510156584219,0.0015477083702574136,26206.0,2399667.0,170070.0,143864.0,26725.166666666668,0.010217323658788418,0.01035473451776472,0.010101185053294489,0.01309319247151048,0.014068063473551915,0.010920681911281857
Construção,2021-10-01,2021-11-01,0.0051391543878540604,0.007131440525333454,0.01070672863672241,0.01094488299212282,-0.0003623745253186508,0.0022350436428402376,17236.0,2416903.0,166443.0,149207.0,25745.166666666668,0.01035473451776472,0.010101185053294489,0.01309319247151048,0.014068063473551915,0.010920681911281857,0.007131440525333454
Construção,2021-11-01,2021-12-01,-0.021886928960967125,0.0051391543878540604,0.0077304256081564575,0.01007561963713771,-0.0013097940208000932,0.003130415766718558,12485.0,2429388.0,162384.0,149899.0,23880.666666666668,0.010101185053294489,0.01309319247151048,0.014068063473551915,0.010920681911281857,0.007131440525333454,0.0051391543878540604
Construção,2021-12-01,2022-01-01,0.015247100031315188,-0.021886928960967125,-0.0032054446825932038,0.004744267301427441,-0.005870759308726572,0.01231436133251153,-52033.0,2377355.0,113698.0,165731.0,11320.5,0.01309319247151048,0.014068063473551915,0.010920681911281857,0.007131440525333454,0.0051391543878540604,-0.021886928960967125
Construção,2022-01-01,2022-02-01,0.016079526674293503,0.015247100031315188,-0.0005002248472659587,0.005103251894728225,-0.002700569599011713,0.012581022046405994,36809.0,2414164.0,182135.0,145326.0,12348.833333333334,0.014068063473551915,0.010920681911281857,0.007131440525333454,0.0051391543878540604,-0.021886928960967125,0.015247100031315188
Construção,2022-02-01,2022-03-01,0.010109832830107687,0.016079526674293503,0.003146565914880522,0.005438495761518489,0.0006604319709766357,0.01283958154227458,39453.0,2453617.0,192311.0,152858.0,13359.333333333334,0.010920681911281857,0.007131440525333454,0.0051391543878540604,-0.021886928960967125,0.015247100031315188,0.016079526674293503
Construção,2022-03-01,2022-04-01,0.01012013896071792,0.010109832830107687,0.013812153178572128,0.005303354247989461,0.0024242030678706225,0.012785320819465538,25059.0,2478676.0,191104.0,166045.0,13168.166666666666,0.007131440525333454,0.0051391543878540604,-0.021886928960967125,0.015247100031315188,0.016079526674293503,0.010109832830107687
Construção,2022-04-01,2022-05-01,0.01395768080010648,0.01012013896071792,0.012103166155039702,0.005801470653886871,0.0034779324251577714,0.01290450416552537,25341.0,2504017.0,179899.0,154558.0,14519.0,0.0051391543878540604,-0.021886928960967125,0.015247100031315188,0.016079526674293503,0.010109832830107687,0.01012013896071792
Construção,2022-05-01,2022-06-01,0.011774439150739828,0.01395768080010648,0.011395884196977362,0.007271225055928941,0.004510642049982582,0.013243120224274195,35445.0,2539462.0,201708.0,166263.0,18345.666666666668,-0.021886928960967125,0.015247100031315188,0.016079526674293503,0.010109832830107687,0.01012013896071792,0.01395768080010648
Construção,2022-06-01,2022-07-01,0.012330689395537936,0.011774439150739828,0.011950752970521408,0.012881453074546767,-0.0006776724541379311,0.002363417040108296,30257.0,2569719.0,192229.0,161972.0,32060.666666666668,0.015247100031315188,0.016079526674293503,0.010109832830107687,0.01012013896071792,0.01395768080010648,0.011774439150739828
Construção,2022-07-01,2022-08-01,0.01333203385569048,0.012330689395537936,0.012687603115461415,0.012395384635250558,-0.0002832235883569389,0.0021136035804920975,32082.0,2601801.0,195679.0,163597.0,31272.833333333332,0.016079526674293503,0.010109832830107687,0.01012013896071792,0.01395768080010648,0.011774439150739828,0.012330689395537936
Construção,2022-08-01,2022-09-01,0.011680870784442847,0.01333203385569048,0.012479054133989415,0.011937469165483388,0.000587411850943067,0.001463455403397997,35156.0,2636957.0,211068.0,175912.0,30556.666666666668,0.010109832830107687,0.01012013896071792,0.01395768080010648,0.011774439150739828,0.012330689395537936,0.01333203385569048
Construção,2022-09-01,2022-10-01,0.0020003957402193627,0.011680870784442847,0.012447864678557088,0.012199308824539248,0.00018522767229070623,0.0012358828436148345,31166.0,2668123.0,197256.0,166090.0,31574.5,0.01012013896071792,0.01395768080010648,0.011774439150739828,0.012330689395537936,0.01333203385569048,0.011680870784442847
Construção,2022-10-01,2022-11-01,-0.007070096756622777,0.0020003957402193627,0.009004433460117563,0.010846018287789487,-0.0016875938839478277,0.004038789990756283,5348.0,2673471.0,174681.0,169333.0,28242.333333333332,0.01395768080010648,0.011774439150739828,0.012330689395537936,0.01333203385569048,0.011680870784442847,0.0020003957402193627
Construção,2022-11-01,2022-12-01,-0.028875702126620564,-0.007070096756622777,0.0022037232560131446,0.0073413886950012795,-0.0036247063878290377,0.007477534249724018,-18769.0,2654702.0,158287.0,177056.0,19206.666666666668,0.011774439150739828,0.012330689395537936,0.01333203385569048,0.011680870784442847,0.0020003957402193627,-0.007070096756622777
Construção,2022-12-01,2023-01-01,0.01487689573993514,-0.028875702126620564,-0.011315134381007994,0.0005663651487745475,-0.007911966414055878,0.015011668670635829,-74505.0,2580197.0,110955.0,185460.0,1746.3333333333333,0.012330689395537936,0.01333203385569048,0.011680870784442847,0.0020003957402193627,-0.007070096756622777,-0.028875702126620564
Construção,2023-01-01,2023-02-01,0.008422023405698779,0.01487689573993514,-0.0070229677144360665,0.0009907328728407485,-0.003514740051680259,0.015369952345880795,38965.0,2619162.0,198850.0,159885.0,2893.5,0.01333203385569048,0.011680870784442847,0.0020003957402193627,-0.007070096756622777,-0.028875702126620564,0.01487689573993514
Construção,2023-02-01,2023-03-01,0.01257584440509314,0.008422023405698779,-0.0018589276603288817,0.00017239779784213155,1.513307815512063e-05,0.01481165614165917,22246.0,2641408.0,183041.0,160795.0,741.8333333333334,0.011680870784442847,0.0020003957402193627,-0.007070096756622777,-0.028875702126620564,0.01487689573993514,0.008422023405698779
Construção,2023-03-01,2023-04-01,0.009969333667902053,0.01257584440509314,0.011958254516909019,0.0003215600679505135,0.004088748619368264,0.014930829330120746,33641.0,2675049.0,216380.0,182739.0,1154.3333333333333,0.0020003957402193627,-0.007070096756622777,-0.028875702126620564,0.01487689573993514,0.008422023405698779,0.01257584440509314
Construção,2023-04-01,2023-05-01,0.010241235717655747,0.009969333667902053,0.01032240049289799,0.0016497163892309624,0.00580276912524368,0.015369097988333929,26937.0,2701986.0,183566.0,156629.0,4752.5,-0.007070096756622777,-0.028875702126620564,0.01487689573993514,0.008422023405698779,0.01257584440509314,0.009969333667902053
Construção,2023-05-01,2023-06-01,0.0076167882694263,0.010241235717655747,0.010928804596883647,0.0045349384682773835,0.005286166400133617,0.015083584135574075,27958.0,2729944.0,208231.0,180273.0,12540.333333333334,-0.028875702126620564,0.01487689573993514,0.008422023405698779,0.01257584440509314,0.009969333667902053,0.010241235717655747
Construção,2023-06-01,2023-07-01,0.009157085638543108,0.0076167882694263,0.009275785884994699,0.010617020200951862,-0.000955697461538982,0.0024618301548324745,20953.0,2750897.0,196651.0,175698.0,28450.0,0.01487689573993514,0.008422023405698779,0.01257584440509314,0.009969333667902053,0.010241235717655747,0.0076167882694263
Construção,2023-07-01,2023-08-01,0.01011131755184818,0.009157085638543108,0.009005036541875053,0.009663718517386522,-0.0003122844340864354,0.0015756380182332167,25423.0,2776320.0,198957.0,173534.0,26193.0,0.008422023405698779,0.01257584440509314,0.009969333667902053,0.010241235717655747,0.0076167882694263,0.009157085638543108
Construção,2023-08-01,2023-09-01,0.007411116852230661,0.01011131755184818,0.008961730486605863,0.009945267541744756,-0.0004966807372151746,0.0014764106256713006,28359.0,2804679.0,218051.0,189692.0,27211.833333333332,0.01257584440509314,0.009969333667902053,0.010241235717655747,0.0076167882694263,0.009157085638543108,0.01011131755184818
Construção,2023-09-01,2023-10-01,0.004046385393535652,0.007411116852230661,0.00889317334754065,0.009084479616267675,-0.00033258689161893846,0.001164401132261333,20941.0,2825620.0,191063.0,170122.0,25095.166666666668,0.009969333667902053,0.010241235717655747,0.0076167882694263,0.009157085638543108,0.01011131755184818,0.007411116852230661
Construção,2023-10-01,2023-11-01,-0.006135186892687425,0.004046385393535652,0.00718960659920483,0.008097321570539943,-0.0008753438273966374,0.0021168971255838445,11480.0,2837100.0,190286.0,178806.0,22519.0,0.010241235717655747,0.0076167882694263,0.009157085638543108,0.01011131755184818,0.007411116852230661,0.004046385393535652
Construção,2023-11-01,2023-12-01,-0.027560620355378988,-0.006135186892687425,0.0017741051176929628,0.0053679178021494136,-0.0024797764927202426,0.005479622559112986,-17300.0,2819800.0,170865.0,188165.0,14976.0,0.0076167882694263,0.009157085638543108,0.01011131755184818,0.007411116852230661,0.004046385393535652,-0.006135186892687425
Construção,2023-12-01,2024-01-01,0.017574805066481458,-0.027560620355378988,-0.00988314061817692,-0.0004949836353181353,-0.006734079278911778,0.013248566636700107,-75631.0,2744169.0,115631.0,191262.0,-1121.3333333333333,0.009157085638543108,0.01011131755184818,0.007411116852230661,0.004046385393535652,-0.006135186892687425,-0.027560620355378988
Construção,2024-01-01,2024-02-01,0.012393607072484552,0.017574805066481458,-0.00537366739386165,0.0009079696026715895,-0.0022222670381681618,0.014575620417297578,49091.0,2793260.0,217059.0,167968.0,2823.3333333333335,0.01011131755184818,0.007411116852230661,0.004046385393535652,-0.006135186892687425,-0.027560620355378988,0.017574805066481458
Construção,2024-02-01,2024-03-01,0.010033675431285985,0.012393607072484552,0.0008025972611956743,0.0012883511894443188,0.0012592079044975806,0.01483825223872338,35053.0,2828313.0,213842.0,178789.0,3939.0,0.007411116852230661,0.004046385393535652,-0.006135186892687425,-0.027560620355378988,0.017574805066481458,0.012393607072484552
Construção,2024-03-01,2024-04-01,0.01103994915662584,0.010033675431285985,0.013334029190084,0.001725444285953539,0.0037330930716036573,0.015049299604318956,28666.0,2856979.0,216414.0,187748.0,5226.5,0.004046385393535652,-0.006135186892687425,-0.027560620355378988,0.017574805066481458,0.012393607072484552,0.010033675431285985
Construção,2024-04-01,2024-05-01,0.006243160954117635,0.01103994915662584,0.011155743886798792,0.002891038246468571,0.005527924846073265,0.01544943412749858,31893.0,2888872.0,221932.0,190039.0,8628.666666666666,-0.006135186892687425,-0.027560620355378988,0.017574805066481458,0.012393607072484552,0.010033675431285985,0.01103994915662584
Construção,2024-05-01,2024-06-01,0.007324302451450757,0.006243160954117635,0.009105595180676487,0.00495409622093608,0.004201554490763362,0.014923900441393929,18149.0,2907021.0,211420.0,193271.0,14536.833333333334,-0.027560620355378988,0.017574805066481458,0.012393607072484552,0.010033675431285985,0.01103994915662584,0.006243160954117635
Construção,2024-06-01,2024-07-01,0.006680089710070403,0.007324302451450757,0.008202470854064744,0.010768250022074372,-0.001962787934426125,0.0036950778815688363,21449.0,2928470.0,203628.0,182179.0,30716.833333333332,0.017574805066481458,0.012393607072484552,0.010033675431285985,0.01103994915662584,0.006243160954117635,0.007324302451450757
Construção,2024-07-01,2024-08-01,0.004515224532134676,0.006680089710070403,0.006749184371879598,0.008952464129339196,-0.001185499827259561,0.002328196584616506,19694.0,2948164.0,217496.0,197802.0,25817.333333333332,0.012393607072484552,0.010033675431285985,0.01103994915662584,0.006243160954117635,0.007324302451450757,0.006680089710070403
Construção,2024-08-01,2024-09-01,0.005715513536742587,0.004515224532134676,0.006173205564551945,0.007639400372614216,-0.0011311626096597066,0.0022370295755835133,13372.0,2961536.0,214820.0,201448.0,22203.833333333332,0.010033675431285985,0.01103994915662584,0.006243160954117635,0.007324302451450757,0.006680089710070403,0.004515224532134676
Construção,2024-09-01,2024-10-01,-0.0002575733101662876,0.005715513536742587,0.005636942592982555,0.006919706723523649,-0.0009271485744784426,0.0020366165463674797,17024.0,2978560.0,206311.0,189287.0,20263.5,0.01103994915662584,0.006243160954117635,0.007324302451450757,0.006680089710070403,0.004515224532134676,0.005715513536742587
Construção,2024-10-01,2024-11-01,-0.010208291068771538,-0.0002575733101662876,0.0033243882529036587,0.005036786312391628,-0.0011284258069565668,0.0025216217357139333,-767.0,2977793.0,207139.0,207906.0,14820.166666666666,0.006243160954117635,0.007324302451450757,0.006680089710070403,0.004515224532134676,0.005715513536742587,-0.0002575733101662876
Construção,2024-11-01,2024-12-01,-0.03137581878980234,-0.010208291068771538,-0.0015834502807317461,0.002294877641910099,-0.0030650190759203893,0.006110102600148274,-30091.0,2947702.0,169319.0,199410.0,6780.166666666667,0.007324302451450757,0.006680089710070403,0.004515224532134676,0.005715513536742587,-0.0002575733101662876,-0.010208291068771538
Construção,2024-12-01,2025-01-01,0.013248506250168312,-0.03137581878980234,-0.013947227722913388,-0.004155142564965417,-0.00686923360425689,0.013433814567309414,-89673.0,2858029.0,109105.0,198778.0,-11740.166666666666,0.006680089710070403,0.004515224532134676,0.005715513536742587,-0.0002575733101662876,-0.010208291068771538,-0.03137581878980234
Construção,2025-01-01,2025-02-01,0.01391460718836826,0.013248506250168312,-0.009445201202801857,-0.003060406474949099,-0.0022159516042306255,0.014497691160773093,38373.0,2896402.0,223601.0,185228.0,-8627.0,0.004515224532134676,0.005715513536742587,-0.0002575733101662876,-0.010208291068771538,-0.03137581878980234,0.013248506250168312
Construção,2025-02-01,2025-03-01,0.007416145949319736,0.01391460718836826,-0.0014042351170885908,-0.0014938426989101682,0.0017241765490886099,0.01569041355566559,40871.0,2937273.0,240305.0,199434.0,-4043.8333333333335,0.005715513536742587,-0.0002575733101662876,-0.010208291068771538,-0.03137581878980234,0.013248506250168312,0.01391460718836826
Construção,2025-03-01,2025-04-01,0.011456435480174805,0.007416145949319736,0.0115264197959521,-0.0012104039634806432,0.004438903317394861,0.01583280097648274,21946.0,2959219.0,214973.0,193027.0,-3223.5,-0.0002575733101662876,-0.010208291068771538,-0.03137581878980234,0.013248506250168312,0.01391460718836826,0.007416145949319736
Construção,2025-04-01,2025-05-01,0.005540510372760276,0.011456435480174805,0.010929062872620932,0.0007419308349095386,0.006439017940008511,0.016536509047220815,34295.0,2993514.0,221692.0,187397.0,2620.1666666666665,-0.010208291068771538,-0.03137581878980234,0.013248506250168312,0.01391460718836826,0.007416145949319736,0.011456435480174805
Construção,2025-05-01,2025-06-01,0.0035304550993310838,0.005540510372760276,0.008137697267418273,0.003366731075164841,0.004934484921822401,0.015824655535201244,16678.0,3010192.0,223194.0,206516.0,10415.0,-0.03137581878980234,0.013248506250168312,0.01391460718836826,0.007416145949319736,0.011456435480174805,0.005540510372760276
Construção,2025-06-01,2025-07-01,0.006271869386165373,0.0035304550993310838,0.006842466984088722,0.009184443390020412,-0.0019906359048615717,0.003924829334134104,10665.0,3020857.0,203901.0,193236.0,27138.0,0.013248506250168312,0.01391460718836826,0.007416145949319736,0.011456435480174805,0.005540510372760276,0.0035304550993310838
Construção,2025-07-01,2025-08-01,0.005667836890068888,0.006271869386165373,0.005114278286085578,0.008021670579353256,-0.0015939053333827115,0.0035655749548942593,19066.0,3039923.0,221024.0,201958.0,23920.166666666668,0.01391460718836826,0.007416145949319736,0.011456435480174805,0.005540510372760276,0.0035304550993310838,0.006271869386165373
Construção,2025-08-01,2025-09-01,0.007742349662750973,0.005667836890068888,0.005156720458521782,0.006647208862970028,-0.000751579967191764,0.002441273904267238,17328.0,3057251.0,220577.0,203249.0,19996.333333333332,0.007416145949319736,0.011456435480174805,0.005540510372760276,0.0035304550993310838,0.006271869386165373,0.005667836890068888
Construção,2025-09-01,2025-10-01,-0.0009339779893061957,0.007742349662750973,0.006560685312995078,0.006701576148541901,-0.00044134386423882934,0.0024613425866139046,23855.0,3081106.0,223799.0,199944.0,20314.5,0.011456435480174805,0.005540510372760276,0.0035304550993310838,0.006271869386165373,0.005667836890068888,0.007742349662750973
Construção,2025-10-01,2025-11-01,-0.007793278411957464,-0.0009339779893061957,0.004158736187837888,0.004636507236961733,-0.0005811654461762622,0.0027825403873384794,-2875.0,3078231.0,215029.0,217904.0,14119.5,0.005540510372760276,0.0035304550993310838,0.006271869386165373,0.005667836890068888,0.007742349662750973,-0.0009339779893061957
Construção,2025-11-01,2025-12-01,-0.034074148768328726,-0.007793278411957464,-0.0003283022461708955,0.0024142091061754435,-0.0021760484831478666,0.00533082047717149,-23804.0,3054427.0,175889.0,199693.0,7372.5,0.0035304550993310838,0.006271869386165373,0.005667836890068888,0.007742349662750973,-0.0009339779893061957,-0.007793278411957464
Construção,2025-12-01,2026-01-01,0.016843308412990126,-0.034074148768328726,-0.014267135056530794,-0.003853224871767858,-0.0071654218380173326,0.014519961920360825,-104077.0,,108235.0,212312.0,-11751.166666666666,0.006271869386165373,0.005667836890068888,0.007742349662750973,-0.0009339779893061957,-0.007793278411957464,-0.034074148768328726
Construção,2026-01-01,2026-02-01,0.010256946418759403,0.016843308412990126,-0.008341372922432021,-0.0020913183672970665,-0.002183755374322405,0.016187334730710785,50545.0,3000895.0,225073.0,174528.0,-6504.666666666667,0.005667836890068888,0.007742349662750973,-0.0009339779893061957,-0.007793278411957464,-0.034074148768328726,0.016843308412990126
Construção,2026-02-01,2026-03-01,0.012479521611824213,0.010256946418759403,-0.0023246313121930654,-0.001326466779181981,0.0011321135037302816,0.016638028725944137,31099.0,3031994.0,217475.0,186376.0,-4209.5,0.007742349662750973,-0.0009339779893061957,-0.007793278411957464,-0.034074148768328726,0.016843308412990126,0.010256946418759403
Construção,2026-03-01,2026-04-01,0.0076038314906903565,0.012479521611824213,0.01319325881452458,-0.000536938121003107,0.004918160847974898,0.0171540362116066,38316.0,3070310.0,237137.0,198821.0,-1799.3333333333333,-0.0009339779893061957,-0.007793278411957464,-0.034074148768328726,0.016843308412990126,0.010256946418759403,0.012479521611824213
Construção,2026-04-01,2026-05-01,0.0038944844557074836,0.0076038314906903565,0.01011343317375799,0.0008860301256629852,0.006001719961699061,0.017414224107140084,23525.0,3093835.0,218123.0,194598.0,2600.6666666666665,-0.007793278411957464,-0.034074148768328726,0.016843308412990126,0.010256946418759403,0.012479521611824213,0.0076038314906903565
Construção,2026-05-01,2026-06-01,0.0045306719374936496,0.0038944844557074836,0.007992612519407352,0.0028339906036071428,0.004695637444181329,0.016982757472139946,12096.0,3105931.0,211581.0,199485.0,8584.0,-0.034074148768328726,0.016843308412990126,0.010256946418759403,0.012479521611824213,0.0076038314906903565,0.0038944844557074836
Educação,2020-07-01,2020-08-01,-0.004746613297564997,-0.011067830474751529,-0.010886425129982806,-0.0022372430485651765,-0.006729843617807018,0.014255697783811671,-19881.0,1796287.0,11873.0,31754.0,-3855.0,0.026480197505920577,0.0054868596867738,-0.012731240094137022,-0.01034964349594492,-0.011241801419251964,-0.011067830474751529
Educação,2020-08-01,2020-09-01,-0.00508783972574014,-0.004746613297564997,-0.009018748397189497,-0.007441711515812772,-0.001344836971052701,0.0063039155914787455,-8486.0,1787801.0,20628.0,29114.0,-13517.5,0.0054868596867738,-0.012731240094137022,-0.01034964349594492,-0.011241801419251964,-0.011067830474751529,-0.004746613297564997
Educação,2020-09-01,2020-10-01,-0.0003509310639791196,-0.00508783972574014,-0.006967427832685555,-0.009204161417898428,0.001577144668046418,0.003114254641336389,-9050.0,1778751.0,19176.0,28226.0,-16744.333333333332,-0.012731240094137022,-0.01034964349594492,-0.011241801419251964,-0.011067830474751529,-0.004746613297564997,-0.00508783972574014
Educação,2020-10-01,2020-11-01,8.041523503180058e-05,-0.0003509310639791196,-0.003395128029094752,-0.007140776579538779,0.0021364761262157423,0.0040535078140350195,-624.0,1778127.0,20851.0,21475.0,-12911.0,-0.01034964349594492,-0.011241801419251964,-0.011067830474751529,-0.004746613297564997,-0.00508783972574014,-0.0003509310639791196
Educação,2020-11-01,2020-12-01,-0.025378000274468966,8.041523503180058e-05,-0.001786118518229153,-0.005402433457709324,0.0025263015735874548,0.004514851733833615,143.0,1778270.0,19452.0,19309.0,-9719.166666666666,-0.011241801419251964,-0.011067830474751529,-0.004746613297564997,-0.00508783972574014,-0.0003509310639791196,8.041523503180058e-05
Educação,2020-12-01,2021-01-01,-0.0029407121207652444,-0.025378000274468966,-0.008549505367805429,-0.007758466600245492,-0.0014952244211153068,0.008697921356270202,-44012.0,1734258.0,12225.0,56237.0,-13651.666666666666,-0.011067830474751529,-0.004746613297564997,-0.00508783972574014,-0.0003509310639791196,8.041523503180058e-05,-0.025378000274468966
Educação,2021-01-01,2021-02-01,0.015695496104729995,-0.0029407121207652444,-0.00941276572006747,-0.00640394687458111,-0.0014688465560907659,0.008709894204931066,-5085.0,1729173.0,32709.0,37794.0,-11185.666666666666,-0.004746613297564997,-0.00508783972574014,-0.0003509310639791196,8.041523503180058e-05,-0.025378000274468966,-0.0029407121207652444
Educação,2021-02-01,2021-03-01,0.007235737899465966,0.015695496104729995,-0.004207738763501404,-0.0029969286408652786,0.0020196834420711865,0.012049657867256614,27573.0,1756746.0,69644.0,42071.0,-5175.833333333333,-0.00508783972574014,-0.0003509310639791196,8.041523503180058e-05,-0.025378000274468966,-0.0029407121207652444,0.015695496104729995
Educação,2021-03-01,2021-04-01,0.0027805266206964952,0.007235737899465966,0.006663507294476905,-0.0009429990366642613,0.0030633107308578205,0.01255779520692438,12804.0,1769550.0,47502.0,34698.0,-1533.5,-0.0003509310639791196,8.041523503180058e-05,-0.025378000274468966,-0.0029407121207652444,0.015695496104729995,0.007235737899465966
Educação,2021-04-01,2021-05-01,0.005519709605774258,0.0027805266206964952,0.008570586874964153,-0.0004210894225516588,0.003713656562160672,0.012636383209600515,4934.0,1774484.0,31761.0,26827.0,-607.1666666666666,8.041523503180058e-05,-0.025378000274468966,-0.0029407121207652444,0.015695496104729995,0.007235737899465966,0.0027805266206964952
Educação,2021-05-01,2021-06-01,0.0011134610669297025,0.005519709605774258,0.0051786580419789065,0.0004854596392387509,0.004662643069152493,0.012833417852648249,9849.0,1784333.0,37262.0,27413.0,1010.5,-0.025378000274468966,-0.0029407121207652444,0.015695496104729995,0.007235737899465966,0.0027805266206964952,0.005519709605774258
Educação,2021-06-01,2021-07-01,-0.00245574220543159,0.0011134610669297025,0.0031378990978001525,0.004900703196138528,-0.000420334423918913,0.0058121891424942835,1989.0,1786322.0,34483.0,32494.0,8677.333333333334,-0.0029407121207652444,0.015695496104729995,0.007235737899465966,0.0027805266206964952,0.005519709605774258,0.0011134610669297025
Educação,2021-07-01,2021-08-01,0.013939728974615649,-0.00245574220543159,0.0013924761557574568,0.004981531515360805,-0.003039538258952541,0.005704962039601284,-4376.0,1781946.0,33175.0,37551.0,8795.5,0.015695496104729995,0.007235737899465966,0.0027805266206964952,0.005519709605774258,0.0011134610669297025,-0.00245574220543159
Educação,2021-08-01,2021-09-01,0.008779887929861821,0.013939728974615649,0.004199149278704587,0.004688903660341747,0.0003829971531005593,0.005167624040880143,25191.0,1807137.0,65446.0,40255.0,8398.5,0.007235737899465966,0.0027805266206964952,0.005519709605774258,0.0011134610669297025,-0.00245574220543159,0.013939728974615649
Educação,2021-09-01,2021-10-01,0.00503283732616737,0.008779887929861821,0.006754624899681959,0.0049462619987410555,0.0014767903251425572,0.005324134000522493,16007.0,1823144.0,51394.0,35387.0,8932.333333333334,0.0027805266206964952,0.005519709605774258,0.0011134610669297025,-0.00245574220543159,0.013939728974615649,0.008779887929861821
Educação,2021-10-01,2021-11-01,0.0014245386870701587,0.00503283732616737,0.009250818076881613,0.005321647116319535,0.0010560111534516899,0.005236888687852209,9222.0,1832366.0,39941.0,30719.0,9647.0,0.005519709605774258,0.0011134610669297025,-0.00245574220543159,0.013939728974615649,0.008779887929861821,0.00503283732616737
Educação,2021-11-01,2021-12-01,-0.035287028699484774,0.0014245386870701587,0.005079087981033117,0.004639118629868852,0.000538893875735581,0.005429904439374358,2614.0,1834980.0,32238.0,29624.0,8441.166666666666,0.0011134610669297025,-0.00245574220543159,0.013939728974615649,0.008779887929861821,0.00503283732616737,0.0014245386870701587
Educação,2021-12-01,2022-01-01,0.0062770795769530935,-0.035287028699484774,-0.009609884228749081,-0.0014276296645335616,-0.005869972969617049,0.016009047147538993,-62544.0,1772436.0,19236.0,81780.0,-2314.3333333333335,-0.00245574220543159,0.013939728974615649,0.008779887929861821,0.00503283732616737,0.0014245386870701587,-0.035287028699484774
Educação,2022-01-01,2022-02-01,0.035947028844859764,0.0062770795769530935,-0.009195136811820506,2.7840632530552717e-05,-0.00497492272901285,0.016244654042781997,11196.0,1783632.0,58627.0,47431.0,281.0,0.013939728974615649,0.008779887929861821,0.00503283732616737,0.0014245386870701587,-0.035287028699484774,0.0062770795769530935
Educação,2022-02-01,2022-03-01,0.015040532029806361,0.035947028844859764,0.002312359907442695,0.003695723944237906,0.002938767541165483,0.02081369719871316,66507.0,1850139.0,122165.0,55658.0,7167.0,0.008779887929861821,0.00503283732616737,0.0014245386870701587,-0.035287028699484774,0.0062770795769530935,0.035947028844859764
Educação,2022-03-01,2022-04-01,0.009064277661688576,0.015040532029806361,0.019088213483873073,0.004739164627561996,0.005576287207657191,0.02119584583035981,28252.0,1878391.0,79428.0,51176.0,9207.833333333334,0.00503283732616737,0.0014245386870701587,-0.035287028699484774,0.0062770795769530935,0.035947028844859764,0.015040532029806361
Educação,2022-04-01,2022-05-01,0.006399057334148941,0.009064277661688576,0.020017279512118232,0.005411071350148864,0.006252895037967775,0.02125831166872231,17182.0,1895573.0,61151.0,43969.0,10534.5,0.0014245386870701587,-0.035287028699484774,0.0062770795769530935,0.035947028844859764,0.015040532029806361,0.009064277661688576
Educação,2022-05-01,2022-06-01,-0.0003534148844296623,0.006399057334148941,0.010167955675214625,0.006240157791328661,0.005596729360209187,0.0211835402207166,12208.0,1907781.0,55669.0,43461.0,12133.5,-0.035287028699484774,0.0062770795769530935,0.035947028844859764,0.015040532029806361,0.009064277661688576,0.006399057334148941
Educação,2022-06-01,2022-07-01,-0.003911191218296584,-0.0003534148844296623,0.005036640037135952,0.012062426760504513,-0.003650646891633257,0.01160480751518847,-674.0,1907107.0,46535.0,47209.0,22445.166666666668,0.0062770795769530935,0.035947028844859764,0.015040532029806361,0.009064277661688576,0.006399057334148941,-0.0003534148844296623
Educação,2022-07-01,2022-08-01,0.014861525616658931,-0.003911191218296584,0.0007114837438075648,0.010364381627962898,-0.0070896617538865545,0.012989838531540789,-7430.0,1899677.0,43166.0,50596.0,19340.833333333332,0.035947028844859764,0.015040532029806361,0.009064277661688576,0.006399057334148941,-0.0003534148844296623,-0.003911191218296584
Educação,2022-08-01,2022-09-01,0.007020198067115421,0.014861525616658931,0.003532306504644228,0.006850131089929427,-0.001330683169264893,0.007118850033765554,28658.0,1928335.0,80311.0,51653.0,13032.666666666666,0.015040532029806361,0.009064277661688576,0.006399057334148941,-0.0003534148844296623,-0.003911191218296584,0.014861525616658931
Educação,2022-09-01,2022-10-01,0.0034990996963752325,0.007020198067115421,0.005990177488492589,0.005513408762814271,0.0003316923011656366,0.006141300765600697,13633.0,1941968.0,54893.0,41260.0,10596.166666666666,0.009064277661688576,0.006399057334148941,-0.0003534148844296623,-0.003911191218296584,0.014861525616658931,0.007020198067115421
Educação,2022-10-01,2022-11-01,-0.0012520872402188713,0.0034990996963752325,0.008460274460049861,0.004585879101928713,0.0007541076428777776,0.005952315431950508,6819.0,1948787.0,42249.0,35430.0,8869.0,0.006399057334148941,-0.0003534148844296623,-0.003911191218296584,0.014861525616658931,0.007020198067115421,0.0034990996963752325
Educação,2022-11-01,2022-12-01,-0.04071812678757715,-0.0012520872402188713,0.0030890701744239273,0.0033106883395340784,0.00028274809758645404,0.006239897446217741,-2437.0,1946350.0,31449.0,33886.0,6428.166666666667,-0.0003534148844296623,-0.003911191218296584,0.014861525616658931,0.007020198067115421,0.0034990996963752325,-0.0012520872402188713
Educação,2022-12-01,2023-01-01,0.0029146980325921567,-0.04071812678757715,-0.012823704777140262,-0.003416763644323837,-0.006739903279650752,0.017734980352994863,-76151.0,1870199.0,16760.0,92911.0,-6151.333333333333,-0.003911191218296584,0.014861525616658931,0.007020198067115421,0.0034990996963752325,-0.0012520872402188713,-0.04071812678757715
Educação,2023-01-01,2023-02-01,0.03009866728580419,0.0029146980325921567,-0.01301850533173462,-0.00227911543584238,-0.005934294269171592,0.017885071318418364,5467.0,1875666.0,62104.0,56637.0,-4001.8333333333335,0.014861525616658931,0.007020198067115421,0.0034990996963752325,-0.0012520872402188713,-0.04071812678757715,0.0029146980325921567
Educação,2023-02-01,2023-03-01,0.011416992169029147,0.03009866728580419,-0.0025682538230602675,0.00026040817568183036,0.0021192314729924656,0.02095661714760597,58207.0,1933873.0,114373.0,56166.0,923.0,0.007020198067115421,0.0034990996963752325,-0.0012520872402188713,-0.04071812678757715,0.0029146980325921567,0.03009866728580419
Educação,2023-03-01,2023-04-01,0.007721805998691305,0.011416992169029147,0.014810119162475164,0.000993207192667451,0.005064987164614515,0.021254926700479394,22334.0,1956207.0,79184.0,56850.0,2373.1666666666665,0.0034990996963752325,-0.0012520872402188713,-0.04071812678757715,0.0029146980325921567,0.03009866728580419,0.011416992169029147
Educação,2023-04-01,2023-05-01,0.0048077845320991805,0.007721805998691305,0.016412488484508214,0.0016969915763867963,0.006527394066216622,0.02139569319651424,15223.0,1971430.0,57981.0,42758.0,3773.8333333333335,-0.0012520872402188713,-0.04071812678757715,0.0029146980325921567,0.03009866728580419,0.011416992169029147,0.007721805998691305
Educação,2023-05-01,2023-06-01,-0.0022691982520343097,0.0048077845320991805,0.007982194233273211,0.0027069702051064717,0.006381977296568685,0.02137566275822471,9524.0,1980954.0,55429.0,45905.0,5767.333333333333,-0.04071812678757715,0.0029146980325921567,0.03009866728580419,0.011416992169029147,0.007721805998691305,0.0048077845320991805
Educação,2023-06-01,2023-07-01,-0.004253855373998334,-0.0022691982520343097,0.0034201307595853915,0.009115124961030278,-0.0030139233101310037,0.010280647430607812,-4485.0,1976469.0,45186.0,49671.0,17711.666666666668,0.0029146980325921567,0.03009866728580419,0.011416992169029147,0.007721805998691305,0.0048077845320991805,-0.0022691982520343097
Educação,2023-07-01,2023-08-01,0.011911204916905225,-0.004253855373998334,-0.0005717563646444878,0.007920366059931863,-0.0061638630293941446,0.01129800806682116,-8372.0,1968097.0,42148.0,50520.0,15405.166666666666,0.03009866728580419,0.011416992169029147,0.007721805998691305,0.0048077845320991805,-0.0022691982520343097,-0.004253855373998334
Educação,2023-08-01,2023-09-01,0.00461705065462772,0.011911204916905225,0.0017960504302908607,0.004889122331782036,-0.0011580829475092013,0.006255518043400408,23725.0,1991822.0,76314.0,52589.0,9658.166666666666,0.011416992169029147,0.007721805998691305,0.0048077845320991805,-0.0022691982520343097,-0.004253855373998334,0.011911204916905225
Educação,2023-09-01,2023-10-01,0.0022999749710072522,0.00461705065462772,0.004091466732511537,0.003755798746048464,0.00010862363748960526,0.005545921027106881,9239.0,2001061.0,51236.0,41997.0,7475.666666666667,0.007721805998691305,0.0048077845320991805,-0.0022691982520343097,-0.004253855373998334,0.011911204916905225,0.00461705065462772
Educação,2023-10-01,2023-11-01,-0.0021830755432080567,0.0022999749710072522,0.006276076847513399,0.0028521602414344556,0.0006938502630122858,0.005260454262502286,4613.0,2005674.0,42676.0,38063.0,5707.333333333333,0.0048077845320991805,-0.0022691982520343097,-0.004253855373998334,0.011911204916905225,0.00461705065462772,0.0022999749710072522
Educação,2023-11-01,2023-12-01,-0.04042536046726227,-0.0021830755432080567,0.0015779833608089721,0.001687016895549916,0.0003656557233391575,0.005468364368944083,-4369.0,2001305.0,32835.0,37204.0,3391.8333333333335,-0.0022691982520343097,-0.004253855373998334,0.011911204916905225,0.00461705065462772,0.0022999749710072522,-0.0021830755432080567
Educação,2023-12-01,2024-01-01,0.005367837238860225,-0.04042536046726227,-0.013436153679821025,-0.004672343473654744,-0.006441641215150857,0.016805604007050147,-77760.0,1923545.0,18377.0,96137.0,-8820.666666666666,-0.004253855373998334,0.011911204916905225,0.00461705065462772,0.0022999749710072522,-0.0021830755432080567,-0.04042536046726227
Educação,2024-01-01,2024-02-01,0.029272518828015043,0.005367837238860225,-0.012413532923870034,-0.003068728038178318,-0.004923632064860294,0.017222904119764924,10381.0,1933926.0,68129.0,57748.0,-5695.166666666667,0.011911204916905225,0.00461705065462772,0.0022999749710072522,-0.0021830755432080567,-0.04042536046726227,0.005367837238860225
Educação,2024-02-01,2024-03-01,0.011945465276021286,0.029272518828015043,-0.0019283348001290015,-0.00017517571966001408,0.0026925326498983223,0.020619944007816568,58318.0,1992244.0,120492.0,62174.0,70.33333333333333,0.00461705065462772,0.0022999749710072522,-0.0021830755432080567,-0.04042536046726227,0.005367837238860225,0.029272518828015043
Educação,2024-03-01,2024-04-01,0.007121359548392942,0.011945465276021286,0.01552860711429885,0.001046226717238913,0.005382498066996055,0.021079556076759685,24086.0,2016330.0,81243.0,57157.0,2544.8333333333335,0.0022999749710072522,-0.0021830755432080567,-0.04042536046726227,0.005367837238860225,0.029272518828015043,0.011945465276021286
Educação,2024-04-01,2024-05-01,0.003206655786386561,0.007121359548392942,0.016113114550809757,0.0018497908134698614,0.006501123836486012,0.02120356561623291,14462.0,2030792.0,68753.0,54291.0,4186.333333333333,-0.0021830755432080567,-0.04042536046726227,0.005367837238860225,0.029272518828015043,0.011945465276021286,0.007121359548392942
Educação,2024-05-01,2024-06-01,-0.0015352457622202712,0.003206655786386561,0.0074244935369335964,0.0027480793684022974,0.005888388418424242,0.021127717602664887,6533.0,2037325.0,56291.0,49758.0,6003.333333333333,-0.04042536046726227,0.005367837238860225,0.029272518828015043,0.011945465276021286,0.007121359548392942,0.003206655786386561
Educação,2024-06-01,2024-07-01,-0.003895259804896489,-0.0015352457622202712,0.002930923190853077,0.009229765152575965,-0.0033582031387976055,0.009837091117212576,-3123.0,2034202.0,48624.0,51747.0,18442.833333333332,0.005367837238860225,0.029272518828015043,0.011945465276021286,0.007121359548392942,0.003206655786386561,-0.0015352457622202712
Educação,2024-07-01,2024-08-01,0.012022139811191409,-0.003895259804896489,-0.0007412832602433998,0.007685915645283179,-0.006005592286893963,0.010982267032255409,-7893.0,2026309.0,48781.0,56674.0,15397.166666666666,0.029272518828015043,0.011945465276021286,0.007121359548392942,0.003206655786386561,-0.0015352457622202712,-0.003895259804896489
Educação,2024-08-01,2024-09-01,0.0051209712431052185,0.012022139811191409,0.0021972114146915495,0.004810852475812573,-0.0010688110552178433,0.006149344256154245,24657.0,2050966.0,78159.0,53502.0,9787.0,0.011945465276021286,0.007121359548392942,0.003206655786386561,-0.0015352457622202712,-0.003895259804896489,0.012022139811191409
Educação,2024-09-01,2024-10-01,0.0013433151059731743,0.0051209712431052185,0.004415950416466713,0.0036734368036598947,0.000402414185865706,0.0052965050750086945,10557.0,2061523.0,55635.0,45078.0,7532.166666666667,0.007121359548392942,0.003206655786386561,-0.0015352457622202712,-0.003895259804896489,0.012022139811191409,0.0051209712431052185
Educação,2024-10-01,2024-11-01,-0.0019954518647597183,0.0013433151059731743,0.006162142053423267,0.0027104293965899335,0.0007591242065713552,0.005103835034127286,2773.0,2064296.0,47224.0,44451.0,5584.0,0.003206655786386561,-0.0015352457622202712,-0.003895259804896489,0.012022139811191409,0.0051209712431052185,0.0013433151059731743
Educação,2024-11-01,2024-12-01,-0.040802356245768966,-0.0019954518647597183,0.0014896114947728913,0.0018434114547322203,0.00018610073290930169,0.0053802656297572415,-4111.0,2060185.0,34111.0,38222.0,3810.0,-0.0015352457622202712,-0.003895259804896489,0.012022139811191409,0.0051209712431052185,0.0013433151059731743,-0.0019954518647597183
Educação,2024-12-01,2025-01-01,0.004072424143930558,-0.040802356245768966,-0.013818164334851836,-0.004701106959192562,-0.0065818832391242215,0.016950641089325227,-80765.0,1979420.0,18209.0,98974.0,-9130.333333333334,-0.003895259804896489,0.012022139811191409,0.0051209712431052185,0.0013433151059731743,-0.0019954518647597183,-0.040802356245768966
Educação,2025-01-01,2025-02-01,0.031760940415353364,0.004072424143930558,-0.012908461322199374,-0.0033731596343880544,-0.005167352222104563,0.01727083376597365,8094.0,1987514.0,74970.0,66876.0,-6465.833333333333,0.012022139811191409,0.0051209712431052185,0.0013433151059731743,-0.0019954518647597183,-0.040802356245768966,0.004072424143930558
Educação,2025-02-01,2025-03-01,0.007642186338238295,0.031760940415353364,-0.0016563305621616804,-8.335953369439468e-05,0.002930864816974388,0.02130001262481007,65196.0,2052710.0,133997.0,68801.0,290.6666666666667,0.0051209712431052185,0.0013433151059731743,-0.0019954518647597183,-0.040802356245768966,0.004072424143930558,0.031760940415353364
Educação,2025-03-01,2025-04-01,0.0066300921470434,0.007642186338238295,0.014491850299174073,0.000336842982161118,0.00507538038261041,0.021423051471726334,15808.0,2068518.0,72331.0,56523.0,1165.8333333333333,0.0013433151059731743,-0.0019954518647597183,-0.040802356245768966,0.004072424143930558,0.031760940415353364,0.007642186338238295
Educação,2025-04-01,2025-05-01,0.0031871983578604314,0.0066300921470434,0.015344406300211687,0.001217972489006156,0.006175710402356003,0.021554645554302587,13806.0,2082324.0,64566.0,50760.0,3004.6666666666665,-0.0019954518647597183,-0.040802356245768966,0.004072424143930558,0.031760940415353364,0.007642186338238295,0.0066300921470434
Educação,2025-05-01,2025-06-01,-0.002413683232627239,0.0031871983578604314,0.005819825614380709,0.002081747526109514,0.005814343512867725,0.021512366909859658,6658.0,2088982.0,56427.0,49769.0,4799.5,-0.040802356245768966,0.004072424143930558,0.031760940415353364,0.007642186338238295,0.0066300921470434,0.0031871983578604314
Educação,2025-06-01,2025-07-01,-0.004950604864960269,-0.002413683232627239,0.0024678690907588645,0.008479859694966469,-0.0034046816356132184,0.010895251915584232,-5030.0,2083952.0,46870.0,51900.0,17422.0,0.004072424143930558,0.031760940415353364,0.007642186338238295,0.0066300921470434,0.0031871983578604314,-0.002413683232627239
Educação,2025-07-01,2025-08-01,0.011339846891804464,-0.004950604864960269,-0.0013923632465756921,0.006976021526817998,-0.006204806540095648,0.011969557222159356,-10266.0,2073686.0,48465.0,58731.0,14362.0,0.031760940415353364,0.007642186338238295,0.0066300921470434,0.0031871983578604314,-0.002413683232627239,-0.004950604864960269
Educação,2025-08-01,2025-09-01,0.004510732210871036,0.011339846891804464,0.0013251862647389856,0.003572505939559847,-0.0006244191388190809,0.005698962741234146,23785.0,2097471.0,77961.0,54176.0,7460.166666666667,0.007642186338238295,0.0066300921470434,0.0031871983578604314,-0.002413683232627239,-0.004950604864960269,0.011339846891804464
Educação,2025-09-01,2025-10-01,0.0007237369107247282,0.004510732210871036,0.003633324745905077,0.003050596918331971,0.00032354926538963585,0.0054398635673150045,9504.0,2106975.0,59505.0,50001.0,6409.5,0.0066300921470434,0.0031871983578604314,-0.002413683232627239,-0.004950604864960269,0.011339846891804464,0.004510732210871036
Educação,2025-10-01,2025-11-01,-0.0031543324970942557,0.0007237369107247282,0.005524772004466743,0.002066204378945525,0.0007070397386166013,0.005233545852782201,1526.0,2108501.0,47023.0,45497.0,4362.833333333333,0.0031871983578604314,-0.002413683232627239,-0.004950604864960269,0.011339846891804464,0.004510732210871036,0.0007237369107247282
Educação,2025-11-01,2025-12-01,-0.041455446123953375,-0.0031543324970942557,0.0006933788748338362,0.0010092825697864108,0.00018544755210818498,0.005532252233769915,-6630.0,2101871.0,33536.0,40166.0,2148.1666666666665,-0.002413683232627239,-0.004950604864960269,0.011339846891804464,0.004510732210871036,0.0007237369107247282,-0.0031543324970942557
Educação,2025-12-01,2026-01-01,0.0013952552400136402,-0.041455446123953375,-0.014628680570107635,-0.0054976779121012785,-0.0065655354217659416,0.016936785254487045,-87134.0,,16598.0,103732.0,-11535.833333333334,-0.004950604864960269,0.011339846891804464,0.004510732210871036,0.0007237369107247282,-0.0031543324970942557,-0.041455446123953375
Educação,2026-01-01,2026-02-01,0.023717134471937733,0.0013952552400136402,-0.014404841127011332,-0.004440034561272294,-0.005471416076321323,0.01713490467979984,2815.0,2017552.0,70206.0,67391.0,-9355.666666666666,0.011339846891804464,0.004510732210871036,0.0007237369107247282,-0.0031543324970942557,-0.041455446123953375,0.0013952552400136402
Educação,2026-02-01,2026-03-01,0.010456320191227551,0.023717134471937733,-0.005447685470667335,-0.002377153297916749,0.001707012933324031,0.01949323978958836,49013.0,2066565.0,119133.0,70120.0,-5151.0,0.004510732210871036,0.0007237369107247282,-0.0031543324970942557,-0.041455446123953375,0.0013952552400136402,0.023717134471937733
Educação,2026-03-01,2026-04-01,0.004163777803421241,0.010456320191227551,0.011856236634392975,-0.0013862219678573305,0.004917943390673631,0.019963641078117426,21837.0,2088402.0,86427.0,64590.0,-3095.5,0.0007237369107247282,-0.0031543324970942557,-0.041455446123953375,0.0013952552400136402,0.023717134471937733,0.010456320191227551
Educação,2026-04-01,2026-05-01,0.0023680945639433103,0.004163777803421241,0.012779077488862174,-0.0008128818190745782,0.006132792276572694,0.020065144106177563,8732.0,2097134.0,64098.0,55366.0,-1894.5,-0.0031543324970942557,-0.041455446123953375,0.0013952552400136402,0.023717134471937733,0.010456320191227551,0.004163777803421241
Educação,2026-05-01,2026-06-01,-0.003648655745845011,0.0023680945639433103,0.005662730852864034,0.00010752269109834971,0.006118927338542743,0.02006328903207577,4978.0,2102112.0,56491.0,51513.0,40.166666666666664,-0.041455446123953375,0.0013952552400136402,0.023717134471937733,0.010456320191227551,0.004163777803421241,0.0023680945639433103
Eletricidade e Gás,2020-07-01,2020-08-01,0.0009476951264778121,0.0002845782313462922,-0.0007565589425205248,0.00029286990420176437,-0.0006372447701111753,0.0015148287891726647,36.0,126503.0,1020.0,984.0,37.166666666666664,0.0022991048502421564,0.0013334385355846614,0.0003943528669453427,8.675010449444404e-05,-0.0026410051634023104,0.0002845782313462922
Eletricidade e Gás,2020-08-01,2020-09-01,0.0011674594347287628,0.0009476951264778121,-0.0004695772685260687,6.763495024104034e-05,-0.0001424513205779472,0.0012824241542965266,120.0,126623.0,1129.0,1009.0,8.666666666666666,0.0013334385355846614,0.0003943528669453427,8.675010449444404e-05,-0.0026410051634023104,0.0002845782313462922,0.0009476951264778121
Eletricidade e Gás,2020-09-01,2020-10-01,0.0027768163368050093,0.0011674594347287628,0.0007999109308509557,3.997176676505724e-05,0.000267827179989023,0.0012563461531247889,148.0,126771.0,1309.0,1161.0,5.166666666666667,0.0003943528669453427,8.675010449444404e-05,-0.0026410051634023104,0.0002845782313462922,0.0009476951264778121,0.0011674594347287628
Eletricidade e Gás,2020-10-01,2020-11-01,0.0024639432508357004,0.0027768163368050093,0.0016306569660038614,0.0004370490117416683,0.0007296811957450733,0.0016273262397949804,353.0,127124.0,1382.0,1029.0,55.666666666666664,8.675010449444404e-05,-0.0026410051634023104,0.0002845782313462922,0.0009476951264778121,0.0011674594347287628,0.0027768163368050093
Eletricidade e Gás,2020-11-01,2020-12-01,-0.0025962173899361173,0.0024639432508357004,0.0021360730074564908,0.0008332478694652109,0.0009491777341662042,0.0017763677297243832,314.0,127438.0,1539.0,1225.0,106.16666666666667,-0.0026410051634023104,0.0002845782313462922,0.0009476951264778121,0.0011674594347287628,0.0027768163368050093,0.0024639432508357004
Eletricidade e Gás,2020-12-01,2021-01-01,0.004011910358877919,-0.0025962173899361173,0.0008815140659015308,0.0008407124983762431,-0.00023559648089320365,0.0017617868473124914,-330.0,127108.0,1091.0,1421.0,106.83333333333333,0.0002845782313462922,0.0009476951264778121,0.0011674594347287628,0.0027768163368050093,0.0024639432508357004,-0.0025962173899361173
Eletricidade e Gás,2021-01-01,2021-02-01,0.0031712308437348664,0.004011910358877919,0.0012932120732591674,0.0014619345196315145,0.00010620493148675947,0.0020838692825890927,512.0,127620.0,1672.0,1160.0,186.16666666666666,0.0009476951264778121,0.0011674594347287628,0.0027768163368050093,0.0024639432508357004,-0.0025962173899361173,0.004011910358877919
Eletricidade e Gás,2021-02-01,2021-03-01,-0.0024037144042781417,0.0031712308437348664,0.0015289746042255563,0.0018325238058410232,0.0002475422420136408,0.002155933687033408,406.0,128026.0,1842.0,1436.0,233.83333333333334,0.0011674594347287628,0.0027768163368050093,0.0024639432508357004,-0.0025962173899361173,0.004011910358877919,0.0031712308437348664
Eletricidade e Gás,2021-03-01,2021-04-01,0.0034332352780530435,-0.0024037144042781417,0.001593142266111548,0.0012373281660065392,-0.0004906475193686919,0.002685335386700501,-307.0,127719.0,1626.0,1933.0,158.0,0.0027768163368050093,0.0024639432508357004,-0.0025962173899361173,0.004011910358877919,0.0031712308437348664,-0.0024037144042781417
Eletricidade e Gás,2021-04-01,2021-05-01,0.0017058997647572014,0.0034332352780530435,0.001400250572503256,0.0013467313228812117,0.00013095113079764515,0.0027582097680288547,440.0,128159.0,1936.0,1496.0,172.5,0.0024639432508357004,-0.0025962173899361173,0.004011910358877919,0.0031712308437348664,-0.0024037144042781417,0.0034332352780530435
Eletricidade e Gás,2021-05-01,2021-06-01,0.006054506039021369,0.0017058997647572014,0.0009118068795107011,0.0012203907418681288,0.0004057032937993988,0.002721255671251485,219.0,128378.0,1674.0,1455.0,156.66666666666666,-0.0025962173899361173,0.004011910358877919,0.0031712308437348664,-0.0024037144042781417,0.0034332352780530435,0.0017058997647572014
Eletricidade e Gás,2021-06-01,2021-07-01,0.003233548645999738,0.006054506039021369,0.0037312136939438713,0.00266217798002771,0.0003329695670318697,0.002606436424303238,782.0,129160.0,2094.0,1312.0,342.0,0.004011910358877919,0.0031712308437348664,-0.0024037144042781417,0.0034332352780530435,0.0017058997647572014,0.006054506039021369
Eletricidade e Gás,2021-07-01,2021-08-01,0.0027475064647210935,0.003233548645999738,0.003664651483259436,0.002532451027881346,0.0006845404236550584,0.002554889999404588,419.0,129579.0,1750.0,1331.0,326.5,0.0031712308437348664,-0.0024037144042781417,0.0034332352780530435,0.0017058997647572014,0.006054506039021369,0.003233548645999738
Eletricidade e Gás,2021-08-01,2021-09-01,0.0024413837578884335,0.0027475064647210935,0.004011853716580733,0.002461830298045717,0.0008430185920885833,0.0025420812640178266,357.0,129936.0,1990.0,1633.0,318.3333333333333,-0.0024037144042781417,0.0034332352780530435,0.0017058997647572014,0.006054506039021369,0.003233548645999738,0.0027475064647210935
Eletricidade e Gás,2021-09-01,2021-10-01,0.002305541725709471,0.0024413837578884335,0.002807479622869755,0.003269346658406813,-0.00013301128268437167,0.0013654950075833597,318.0,130254.0,2083.0,1765.0,422.5,0.0034332352780530435,0.0017058997647572014,0.006054506039021369,0.003233548645999738,0.0027475064647210935,0.0024413837578884335
Eletricidade e Gás,2021-10-01,2021-11-01,-0.001311510614799362,0.002305541725709471,0.0024981439827729992,0.003081397733016218,-0.00023791997771188867,0.0014069808913485513,301.0,130555.0,1816.0,1515.0,399.3333333333333,0.0017058997647572014,0.006054506039021369,0.003233548645999738,0.0027475064647210935,0.0024413837578884335,0.002305541725709471
Eletricidade e Gás,2021-11-01,2021-12-01,-0.004437322815234808,-0.001311510614799362,0.0011451382895995143,0.002578496003090123,-0.0011405779067659172,0.0021511919007675315,-171.0,130384.0,1672.0,1843.0,334.3333333333333,0.006054506039021369,0.003233548645999738,0.0027475064647210935,0.0024413837578884335,0.002305541725709471,-0.001311510614799362
Eletricidade e Gás,2021-12-01,2022-01-01,0.00016945236077948086,-0.004437322815234808,-0.0011477639014415661,0.0008298578607140943,-0.0014476357307689443,0.0027856302508708487,-576.0,129808.0,1210.0,1786.0,108.0,0.003233548645999738,0.0027475064647210935,0.0024413837578884335,0.002305541725709471,-0.001311510614799362,-0.004437322815234808
Eletricidade e Gás,2022-01-01,2022-02-01,-0.001102654853609074,0.00016945236077948086,-0.0018597936897515632,0.0003191751465107182,-0.0010612412165596178,0.002570734019463466,22.0,129830.0,1431.0,1409.0,41.833333333333336,0.0027475064647210935,0.0024413837578884335,0.002305541725709471,-0.001311510614799362,-0.004437322815234808,0.00016945236077948086
Eletricidade e Gás,2022-02-01,2022-03-01,0.0015397999799826002,-0.001102654853609074,-0.0017901751026881338,-0.0003225184065443097,-0.0007786935243632272,0.002356063958349664,-143.0,129687.0,1663.0,1806.0,-41.5,0.0024413837578884335,0.002305541725709471,-0.001311510614799362,-0.004437322815234808,0.00016945236077948086,-0.001102654853609074
Eletricidade e Gás,2022-03-01,2022-04-01,-0.001210205812071225,0.0015397999799826002,0.00020219916238433568,-0.0004727823695286153,4.013239231287985e-05,0.0021984776286412162,200.0,129887.0,1612.0,1412.0,-61.166666666666664,0.002305541725709471,-0.001311510614799362,-0.004437322815234808,0.00016945236077948086,-0.001102654853609074,0.0015397999799826002
Eletricidade e Gás,2022-04-01,2022-05-01,-0.0009799155883737259,-0.001210205812071225,-0.00025768689523256627,-0.0010587402924920647,0.0004904510052829816,0.0018149587567556664,-157.0,129730.0,1595.0,1752.0,-137.5,-0.001311510614799362,-0.004437322815234808,0.00016945236077948086,-0.001102654853609074,0.0015397999799826002,-0.001210205812071225
Eletricidade e Gás,2022-05-01,2022-06-01,0.001233017115818839,-0.0009799155883737259,-0.00021677380682078354,-0.0010034744547544588,0.0004511576128384274,0.0018114656291503947,-127.0,129603.0,1506.0,1633.0,-130.16666666666666,-0.004437322815234808,0.00016945236077948086,-0.001102654853609074,0.0015397999799826002,-0.001210205812071225,-0.0009799155883737259
Eletricidade e Gás,2022-06-01,2022-07-01,0.003517097856720498,0.001233017115818839,-0.00031903476154203727,-5.841779957885078e-05,8.388673653854312e-05,0.0011210288315561588,160.0,129763.0,1685.0,1525.0,-7.5,0.00016945236077948086,-0.001102654853609074,0.0015397999799826002,-0.001210205812071225,-0.0009799155883737259,0.001233017115818839
Eletricidade e Gás,2022-07-01,2022-08-01,0.0020308692120227455,0.003517097856720498,0.0012567331280552037,0.0004995231164113188,0.0006402487195101164,0.001751420035815002,458.0,130221.0,1669.0,1211.0,65.16666666666667,-0.001102654853609074,0.0015397999799826002,-0.001210205812071225,-0.0009799155883737259,0.001233017115818839,0.003517097856720498
Eletricidade e Gás,2022-08-01,2022-09-01,0.002385357574274836,0.0020308692120227455,0.002260328061520694,0.0010217771273499552,0.0005385768534505274,0.0016606416408726913,265.0,130486.0,1685.0,1420.0,133.16666666666666,0.0015397999799826002,-0.001210205812071225,-0.0009799155883737259,0.001233017115818839,0.003517097856720498,0.0020308692120227455
Eletricidade e Gás,2022-09-01,2022-10-01,-0.0014547347788803136,0.002385357574274836,0.002644441547672693,0.0011627033930653279,0.0008369786306806104,0.0017329275153901362,312.0,130798.0,1676.0,1364.0,151.83333333333334,-0.001210205812071225,-0.0009799155883737259,0.001233017115818839,0.003517097856720498,0.0020308692120227455,0.002385357574274836
Eletricidade e Gás,2022-10-01,2022-11-01,0.0016815972116060783,-0.0014547347788803136,0.0009871640024724227,0.0011219485652638132,-1.1522949196077118e-05,0.0017901836681273311,-190.0,130608.0,1254.0,1444.0,146.33333333333334,-0.0009799155883737259,0.001233017115818839,0.003517097856720498,0.0020308692120227455,0.002385357574274836,-0.0014547347788803136
Eletricidade e Gás,2022-11-01,2022-12-01,-0.007919876733436056,0.0016815972116060783,0.0008707400023335336,0.0015655340319271139,-0.0003519459733032616,0.0015244294388052123,220.0,130828.0,1431.0,1211.0,204.16666666666666,0.001233017115818839,0.003517097856720498,0.0020308692120227455,0.002385357574274836,-0.0014547347788803136,0.0016815972116060783
Eletricidade e Gás,2022-12-01,2023-01-01,-0.0008558937149642607,-0.007919876733436056,-0.002564338100236764,4.0051723717964755e-05,-0.0017735080372910826,0.0038696077091351813,-1028.0,129800.0,1049.0,2077.0,6.166666666666667,0.003517097856720498,0.0020308692120227455,0.002385357574274836,-0.0014547347788803136,0.0016815972116060783,-0.007919876733436056
Eletricidade e Gás,2023-01-01,2023-02-01,0.0014859641828736854,-0.0008558937149642607,-0.002364724412264746,-0.0006887802048961617,-0.001206091016216609,0.003544217719813824,-111.0,129689.0,1373.0,1484.0,-88.66666666666667,0.0020308692120227455,0.002385357574274836,-0.0014547347788803136,0.0016815972116060783,-0.007919876733436056,-0.0008558937149642607
Eletricidade e Gás,2023-02-01,2023-03-01,0.0007078338744672012,0.0014859641828736854,-0.0024299354218422107,-0.0007795977097543385,-0.00035148336315142075,0.003479760737912664,193.0,129882.0,1742.0,1549.0,-100.66666666666667,0.002385357574274836,-0.0014547347788803136,0.0016815972116060783,-0.007919876733436056,-0.0008558937149642607,0.0014859641828736854
Eletricidade e Gás,2023-03-01,2023-04-01,0.0005459648583182744,0.0007078338744672012,0.0004459681141255419,-0.001059184993055611,0.000493997919971777,0.0032756400197173634,92.0,129974.0,1722.0,1630.0,-137.33333333333334,-0.0014547347788803136,0.0016815972116060783,-0.007919876733436056,-0.0008558937149642607,0.0014859641828736854,0.0007078338744672012
Eletricidade e Gás,2023-04-01,2023-05-01,0.0016352162631086,0.0005459648583182744,0.0009132543052197203,-0.0007257350535225128,0.0006441950844316769,0.0033199352019754763,71.0,130045.0,1958.0,1887.0,-93.83333333333333,0.0016815972116060783,-0.007919876733436056,-0.0008558937149642607,0.0014859641828736854,0.0007078338744672012,0.0005459648583182744
Eletricidade e Gás,2023-05-01,2023-06-01,0.001777914016399724,0.0016352162631086,0.0009630049986313584,-0.000733465211605426,0.0014629402969761256,0.0033143702877169294,213.0,130258.0,1801.0,1588.0,-95.0,-0.007919876733436056,-0.0008558937149642607,0.0014859641828736854,0.0007078338744672012,0.0005459648583182744,0.0016352162631086
Eletricidade e Gás,2023-06-01,2023-07-01,0.003368186296598972,0.001777914016399724,0.0013196983792755329,0.0008828332467005372,0.0003844264537535925,0.0009035387145761112,232.0,130490.0,1852.0,1620.0,115.0,-0.0008558937149642607,0.0014859641828736854,0.0007078338744672012,0.0005459648583182744,0.0016352162631086,0.001777914016399724
Eletricidade e Gás,2023-07-01,2023-08-01,0.004046766010208196,0.003368186296598972,0.002260438858702432,0.0015868465819610762,0.00039173149712040927,0.0009199903016244655,441.0,130931.0,1845.0,1404.0,207.0,0.0014859641828736854,0.0007078338744672012,0.0005459648583182744,0.0016352162631086,0.001777914016399724,0.003368186296598972
Eletricidade e Gás,2023-08-01,2023-09-01,0.0019435313052786614,0.004046766010208196,0.0030642887744022976,0.002013646886516828,0.000722972078481091,0.0012926953924331363,532.0,131463.0,2012.0,1480.0,263.5,0.0007078338744672012,0.0005459648583182744,0.0016352162631086,0.001777914016399724,0.003368186296598972,0.004046766010208196
Eletricidade e Gás,2023-09-01,2023-10-01,0.0014858052533828602,0.0019435313052786614,0.003119494537361943,0.002219596458318738,0.00045179296446571336,0.0011598595806712316,256.0,131719.0,1727.0,1471.0,290.8333333333333,0.0005459648583182744,0.0016352162631086,0.001777914016399724,0.003368186296598972,0.004046766010208196,0.0019435313052786614
Eletricidade e Gás,2023-10-01,2023-11-01,0.003211425117122563,0.0014858052533828602,0.002492034189623239,0.0023762365241628354,1.2239329474780846e-05,0.000971410968626251,196.0,131915.0,1702.0,1506.0,311.6666666666667,0.0016352162631086,0.001777914016399724,0.003368186296598972,0.004046766010208196,0.0019435313052786614,0.0014858052533828602
Eletricidade e Gás,2023-11-01,2023-12-01,-0.0016954797299343002,0.003211425117122563,0.0022135872252613616,0.0026389379998318294,-1.6652066598962184e-05,0.0009483487567354029,425.0,132340.0,1759.0,1334.0,347.0,0.001777914016399724,0.003368186296598972,0.004046766010208196,0.0019435313052786614,0.0014858052533828602,0.003211425117122563
Eletricidade e Gás,2023-12-01,2024-01-01,-0.0008712055211702942,-0.0016954797299343002,0.001000583546857041,0.002060039042109492,-0.0008080593961091157,0.0018899410450665358,-224.0,132116.0,1416.0,1640.0,271.0,0.003368186296598972,0.004046766010208196,0.0019435313052786614,0.0014858052533828602,0.003211425117122563,-0.0016954797299343002
Eletricidade e Gás,2024-01-01,2024-02-01,0.0011577402121767028,-0.0008712055211702942,0.00021491328867265615,0.0013534737391479477,-0.0009651791685369035,0.002054134092068855,-115.0,132001.0,1616.0,1731.0,178.33333333333334,0.004046766010208196,0.0019435313052786614,0.0014858052533828602,0.003211425117122563,-0.0016954797299343002,-0.0008712055211702942
Eletricidade e Gás,2024-02-01,2024-03-01,0.0014733772072323932,0.0011577402121767028,-0.00046964834630929724,0.0008719694394760322,-0.00045448264674931776,0.001668842474182316,153.0,132154.0,1718.0,1565.0,115.16666666666667,0.0019435313052786614,0.0014858052533828602,0.003211425117122563,-0.0016954797299343002,-0.0008712055211702942,0.0011577402121767028
Eletricidade e Gás,2024-03-01,2024-04-01,0.004400680036709946,0.0014733772072323932,0.0005866372994129339,0.0007936104231349876,-0.00015425487819502618,0.0016272070591473284,195.0,132349.0,1948.0,1753.0,105.0,0.0014858052533828602,0.003211425117122563,-0.0016954797299343002,-0.0008712055211702942,0.0011577402121767028,0.0014733772072323932
Eletricidade e Gás,2024-04-01,2024-05-01,0.004157645948355295,0.004400680036709946,0.0023439324853730143,0.001279422887022835,0.0004994797469366855,0.002121420589046195,585.0,132934.0,2526.0,1941.0,169.83333333333334,0.003211425117122563,-0.0016954797299343002,-0.0008712055211702942,0.0011577402121767028,0.0014733772072323932,0.004400680036709946
Eletricidade e Gás,2024-05-01,2024-06-01,0.005068234838151883,0.004157645948355295,0.003343901064099212,0.0014371263588949573,0.0012970549160041254,0.0022878252030114816,555.0,133489.0,2048.0,1493.0,191.5,-0.0016954797299343002,-0.0008712055211702942,0.0011577402121767028,0.0014733772072323932,0.004400680036709946,0.004157645948355295
Eletricidade e Gás,2024-06-01,2024-07-01,0.003268726459597798,0.005068234838151883,0.0045421869410723755,0.0025644121202426547,0.001189263480989263,0.0021272812739560726,680.0,134169.0,2200.0,1520.0,342.1666666666667,-0.0008712055211702942,0.0011577402121767028,0.0014733772072323932,0.004400680036709946,0.004157645948355295,0.005068234838151883
Eletricidade e Gás,2024-07-01,2024-08-01,-0.0036759223358883357,0.003268726459597798,0.004164869082034992,0.0032544007837040033,0.0006027562869002655,0.0014712827559393744,440.0,134609.0,2309.0,1869.0,434.6666666666667,0.0011577402121767028,0.0014733772072323932,0.004400680036709946,0.004157645948355295,0.005068234838151883,0.003268726459597798
Eletricidade e Gás,2024-08-01,2024-09-01,0.0037216696256787774,-0.0036759223358883357,0.0015536796539537816,0.0024487903590264966,-0.0008066219873469572,0.0029644387253804565,-493.0,134116.0,2200.0,2693.0,327.0,0.0014733772072323932,0.004400680036709946,0.004157645948355295,0.005068234838151883,0.003268726459597798,-0.0036759223358883357
Eletricidade e Gás,2024-09-01,2024-10-01,0.0009202841006078328,0.0037216696256787774,0.0011048245831294134,0.0028235057621008937,-0.0008198647224697376,0.002959552408450331,501.0,134617.0,2159.0,1658.0,378.0,0.004400680036709946,0.004157645948355295,0.005068234838151883,0.003268726459597798,-0.0036759223358883357,0.0037216696256787774
Eletricidade e Gás,2024-10-01,2024-11-01,0.002856571965632331,0.0009202841006078328,0.0003220104634660915,0.002243439772750542,-0.0007763186763326504,0.002934553272034965,124.0,134741.0,2216.0,2092.0,301.1666666666667,0.004157645948355295,0.005068234838151883,0.003268726459597798,-0.0036759223358883357,0.0037216696256787774,0.0009202841006078328
Eletricidade e Gás,2024-11-01,2024-12-01,0.0009094269870609981,0.002856571965632331,0.0024995085639729804,0.0020265941089633813,-0.0003058871279428726,0.00283134923638512,386.0,135127.0,2128.0,1742.0,273.0,0.005068234838151883,0.003268726459597798,-0.0036759223358883357,0.0037216696256787774,0.0009202841006078328,0.002856571965632331
Eletricidade e Gás,2024-12-01,2025-01-01,0.0023309679418143194,0.0009094269870609981,0.0015620943511003872,0.0013334594671149003,0.00014284571476591587,0.002490418346807432,123.0,135250.0,1832.0,1709.0,180.16666666666666,0.003268726459597798,-0.0036759223358883357,0.0037216696256787774,0.0009202841006078328,0.002856571965632331,0.0009094269870609981
Eletricidade e Gás,2025-01-01,2025-02-01,0.0030152379831735014,0.0023309679418143194,0.0020323222981692163,0.0011771663808176538,0.0006724003239338408,0.0023915232560249066,316.0,135566.0,2006.0,1690.0,159.5,-0.0036759223358883357,0.0037216696256787774,0.0009202841006078328,0.002856571965632331,0.0009094269870609981,0.0023309679418143194
Eletricidade e Gás,2025-02-01,2025-03-01,0.0024722513626726722,0.0030152379831735014,0.0020852109706829395,0.00229235976732796,-3.5635761927950095e-05,0.0010551777332056338,410.0,135976.0,2166.0,1756.0,310.0,0.0037216696256787774,0.0009202841006078328,0.002856571965632331,0.0009094269870609981,0.0023309679418143194,0.0030152379831735014
Eletricidade e Gás,2025-03-01,2025-04-01,0.005384856732165398,0.0024722513626726722,0.0026061524292201647,0.002084123390160276,0.0002759250090771723,0.0008572883873158027,337.0,136313.0,2006.0,1669.0,282.6666666666667,0.0009202841006078328,0.002856571965632331,0.0009094269870609981,0.0023309679418143194,0.0030152379831735014,0.0024722513626726722
Eletricidade e Gás,2025-04-01,2025-05-01,0.002198714261792607,0.005384856732165398,0.0036241153593371904,0.0028282188287532036,0.0005146904857388437,0.0013309088903745903,738.0,137051.0,2203.0,1465.0,385.0,0.002856571965632331,0.0009094269870609981,0.0023309679418143194,0.0030152379831735014,0.0024722513626726722,0.005384856732165398
Eletricidade e Gás,2025-05-01,2025-06-01,0.0029688883727007447,0.002198714261792607,0.003351940785543559,0.002718575878113249,0.00043043188926315573,0.0013510029290969906,302.0,137353.0,1952.0,1650.0,371.0,0.0009094269870609981,0.0023309679418143194,0.0030152379831735014,0.0024722513626726722,0.005384856732165398,0.002198714261792607
Eletricidade e Gás,2025-06-01,2025-07-01,0.0036883823189076603,0.0029688883727007447,0.003517486455552917,0.003061819442386541,0.00010436103885091897,0.0010827429100077816,409.0,137762.0,2228.0,1819.0,418.6666666666667,0.0023309679418143194,0.0030152379831735014,0.0024722513626726722,0.005384856732165398,0.002198714261792607,0.0029688883727007447
Eletricidade e Gás,2025-07-01,2025-08-01,0.005323281443328633,0.0036883823189076603,0.002951994984467004,0.003288055171902097,4.76997210966347e-05,0.001047642969202919,510.0,138272.0,2172.0,1662.0,451.0,0.0030152379831735014,0.0024722513626726722,0.005384856732165398,0.002198714261792607,0.0029688883727007447,0.0036883823189076603
Eletricidade e Gás,2025-08-01,2025-09-01,0.005928161268869645,0.005323281443328633,0.003993517378312346,0.0036727290819279523,0.0002838828935547065,0.0012757486299315496,740.0,139012.0,2460.0,1720.0,506.0,0.0024722513626726722,0.005384856732165398,0.002198714261792607,0.0029688883727007447,0.0036883823189076603,0.005323281443328633
Eletricidade e Gás,2025-09-01,2025-10-01,0.00486746130581747,0.005928161268869645,0.004979941677035313,0.004248714066294114,0.00036599194783817803,0.0013796426338491823,829.0,139841.0,2327.0,1498.0,588.0,0.005384856732165398,0.002198714261792607,0.0029688883727007447,0.0036883823189076603,0.005323281443328633,0.005928161268869645
Eletricidade e Gás,2025-10-01,2025-11-01,0.007977127528149377,0.00486746130581747,0.00537296800600525,0.004162481495236126,0.000681612943801485,0.001320851646611817,684.0,140525.0,2369.0,1685.0,579.0,0.002198714261792607,0.0029688883727007447,0.0036883823189076603,0.005323281443328633,0.005928161268869645,0.00486746130581747
Eletricidade e Gás,2025-11-01,2025-12-01,-0.00015530690762768698,0.007977127528149377,0.006257583367612164,0.005125550372962255,0.0008338089303861027,0.001612349582852578,1130.0,141655.0,2565.0,1435.0,717.0,0.0029688883727007447,0.0036883823189076603,0.005323281443328633,0.005928161268869645,0.00486746130581747,0.007977127528149377
Eletricidade e Gás,2025-12-01,2026-01-01,0.005819095618480718,-0.00015530690762768698,0.004229760642113054,0.004604851159574183,-0.0003519316526076195,0.002490231705203332,-22.0,,1501.0,1523.0,645.1666666666666,0.0036883823189076603,0.005323281443328633,0.005928161268869645,0.00486746130581747,0.007977127528149377,-0.00015530690762768698
Eletricidade e Gás,2026-01-01,2026-02-01,0.0012128860377887615,0.005819095618480718,0.0045469720796674695,0.00495997004283636,-0.0003617619266114192,0.0024861396319118155,829.0,142462.0,2424.0,1595.0,698.3333333333334,0.005323281443328633,0.005928161268869645,0.00486746130581747,0.007977127528149377,-0.00015530690762768698,0.005819095618480718
Eletricidade e Gás,2026-02-01,2026-03-01,0.0027895465413817692,0.0012128860377887615,0.002292224916213931,0.004274904141913048,-0.0008243973615197634,0.002833669389433789,173.0,142635.0,2144.0,1971.0,603.8333333333334,0.005928161268869645,0.00486746130581747,0.007977127528149377,-0.00015530690762768698,0.005819095618480718,0.0012128860377887615
Eletricidade e Gás,2026-03-01,2026-04-01,0.004634655532359082,0.0027895465413817692,0.0032738427325504165,0.0037518016873317344,-0.0007059398790614842,0.0027691546320545092,399.0,143034.0,2377.0,1978.0,532.1666666666666,0.00486746130581747,0.007977127528149377,-0.00015530690762768698,0.005819095618480718,0.0012128860377887615,0.0027895465413817692
Eletricidade e Gás,2026-04-01,2026-05-01,0.00481318605214862,0.004634655532359082,0.002879029370509871,0.0037130007250886703,-0.00035668597750328733,0.0027548443905451225,666.0,143700.0,2514.0,1848.0,529.1666666666666,0.007977127528149377,-0.00015530690762768698,0.005819095618480718,0.0012128860377887615,0.0027895465413817692,0.004634655532359082
Eletricidade e Gás,2026-05-01,2026-06-01,0.0024800696353814056,0.00481318605214862,0.00407912937529649,0.003185677145755211,0.0006533087155459894,0.002117160642388706,695.0,144395.0,2536.0,1841.0,456.6666666666667,-0.00015530690762768698,0.005819095618480718,0.0012128860377887615,0.0027895465413817692,0.004634655532359082,0.00481318605214862
Indústria geral,2020-07-01,2020-08-01,0.012458960773995473,0.007152632344287448,-0.002457074065697642,-0.005789034754917199,0.0010573774994364485,0.01188736167933588,52631.0,7358270.0,207798.0,155167.0,-42689.666666666664,0.004735812951596206,-0.004429755468728153,-0.027669043815278325,-0.01376868445974891,-0.0007551700816314631,0.007152632344287448
Indústria geral,2020-08-01,2020-09-01,0.014639365770306367,0.012458960773995473,0.006285474345550486,-0.004501843451183989,0.005769203544869512,0.013292428665945745,92833.0,7451103.0,256386.0,163553.0,-33256.166666666664,-0.004429755468728153,-0.027669043815278325,-0.01376868445974891,-0.0007551700816314631,0.007152632344287448,0.012458960773995473
Indústria geral,2020-09-01,2020-10-01,0.011217003640102903,0.014639365770306367,0.01141698629619643,-0.0013236565780115695,0.008518079601573586,0.01508811575387705,110700.0,7561803.0,295576.0,184876.0,-9182.666666666666,-0.027669043815278325,-0.01376868445974891,-0.0007551700816314631,0.007152632344287448,0.012458960773995473,0.014639365770306367
Indústria geral,2020-10-01,2020-11-01,0.006561749855386375,0.011217003640102903,0.012771776728134914,0.005157351331218637,0.005040525042422301,0.009807100921628087,85783.0,7647586.0,286999.0,201216.0,39294.166666666664,-0.01376868445974891,-0.0007551700816314631,0.007152632344287448,0.012458960773995473,0.014639365770306367,0.011217003640102903
Indústria geral,2020-11-01,2020-12-01,-0.00560429731592799,0.006561749855386375,0.010806039755265215,0.00854575705040785,0.0014559462448241836,0.005032645352573631,50513.0,7698099.0,253408.0,202895.0,64490.5,-0.0007551700816314631,0.007152632344287448,0.012458960773995473,0.014639365770306367,0.011217003640102903,0.006561749855386375
Indústria geral,2020-12-01,2021-01-01,0.0116502202007299,-0.00560429731592799,0.004058152059853762,0.007737569178025097,-0.0024256755196316562,0.006605085196284266,-42902.0,7655197.0,174451.0,217353.0,58259.666666666664,0.007152632344287448,0.012458960773995473,0.014639365770306367,0.011217003640102903,0.006561749855386375,-0.00560429731592799
Indústria geral,2021-01-01,2021-02-01,0.011864490244987773,0.0116502202007299,0.004202557580062762,0.008487167154098838,-0.0019837127402784994,0.006749792674256103,90236.0,7745433.0,296040.0,205804.0,64527.166666666664,0.012458960773995473,0.014639365770306367,0.011217003640102903,0.006561749855386375,-0.00560429731592799,0.0116502202007299
Indústria geral,2021-02-01,2021-03-01,0.005177159578151351,0.011864490244987773,0.005970137709929896,0.008388088732597554,-0.0007068792890293235,0.0066949044600129156,92999.0,7838432.0,322289.0,229290.0,64554.833333333336,0.014639365770306367,0.011217003640102903,0.006561749855386375,-0.00560429731592799,0.0116502202007299,0.011864490244987773
Indústria geral,2021-03-01,2021-04-01,0.002360131802725395,0.005177159578151351,0.009563956674623007,0.006811054367238386,8.467195359155224e-05,0.0061269874526250585,40792.0,7879224.0,294054.0,253262.0,52903.5,0.011217003640102903,0.006561749855386375,-0.00560429731592799,0.0116502202007299,0.011864490244987773,0.005177159578151351
Indústria geral,2021-04-01,2021-05-01,0.00551058366251651,0.002360131802725395,0.00646726054195484,0.005334909061008801,0.00033001572751974265,0.005952088490008684,18640.0,7897864.0,243008.0,224368.0,41713.0,0.006561749855386375,-0.00560429731592799,0.0116502202007299,0.011864490244987773,0.005177159578151351,0.002360131802725395
Indústria geral,2021-05-01,2021-06-01,0.0062717184936614,0.00551058366251651,0.0043492916811310855,0.00515971469553049,0.0006004802580392152,0.005928823789955544,43763.0,7941627.0,258154.0,214391.0,40588.0,-0.00560429731592799,0.0116502202007299,0.011864490244987773,0.005177159578151351,0.002360131802725395,0.00551058366251651
Indústria geral,2021-06-01,2021-07-01,0.007307548935300182,0.0062717184936614,0.0047141446529677675,0.007139050663795388,-0.001393464458805207,0.0034826159183074155,50122.0,7991749.0,262080.0,211958.0,56092.0,0.0116502202007299,0.011864490244987773,0.005177159578151351,0.002360131802725395,0.00551058366251651,0.0062717184936614
Indústria geral,2021-07-01,2021-08-01,0.008957151989557006,0.007307548935300182,0.006363283697159363,0.006415272119557103,-0.00046715936977476265,0.0028666557343771746,58830.0,8050579.0,278431.0,219601.0,50857.666666666664,0.011864490244987773,0.005177159578151351,0.002360131802725395,0.00551058366251651,0.0062717184936614,0.007307548935300182
Indústria geral,2021-08-01,2021-09-01,0.009292598995845619,0.008957151989557006,0.007512139806172862,0.005930715743651974,0.0009858099510256433,0.0020275065311457455,72762.0,8123341.0,310814.0,238052.0,47484.833333333336,0.005177159578151351,0.002360131802725395,0.00551058366251651,0.0062717184936614,0.007307548935300182,0.008957151989557006
Indústria geral,2021-09-01,2021-10-01,0.0032453493597859435,0.009292598995845619,0.008519099973567602,0.006616622313267685,0.0013153677539531822,0.0023301037736688924,76195.0,8199536.0,310478.0,234283.0,53385.333333333336,0.002360131802725395,0.00551058366251651,0.0062717184936614,0.007307548935300182,0.008957151989557006,0.009292598995845619
Indústria geral,2021-10-01,2021-11-01,0.000993028037224282,0.0032453493597859435,0.007165033448396189,0.006764158572777777,-1.7540770081238867e-05,0.002069358586201517,26697.0,8226233.0,270604.0,243907.0,54728.166666666664,0.00551058366251651,0.0062717184936614,0.007307548935300182,0.008957151989557006,0.009292598995845619,0.0032453493597859435
Indústria geral,2021-11-01,2021-12-01,-0.011304703560870474,0.000993028037224282,0.004510325464285282,0.006011232635229072,-0.0010927029714982767,0.0030007383132565754,8177.0,8234410.0,243191.0,235014.0,48797.166666666664,0.0062717184936614,0.007307548935300182,0.008957151989557006,0.009292598995845619,0.0032453493597859435,0.000993028037224282
Indústria geral,2021-12-01,2022-01-01,0.006275368321978788,-0.011304703560870474,-0.002355442054620083,0.003081828959473759,-0.0035143109706831754,0.007098262001359326,-92047.0,8142363.0,166083.0,258130.0,25102.333333333332,0.007307548935300182,0.008957151989557006,0.009292598995845619,0.0032453493597859435,0.000993028037224282,-0.011304703560870474
Indústria geral,2022-01-01,2022-02-01,0.0052204853788773336,0.006275368321978788,-0.0013454357338891344,0.0029097988572535267,-0.002212947066588601,0.0070056686434272816,51419.0,8193782.0,284673.0,233254.0,23867.166666666668,0.008957151989557006,0.009292598995845619,0.0032453493597859435,0.000993028037224282,-0.011304703560870474,0.006275368321978788
Indústria geral,2022-02-01,2022-03-01,0.0018492392549625898,0.0052204853788773336,6.371671332854913e-05,0.002287021088806915,-0.0006733783656102183,0.006594417313786546,43000.0,8236782.0,312833.0,269833.0,18906.833333333332,0.009292598995845619,0.0032453493597859435,0.000993028037224282,-0.011304703560870474,0.006275368321978788,0.0052204853788773336
Indústria geral,2022-03-01,2022-04-01,0.003186356816880516,0.0018492392549625898,0.0044483643186062375,0.001046461131993077,0.0006651969538197614,0.0058137428468236965,15260.0,8252042.0,309012.0,293752.0,8751.0,0.0032453493597859435,0.000993028037224282,-0.011304703560870474,0.006275368321978788,0.0052204853788773336,0.0018492392549625898
Indústria geral,2022-04-01,2022-05-01,0.005642374926354846,0.003186356816880516,0.0034186938169068135,0.0010366290415088394,0.0014106739829336827,0.0058100645351811175,26378.0,8278420.0,285885.0,259507.0,8697.833333333334,0.000993028037224282,-0.011304703560870474,0.006275368321978788,0.0052204853788773336,0.0018492392549625898,0.003186356816880516
Indústria geral,2022-05-01,2022-06-01,0.004962045734435835,0.005642374926354846,0.0035593236660659837,0.0018115201896972664,0.0020599174799119145,0.0060573558006880215,46975.0,8325395.0,308939.0,261964.0,15164.166666666666,-0.011304703560870474,0.006275368321978788,0.0052204853788773336,0.0018492392549625898,0.003186356816880516,0.005642374926354846
Indústria geral,2022-06-01,2022-07-01,0.005999822986035499,0.004962045734435835,0.004596925825890399,0.004522645072248318,-0.00011325219238183691,0.0015241747896890068,41517.0,8366912.0,293330.0,251813.0,37424.833333333336,0.006275368321978788,0.0052204853788773336,0.0018492392549625898,0.003186356816880516,0.005642374926354846,0.004962045734435835
Indústria geral,2022-07-01,2022-08-01,0.006228914986998498,0.005999822986035499,0.005534747882275394,0.004476720849591103,0.0004483178738195685,0.0014739976441984826,50503.0,8417415.0,303323.0,252820.0,37272.166666666664,0.0052204853788773336,0.0018492392549625898,0.003186356816880516,0.005642374926354846,0.004962045734435835,0.005999822986035499
Indústria geral,2022-08-01,2022-09-01,0.006673911034534197,0.006228914986998498,0.005730261235823278,0.004644792450944631,0.0008473842278778705,0.0016012247693389426,52760.0,8470175.0,324438.0,271678.0,38898.833333333336,0.0018492392549625898,0.003186356816880516,0.005642374926354846,0.004962045734435835,0.005999822986035499,0.006228914986998498
Indústria geral,2022-09-01,2022-10-01,0.001743273657438707,0.006673911034534197,0.006300883002522731,0.005448904414206566,0.0005781476720514006,0.0011406250354962298,56909.0,8527084.0,306362.0,249453.0,45840.333333333336,0.003186356816880516,0.005642374926354846,0.004962045734435835,0.005999822986035499,0.006228914986998498,0.006673911034534197
Indústria geral,2022-10-01,2022-11-01,-0.0030185757423322047,0.001743273657438707,0.004882033226323801,0.005208390554299597,-0.0004037376698092168,0.001636645400613636,14891.0,8541975.0,263318.0,248427.0,43925.833333333336,0.005642374926354846,0.004962045734435835,0.005999822986035499,0.006228914986998498,0.006673911034534197,0.001743273657438707
Indústria geral,2022-11-01,2022-12-01,-0.013597441187371325,-0.0030185757423322047,0.0017995363165468996,0.003764898776185089,-0.001492221694916996,0.0034415178321471496,-25707.0,8516268.0,229430.0,255137.0,31812.166666666668,0.004962045734435835,0.005999822986035499,0.006228914986998498,0.006673911034534197,0.001743273657438707,-0.0030185757423322047
Indústria geral,2022-12-01,2023-01-01,0.0040330510328003225,-0.013597441187371325,-0.004957581090754941,0.0006716509558838951,-0.003733126583774905,0.007230408767116738,-114246.0,8402022.0,156219.0,270465.0,5851.666666666667,0.005999822986035499,0.006228914986998498,0.006673911034534197,0.001743273657438707,-0.0030185757423322047,-0.013597441187371325
Indústria geral,2023-01-01,2023-02-01,0.004763800776860528,0.0040330510328003225,-0.004194321965634402,0.00034385563034469913,-0.002187292166756524,0.007023030688137462,34023.0,8436045.0,296574.0,262551.0,3105.0,0.006228914986998498,0.006673911034534197,0.001743273657438707,-0.0030185757423322047,-0.013597441187371325,0.0040330510328003225
Indústria geral,2023-02-01,2023-03-01,0.0024694586314487157,0.004763800776860528,-0.001600196459236825,9.966992865503728e-05,-0.00037885956020921756,0.006837177680453338,40380.0,8476425.0,305814.0,265434.0,1041.6666666666667,0.006673911034534197,0.001743273657438707,-0.0030185757423322047,-0.013597441187371325,0.0040330510328003225,0.004763800776860528
Indústria geral,2023-03-01,2023-04-01,0.0021973616629728885,0.0024694586314487157,0.0037554368137031886,-0.0006010721385258761,0.0012745299042228534,0.006323646199173004,20984.0,8497409.0,334970.0,313986.0,-4945.833333333333,0.001743273657438707,-0.0030185757423322047,-0.013597441187371325,0.0040330510328003225,0.004763800776860528,0.0024694586314487157
Indústria geral,2023-04-01,2023-05-01,0.0009887910811959481,0.0021973616629728885,0.003143540357094044,-0.0005253908042701794,0.0021431753207727363,0.006353895341416907,18713.0,8516122.0,291273.0,272560.0,-4308.833333333333,-0.0030185757423322047,-0.013597441187371325,0.0040330510328003225,0.004763800776860528,0.0024694586314487157,0.0021973616629728885
Indústria geral,2023-05-01,2023-06-01,0.0014194062601474017,0.0009887910811959481,0.0018852037918725174,0.00014250366631784624,0.0018608500310840635,0.006266740162183192,8429.0,8524551.0,305955.0,297526.0,1380.5,-0.013597441187371325,0.0040330510328003225,0.004763800776860528,0.0024694586314487157,0.0021973616629728885,0.0009887910811959481
Indústria geral,2023-06-01,2023-07-01,0.00248354682363312,0.0014194062601474017,0.0015351863347720796,0.002645311574237634,-0.0007047242833924048,0.0013473619081964705,12117.0,8536668.0,288512.0,276395.0,22441.0,0.0040330510328003225,0.004763800776860528,0.0024694586314487157,0.0021973616629728885,0.0009887910811959481,0.0014194062601474017
Indústria geral,2023-07-01,2023-08-01,0.003619277103944949,0.00248354682363312,0.00163058138832549,0.0023870608727097667,-0.0004502856417662264,0.0011966962264641674,21254.0,8557922.0,291362.0,270108.0,20312.833333333332,0.004763800776860528,0.0024694586314487157,0.0021973616629728885,0.0009887910811959481,0.0014194062601474017,0.00248354682363312
Indústria geral,2023-08-01,2023-09-01,0.005006127043535257,0.003619277103944949,0.002507410062575157,0.002196306927223837,0.00020109322924038046,0.0008409947495701786,31086.0,8589008.0,327861.0,296775.0,18763.833333333332,0.0024694586314487157,0.0021973616629728885,0.0009887910811959481,0.0014194062601474017,0.00248354682363312,0.003619277103944949
Indústria geral,2023-09-01,2023-10-01,0.0024215386350630104,0.005006127043535257,0.0037029836570377753,0.0026190849959049274,0.0006571264438441301,0.0013534931641982738,43214.0,8632222.0,301495.0,258281.0,22468.833333333332,0.0021973616629728885,0.0009887910811959481,0.0014194062601474017,0.00248354682363312,0.003619277103944949,0.005006127043535257
Indústria geral,2023-10-01,2023-11-01,-0.0014942828721109828,0.0024215386350630104,0.0036823142608477387,0.002656447824586614,0.00054456086856602,0.0013443995303064195,20954.0,8653176.0,285880.0,264926.0,22842.333333333332,0.0009887910811959481,0.0014194062601474017,0.00248354682363312,0.003619277103944949,0.005006127043535257,0.0024215386350630104
Indústria geral,2023-11-01,2023-12-01,-0.013014729650020007,-0.0014942828721109828,0.001977794268829095,0.002242602165702126,-0.00038193200821176967,0.0020109839013525556,-12911.0,8640265.0,250561.0,263472.0,19285.666666666668,0.0014194062601474017,0.00248354682363312,0.003619277103944949,0.005006127043535257,0.0024215386350630104,-0.0014942828721109828
Indústria geral,2023-12-01,2024-01-01,0.0077974353581452835,-0.013014729650020007,-0.004029157962355993,-0.00016308715265910887,-0.0027261900201401615,0.006077949401542371,-111006.0,8529259.0,173547.0,284553.0,-1234.8333333333333,0.00248354682363312,0.003619277103944949,0.005006127043535257,0.0024215386350630104,-0.0014942828721109828,-0.013014729650020007
Indústria geral,2024-01-01,2024-02-01,0.006294030935633685,0.0077974353581452835,-0.002237192387995235,0.0007225609364262518,-0.001059645723338232,0.006749170635228837,67029.0,8596288.0,336020.0,268991.0,6394.333333333333,0.003619277103944949,0.005006127043535257,0.0024215386350630104,-0.0014942828721109828,-0.013014729650020007,0.0077974353581452835
Indústria geral,2024-02-01,2024-03-01,0.004131180106605306,0.006294030935633685,0.00035891221458632036,0.0011683532417077077,0.00031562179576656975,0.007009110194368787,54448.0,8650736.0,352923.0,298475.0,10288.0,0.005006127043535257,0.0024215386350630104,-0.0014942828721109828,-0.013014729650020007,0.0077974353581452835,0.006294030935633685
Indústria geral,2024-03-01,2024-04-01,0.004126057653372636,0.004131180106605306,0.006074215466794759,0.0010225287522193825,0.0015064375368317362,0.006936473658468743,35886.0,8686622.0,351011.0,315125.0,9066.666666666666,0.0024215386350630104,-0.0014942828721109828,-0.013014729650020007,0.0077974353581452835,0.006294030935633685,0.004131180106605306
Indústria geral,2024-04-01,2024-05-01,0.002075907155409995,0.004126057653372636,0.004850422898537209,0.001306615255270987,0.002229600784993784,0.007022326692159414,35990.0,8722612.0,361885.0,325895.0,11572.666666666666,-0.0014942828721109828,-0.013014729650020007,0.0077974353581452835,0.006294030935633685,0.004131180106605306,0.004126057653372636
Indústria geral,2024-05-01,2024-06-01,0.003650268216004505,0.002075907155409995,0.003444381638462646,0.0019016469265244831,0.0017793200023943911,0.006910147569545418,18145.0,8740757.0,321202.0,303057.0,16748.666666666668,-0.013014729650020007,0.0077974353581452835,0.006294030935633685,0.004131180106605306,0.004126057653372636,0.002075907155409995
Indústria geral,2024-06-01,2024-07-01,0.0056075257890531565,0.003650268216004505,0.003284077674929045,0.004679146570861902,-0.0009541522715602183,0.001860698667720336,32023.0,8772780.0,320466.0,288443.0,40586.833333333336,0.0077974353581452835,0.006294030935633685,0.004131180106605306,0.004126057653372636,0.002075907155409995,0.003650268216004505
Indústria geral,2024-07-01,2024-08-01,0.005818646511646252,0.0056075257890531565,0.003777900386822552,0.004314161642679881,-0.000197868911504791,0.001360886734045694,49471.0,8822251.0,355721.0,306250.0,37660.5,0.006294030935633685,0.004131180106605306,0.004126057653372636,0.002075907155409995,0.003650268216004505,0.0056075257890531565
Indústria geral,2024-08-01,2024-09-01,0.00669676837578825,0.005818646511646252,0.005025480172234638,0.004234930905348641,0.00041303135693830846,0.0012528636173947255,51634.0,8873885.0,362966.0,311332.0,37191.5,0.004131180106605306,0.004126057653372636,0.002075907155409995,0.003650268216004505,0.0056075257890531565,0.005818646511646252
Indústria geral,2024-09-01,2024-10-01,0.0026490824779085904,0.00669676837578825,0.006040980225495886,0.004662528950212466,0.0007439722643952997,0.0015476241165918812,59827.0,8933712.0,350899.0,291072.0,41181.666666666664,0.004126057653372636,0.002075907155409995,0.003650268216004505,0.0056075257890531565,0.005818646511646252,0.00669676837578825
Indústria geral,2024-10-01,2024-11-01,-0.0007460816468942369,0.0026490824779085904,0.005054832455114364,0.004416366420968459,0.0003490427946982083,0.0017211155170033317,23729.0,8957441.0,344779.0,321050.0,39138.166666666664,0.002075907155409995,0.003650268216004505,0.0056075257890531565,0.005818646511646252,0.00669676837578825,0.0026490824779085904
Indústria geral,2024-11-01,2024-12-01,-0.013178345730598355,-0.0007460816468942369,0.0028665897356008677,0.003946034953917754,-0.0008565416395367256,0.0025039729126420367,-6678.0,8950763.0,276702.0,283380.0,35001.0,0.003650268216004505,0.0056075257890531565,0.005818646511646252,0.00669676837578825,0.0026490824779085904,-0.0007460816468942369
Indústria geral,2024-12-01,2025-01-01,0.007909020436128102,-0.013178345730598355,-0.0037584482998613343,0.0011412659628172765,-0.0033620350849073903,0.006874782946728938,-116422.0,8834341.0,176461.0,292883.0,10260.166666666666,0.0056075257890531565,0.005818646511646252,0.00669676837578825,0.0026490824779085904,-0.0007460816468942369,-0.013178345730598355
Indústria geral,2025-01-01,2025-02-01,0.007786819167270311,0.007909020436128102,-0.002005135647121497,0.0015248484039964334,-0.0015019610520443827,0.007171100034493715,70428.0,8904769.0,376449.0,306021.0,13753.0,0.005818646511646252,0.00669676837578825,0.0026490824779085904,-0.0007460816468942369,-0.013178345730598355,0.007909020436128102
Indústria geral,2025-02-01,2025-03-01,0.0014609830409809581,0.007786819167270311,0.0008391646242666856,0.0018528771799337766,0.0002513658213818493,0.007401328851542769,69884.0,8974653.0,407183.0,337299.0,16794.666666666668,0.00669676837578825,0.0026490824779085904,-0.0007460816468942369,-0.013178345730598355,0.007909020436128102,0.007786819167270311
Indústria geral,2025-03-01,2025-04-01,0.003886575996148446,0.0014609830409809581,0.005718940881459789,0.000980246290799228,0.0011641591835594841,0.007080482607126378,13131.0,8987784.0,353960.0,340829.0,9012.0,0.0026490824779085904,-0.0007460816468942369,-0.013178345730598355,0.007909020436128102,0.007786819167270311,0.0014609830409809581
Indústria geral,2025-04-01,2025-05-01,0.002384785051469851,0.003886575996148446,0.004378126068133239,0.0011864952105058706,0.0019131163788883869,0.007143830789970971,35068.0,9022852.0,360591.0,325523.0,10901.833333333334,-0.0007460816468942369,-0.013178345730598355,0.007909020436128102,0.007786819167270311,0.0014609830409809581,0.003886575996148446
Indústria geral,2025-05-01,2025-06-01,0.0022179869085267117,0.002384785051469851,0.002577448029533085,0.0017083063268998853,0.0016977852704032196,0.0070978075760578865,21569.0,9044421.0,344875.0,323306.0,15609.666666666666,-0.013178345730598355,0.007909020436128102,0.007786819167270311,0.0014609830409809581,0.003886575996148446,0.002384785051469851
Indústria geral,2025-06-01,2025-07-01,0.0026874385517714253,0.0022179869085267117,0.002829782652048336,0.004274361766754062,-0.0012067336294354517,0.002627189753719994,20105.0,9064526.0,326689.0,306584.0,38364.166666666664,0.007909020436128102,0.007786819167270311,0.0014609830409809581,0.003886575996148446,0.002384785051469851,0.0022179869085267117
Indústria geral,2025-07-01,2025-08-01,0.002096826433759147,0.0026874385517714253,0.002430070170589329,0.003404098119361284,-0.0007065052119867361,0.002088707126584234,24426.0,9088952.0,353542.0,329116.0,30697.166666666668,0.007786819167270311,0.0014609830409809581,0.003886575996148446,0.002384785051469851,0.0022179869085267117,0.0026874385517714253
Indústria geral,2025-08-01,2025-09-01,0.00470924676638825,0.002096826433759147,0.002334083964685761,0.002455765997109423,-1.6714100348093e-05,0.0007394702332849008,19098.0,9108050.0,342784.0,323686.0,22232.833333333332,0.0014609830409809581,0.003886575996148446,0.002384785051469851,0.0022179869085267117,0.0026874385517714253,0.002096826433759147
Indústria geral,2025-09-01,2025-10-01,-0.00110403035624014,0.00470924676638825,0.003164503917306274,0.0029971432846773055,0.00010625513260890327,0.0009670352973759728,43095.0,9151145.0,359669.0,316574.0,27226.833333333332,0.003886575996148446,0.002384785051469851,0.0022179869085267117,0.0026874385517714253,0.002096826433759147,0.00470924676638825
Indústria geral,2025-10-01,2025-11-01,-0.002977314476606,-0.00110403035624014,0.001900680947969086,0.0021653755592792073,-0.00030174027379936046,0.0017072615982357934,-10092.0,9141053.0,326980.0,337072.0,19700.166666666668,0.002384785051469851,0.0022179869085267117,0.0026874385517714253,0.002096826433759147,0.00470924676638825,-0.00110403035624014
Indústria geral,2025-11-01,2025-12-01,-0.014822055673531405,-0.002977314476606,0.0002093006445140367,0.001271692304599899,-0.00099252838048769,0.002552631149442611,-27135.0,9113918.0,263122.0,290257.0,11582.833333333334,0.0022179869085267117,0.0026874385517714253,0.002096826433759147,0.00470924676638825,-0.00110403035624014,-0.002977314476606
Indústria geral,2025-12-01,2026-01-01,0.006087235280925393,-0.014822055673531405,-0.006301133502125848,-0.0015683147924097872,-0.0031023763137210843,0.006439655313633129,-135087.0,,167306.0,302393.0,-14282.5,0.0026874385517714253,0.002096826433759147,0.00470924676638825,-0.00110403035624014,-0.002977314476606,-0.014822055673531405
Indústria geral,2026-01-01,2026-02-01,0.003532708299024173,0.006087235280925393,-0.0039040449564040035,-0.001001682004217459,-0.0011575756344083885,0.006920796407077794,54991.0,9033822.0,353793.0,298802.0,-9188.333333333334,0.002096826433759147,0.00470924676638825,-0.00110403035624014,-0.002977314476606,-0.014822055673531405,0.006087235280925393
Indústria geral,2026-02-01,2026-03-01,0.0031158372080620747,0.003532708299024173,-0.0017340373645272796,-0.0007623683600066217,0.00010989609650716622,0.007047468247645298,32027.0,9065849.0,358595.0,326568.0,-7033.5,0.00470924676638825,-0.00110403035624014,-0.002977314476606,-0.014822055673531405,0.006087235280925393,0.003532708299024173
Indústria geral,2026-03-01,2026-04-01,0.001016758388394015,0.0031158372080620747,0.004245260262670547,-0.0010279366197276506,0.0017582484886530965,0.006863910444525415,28336.0,9094185.0,386664.0,358328.0,-9493.333333333334,-0.00110403035624014,-0.002977314476606,-0.014822055673531405,0.006087235280925393,0.003532708299024173,0.0031158372080620747
Indústria geral,2026-04-01,2026-05-01,0.0005460884248247363,0.001016758388394015,0.002555101298493421,-0.0006744718289552914,0.0020351290282251233,0.0069053718559345416,9256.0,9103441.0,349222.0,339966.0,-6268.666666666667,-0.002977314476606,-0.014822055673531405,0.006087235280925393,0.003532708299024173,0.0031158372080620747,0.001016758388394015
Indústria geral,2026-05-01,2026-06-01,0.0015826189460687353,0.0005460884248247363,0.001559561340426942,-8.723801205016875e-05,0.0017489262492349843,0.0068340152247338476,4974.0,9108415.0,329882.0,324908.0,-917.1666666666666,-0.014822055673531405,0.006087235280925393,0.003532708299024173,0.0031158372080620747,0.001016758388394015,0.0005460884248247363
Indústrias Extrativas,2020-07-01,2020-08-01,0.003963970501528442,0.004057155346702366,0.0014901763900017084,0.0006323639710310152,0.0001317953895448897,0.004105194427328877,891.0,219612.0,4062.0,3171.0,140.5,0.0060833772511676085,-0.0008776118045608531,-0.00588211079042579,-0.0024944402411903616,0.0029078140644931212,0.004057155346702366
Indústrias Extrativas,2020-08-01,2020-09-01,0.004051801628851357,0.003963970501528442,0.0036429799709079766,0.0002791295127578205,0.0016979418356432691,0.0036912765749306533,874.0,220486.0,4400.0,3526.0,63.0,-0.0008776118045608531,-0.00588211079042579,-0.0024944402411903616,0.0029078140644931212,0.004057155346702366,0.003963970501528442
Indústrias Extrativas,2020-09-01,2020-10-01,0.005480608976518735,0.004051801628851357,0.004024309159027389,0.0011006984183265223,0.0020055467316214682,0.003885835134102751,897.0,221383.0,4611.0,3714.0,244.66666666666666,-0.00588211079042579,-0.0024944402411903616,0.0029078140644931212,0.004057155346702366,0.003963970501528442,0.004051801628851357
Indústrias Extrativas,2020-10-01,2020-11-01,0.00482826142353241,0.005480608976518735,0.004498793702299511,0.0029944850461506097,0.0012346863981841788,0.002565921323752919,1220.0,222603.0,4682.0,3462.0,662.3333333333334,-0.0024944402411903616,0.0029078140644931212,0.004057155346702366,0.003963970501528442,0.004051801628851357,0.005480608976518735
Indústrias Extrativas,2020-11-01,2020-12-01,-0.002424465138790546,0.00482826142353241,0.004786890676300834,0.004214935323604406,0.00039886939462767043,0.000795943376540241,1080.0,223683.0,4383.0,3303.0,933.0,0.0029078140644931212,0.004057155346702366,0.003963970501528442,0.004051801628851357,0.005480608976518735,0.00482826142353241
Indústrias Extrativas,2020-12-01,2021-01-01,0.006606537088315689,-0.002424465138790546,0.002628135087086867,0.0033262221230571276,-0.0008110406375367222,0.002627906668466284,-541.0,223142.0,3405.0,3946.0,736.8333333333334,0.004057155346702366,0.003963970501528442,0.004051801628851357,0.005480608976518735,0.00482826142353241,-0.002424465138790546
Indústrias Extrativas,2021-01-01,2021-02-01,0.010344797201441575,0.006606537088315689,0.0030034444576858507,0.003751119079992681,-0.0001962375691993085,0.0029033985574038828,1484.0,224626.0,4711.0,3227.0,835.6666666666666,0.003963970501528442,0.004051801628851357,0.005480608976518735,0.00482826142353241,-0.002424465138790546,0.006606537088315689
Indústrias Extrativas,2021-02-01,2021-03-01,0.006156405990016639,0.010344797201441575,0.004842289716988906,0.00481459019664487,0.0007882867324576851,0.003812781129410066,2348.0,226974.0,5560.0,3212.0,1081.3333333333333,0.004051801628851357,0.005480608976518735,0.00482826142353241,-0.002424465138790546,0.006606537088315689,0.010344797201441575
Indústrias Extrativas,2021-03-01,2021-04-01,0.010262277462859917,0.006156405990016639,0.007702580093257968,0.005165357590172418,0.0008274169893806643,0.0038232664106913816,1406.0,228380.0,5477.0,4071.0,1166.1666666666667,0.005480608976518735,0.00482826142353241,-0.002424465138790546,0.006606537088315689,0.010344797201441575,0.006156405990016639
Indústrias Extrativas,2021-04-01,2021-05-01,0.0109302265771674,0.010262277462859917,0.008921160218106043,0.005962302337895947,0.0016185986770338562,0.004277317684585059,2368.0,230748.0,5715.0,3347.0,1357.5,0.00482826142353241,-0.002424465138790546,0.006606537088315689,0.010344797201441575,0.006156405990016639,0.010262277462859917
Indústrias Extrativas,2021-05-01,2021-06-01,0.009505937496019733,0.0109302265771674,0.009116303343347986,0.006979296530168446,0.002101493956914213,0.0046000224415789345,2550.0,233298.0,6209.0,3659.0,1602.5,-0.002424465138790546,0.006606537088315689,0.010344797201441575,0.006156405990016639,0.010262277462859917,0.0109302265771674
Indústrias Extrativas,2021-06-01,2021-07-01,0.008978798423030156,0.009505937496019733,0.010232813845349015,0.00896769696930349,0.0005816903325297415,0.0018793616816976167,2239.0,235537.0,5903.0,3664.0,2065.8333333333335,0.006606537088315689,0.010344797201441575,0.006156405990016639,0.010262277462859917,0.0109302265771674,0.009505937496019733
Indústrias Extrativas,2021-07-01,2021-08-01,0.007023129115277917,0.008978798423030156,0.009804987498739096,0.00936307385842257,0.00011104427829313295,0.001564135114357207,2134.0,237671.0,6080.0,3946.0,2174.1666666666665,0.010344797201441575,0.006156405990016639,0.010262277462859917,0.0109302265771674,0.009505937496019733,0.008978798423030156
Indústrias Extrativas,2021-08-01,2021-09-01,0.006920587503111775,0.007023129115277917,0.008502621678109267,0.008809462510728627,-2.68888735523015e-05,0.0017005763468483394,1681.0,239352.0,5921.0,4240.0,2063.0,0.006156405990016639,0.010262277462859917,0.0109302265771674,0.009505937496019733,0.008978798423030156,0.007023129115277917
Indústrias Extrativas,2021-09-01,2021-10-01,0.004752839935417535,0.006920587503111775,0.007640838347139948,0.008936826096244481,-0.000827339464497107,0.0015156720436588901,1668.0,241020.0,5947.0,4279.0,2106.6666666666665,0.010262277462859917,0.0109302265771674,0.009505937496019733,0.008978798423030156,0.007023129115277917,0.006920587503111775
Indústrias Extrativas,2021-10-01,2021-11-01,0.0018917693607550592,0.004752839935417535,0.0062321855179357415,0.00801858650833742,-0.001159961499863584,0.002019633039585203,1151.0,242171.0,5326.0,4175.0,1903.8333333333333,0.0109302265771674,0.009505937496019733,0.008978798423030156,0.007023129115277917,0.006920587503111775,0.004752839935417535
Indústrias Extrativas,2021-11-01,2021-12-01,-0.004658288648268152,0.0018917693607550592,0.004521732266428123,0.006512176972268695,-0.0014528930786093536,0.002579345137008141,459.0,242630.0,4588.0,4129.0,1555.3333333333333,0.009505937496019733,0.008978798423030156,0.007023129115277917,0.006920587503111775,0.004752839935417535,0.0018917693607550592
Indústrias Extrativas,2021-12-01,2022-01-01,0.0020949374411186224,-0.004658288648268152,0.0006621068826348142,0.004151472614887381,-0.0024499217767929814,0.004514740260951087,-1125.0,241505.0,3628.0,4753.0,994.6666666666666,0.008978798423030156,0.007023129115277917,0.006920587503111775,0.004752839935417535,0.0018917693607550592,-0.004658288648268152
Indústrias Extrativas,2022-01-01,2022-02-01,0.007805965988291051,0.0020949374411186224,-0.0002238606154648234,0.0030041624512354595,-0.0017782473542742496,0.003985925583357624,507.0,242012.0,4481.0,3974.0,723.5,0.007023129115277917,0.006920587503111775,0.004752839935417535,0.0018917693607550592,-0.004658288648268152,0.0020949374411186224
Indústrias Extrativas,2022-02-01,2022-03-01,0.003639601808771808,0.007805965988291051,0.0017475382603805072,0.0031346352634043155,-0.00028848208760067325,0.004125706035938827,1904.0,243916.0,6167.0,4263.0,760.6666666666666,0.006920587503111775,0.004752839935417535,0.0018917693607550592,-0.004658288648268152,0.0020949374411186224,0.007805965988291051
Indústrias Extrativas,2022-03-01,2022-04-01,0.006053642335707152,0.003639601808771808,0.004513501746060493,0.0025878043143476538,0.0005408464382504604,0.0037915721035697413,891.0,244807.0,5492.0,4601.0,631.1666666666666,0.004752839935417535,0.0018917693607550592,-0.004658288648268152,0.0020949374411186224,0.007805965988291051,0.003639601808771808
Indústrias Extrativas,2022-04-01,2022-05-01,0.006137543933273881,0.006053642335707152,0.0058330700442566705,0.0028046047143959235,0.0014689732798015072,0.003943322490160693,1491.0,246298.0,5767.0,4276.0,687.8333333333334,0.0018917693607550592,-0.004658288648268152,0.0020949374411186224,0.007805965988291051,0.003639601808771808,0.006053642335707152
Indústrias Extrativas,2022-05-01,2022-06-01,0.005366116007641798,0.006137543933273881,0.005276929359250947,0.003512233809815727,0.001762540383198757,0.004094091991358057,1521.0,247819.0,6098.0,4577.0,864.8333333333334,-0.004658288648268152,0.0020949374411186224,0.007805965988291051,0.003639601808771808,0.006053642335707152,0.006137543933273881
Indústrias Extrativas,2022-06-01,2022-07-01,0.006265779114335512,0.005366116007641798,0.005852434092207611,0.005182967919134052,0.0003932762055571345,0.0018484616389193413,1337.0,249156.0,5673.0,4336.0,1275.1666666666667,0.0020949374411186224,0.007805965988291051,0.003639601808771808,0.006053642335707152,0.006137543933273881,0.005366116007641798
Indústrias Extrativas,2022-07-01,2022-08-01,0.004881785384013939,0.006265779114335512,0.005923146351750397,0.005878108198003534,-6.964257644574267e-05,0.001240839124060759,1571.0,250727.0,5960.0,4389.0,1452.5,0.007805965988291051,0.003639601808771808,0.006053642335707152,0.006137543933273881,0.005366116007641798,0.006265779114335512
Indústrias Extrativas,2022-08-01,2022-09-01,0.004421596674516746,0.004881785384013939,0.005504560168663749,0.005390744763957348,0.00017359715104181835,0.0009209573985651528,1230.0,251957.0,6202.0,4972.0,1340.1666666666667,0.003639601808771808,0.006053642335707152,0.006137543933273881,0.005366116007641798,0.006265779114335512,0.004881785384013939
Indústrias Extrativas,2022-09-01,2022-10-01,0.0026993903712548423,0.004421596674516746,0.005189720390955399,0.005521077241581505,-0.0003150811670582326,0.0006903866333753232,1119.0,253076.0,5899.0,4780.0,1378.1666666666667,0.006053642335707152,0.006137543933273881,0.005366116007641798,0.006265779114335512,0.004881785384013939,0.004421596674516746
Indústrias Extrativas,2022-10-01,2022-11-01,0.0035497614513183987,0.0026993903712548423,0.004000924143261843,0.00496203524750612,-0.0006116662725654834,0.0012015910098083845,685.0,253761.0,5817.0,5132.0,1243.8333333333333,0.006137543933273881,0.005366116007641798,0.006265779114335512,0.004881785384013939,0.004421596674516746,0.0026993903712548423
Indústrias Extrativas,2022-11-01,2022-12-01,-0.0013289977076755516,0.0035497614513183987,0.003556916165696663,0.004530738167180206,-0.0005783179348673201,0.0011661560290980992,904.0,254665.0,5644.0,4740.0,1141.0,0.005366116007641798,0.006265779114335512,0.004881785384013939,0.004421596674516746,0.0026993903712548423,0.0035497614513183987
Indústrias Extrativas,2022-12-01,2023-01-01,0.0013389982251401824,-0.0013289977076755516,0.0016400513716325633,0.0034148858812939813,-0.001248347491754395,0.0023919103156418474,-338.0,254327.0,4145.0,4483.0,861.8333333333334,0.006265779114335512,0.004881785384013939,0.004421596674516746,0.0026993903712548423,0.0035497614513183987,-0.0013289977076755516
Indústrias Extrativas,2023-01-01,2023-02-01,0.005175922779138492,0.0013389982251401824,0.0011865873229276764,0.0025937557330947595,-0.000974724224596632,0.002100142803141529,341.0,254668.0,5157.0,4816.0,656.8333333333334,0.004881785384013939,0.004421596674516746,0.0026993903712548423,0.0035497614513183987,-0.0013289977076755516,0.0013389982251401824
Indústrias Extrativas,2023-02-01,2023-03-01,0.006080160273956647,0.005175922779138492,0.0017286410988677076,0.002642778632282185,-0.00014823728783512012,0.002155678016458062,1325.0,255993.0,5802.0,4477.0,672.6666666666666,0.004421596674516746,0.0026993903712548423,0.0035497614513183987,-0.0013289977076755516,0.0013389982251401824,0.005175922779138492
Indústrias Extrativas,2023-03-01,2023-04-01,0.009517986109508757,0.006080160273956647,0.004198360426078441,0.0029192058988555016,0.0006985808408510008,0.0024520268141802488,1566.0,257559.0,6720.0,5154.0,747.1666666666666,0.0026993903712548423,0.0035497614513183987,-0.0013289977076755516,0.0013389982251401824,0.005175922779138492,0.006080160273956647
Indústrias Extrativas,2023-04-01,2023-05-01,0.010065555547095683,0.009517986109508757,0.006924689720867965,0.00405563852189782,0.0015973006225670481,0.0034598005661887325,2475.0,260034.0,6933.0,4458.0,1045.5,0.0035497614513183987,-0.0013289977076755516,0.0013389982251401824,0.005175922779138492,0.006080160273956647,0.009517986109508757
Indústrias Extrativas,2023-05-01,2023-06-01,0.006899732706245298,0.010065555547095683,0.00855456731018703,0.005141604204527368,0.0023546847834794295,0.004094886689578642,2644.0,262678.0,7583.0,4939.0,1335.5,-0.0013289977076755516,0.0013389982251401824,0.005175922779138492,0.006080160273956647,0.009517986109508757,0.010065555547095683
Indústrias Extrativas,2023-06-01,2023-07-01,0.004572516728260788,0.006899732706245298,0.008827758120949913,0.006513059273514177,0.0013117256155699788,0.0029024580010679787,1825.0,264503.0,7131.0,5306.0,1696.0,0.0013389982251401824,0.005175922779138492,0.006080160273956647,0.009517986109508757,0.010065555547095683,0.006899732706245298
Indústrias Extrativas,2023-07-01,2023-08-01,0.0039957418735756265,0.004572516728260788,0.0071792683272005895,0.007051979024034278,-3.069577124467211e-07,0.0020735543293426864,1215.0,265718.0,6317.0,5102.0,1841.6666666666667,0.005175922779138492,0.006080160273956647,0.009517986109508757,0.010065555547095683,0.006899732706245298,0.004572516728260788
Indústrias Extrativas,2023-08-01,2023-09-01,0.004039333099385514,0.0039957418735756265,0.005155997102693904,0.006855282206440467,-0.0008121235138999818,0.002287160758011875,1066.0,266784.0,6563.0,5497.0,1798.5,0.006080160273956647,0.009517986109508757,0.010065555547095683,0.006899732706245298,0.004572516728260788,0.0039957418735756265
Indústrias Extrativas,2023-09-01,2023-10-01,0.004119357261296631,0.004039333099385514,0.004202530567073977,0.006515144344011944,-0.0013694263442617402,0.0025173140040030163,1082.0,267866.0,6115.0,5033.0,1717.8333333333333,0.009517986109508757,0.010065555547095683,0.006899732706245298,0.004572516728260788,0.0039957418735756265,0.004039333099385514
Indústrias Extrativas,2023-10-01,2023-11-01,0.0010547504623818049,0.004119357261296631,0.004051477411419257,0.005615372869309923,-0.001111113288693136,0.0022318312214213627,1108.0,268974.0,5745.0,4637.0,1490.0,0.010065555547095683,0.006899732706245298,0.004572516728260788,0.0039957418735756265,0.004039333099385514,0.004119357261296631
Indústrias Extrativas,2023-11-01,2023-12-01,-0.0016181651123601776,0.0010547504623818049,0.0030711469410213163,0.00411357202185761,-0.0008725942398400011,0.0017004479687191504,284.0,269258.0,4995.0,4711.0,1096.6666666666667,0.006899732706245298,0.004572516728260788,0.0039957418735756265,0.004039333099385514,0.004119357261296631,0.0010547504623818049
Indústrias Extrativas,2023-12-01,2024-01-01,0.0017638452569272703,-0.0016181651123601776,0.0011853142037727526,0.0026939223854233643,-0.001134181693565005,0.002248956366891936,-435.0,268823.0,3935.0,4370.0,720.0,0.004572516728260788,0.0039957418735756265,0.004039333099385514,0.004119357261296631,0.0010547504623818049,-0.0016181651123601776
Indústrias Extrativas,2024-01-01,2024-02-01,0.004649684353701267,0.0017638452569272703,0.0004001435356496325,0.0022258104735344447,-0.0008913309862112482,0.002096345336881928,475.0,269298.0,5596.0,5121.0,596.6666666666666,0.0039957418735756265,0.004039333099385514,0.004119357261296631,0.0010547504623818049,-0.0016181651123601776,0.0017638452569272703
Indústrias Extrativas,2024-02-01,2024-03-01,0.003179585806446859,0.004649684353701267,0.0015984548327561202,0.002334800886888718,-0.0001910770090363228,0.0021999703253182015,1258.0,270556.0,6401.0,5143.0,628.6666666666666,0.004039333099385514,0.004119357261296631,0.0010547504623818049,-0.0016181651123601776,0.0017638452569272703,0.004649684353701267
Indústrias Extrativas,2024-03-01,2024-04-01,0.0069043489714825145,0.003179585806446859,0.003197705139025132,0.0021915096713989424,0.00027051299339991364,0.0021104602126842086,863.0,271419.0,6285.0,5422.0,592.1666666666666,0.004119357261296631,0.0010547504623818049,-0.0016181651123601776,0.0017638452569272703,0.004649684353701267,0.003179585806446859
Indústrias Extrativas,2024-04-01,2024-05-01,0.007243007628042136,0.0069043489714825145,0.004911206377210213,0.0026556749564299233,0.001329345268534247,0.0027057289628831696,1887.0,273306.0,7130.0,5243.0,722.0,0.0010547504623818049,-0.0016181651123601776,0.0017638452569272703,0.004649684353701267,0.003179585806446859,0.0069043489714825145
Indústrias Extrativas,2024-05-01,2024-06-01,0.005982878208530566,0.007243007628042136,0.00577564746865717,0.003687051150706645,0.001664493608526368,0.0030557065741325744,1994.0,275300.0,7044.0,5050.0,1007.0,-0.0016181651123601776,0.0017638452569272703,0.004649684353701267,0.003179585806446859,0.0069043489714825145,0.007243007628042136
Indústrias Extrativas,2024-06-01,2024-07-01,0.004464430138138527,0.005982878208530566,0.006710078269351739,0.004953891704188435,0.0009314256498878492,0.001979909440565134,1657.0,276957.0,6717.0,5060.0,1355.6666666666667,0.0017638452569272703,0.004649684353701267,0.003179585806446859,0.0069043489714825145,0.007243007628042136,0.005982878208530566
Indústrias Extrativas,2024-07-01,2024-08-01,0.005526461598956193,0.004464430138138527,0.0058967719915704086,0.005403989184390311,0.00022349327957134414,0.0014357285140237821,1242.0,278199.0,6909.0,5667.0,1483.5,0.004649684353701267,0.003179585806446859,0.0069043489714825145,0.007243007628042136,0.005982878208530566,0.004464430138138527
Indústrias Extrativas,2024-08-01,2024-09-01,0.004203954066195368,0.005526461598956193,0.005324589981875095,0.005550118725266132,9.012837265723293e-05,0.0013955762760902112,1546.0,279745.0,6798.0,5252.0,1531.5,0.003179585806446859,0.0069043489714825145,0.007243007628042136,0.005982878208530566,0.004464430138138527,0.005526461598956193
Indústrias Extrativas,2024-09-01,2024-10-01,0.000291806638956898,0.004203954066195368,0.0047316152677633625,0.00572084676855755,-0.000576287448116731,0.0011331110151439644,1181.0,280926.0,6417.0,5236.0,1584.5,0.0069043489714825145,0.007243007628042136,0.005982878208530566,0.004464430138138527,0.005526461598956193,0.004203954066195368
Indústrias Extrativas,2024-10-01,2024-11-01,0.0008249182193144645,0.000291806638956898,0.0033407407680361534,0.004618756379803281,-0.0011151641689032602,0.002179060323106511,82.0,281008.0,5969.0,5887.0,1283.6666666666667,0.007243007628042136,0.005982878208530566,0.004464430138138527,0.005526461598956193,0.004203954066195368,0.000291806638956898
Indústrias Extrativas,2024-11-01,2024-12-01,-0.0029706819016643666,0.0008249182193144645,0.00177355964148891,0.003549074811682002,-0.0011322907993253208,0.0022034452107797735,232.0,281240.0,5672.0,5440.0,990.0,0.005982878208530566,0.004464430138138527,0.005526461598956193,0.004203954066195368,0.000291806638956898,0.0008249182193144645
Indústrias Extrativas,2024-12-01,2025-01-01,0.0021351781272352646,-0.0029706819016643666,-0.0006179856811310014,0.0020568147933161807,-0.001576923936147946,0.0029539186863578462,-833.0,280407.0,4174.0,5007.0,575.0,0.004464430138138527,0.005526461598956193,0.004203954066195368,0.000291806638956898,0.0008249182193144645,-0.0029706819016643666
Indústrias Extrativas,2025-01-01,2025-02-01,0.006132821203857948,0.0021351781272352646,-3.528518371545813e-06,0.0016686061248323038,-0.0010842061051950362,0.002758595867932547,600.0,281007.0,6059.0,5459.0,468.0,0.005526461598956193,0.004203954066195368,0.000291806638956898,0.0008249182193144645,-0.0029706819016643666,0.0021351781272352646
Indústrias Extrativas,2025-02-01,2025-03-01,0.0016066611110326417,0.006132821203857948,0.001765772476476282,0.0017696660589825962,0.00032511000091911893,0.0029052824224814083,1734.0,282741.0,7245.0,5511.0,499.3333333333333,0.004203954066195368,0.000291806638956898,0.0008249182193144645,-0.0029706819016643666,0.0021351781272352646,0.006132821203857948
Indústrias Extrativas,2025-03-01,2025-04-01,0.00355376030062701,0.0016066611110326417,0.0032915534807086183,0.0013367838997888082,0.0007886811812259657,0.002696308787175016,455.0,283196.0,6026.0,5571.0,378.3333333333333,0.000291806638956898,0.0008249182193144645,-0.0029706819016643666,0.0021351781272352646,0.006132821203857948,0.0016066611110326417
Indústrias Extrativas,2025-04-01,2025-05-01,0.004602129448024656,0.00355376030062701,0.0037644142051725337,0.0018804428434004937,0.0008963966434650407,0.002758928024287305,1010.0,284206.0,6292.0,5282.0,533.0,0.0008249182193144645,-0.0029706819016643666,0.0021351781272352646,0.006132821203857948,0.0016066611110326417,0.00355376030062701
Indústrias Extrativas,2025-05-01,2025-06-01,0.003688362987957861,0.004602129448024656,0.0032541836198947695,0.002509978048185526,0.001074104090737001,0.002874765537005971,1314.0,285520.0,6799.0,5485.0,713.3333333333334,-0.0029706819016643666,0.0021351781272352646,0.006132821203857948,0.0016066611110326417,0.00355376030062701,0.004602129448024656
Indústrias Extrativas,2025-06-01,2025-07-01,0.006193582394412598,0.003688362987957861,0.003948084245536509,0.0036198188631225638,0.00014631280644878484,0.0015025610985878054,1057.0,286577.0,6317.0,5260.0,1028.3333333333333,0.0021351781272352646,0.006132821203857948,0.0016066611110326417,0.00355376030062701,0.004602129448024656,0.003688362987957861
Indústrias Extrativas,2025-07-01,2025-08-01,0.0017205566710517205,0.006193582394412598,0.004828024943465038,0.0042962195743187865,0.00021706516374133002,0.0015927508801670978,1786.0,288363.0,7249.0,5463.0,1226.0,0.006132821203857948,0.0016066611110326417,0.00355376030062701,0.004602129448024656,0.003688362987957861,0.006193582394412598
Indústrias Extrativas,2025-08-01,2025-09-01,0.00290299308597485,0.0017205566710517205,0.0038675006844740597,0.0035608421521844146,0.00021643364632529597,0.0015936010754142463,497.0,288860.0,6377.0,5880.0,1019.8333333333334,0.0016066611110326417,0.00355376030062701,0.004602129448024656,0.003688362987957861,0.006193582394412598,0.0017205566710517205
Indústrias Extrativas,2025-09-01,2025-10-01,0.002692068038405001,0.00290299308597485,0.0036057107171463894,0.0037768974813414493,-0.0002683809999349965,0.00138871935886638,841.0,289701.0,6626.0,5785.0,1084.1666666666667,0.00355376030062701,0.004602129448024656,0.003688362987957861,0.006193582394412598,0.0017205566710517205,0.00290299308597485
Indústrias Extrativas,2025-10-01,2025-11-01,0.0010420033976876466,0.002692068038405001,0.0024385392651438574,0.0036332821043044473,-0.00046798407078309093,0.0014476740658643454,782.0,290483.0,6627.0,5845.0,1046.1666666666667,0.004602129448024656,0.003688362987957861,0.006193582394412598,0.0017205566710517205,0.00290299308597485,0.002692068038405001
Indústrias Extrativas,2025-11-01,2025-12-01,-0.0029884519887477387,0.0010420033976876466,0.002212354840689166,0.0030399277625816124,-0.0006443972744128781,0.0016451041059631624,303.0,290786.0,5668.0,5365.0,877.6666666666666,0.003688362987957861,0.006193582394412598,0.0017205566710517205,0.00290299308597485,0.002692068038405001,0.0010420033976876466
Indústrias Extrativas,2025-12-01,2026-01-01,0.001518814704606038,-0.0029884519887477387,0.0002485398157816363,0.001927125266464013,-0.0013759073366703927,0.0027303578193244426,-869.0,,4497.0,5366.0,556.6666666666666,0.006193582394412598,0.0017205566710517205,0.00290299308597485,0.002692068038405001,0.0010420033976876466,-0.0029884519887477387
Indústrias Extrativas,2026-01-01,2026-02-01,0.004112403406538001,0.001518814704606038,-0.000142544628818018,0.0011479973181629198,-0.000580945991346101,0.0019600570510674353,441.0,290358.0,5786.0,5345.0,332.5,0.0017205566710517205,0.00290299308597485,0.002692068038405001,0.0010420033976876466,-0.0029884519887477387,0.001518814704606038
Indústrias Extrativas,2026-02-01,2026-03-01,0.005749497856726332,0.004112403406538001,0.0008809220407987667,0.0015466384407439662,-4.294753671475785e-05,0.002256742956754777,1199.0,291557.0,6297.0,5098.0,449.5,0.00290299308597485,0.002692068038405001,0.0010420033976876466,-0.0029884519887477387,0.001518814704606038,0.004112403406538001
Indústrias Extrativas,2026-03-01,2026-04-01,0.00199435726221714,0.005749497856726332,0.0037935719892901233,0.00202105590253588,0.0008287318803288997,0.002739562933989274,1686.0,293243.0,7284.0,5598.0,590.3333333333334,0.002692068038405001,0.0010420033976876466,-0.0029884519887477387,0.001518814704606038,0.004112403406538001,0.005749497856726332
Indústrias Extrativas,2026-04-01,2026-05-01,0.0014341497565004027,0.00199435726221714,0.003952086175160491,0.0019047707731712365,0.0009591202160286183,0.002723372681032676,586.0,293829.0,6270.0,5684.0,557.6666666666666,0.0010420033976876466,-0.0029884519887477387,0.001518814704606038,0.004112403406538001,0.005749497856726332,0.00199435726221714
Indústrias Extrativas,2026-05-01,2026-06-01,0.0006181372332585002,0.0014341497565004027,0.0030593349584812917,0.0019701284996400292,0.0007193351671217809,0.002706536512514628,422.0,294251.0,5839.0,5417.0,577.5,-0.0029884519887477387,0.001518814704606038,0.004112403406538001,0.005749497856726332,0.00199435726221714,0.0014341497565004027
Indústrias de Transformação,2020-07-01,2020-08-01,0.013325898124338504,0.007802340117994277,-0.0025450069714959573,-0.006272871401347438,0.0012290532083104406,0.01278563197157014,52101.0,6677612.0,197406.0,145305.0,-41994.166666666664,0.004771499971275924,-0.004933596416139036,-0.029840111048733645,-0.014766922178784676,-0.0006704388536974733,0.007802340117994277
Indústrias de Transformação,2020-08-01,2020-09-01,0.01573417750789814,0.013325898124338504,0.006819266462878435,-0.004847138375837009,0.006237751700790245,0.014322311553534028,90187.0,6767799.0,244024.0,153837.0,-32500.166666666668,-0.004933596416139036,-0.029840111048733645,-0.014766922178784676,-0.0006704388536974733,0.007802340117994277,0.013325898124338504
Indústrias de Transformação,2020-09-01,2020-10-01,0.011786722015912908,0.01573417750789814,0.012287471916743639,-0.0014025093884974793,0.009160648076120576,0.01624377791017124,108188.0,6875987.0,282477.0,174289.0,-8771.666666666666,-0.029840111048733645,-0.014766922178784676,-0.0006704388536974733,0.007802340117994277,0.013325898124338504,0.01573417750789814
Indústrias de Transformação,2020-10-01,2020-11-01,0.006863745768501019,0.011786722015912908,0.01361559921604985,0.005535296122276947,0.005357303658989112,0.010485082178907246,82012.0,6957999.0,272580.0,190568.0,38357.0,-0.014766922178784676,-0.0006704388536974733,0.007802340117994277,0.013325898124338504,0.01573417750789814,0.011786722015912908
Indústrias de Transformação,2020-11-01,2020-12-01,-0.005872638235061448,0.006863745768501019,0.011461548430770687,0.009140407446824561,0.0014866385196659418,0.005342056943645903,48088.0,7006087.0,240342.0,192254.0,62689.0,-0.0006704388536974733,0.007802340117994277,0.013325898124338504,0.01573417750789814,0.011786722015912908,0.006863745768501019
Indústrias de Transformação,2020-12-01,2021-01-01,0.012333524433148932,-0.005872638235061448,0.004259276516450826,0.008273374216597231,-0.002620251552136465,0.0070220342507822135,-40904.0,6965183.0,164071.0,204975.0,56612.0,0.007802340117994277,0.013325898124338504,0.01573417750789814,0.011786722015912908,0.006863745768501019,-0.005872638235061448
Indústrias de Transformação,2021-01-01,2021-02-01,0.012261847720081511,0.012333524433148932,0.0044415439888628346,0.009028571602456343,-0.0021344369123496723,0.007172805102424696,86978.0,7052161.0,281902.0,194924.0,62424.833333333336,0.013325898124338504,0.01573417750789814,0.011786722015912908,0.006863745768501019,-0.005872638235061448,0.012333524433148932
Indústrias de Transformação,2021-02-01,2021-03-01,0.005319114106978836,0.012261847720081511,0.006240911306056331,0.00885122986841351,-0.0008130750197410718,0.007076877335114599,87546.0,7139707.0,305903.0,218357.0,61984.666666666664,0.01573417750789814,0.011786722015912908,0.006863745768501019,-0.005872638235061448,0.012333524433148932,0.012261847720081511
Indústrias de Transformação,2021-03-01,2021-04-01,0.002289016875036053,0.005319114106978836,0.009971495420069759,0.007115385968260292,5.8926542236614026e-05,0.006422812288601279,38180.0,7177887.0,277754.0,239574.0,50316.666666666664,0.011786722015912908,0.006863745768501019,-0.005872638235061448,0.012333524433148932,0.012261847720081511,0.005319114106978836
Indústrias de Transformação,2021-04-01,2021-05-01,0.005361024795344534,0.002289016875036053,0.006623326234032133,0.0055324351114474845,0.00030371245273510275,0.006244372984683498,16468.0,7194355.0,227656.0,211188.0,39392.666666666664,0.006863745768501019,-0.005872638235061448,0.012333524433148932,0.012261847720081511,0.005319114106978836,0.002289016875036053
Indústrias de Transformação,2021-05-01,2021-06-01,0.006179218354228196,0.005361024795344534,0.004323051925786474,0.005281981615921402,0.0005454873961311019,0.006216024929452174,38777.0,7233132.0,240874.0,202097.0,37840.833333333336,-0.005872638235061448,0.012333524433148932,0.012261847720081511,0.005319114106978836,0.002289016875036053,0.005361024795344534
Indústrias de Transformação,2021-06-01,2021-07-01,0.007418072258594547,0.006179218354228196,0.004609753341536261,0.00729062438080301,-0.0015572598971644964,0.0037417778916932157,44973.0,7278105.0,244921.0,199948.0,52153.666666666664,0.012333524433148932,0.012261847720081511,0.005319114106978836,0.002289016875036053,0.005361024795344534,0.006179218354228196
Indústrias de Transformação,2021-07-01,2021-08-01,0.009363125357852047,0.007418072258594547,0.006319438469389093,0.006471382351710612,-0.0005304730470108073,0.0030156223170571626,54393.0,7332498.0,262016.0,207623.0,46722.833333333336,0.012261847720081511,0.005319114106978836,0.002289016875036053,0.005361024795344534,0.006179218354228196,0.007418072258594547
Indústrias de Transformação,2021-08-01,2021-09-01,0.009736601887544435,0.009363125357852047,0.007653471990224929,0.005988261958005702,0.0010407261703978626,0.00216009738581323,69304.0,7401802.0,294060.0,224756.0,43682.5,0.005319114106978836,0.002289016875036053,0.005361024795344534,0.006179218354228196,0.007418072258594547,0.009363125357852047
Indústrias de Transformação,2021-09-01,2021-10-01,0.0031669735351597143,0.009736601887544435,0.008839266501330342,0.006724509921433301,0.001442373732983737,0.002528044412060956,72777.0,7474579.0,293711.0,220934.0,49448.666666666664,0.002289016875036053,0.005361024795344534,0.006179218354228196,0.007418072258594547,0.009363125357852047,0.009736601887544435
Indústrias de Transformação,2021-10-01,2021-11-01,0.0007904845489054347,0.0031669735351597143,0.007422233593518732,0.0068708360314539115,4.705563995091773e-05,0.0022803526733196095,23747.0,7498326.0,254012.0,230265.0,50661.833333333336,0.005361024795344534,0.006179218354228196,0.007418072258594547,0.009363125357852047,0.009736601887544435,0.0031669735351597143
Indústrias de Transformação,2021-11-01,2021-12-01,-0.011906209875401195,0.0007904845489054347,0.004564686657203195,0.006109079323714062,-0.0011235282476350255,0.003225149980497619,5932.0,7504258.0,227410.0,221478.0,45187.666666666664,0.006179218354228196,0.007418072258594547,0.009363125357852047,0.009736601887544435,0.0031669735351597143,0.0007904845489054347
Indústrias de Transformação,2021-12-01,2022-01-01,0.006537648075679285,-0.011906209875401195,-0.0026495839304453484,0.003094841285442497,-0.0036831131842629495,0.007443582181049221,-88296.0,7415962.0,152635.0,240931.0,22976.166666666668,0.007418072258594547,0.009363125357852047,0.009736601887544435,0.0031669735351597143,0.0007904845489054347,-0.011906209875401195
Indústrias de Transformação,2022-01-01,2022-02-01,0.00514104454030399,0.006537648075679285,-0.0015260257502721587,0.002948103921623287,-0.002326637448170142,0.007365175892222313,48802.0,7464764.0,269125.0,220323.0,22044.333333333332,0.009363125357852047,0.009736601887544435,0.0031669735351597143,0.0007904845489054347,-0.011906209875401195,0.006537648075679285
Indústrias de Transformação,2022-02-01,2022-03-01,0.0016084249105207196,0.00514104454030399,-7.58390864726401e-05,0.0022444237853652773,-0.0007303559296842895,0.006906040709227407,38575.0,7503339.0,293977.0,255402.0,16922.833333333332,0.009736601887544435,0.0031669735351597143,0.0007904845489054347,-0.011906209875401195,0.006537648075679285,0.00514104454030399
Indústrias de Transformação,2022-03-01,2022-04-01,0.002987550854363927,0.0016084249105207196,0.004429039175501332,0.0008897276225279914,0.0006772227086308905,0.006047326425198596,12088.0,7515427.0,290189.0,278101.0,6808.0,0.0031669735351597143,0.0007904845489054347,-0.011906209875401195,0.006537648075679285,0.00514104454030399,0.0016084249105207196
Indústrias de Transformação,2022-04-01,2022-05-01,0.005551562606365043,0.002987550854363927,0.003245673435062879,0.0008598238423953601,0.0014323609242766545,0.006036425395138898,22520.0,7537947.0,268011.0,245491.0,6603.5,0.0007904845489054347,-0.011906209875401195,0.006537648075679285,0.00514104454030399,0.0016084249105207196,0.002987550854363927
Indústrias de Transformação,2022-05-01,2022-06-01,0.004986338959209054,0.005551562606365043,0.0033825127904165628,0.0016533368519719616,0.002088741460431481,0.006283048843515078,42081.0,7580028.0,289639.0,247558.0,12628.333333333334,-0.011906209875401195,0.006537648075679285,0.00514104454030399,0.0016084249105207196,0.002987550854363927,0.005551562606365043
Indústrias de Transformação,2022-06-01,2022-07-01,0.006037223302630317,0.004986338959209054,0.004508484139979342,0.004468761657740336,-0.00014702472686642276,0.0016607283137924976,37986.0,7618014.0,274845.0,236859.0,33675.333333333336,0.006537648075679285,0.00514104454030399,0.0016084249105207196,0.002987550854363927,0.005551562606365043,0.004986338959209054
Indústrias de Transformação,2022-07-01,2022-08-01,0.006343787079215725,0.006037223302630317,0.005525041622734805,0.004385357528898842,0.0004908185059913641,0.0015645102866554505,46271.0,7664285.0,285057.0,238786.0,33253.5,0.00514104454030399,0.0016084249105207196,0.002987550854363927,0.005551562606365043,0.004986338959209054,0.006037223302630317
Indústrias de Transformação,2022-08-01,2022-09-01,0.006968023411878894,0.006343787079215725,0.0057891164470183646,0.004585814618717464,0.0009217315583176628,0.00171801434789803,48931.0,7713216.0,305511.0,256580.0,34979.5,0.0016084249105207196,0.002987550854363927,0.005551562606365043,0.004986338959209054,0.006037223302630317,0.006343787079215725
Indústrias de Transformação,2022-09-01,2022-10-01,0.001683068065354709,0.006968023411878894,0.006449677931241645,0.005479081035610493,0.0006665691585585182,0.0012735750015832879,54123.0,7767339.0,289425.0,235302.0,41985.333333333336,0.002987550854363927,0.005551562606365043,0.004986338959209054,0.006037223302630317,0.006343787079215725,0.006968023411878894
Indústrias de Transformação,2022-10-01,2022-11-01,-0.0034341844508361443,0.001683068065354709,0.004998292852149777,0.00526166723744229,-0.00037402444487019215,0.0017151452308007467,13095.0,7780434.0,246992.0,233897.0,40414.5,0.005551562606365043,0.004986338959209054,0.006037223302630317,0.006343787079215725,0.006968023411878894,0.001683068065354709
Indústrias de Transformação,2022-11-01,2022-12-01,-0.014787953220690885,-0.0034341844508361443,0.001738969008799153,0.0037640427279087584,-0.0015583098979825615,0.003645244875329823,-26628.0,7753806.0,213591.0,240219.0,28963.0,0.004986338959209054,0.006037223302630317,0.006343787079215725,0.006968023411878894,0.001683068065354709,-0.0034341844508361443
Indústrias de Transformação,2022-12-01,2023-01-01,0.004396087224374791,-0.014787953220690885,-0.00551302320205744,0.0004683273645921023,-0.0039641357872367364,0.007716205547099214,-112992.0,7640814.0,142949.0,255941.0,3800.0,0.006037223302630317,0.006343787079215725,0.006968023411878894,0.001683068065354709,-0.0034341844508361443,-0.014787953220690885
Indústrias de Transformação,2023-01-01,2023-02-01,0.004822516105958939,0.004396087224374791,-0.0046086834823840786,0.00019480468488284846,-0.0022892480482315683,0.0075410518262821235,33738.0,7674552.0,280151.0,246413.0,1711.1666666666667,0.006343787079215725,0.006968023411878894,0.001683068065354709,-0.0034341844508361443,-0.014787953220690885,0.004396087224374791
Indústrias de Transformação,2023-02-01,2023-03-01,0.0023126627991189217,0.004822516105958939,-0.001856449963452385,-5.8740477326616e-05,-0.0003983499377826932,0.007353284906481153,37190.0,7711742.0,287191.0,250001.0,-245.66666666666666,0.006968023411878894,0.001683068065354709,-0.0034341844508361443,-0.014787953220690885,0.004396087224374791,0.004822516105958939
Indústrias de Transformação,2023-03-01,2023-04-01,0.0018319162003583769,0.0023126627991189217,0.003843755376484218,-0.0008346339127866115,0.0013457747366934858,0.006795352241312388,17876.0,7729618.0,314684.0,296808.0,-6286.833333333333,0.001683068065354709,-0.0034341844508361443,-0.014787953220690885,0.004396087224374791,0.004822516105958939,0.0023126627991189217
Indústrias de Transformação,2023-04-01,2023-05-01,0.0007428807902796043,0.0018319162003583769,0.002989031701812079,-0.0008098258902859996,0.002230250862771033,0.006804763602657948,14186.0,7743804.0,271801.0,257615.0,-6105.0,-0.0034341844508361443,-0.014787953220690885,0.004396087224374791,0.004822516105958939,0.0023126627991189217,0.0018319162003583769
Indústrias de Transformação,2023-05-01,2023-06-01,0.0012510200704499445,0.0007428807902796043,0.0016291532632523012,-0.00011364835010004198,0.0019271943907418047,0.006713723598038254,5757.0,7749561.0,286309.0,280552.0,-707.5,-0.014787953220690885,0.004396087224374791,0.004822516105958939,0.0023126627991189217,0.0018319162003583769,0.0007428807902796043
Indústrias de Transformação,2023-06-01,2023-07-01,0.0023530488768405654,0.0012510200704499445,0.0012752723536959753,0.0025595138650900966,-0.0008127139518692225,0.001532798442708251,9707.0,7759268.0,269659.0,259952.0,19742.333333333332,0.004396087224374791,0.004822516105958939,0.0023126627991189217,0.0018319162003583769,0.0007428807902796043,0.0012510200704499445
Indústrias de Transformação,2023-07-01,2023-08-01,0.0035970117015298926,0.0023530488768405654,0.0014489832458567046,0.0022190074738343917,-0.00047489427833364515,0.001295555535168585,18301.0,7777569.0,272276.0,253975.0,17169.5,0.004822516105958939,0.0023126627991189217,0.0018319162003583769,0.0007428807902796043,0.0012510200704499445,0.0023530488768405654
Indústrias de Transformação,2023-08-01,2023-09-01,0.005345839580467806,0.0035970117015298926,0.0024003602162734673,0.0020147567397628846,0.00024266519490490727,0.0009074793981153598,28077.0,7805646.0,307155.0,279078.0,15650.666666666666,0.0023126627991189217,0.0018319162003583769,0.0007428807902796043,0.0012510200704499445,0.0023530488768405654,0.0035970117015298926
Indústrias de Transformação,2023-09-01,2023-10-01,0.002311531723490868,0.005345839580467806,0.0037653000529460877,0.002520286203321032,0.000778115384019675,0.0015500063326918108,41952.0,7847598.0,284246.0,242294.0,19663.333333333332,0.0018319162003583769,0.0007428807902796043,0.0012510200704499445,0.0023530488768405654,0.0035970117015298926,0.005345839580467806
Indústrias de Transformação,2023-10-01,2023-11-01,-0.001800259690803647,0.002311531723490868,0.0037514610018295224,0.0026002221238431134,0.000610619314879978,0.0015246040169959092,18182.0,7865780.0,268151.0,249969.0,20329.333333333332,0.0007428807902796043,0.0012510200704499445,0.0023530488768405654,0.0035970117015298926,0.005345839580467806,0.002311531723490868
Indústrias de Transformação,2023-11-01,2023-12-01,-0.013887608343799368,-0.001800259690803647,0.0019523705377183422,0.002176365376995905,-0.00038948921106797535,0.002190247344191456,-14135.0,7851645.0,234514.0,248649.0,17014.0,0.0012510200704499445,0.0023530488768405654,0.0035970117015298926,0.005345839580467806,0.002311531723490868,-0.001800259690803647
Indústrias de Transformação,2023-12-01,2024-01-01,0.008420508380366822,-0.013887608343799368,-0.004458778770370716,-0.000346739358712314,-0.0028694116610622055,0.006426270863862408,-107547.0,7744098.0,160362.0,267909.0,-2528.3333333333335,0.0023530488768405654,0.0035970117015298926,0.005345839580467806,0.002311531723490868,-0.001800259690803647,-0.013887608343799368
Indústrias de Transformação,2024-01-01,2024-02-01,0.006597783617882626,0.008420508380366822,-0.0024224532180787315,0.0006645038918753956,-0.0010769900512260402,0.007202104347859783,65763.0,7809861.0,317819.0,252056.0,5382.0,0.0035970117015298926,0.005345839580467806,0.002311531723490868,-0.001800259690803647,-0.013887608343799368,0.008420508380366822
Indústrias de Transformação,2024-02-01,2024-03-01,0.00408955443960449,0.006597783617882626,0.00037689455148335986,0.001164632544600851,0.0003571229001344641,0.007486936138618015,51870.0,7861731.0,332797.0,280927.0,9347.5,0.005345839580467806,0.002311531723490868,-0.001800259690803647,-0.013887608343799368,0.008420508380366822,0.006597783617882626
Indústrias de Transformação,2024-03-01,2024-04-01,0.003996497970081844,0.00408955443960449,0.006369282145951313,0.0009552516877902985,0.0016112102923083746,0.007383934251900798,32283.0,7894014.0,329413.0,297130.0,7736.0,0.002311531723490868,-0.001800259690803647,-0.013887608343799368,0.008420508380366822,0.006597783617882626,0.00408955443960449
Indústrias de Transformação,2024-04-01,2024-05-01,0.0017981185309861529,0.003996497970081844,0.004894612009189653,0.0012360793955554612,0.002316930054061567,0.007461807292517266,31675.0,7925689.0,338889.0,307214.0,9984.833333333334,-0.001800259690803647,-0.013887608343799368,0.008420508380366822,0.006597783617882626,0.00408955443960449,0.003996497970081844
Indústrias de Transformação,2024-05-01,2024-06-01,0.003528828260344645,0.0017981185309861529,0.0032947236468908285,0.0018358090991870944,0.0017899535418512717,0.007337232528479638,14277.0,7939966.0,299516.0,285239.0,14720.166666666666,-0.013887608343799368,0.008420508380366822,0.006597783617882626,0.00408955443960449,0.003996497970081844,0.0017981185309861529
Indústrias de Transformação,2024-06-01,2024-07-01,0.005715453686831372,0.003528828260344645,0.0031078149204708805,0.004738548533211096,-0.0011128700665806557,0.0021639072501875678,28118.0,7968084.0,299672.0,271554.0,37331.0,0.008420508380366822,0.006597783617882626,0.00408955443960449,0.003996497970081844,0.0017981185309861529,0.003528828260344645
Indústrias de Transformação,2024-07-01,2024-08-01,0.006313236208402884,0.005715453686831372,0.00368080015938739,0.004287706084288522,-0.00023692021806090012,0.0015423428826024032,45803.0,8013887.0,333702.0,287899.0,34004.333333333336,0.006597783617882626,0.00408955443960449,0.003996497970081844,0.0017981185309861529,0.003528828260344645,0.005715453686831372
Indústrias de Transformação,2024-08-01,2024-09-01,0.006878749540369985,0.006313236208402884,0.005185839385192966,0.004240281516041898,0.0005144567349599723,0.0014734171699105898,50915.0,8064802.0,341894.0,290979.0,33845.166666666664,0.00408955443960449,0.003996497970081844,0.0017981185309861529,0.003528828260344645,0.005715453686831372,0.006313236208402884
Indústrias de Transformação,2024-09-01,2024-10-01,0.002922231081684708,0.006878749540369985,0.00630247981186808,0.004705147366169481,0.0008612353231479318,0.0017638944720733411,55860.0,8120662.0,330258.0,274398.0,37774.666666666664,0.003996497970081844,0.0017981185309861529,0.003528828260344645,0.005715453686831372,0.006313236208402884,0.006878749540369985
Indústrias de Transformação,2024-10-01,2024-11-01,-0.0008298404378922864,0.002922231081684708,0.005371405610152526,0.004526102884769958,0.00046480311757543747,0.0018775963004443214,23800.0,8144462.0,325204.0,301404.0,36462.166666666664,0.0017981185309861529,0.003528828260344645,0.005715453686831372,0.006313236208402884,0.006878749540369985,0.002922231081684708
Indústrias de Transformação,2024-11-01,2024-12-01,-0.014084034907770257,-0.0008298404378922864,0.002990380061387469,0.004088109723290218,-0.0008459285135616438,0.002621876217161931,-6753.0,8137709.0,259093.0,265846.0,32957.166666666664,0.003528828260344645,0.005715453686831372,0.006313236208402884,0.006878749540369985,0.002922231081684708,-0.0008298404378922864
Indústrias de Transformação,2024-12-01,2025-01-01,0.008569258723291643,-0.014084034907770257,-0.0039972147546592784,0.0011526325286044011,-0.003553805467730826,0.007296772071299502,-113020.0,8024689.0,161765.0,274785.0,9434.166666666666,0.005715453686831372,0.006313236208402884,0.006878749540369985,0.002922231081684708,-0.0008298404378922864,-0.014084034907770257
Indústrias de Transformação,2025-01-01,2025-02-01,0.007765834154469354,0.008569258723291643,-0.002114872207456967,0.0016282667013477797,-0.0015817232082729698,0.00766253804726876,69360.0,8094049.0,355175.0,285815.0,13360.333333333334,0.006313236208402884,0.006878749540369985,0.002922231081684708,-0.0008298404378922864,-0.014084034907770257,0.008569258723291643
Indústrias de Transformação,2025-02-01,2025-03-01,0.0014719521807109266,0.007765834154469354,0.0007503526566635801,0.0018703663590255246,0.00023206604358399103,0.00782789943566326,63349.0,8157398.0,379712.0,316363.0,15432.666666666666,0.006878749540369985,0.002922231081684708,-0.0008298404378922864,-0.014084034907770257,0.008569258723291643,0.007765834154469354
Indústrias de Transformação,2025-03-01,2025-04-01,0.0038044675147811957,0.0014719521807109266,0.005935681686157309,0.0009692334657490148,0.0011768263686650834,0.007503983900428957,12025.0,8169423.0,332331.0,320306.0,8126.833333333333,0.002922231081684708,-0.0008298404378922864,-0.014084034907770257,0.008569258723291643,0.007765834154469354,0.0014719521807109266
Indústrias de Transformação,2025-04-01,2025-05-01,0.002048687325044719,0.0038044675147811957,0.0043474179499871585,0.001116272871265096,0.001972459327428248,0.007549318679762606,31199.0,8200622.0,337958.0,306759.0,9360.0,-0.0008298404378922864,-0.014084034907770257,0.008569258723291643,0.007765834154469354,0.0014719521807109266,0.0038044675147811957
Indústrias de Transformação,2025-05-01,2025-06-01,0.0021155140367592573,0.002048687325044719,0.002441702340178947,0.0015960274984212635,0.0017164387304224311,0.0075017145580143505,16835.0,8217457.0,320452.0,303617.0,13291.333333333334,-0.014084034907770257,0.008569258723291643,0.007765834154469354,0.0014719521807109266,0.0038044675147811957,0.002048687325044719
Indústrias de Transformação,2025-06-01,2025-07-01,0.002765172725810733,0.0021155140367592573,0.002656222958861724,0.004295952322509516,-0.0013453613881961588,0.0028379062918118775,17421.0,8234878.0,304725.0,287304.0,35031.5,0.008569258723291643,0.007765834154469354,0.0014719521807109266,0.0038044675147811957,0.002048687325044719,0.0021155140367592573
Indústrias de Transformação,2025-07-01,2025-08-01,0.002095575702052905,0.002765172725810733,0.0023097913625382363,0.0033286046562626976,-0.0007093829075681309,0.0021130484400890825,22834.0,8257712.0,331270.0,308436.0,27277.166666666668,0.007765834154469354,0.0014719521807109266,0.0038044675147811957,0.002048687325044719,0.0021155140367592573,0.002765172725810733
Indústrias de Transformação,2025-08-01,2025-09-01,0.004727364397828431,0.002095575702052905,0.002325420821540965,0.0023835615808599562,1.9159986146583083e-06,0.0007374006777121242,17341.0,8275053.0,321370.0,304029.0,19609.166666666668,0.0014719521807109266,0.0038044675147811957,0.002048687325044719,0.0021155140367592573,0.002765172725810733,0.002095575702052905
Indústrias de Transformação,2025-09-01,2025-10-01,-0.0014150973507243325,0.004727364397828431,0.003196037608564023,0.0029261302837128734,0.0001544230924374916,0.0010131348807404753,39305.0,8314358.0,335865.0,296560.0,24155.833333333332,0.0038044675147811957,0.002048687325044719,0.0021155140367592573,0.002765172725810733,0.002095575702052905,0.004727364397828431
Indústrias de Transformação,2025-10-01,2025-11-01,-0.0037344111907089686,-0.0014150973507243325,0.001802614249719001,0.0020562028061286187,-0.00029008483769701594,0.0018116655276486132,-11749.0,8302609.0,305195.0,316944.0,16997.833333333332,0.002048687325044719,0.0021155140367592573,0.002765172725810733,0.002095575702052905,0.004727364397828431,-0.0014150973507243325
Indústrias de Transformação,2025-11-01,2025-12-01,-0.01605337415354656,-0.0037344111907089686,-0.00014071471453495663,0.0010923530535030044,-0.001118818504890594,0.002818093557960732,-30890.0,8271719.0,242208.0,273098.0,9043.666666666666,0.0021155140367592573,0.002765172725810733,0.002095575702052905,0.004727364397828431,-0.0014150973507243325,-0.0037344111907089686
Indústrias de Transformação,2025-12-01,2026-01-01,0.006498524749312362,-0.01605337415354656,-0.007067627564993287,-0.001935794978214632,-0.003363575909246423,0.006898803372777146,-132789.0,,151425.0,284214.0,-15991.333333333334,0.002765172725810733,0.002095575702052905,0.004727364397828431,-0.0014150973507243325,-0.0037344111907089686,-0.01605337415354656
Indústrias de Transformação,2026-01-01,2026-02-01,0.003530994760373065,0.006498524749312362,-0.004429753531647723,-0.001313569640964361,-0.0012184795502232092,0.007441735836342355,53237.0,8192167.0,332251.0,279014.0,-10924.166666666666,0.002095575702052905,0.004727364397828431,-0.0014150973507243325,-0.0037344111907089686,-0.01605337415354656,0.006498524749312362
Indústrias de Transformação,2026-02-01,2026-03-01,0.002873538124471794,0.003530994760373065,-0.0020079515479537115,-0.001074333131244334,0.00015543014714273332,0.007569464106645901,29029.0,8221196.0,335998.0,306969.0,-8976.166666666666,0.004727364397828431,-0.0014150973507243325,-0.0037344111907089686,-0.01605337415354656,0.006498524749312362,0.003530994760373065
Indústrias de Transformação,2026-03-01,2026-04-01,0.0008906674771134813,0.002873538124471794,0.00430101921138574,-0.0013833041768037734,0.0018797512609167323,0.007361317089598615,23692.0,8244888.0,361795.0,338103.0,-11578.333333333334,-0.0014150973507243325,-0.0037344111907089686,-0.01605337415354656,0.006498524749312362,0.003530994760373065,0.002873538124471794
Indústrias de Transformação,2026-04-01,2026-05-01,0.00038992390124495836,0.0008906674771134813,0.002431733453986113,-0.0009990100388308045,0.002198245719549372,0.007409653389686194,7350.0,8252238.0,326608.0,319258.0,-8395.166666666666,-0.0037344111907089686,-0.01605337415354656,0.006498524749312362,0.003530994760373065,0.002873538124471794,0.0008906674771134813
Indústrias de Transformação,2026-05-01,2026-06-01,0.0015229711386567737,0.00038992390124495836,0.0013847098342767445,-0.00031162085683848344,0.0018495846234702759,0.007314705221160159,3219.0,8255457.0,308986.0,305767.0,-2710.3333333333335,-0.01605337415354656,0.006498524749312362,0.003530994760373065,0.002873538124471794,0.0008906674771134813,0.00038992390124495836
Informação e Comunicação,2020-07-01,2020-08-01,0.0062560363170276355,0.004658888694486999,0.00023118121497450479,-0.001521629048347008,0.0004209424716807783,0.006509726504199761,4367.0,937348.0,23734.0,19367.0,-1411.8333333333333,0.004287855882563491,-3.263635416129308e-05,-0.01407853746340776,-0.005298705536004259,0.0013333604864407742,0.004658888694486999
Informação e Comunicação,2020-08-01,2020-09-01,0.009575080221091006,0.0062560363170276355,0.004082761832651803,-0.0011935989759363174,0.0026939345100592555,0.006835636716986973,5901.0,943249.0,27243.0,21342.0,-1107.1666666666667,-3.263635416129308e-05,-0.01407853746340776,-0.005298705536004259,0.0013333604864407742,0.004658888694486999,0.0062560363170276355
Informação e Comunicação,2020-09-01,2020-10-01,0.014876648564778898,0.009575080221091006,0.00683000174420188,0.0004076871199390658,0.004464509776846735,0.007953903553538874,9119.0,952368.0,32220.0,23101.0,417.8333333333333,-0.01407853746340776,-0.005298705536004259,0.0013333604864407742,0.004658888694486999,0.0062560363170276355,0.009575080221091006
Informação e Comunicação,2020-10-01,2020-11-01,0.0011871073324799385,0.014876648564778898,0.010235921700965848,0.005233551457970175,0.0036342593522973453,0.006316035589310315,14382.0,966750.0,38738.0,24356.0,5012.666666666667,-0.005298705536004259,0.0013333604864407742,0.004658888694486999,0.0062560363170276355,0.009575080221091006,0.014876648564778898
Informação e Comunicação,2020-11-01,2020-12-01,0.0029040359816136095,0.0011871073324799385,0.008546278706116614,0.006314520269384209,0.000949744507003854,0.004792148868004465,1149.0,967899.0,32131.0,30982.0,6027.0,0.0013333604864407742,0.004658888694486999,0.0062560363170276355,0.009575080221091006,0.014876648564778898,0.0011871073324799385
Informação e Comunicação,2020-12-01,2021-01-01,0.006758256993849526,0.0029040359816136095,0.006322597292957481,0.006576299518579681,-0.0005336994906949185,0.004549659779968164,2819.0,970718.0,26857.0,24038.0,6289.5,0.004658888694486999,0.0062560363170276355,0.009575080221091006,0.014876648564778898,0.0011871073324799385,0.0029040359816136095
Informação e Comunicação,2021-01-01,2021-02-01,0.010118371782808491,0.006758256993849526,0.003616466769314358,0.006926194235140103,-0.0008911877304749061,0.0044687528286080965,6605.0,977323.0,34255.0,27650.0,6662.5,0.0062560363170276355,0.009575080221091006,0.014876648564778898,0.0011871073324799385,0.0029040359816136095,0.006758256993849526
Informação e Comunicação,2021-02-01,2021-03-01,0.011771900780122394,0.010118371782808491,0.006593554919423875,0.0075699168127702455,-0.0005691939501447724,0.004602048898372727,9990.0,987313.0,36304.0,26314.0,7344.0,0.009575080221091006,0.014876648564778898,0.0011871073324799385,0.0029040359816136095,0.006758256993849526,0.010118371782808491
Informação e Comunicação,2021-03-01,2021-04-01,0.00992283123258946,0.011771900780122394,0.009549509852260137,0.00793605357260881,0.00043212215542683,0.004828815875976001,11761.0,999074.0,41017.0,29256.0,7784.333333333333,0.014876648564778898,0.0011871073324799385,0.0029040359816136095,0.006758256993849526,0.010118371782808491,0.011771900780122394
Informação e Comunicação,2021-04-01,2021-05-01,0.010544781000175517,0.00992283123258946,0.010604367931840115,0.007110417350577237,0.0021040665338580827,0.003907048165016345,10013.0,1009087.0,37781.0,27768.0,7056.166666666667,0.0011871073324799385,0.0029040359816136095,0.006758256993849526,0.010118371782808491,0.011771900780122394,0.00992283123258946
Informação e Comunicação,2021-05-01,2021-06-01,0.011960053711249717,0.010544781000175517,0.010746504337629123,0.0086700296285265,0.0014100279087526633,0.002991796047654184,10754.0,1019841.0,39763.0,29009.0,8657.0,0.0029040359816136095,0.006758256993849526,0.010118371782808491,0.011771900780122394,0.00992283123258946,0.010544781000175517
Informação e Comunicação,2021-06-01,2021-07-01,0.010879325065953453,0.011960053711249717,0.010809221981338232,0.010179365916799184,0.000726832619759117,0.0017133816993805718,12345.0,1032186.0,42468.0,30123.0,10244.666666666666,0.006758256993849526,0.010118371782808491,0.011771900780122394,0.00992283123258946,0.010544781000175517,0.011960053711249717
Informação e Comunicação,2021-07-01,2021-08-01,0.01096100479194468,0.010879325065953453,0.011128053259126228,0.010866210595483173,0.00014260499933408115,0.0007713066790208973,11353.0,1043539.0,42749.0,31396.0,11036.0,0.010118371782808491,0.011771900780122394,0.00992283123258946,0.010544781000175517,0.011960053711249717,0.010879325065953453
Informação e Comunicação,2021-08-01,2021-09-01,0.009261319834323505,0.01096100479194468,0.011266794523049283,0.011006649430339202,6.579264865074724e-06,0.0006953258960779063,11565.0,1055104.0,43843.0,32278.0,11298.5,0.011771900780122394,0.00992283123258946,0.010544781000175517,0.011960053711249717,0.010879325065953453,0.01096100479194468
Informação e Comunicação,2021-09-01,2021-10-01,0.010506608441151193,0.009261319834323505,0.010367216564073878,0.010588219272706055,-8.970326460910177e-05,0.0008476370685638578,9863.0,1064967.0,43385.0,33522.0,10982.166666666666,0.00992283123258946,0.010544781000175517,0.011960053711249717,0.010879325065953453,0.01096100479194468,0.009261319834323505
Informação e Comunicação,2021-10-01,2021-11-01,0.011029350956281391,0.010506608441151193,0.010242977689139792,0.01068551547413301,-0.0002344395628545431,0.0007977104089251693,11308.0,1076275.0,44152.0,32844.0,11198.0,0.010544781000175517,0.011960053711249717,0.010879325065953453,0.01096100479194468,0.009261319834323505,0.010506608441151193
Informação e Comunicação,2021-11-01,2021-12-01,0.004370319883262965,0.011029350956281391,0.010265759743918695,0.01076627713348399,-0.00021346710305341672,0.0008038794843282107,12003.0,1088278.0,43322.0,31319.0,11406.166666666666,0.011960053711249717,0.010879325065953453,0.01096100479194468,0.009261319834323505,0.010506608441151193,0.011029350956281391
Informação e Comunicação,2021-12-01,2022-01-01,0.006681164332833216,0.004370319883262965,0.008635426426898516,0.009501321495486197,-0.0008884199661032742,0.0023720533785576716,4777.0,1093055.0,36326.0,31549.0,10144.833333333334,0.010879325065953453,0.01096100479194468,0.009261319834323505,0.010506608441151193,0.011029350956281391,0.004370319883262965
Informação e Comunicação,2022-01-01,2022-02-01,0.007135155619115504,0.006681164332833216,0.007360278390792524,0.00880162803996616,-0.001015698846674535,0.0024791393122082428,7352.0,1100407.0,43182.0,35830.0,9478.0,0.01096100479194468,0.009261319834323505,0.010506608441151193,0.011029350956281391,0.004370319883262965,0.006681164332833216
Informação e Comunicação,2022-02-01,2022-03-01,0.008777162563532472,0.007135155619115504,0.006062213278403894,0.008163986511161295,-0.0008218909849717817,0.002329216335771507,7908.0,1108315.0,44480.0,36572.0,8868.5,0.009261319834323505,0.010506608441151193,0.011029350956281391,0.004370319883262965,0.006681164332833216,0.007135155619115504
Informação e Comunicação,2022-03-01,2022-04-01,0.007514679188173212,0.008777162563532472,0.0075311608384937305,0.008083293632696123,-0.0005148277414291721,0.002297979867848367,9814.0,1118129.0,47357.0,37543.0,8860.333333333334,0.010506608441151193,0.011029350956281391,0.004370319883262965,0.006681164332833216,0.007135155619115504,0.008777162563532472
Informação e Comunicação,2022-04-01,2022-05-01,0.007480490465039654,0.007514679188173212,0.007808999123607063,0.007584638757199794,-0.00011139541467000208,0.002026622660763603,8466.0,1126595.0,44486.0,36020.0,8386.666666666666,0.011029350956281391,0.004370319883262965,0.006681164332833216,0.007135155619115504,0.008777162563532472,0.007514679188173212
Informação e Comunicação,2022-05-01,2022-06-01,0.007604582683443727,0.007480490465039654,0.007924110738915113,0.0069931620086595035,0.0005626686976948685,0.0013347242363498926,8491.0,1135086.0,45251.0,36760.0,7801.333333333333,0.004370319883262965,0.006681164332833216,0.007135155619115504,0.008777162563532472,0.007514679188173212,0.007480490465039654
Informação e Comunicação,2022-06-01,2022-07-01,0.004649616622009578,0.007604582683443727,0.007533250778885531,0.007532205808689632,0.0001254460832990216,0.0006377117738827713,8698.0,1143784.0,45476.0,36778.0,8454.833333333334,0.006681164332833216,0.007135155619115504,0.008777162563532472,0.007514679188173212,0.007480490465039654,0.007604582683443727
Informação e Comunicação,2022-07-01,2022-08-01,0.005687462144155058,0.004649616622009578,0.006578229923497654,0.007193614523552358,-0.0004565606671122693,0.0012474802813808126,5343.0,1149127.0,41737.0,36394.0,8120.0,0.007135155619115504,0.008777162563532472,0.007514679188173212,0.007480490465039654,0.007604582683443727,0.004649616622009578
Informação e Comunicação,2022-08-01,2022-09-01,0.006927533292889783,0.005687462144155058,0.00598055381653612,0.006952332277725618,-0.0006834170736278259,0.0013694899980255866,6573.0,1155700.0,44441.0,37868.0,7897.5,0.008777162563532472,0.007514679188173212,0.007480490465039654,0.007604582683443727,0.004649616622009578,0.005687462144155058
Informação e Comunicação,2022-09-01,2022-10-01,0.0017413054815953446,0.006927533292889783,0.0057548706863514735,0.006644060732618502,-0.00032199372858585947,0.0011070560413899047,8062.0,1163762.0,44193.0,36131.0,7605.5,0.007514679188173212,0.007480490465039654,0.007604582683443727,0.004649616622009578,0.005687462144155058,0.006927533292889783
Informação e Comunicação,2022-10-01,2022-11-01,0.0018844291018867408,0.0017413054815953446,0.004785433639546729,0.005681831781522192,-0.00084826364476394,0.002044389220239244,2030.0,1165792.0,39427.0,37397.0,6532.833333333333,0.007480490465039654,0.007604582683443727,0.004649616622009578,0.005687462144155058,0.006927533292889783,0.0017413054815953446
Informação e Comunicação,2022-11-01,2022-12-01,-0.003117584464638605,0.0018844291018867408,0.0035177559587906224,0.004749154887663372,-0.0010310180051512257,0.0022746040177161774,2201.0,1167993.0,37142.0,34941.0,5484.5,0.007604582683443727,0.004649616622009578,0.005687462144155058,0.006927533292889783,0.0017413054815953446,0.0018844291018867408
Informação e Comunicação,2022-12-01,2023-01-01,0.0008623885330642338,-0.003117584464638605,0.00016938337294782678,0.0029621270296496505,-0.0015837523534668657,0.00330691823739017,-3630.0,1164363.0,27118.0,30748.0,3429.8333333333335,0.004649616622009578,0.005687462144155058,0.006927533292889783,0.0017413054815953446,0.0018844291018867408,-0.003117584464638605
Informação e Comunicação,2023-01-01,2023-02-01,-0.0006826536421503847,0.0008623885330642338,-0.00012358894322921015,0.0023309223481587597,-0.0015462170773642252,0.003285955312711101,1005.0,1165368.0,37609.0,36604.0,2706.8333333333335,0.005687462144155058,0.006927533292889783,0.0017413054815953446,0.0018844291018867408,-0.003117584464638605,0.0008623885330642338
Informação e Comunicação,2023-02-01,2023-03-01,0.0010019378232386097,-0.0006826536421503847,-0.0009792831912415853,0.0012692363837745184,-0.0013054199739234143,0.0030506073774535392,-795.0,1164573.0,33267.0,34062.0,1478.8333333333333,0.006927533292889783,0.0017413054815953446,0.0018844291018867408,-0.003117584464638605,0.0008623885330642338,-0.0006826536421503847
Informação e Comunicação,2023-03-01,2023-04-01,0.0021741344762090625,0.0010019378232386097,0.0003938909047174863,0.0002816371388326565,-0.00021194610074834884,0.0017339859296500726,1168.0,1165741.0,39619.0,38451.0,329.8333333333333,0.0017413054815953446,0.0018844291018867408,-0.003117584464638605,0.0008623885330642338,-0.0006826536421503847,0.0010019378232386097
Informação e Comunicação,2023-04-01,2023-05-01,0.002555337179857147,0.0021741344762090625,0.0008311395524324292,0.0003537753046016095,0.00035034433028653233,0.0018009226448636785,2540.0,1168281.0,36199.0,33659.0,414.8333333333333,0.0018844291018867408,-0.003117584464638605,0.0008623885330642338,-0.0006826536421503847,0.0010019378232386097,0.0021741344762090625
Informação e Comunicação,2023-05-01,2023-06-01,3.671081355431536e-05,0.002555337179857147,0.00191046982643494,0.00046559331759667724,0.000970983929065778,0.0019100125772688434,2993.0,1171274.0,39479.0,36486.0,546.8333333333334,-0.003117584464638605,0.0008623885330642338,-0.0006826536421503847,0.0010019378232386097,0.0021741344762090625,0.002555337179857147
Informação e Comunicação,2023-06-01,2023-07-01,0.0021400050603622846,3.671081355431536e-05,0.0015887274898735081,0.0009913091972954973,0.000193079443469813,0.0011236400920012215,43.0,1171317.0,36560.0,36517.0,1159.0,0.0008623885330642338,-0.0006826536421503847,0.0010019378232386097,0.0021741344762090625,0.002555337179857147,3.671081355431536e-05
Informação e Comunicação,2023-07-01,2023-08-01,0.0005474800591244406,0.0021400050603622846,0.0015773510179245822,0.0012042452851785056,0.0003313947196331012,0.0011976527961766494,2512.0,1173829.0,36096.0,33584.0,1410.1666666666667,-0.0006826536421503847,0.0010019378232386097,0.0021741344762090625,0.002555337179857147,3.671081355431536e-05,0.0021400050603622846
Informação e Comunicação,2023-08-01,2023-09-01,0.0017712714056959465,0.0005474800591244406,0.0009080653110136801,0.0014092675687243101,-0.00013980866955468614,0.0009331828599686304,643.0,1174472.0,38795.0,38152.0,1649.8333333333333,0.0010019378232386097,0.0021741344762090625,0.002555337179857147,3.671081355431536e-05,0.0021400050603622846,0.0005474800591244406
Informação e Comunicação,2023-09-01,2023-10-01,0.002834138486312399,0.0017712714056959465,0.0014862521750608905,0.0015374898324671995,-0.00016955978479873504,0.0009211826695200063,2084.0,1176556.0,35505.0,33421.0,1802.5,0.0021741344762090625,0.002555337179857147,3.671081355431536e-05,0.0021400050603622846,0.0005474800591244406,0.0017712714056959465
Informação e Comunicação,2023-10-01,2023-11-01,0.002646591678493632,0.002834138486312399,0.0017176299837109287,0.0016474905008177557,0.00014300466592752313,0.0010242758019394305,3344.0,1179900.0,37183.0,33839.0,1936.5,0.002555337179857147,3.671081355431536e-05,0.0021400050603622846,0.0005474800591244406,0.0017712714056959465,0.002834138486312399
Informação e Comunicação,2023-11-01,2023-12-01,-0.00149585528721776,0.002646591678493632,0.0024173338568339925,0.0016626995839238365,0.00046730274140338373,0.001038225664613181,3131.0,1183031.0,34413.0,31282.0,1959.5,3.671081355431536e-05,0.0021400050603622846,0.0005474800591244406,0.0017712714056959465,0.002834138486312399,0.002646591678493632
Informação e Comunicação,2023-12-01,2024-01-01,0.0028607533176381607,-0.00149585528721776,0.0013282916258627571,0.0014072719004618237,-0.00030911713711931983,0.001494916093952031,-1767.0,1181264.0,28325.0,30092.0,1657.8333333333333,0.0021400050603622846,0.0005474800591244406,0.0017712714056959465,0.002834138486312399,0.002646591678493632,-0.00149585528721776
Informação e Comunicação,2024-01-01,2024-02-01,0.002634321786321059,0.0028607533176381607,0.0013371632363046778,0.0015273966100078033,4.50696973145345e-05,0.0015757419119861692,3389.0,1184653.0,37831.0,34442.0,1804.0,0.0005474800591244406,0.0017712714056959465,0.002834138486312399,0.002646591678493632,-0.00149585528721776,0.0028607533176381607
Informação e Comunicação,2024-02-01,2024-03-01,0.0037116037735057754,0.002634321786321059,0.0013330732722471531,0.001875203564540573,7.2185551826130105e-06,0.0015511825742892523,3129.0,1187782.0,38238.0,35109.0,2218.3333333333335,0.0017712714056959465,0.002834138486312399,0.002646591678493632,-0.00149585528721776,0.0028607533176381607,0.002634321786321059
Informação e Comunicação,2024-03-01,2024-04-01,0.003990863704109662,0.0037116037735057754,0.0030688929591549986,0.002198592292508878,0.00024877501040871655,0.0016916996625807716,4425.0,1192207.0,39899.0,35474.0,2608.5,0.002834138486312399,0.002646591678493632,-0.00149585528721776,0.0028607533176381607,0.002634321786321059,0.0037116037735057754
Informação e Comunicação,2024-04-01,2024-05-01,0.001037366041659886,0.003990863704109662,0.0034455964213121657,0.0023913798288084215,0.0006319230222552472,0.0018145891240041096,4777.0,1196984.0,41878.0,37101.0,2847.3333333333335,0.002646591678493632,-0.00149585528721776,0.0028607533176381607,0.002634321786321059,0.0037116037735057754,0.003990863704109662
Informação e Comunicação,2024-05-01,2024-06-01,0.002296448331994155,0.001037366041659886,0.002913277839758441,0.002123175556002797,0.0004895348511710698,0.0018749676081462239,1243.0,1198227.0,39233.0,37990.0,2532.6666666666665,-0.00149585528721776,0.0028607533176381607,0.002634321786321059,0.0037116037735057754,0.003990863704109662,0.001037366041659886
Informação e Comunicação,2024-06-01,2024-07-01,0.005002390178149049,0.002296448331994155,0.0024415593592545678,0.002755226159204783,-0.00020951806375999062,0.0009685670352171051,2758.0,1200985.0,38516.0,35758.0,3286.8333333333335,0.0028607533176381607,0.002634321786321059,0.0037116037735057754,0.003990863704109662,0.001037366041659886,0.002296448331994155
Informação e Comunicação,2024-07-01,2024-08-01,0.004164772525701878,0.005002390178149049,0.00277873485060103,0.003112165635956598,0.00013261079920443762,0.0012847119013448816,6038.0,1207023.0,42661.0,36623.0,3728.3333333333335,0.002634321786321059,0.0037116037735057754,0.003990863704109662,0.001037366041659886,0.002296448331994155,0.005002390178149049
Informação e Comunicação,2024-08-01,2024-09-01,0.006695398695831397,0.004164772525701878,0.0038212036786150275,0.0033672407591867344,0.00018741444209808395,0.0013160657674487364,5048.0,1212071.0,42303.0,37255.0,4048.1666666666665,0.0037116037735057754,0.003990863704109662,0.001037366041659886,0.002296448331994155,0.005002390178149049,0.004164772525701878
Informação e Comunicação,2024-09-01,2024-10-01,-0.00424249806186558,0.006695398695831397,0.005287520466560774,0.0038645399129076715,0.0007317381787682724,0.0018196329896150848,8170.0,1220241.0,45097.0,36927.0,4672.333333333333,0.003990863704109662,0.001037366041659886,0.002296448331994155,0.005002390178149049,0.004164772525701878,0.006695398695831397
Informação e Comunicação,2024-10-01,2024-11-01,0.0015710789993081337,-0.00424249806186558,0.0022058910532225646,0.0024923129519117976,-0.00040114534510179344,0.0035184383688094093,-5155.0,1215086.0,39496.0,44651.0,3017.0,0.001037366041659886,0.002296448331994155,0.005002390178149049,0.004164772525701878,0.006695398695831397,-0.00424249806186558
Informação e Comunicação,2024-11-01,2024-12-01,-0.0004266411504021031,0.0015710789993081337,0.00134132654442465,0.002581265111519839,-0.0008237395775241279,0.0034871377444891647,1912.0,1216998.0,36954.0,35042.0,3128.5,0.002296448331994155,0.005002390178149049,0.004164772525701878,0.006695398695831397,-0.00424249806186558,0.0015710789993081337
Informação e Comunicação,2024-12-01,2025-01-01,-0.00035360417220029784,-0.0004266411504021031,-0.0010326867376531832,0.0021274168644537955,-0.0013104038279895423,0.003667226199474343,-519.0,1216479.0,29626.0,30145.0,2582.3333333333335,0.005002390178149049,0.004164772525701878,0.006695398695831397,-0.00424249806186558,0.0015710789993081337,-0.0004266411504021031
Informação e Comunicação,2025-01-01,2025-02-01,0.0032834585326071367,-0.00035360417220029784,0.0002636112255685776,0.0012347511393955711,-0.0010898407419153613,0.0035071396046342414,-430.0,1216049.0,39073.0,39503.0,1504.3333333333333,0.004164772525701878,0.006695398695831397,-0.00424249806186558,0.0015710789993081337,-0.0004266411504021031,-0.00035360417220029784
Informação e Comunicação,2025-02-01,2025-03-01,0.0020285717791310677,0.0032834585326071367,0.0008344044033349119,0.001087865473879781,-0.00021116397990959094,0.003398109609394304,4006.0,1220055.0,43399.0,39393.0,1330.6666666666667,0.006695398695831397,-0.00424249806186558,0.0015710789993081337,-0.0004266411504021031,-0.00035360417220029784,0.0032834585326071367
Informação e Comunicação,2025-03-01,2025-04-01,0.003824877019692331,0.0020285717791310677,0.0016528087131793023,0.00031006098776305947,0.00104472927951663,0.0024184538487242945,2480.0,1222535.0,40041.0,37561.0,382.3333333333333,-0.00424249806186558,0.0015710789993081337,-0.0004266411504021031,-0.00035360417220029784,0.0032834585326071367,0.0020285717791310677
Informação e Comunicação,2025-04-01,2025-05-01,0.002727968626329245,0.003824877019692331,0.003045635777143512,0.0016546235013560446,0.0006363340455807978,0.001626579326411237,4694.0,1227229.0,42844.0,38150.0,2023.8333333333333,0.0015710789993081337,-0.0004266411504021031,-0.00035360417220029784,0.0032834585326071367,0.0020285717791310677,0.003824877019692331
Informação e Comunicação,2025-05-01,2025-06-01,0.0024303168653289926,0.002727968626329245,0.002860472475050881,0.0018474384391928963,0.0007729601630245301,0.0016731500382319634,3357.0,1230586.0,41644.0,38287.0,2264.6666666666665,-0.0004266411504021031,-0.00035360417220029784,0.0032834585326071367,0.0020285717791310677,0.003824877019692331,0.002727968626329245
Informação e Comunicação,2025-06-01,2025-07-01,0.0029066101941512146,0.0024303168653289926,0.002994387503783523,0.0023235981084814123,0.0004014125916964011,0.001329443956353831,2998.0,1233584.0,40077.0,37079.0,2850.8333333333335,-0.00035360417220029784,0.0032834585326071367,0.0020285717791310677,0.003824877019692331,0.002727968626329245,0.0024303168653289926
Informação e Comunicação,2025-07-01,2025-08-01,0.0009222157080307061,0.0029066101941512146,0.002688298561936484,0.002866967169539998,-5.074042362996914e-05,0.0005781462934485717,3596.0,1237180.0,41436.0,37840.0,3521.8333333333335,0.0032834585326071367,0.0020285717791310677,0.003824877019692331,0.002727968626329245,0.0024303168653289926,0.0029066101941512146
Informação e Comunicação,2025-08-01,2025-09-01,0.002455351748471447,0.0009222157080307061,0.002086380922503638,0.0024734266987772595,-0.00024526378837501134,0.0008836352375776998,1142.0,1238322.0,41890.0,40748.0,3044.5,0.0020285717791310677,0.003824877019692331,0.002727968626329245,0.0024303168653289926,0.0029066101941512146,0.0009222157080307061
Informação e Comunicação,2025-09-01,2025-10-01,0.0011361606460344614,0.002455351748471447,0.002094725883551123,0.0025445566936673227,-0.0003368169080622232,0.0008618721237119774,3048.0,1241370.0,42621.0,39573.0,3139.1666666666665,0.003824877019692331,0.002727968626329245,0.0024303168653289926,0.0029066101941512146,0.0009222157080307061,0.002455351748471447
Informação e Comunicação,2025-10-01,2025-11-01,0.003262621806953523,0.0011361606460344614,0.0015045760341788714,0.0020964372980576775,-0.0002819522782333448,0.0007742130067813512,1412.0,1242782.0,41907.0,40495.0,2592.1666666666665,0.002727968626329245,0.0024303168653289926,0.0029066101941512146,0.0009222157080307061,0.002455351748471447,0.0011361606460344614
Informação e Comunicação,2025-11-01,2025-12-01,-0.0033604683803184023,0.003262621806953523,0.002284711400486477,0.0021855461614950574,1.095177440608938e-05,0.0008669820098247049,4068.0,1246850.0,37347.0,33279.0,2710.6666666666665,0.0024303168653289926,0.0029066101941512146,0.0009222157080307061,0.002455351748471447,0.0011361606460344614,0.003262621806953523
Informação e Comunicação,2025-12-01,2026-01-01,-0.000197196588901454,-0.0033604683803184023,0.00034610469088986064,0.0012204152872204918,-0.0007323818765147602,0.0022218402960099384,-4190.0,,28491.0,32681.0,1512.6666666666667,0.0029066101941512146,0.0009222157080307061,0.002455351748471447,0.0011361606460344614,0.003262621806953523,-0.0033604683803184023
Informação e Comunicação,2026-01-01,2026-02-01,0.0011103106940366426,-0.000197196588901454,-9.834772075544448e-05,0.0007031141567117137,-0.0005976588774317509,0.0021283880134681777,-245.0,1242415.0,36987.0,37232.0,872.5,0.0009222157080307061,0.002455351748471447,0.0011361606460344614,0.003262621806953523,-0.0033604683803184023,-0.000197196588901454
Informação e Comunicação,2026-02-01,2026-03-01,0.0030826150450209274,0.0011103106940366426,-0.0008157847583944045,0.0007344633210460363,-0.000495667633264391,0.002132765033348429,1381.0,1243796.0,38149.0,36768.0,912.3333333333334,0.002455351748471447,0.0011361606460344614,0.003262621806953523,-0.0033604683803184023,-0.000197196588901454,0.0011103106940366426
Informação e Comunicação,2026-03-01,2026-04-01,0.0004110066458092144,0.0030826150450209274,0.0013319097167187053,0.000839007203804283,0.00018396029850281805,0.0022278129455989225,3846.0,1247642.0,43380.0,39534.0,1045.3333333333333,0.0011361606460344614,0.003262621806953523,-0.0033604683803184023,-0.000197196588901454,0.0011103106940366426,0.0030826150450209274
Informação e Comunicação,2026-04-01,2026-05-01,-0.00037429229102147333,0.0004110066458092144,0.0015346441282889282,0.0007181482037667418,0.0001822480500924155,0.0022280838570972175,513.0,1248155.0,40441.0,39928.0,895.5,0.003262621806953523,-0.0033604683803184023,-0.000197196588901454,0.0011103106940366426,0.0030826150450209274,0.0004110066458092144
Informação e Comunicação,2026-05-01,2026-06-01,0.0008312472071535309,-0.00037429229102147333,0.0010397764666028894,0.0001119958541042425,0.0005350798429028838,0.0019278961908807,-467.0,1247688.0,38027.0,38494.0,139.66666666666666,-0.0033604683803184023,-0.000197196588901454,0.0011103106940366426,0.0030826150450209274,0.0004110066458092144,-0.00037429229102147333
"Informação, comunicação e atividades financeiras, imobiliárias, profissionais e administrativas",2020-07-01,2020-08-01,0.007025507403797069,0.0027170647199328828,-0.00040846893020826626,-0.003261962532008627,0.0007136224647052972,0.007252587328283205,21093.0,7763157.0,210999.0,189906.0,-25324.666666666668,0.0037410506232546034,-0.00457664486095699,-0.017510774163724575,-0.005341710783185756,0.0013992392726280745,0.0027170647199328828
"Informação, comunicação e atividades financeiras, imobiliárias, profissionais e administrativas",2020-08-01,2020-09-01,0.00837129695362162,0.007025507403797069,0.003713937132119342,-0.0027145530685848828,0.0035838636580158975,0.007859092816918985,54926.0,7818083.0,289336.0,234410.0,-21124.0,-0.00457664486095699,-0.017510774163724575,-0.005341710783185756,0.0013992392726280745,0.0027170647199328828,0.007025507403797069
"Informação, comunicação e atividades financeiras, imobiliárias, profissionais e administrativas",2020-09-01,2020-10-01,0.012820551347190262,0.00837129695362162,0.0060379563591171906,-0.0005565627661551145,0.004795138159856692,0.008775716413575933,66000.0,7884083.0,323196.0,257196.0,-4091.5,-0.017510774163724575,-0.005341710783185756,0.0013992392726280745,0.0027170647199328828,0.007025507403797069,0.00837129695362162
"Informação, comunicação e atividades financeiras, imobiliárias, profissionais e administrativas",2020-10-01,2020-11-01,0.012592225533991962,0.012820551347190262,0.00940578523486965,0.004498658152330692,0.0033153121822492825,0.00577710334148016,102391.0,7986474.0,380327.0,277936.0,35657.5,-0.005341710783185756,0.0013992392726280745,0.0027170647199328828,0.007025507403797069,0.00837129695362162,0.012820551347190262
"Informação, comunicação e atividades financeiras, imobiliárias, profissionais e administrativas",2020-11-01,2020-12-01,0.0009214672723481753,0.012592225533991962,0.011261357944934615,0.007487647538526977,0.002503462306811889,0.004384027162676216,101850.0,8088324.0,375975.0,274125.0,59515.5,0.0013992392726280745,0.0027170647199328828,0.007025507403797069,0.00837129695362162,0.012820551347190262,0.012592225533991962
"Informação, comunicação e atividades financeiras, imobiliárias, profissionais e administrativas",2020-12-01,2021-01-01,0.006789004016870315,0.0009214672723481753,0.008778081384510132,0.007408018871813662,0.0003477549013208509,0.004496779008483217,7460.0,8095784.0,326184.0,318724.0,58953.333333333336,0.0027170647199328828,0.007025507403797069,0.00837129695362162,0.012820551347190262,0.012592225533991962,0.0009214672723481753
"Informação, comunicação e atividades financeiras, imobiliárias, profissionais e administrativas",2021-01-01,2021-02-01,0.0087762905658707,0.006789004016870315,0.006767565607736818,0.008086675421303235,-0.0006788666226186402,0.004019552399820455,55338.0,8151122.0,364304.0,308966.0,64660.833333333336,0.007025507403797069,0.00837129695362162,0.012820551347190262,0.012592225533991962,0.0009214672723481753,0.006789004016870315
"Informação, comunicação e atividades financeiras, imobiliárias, profissionais e administrativas",2021-02-01,2021-03-01,0.00632807457917863,0.0087762905658707,0.0054955872850297295,0.008378472614982172,-0.0007925837768959489,0.003995402083274801,72170.0,8223292.0,375272.0,303102.0,67534.83333333333,0.00837129695362162,0.012820551347190262,0.012592225533991962,0.0009214672723481753,0.006789004016870315,0.0087762905658707
"Informação, comunicação e atividades financeiras, imobiliárias, profissionais e administrativas",2021-03-01,2021-04-01,0.004101330703167439,0.00632807457917863,0.007297789720639883,0.008037935552575008,-0.0010869329142828513,0.004067917454752766,52369.0,8275661.0,382730.0,330361.0,65263.0,0.012820551347190262,0.012592225533991962,0.0009214672723481753,0.006789004016870315,0.0087762905658707,0.00632807457917863
"Informação, comunicação e atividades financeiras, imobiliárias, profissionais e administrativas",2021-04-01,2021-05-01,0.0070524170719635714,0.004101330703167439,0.006401898616072256,0.006584732111904537,-0.000692781876703739,0.003634105964647295,34081.0,8309742.0,339650.0,305569.0,53878.0,0.012592225533991962,0.0009214672723481753,0.006789004016870315,0.0087762905658707,0.00632807457917863,0.004101330703167439
"Informação, comunicação e atividades financeiras, imobiliárias, profissionais e administrativas",2021-05-01,2021-06-01,0.00802010520335455,0.0070524170719635714,0.005827274118103214,0.005661430701566471,0.0005755289448650359,0.0025250147198633143,59020.0,8368762.0,375756.0,316736.0,46739.666666666664,0.0009214672723481753,0.006789004016870315,0.0087762905658707,0.00632807457917863,0.004101330703167439,0.0070524170719635714
"Informação, comunicação e atividades financeiras, imobiliárias, profissionais e administrativas",2021-06-01,2021-07-01,0.008178006427239173,0.00802010520335455,0.006391284326161854,0.006844537023400867,-3.551024072318347e-05,0.00146923135775308,67661.0,8436423.0,384289.0,316628.0,56773.166666666664,0.006789004016870315,0.0087762905658707,0.00632807457917863,0.004101330703167439,0.0070524170719635714,0.00802010520335455
"Informação, comunicação e atividades financeiras, imobiliárias, profissionais e administrativas",2021-07-01,2021-08-01,0.009286586082443668,0.008178006427239173,0.007750176234185765,0.007076037425129011,0.00014387878709046462,0.001549480924685563,69562.0,8505985.0,398407.0,328845.0,59143.833333333336,0.0087762905658707,0.00632807457917863,0.004101330703167439,0.0070524170719635714,0.00802010520335455,0.008178006427239173
"Informação, comunicação e atividades financeiras, imobiliárias, profissionais e administrativas",2021-08-01,2021-09-01,0.007468049151487841,0.009286586082443668,0.008494899237679132,0.007161086677891172,0.0007997220805694675,0.0016511415842363837,79732.0,8585717.0,425007.0,345275.0,60404.166666666664,0.00632807457917863,0.004101330703167439,0.0070524170719635714,0.00802010520335455,0.008178006427239173,0.009286586082443668
"Informação, comunicação e atividades financeiras, imobiliárias, profissionais e administrativas",2021-09-01,2021-10-01,0.008170312338045325,0.007468049151487841,0.00831088055372356,0.0073510824399427065,0.0006769714427693402,0.0016094169572227939,64601.0,8650318.0,414113.0,349512.0,62442.833333333336,0.004101330703167439,0.0070524170719635714,0.00802010520335455,0.008178006427239173,0.009286586082443668,0.007468049151487841
"Informação, comunicação e atividades financeiras, imobiliárias, profissionais e administrativas",2021-10-01,2021-11-01,0.011988575576692763,0.008170312338045325,0.008308315857325612,0.008029246045755688,0.00014405393800037518,0.0006942806434184746,71258.0,8721576.0,430233.0,358975.0,68639.0,0.0070524170719635714,0.00802010520335455,0.008178006427239173,0.009286586082443668,0.007468049151487841,0.008170312338045325
"Informação, comunicação e atividades financeiras, imobiliárias, profissionais e administrativas",2021-11-01,2021-12-01,-0.002030759018034366,0.011988575576692763,0.009208979022075311,0.008851939129877221,0.000514306647661534,0.0015029585100447536,105828.0,8827404.0,448745.0,342917.0,76440.33333333333,0.00802010520335455,0.008178006427239173,0.009286586082443668,0.007468049151487841,0.008170312338045325,0.011988575576692763
"Informação, comunicação e atividades financeiras, imobiliárias, profissionais e administrativas",2021-12-01,2022-01-01,0.006627322728729911,-0.002030759018034366,0.006042709632234574,0.007176795092979068,-0.0012067313016303689,0.004367642990000579,-17890.0,8809514.0,390596.0,408486.0,62181.833333333336,0.008178006427239173,0.009286586082443668,0.007468049151487841,0.008170312338045325,0.011988575576692763,-0.002030759018034366
"Informação, comunicação e atividades financeiras, imobiliárias, profissionais e administrativas",2022-01-01,2022-02-01,0.006496883360145548,0.006627322728729911,0.005528379762462769,0.006918347809894192,-0.0010849850868139427,0.004346580216734111,58773.0,8868287.0,443588.0,384815.0,60383.666666666664,0.009286586082443668,0.007468049151487841,0.008170312338045325,0.011988575576692763,-0.002030759018034366,0.006627322728729911
"Informação, comunicação e atividades financeiras, imobiliárias, profissionais e administrativas",2022-02-01,2022-03-01,0.004413968327616273,0.006496883360145548,0.0036978156902803642,0.006453397356177837,-0.0006715466394109953,0.0042156170703586135,57993.0,8926280.0,445897.0,387904.0,56760.5,0.007468049151487841,0.008170312338045325,0.011988575576692763,-0.002030759018034366,0.006627322728729911,0.006496883360145548
"Informação, comunicação e atividades financeiras, imobiliárias, profissionais e administrativas",2022-03-01,2022-04-01,0.004398440280429717,0.004413968327616273,0.005846058138830578,0.005944383885532575,-0.0007599632844292177,0.004246640788521703,39575.0,8965855.0,457680.0,418105.0,52589.5,0.008170312338045325,0.011988575576692763,-0.002030759018034366,0.006627322728729911,0.006496883360145548,0.004413968327616273
"Informação, comunicação e atividades financeiras, imobiliárias, profissionais e administrativas",2022-04-01,2022-05-01,0.005452665194010097,0.004398440280429717,0.005103097322730513,0.005315738542596641,-0.0005356266803699334,0.004148649625112967,39610.0,9005465.0,434255.0,394645.0,47314.833333333336,0.011988575576692763,-0.002030759018034366,0.006627322728729911,0.006496883360145548,0.004413968327616273,0.004398440280429717
"Informação, comunicação e atividades financeiras, imobiliárias, profissionais e administrativas",2022-05-01,2022-06-01,0.007217346542165511,0.005452665194010097,0.004755024600685362,0.004226420145482863,0.0008185016766512125,0.0029337140758834233,49373.0,9054838.0,446409.0,397036.0,37905.666666666664,-0.002030759018034366,0.006627322728729911,0.006496883360145548,0.004413968327616273,0.004398440280429717,0.005452665194010097
"Informação, comunicação e atividades financeiras, imobiliárias, profissionais e administrativas",2022-06-01,2022-07-01,0.004142769746534598,0.007217346542165511,0.005689484005535108,0.0057677710721828436,-5.65895652614011e-06,0.0010938344805320357,65827.0,9120665.0,444836.0,379009.0,51858.5,0.006627322728729911,0.006496883360145548,0.004413968327616273,0.004398440280429717,0.005452665194010097,0.007217346542165511
"Informação, comunicação e atividades financeiras, imobiliárias, profissionais e administrativas",2022-07-01,2022-08-01,0.006660400589326526,0.004142769746534598,0.0056042604942367355,0.005353678908483625,-6.589167173790411e-05,0.0011584335373445664,37942.0,9158607.0,439584.0,401642.0,48386.666666666664,0.006496883360145548,0.004413968327616273,0.004398440280429717,0.005452665194010097,0.007217346542165511,0.004142769746534598
"Informação, comunicação e atividades financeiras, imobiliárias, profissionais e administrativas",2022-08-01,2022-09-01,0.006380920132778316,0.006660400589326526,0.006006838959342211,0.005380931780013787,0.00034942374442918054,0.001186588835100663,61409.0,9220016.0,477359.0,415950.0,48956.0,0.004413968327616273,0.004398440280429717,0.005452665194010097,0.007217346542165511,0.004142769746534598,0.006660400589326526
"Informação, comunicação e atividades financeiras, imobiliárias, profissionais e administrativas",2022-09-01,2022-10-01,0.005280599660009138,0.006380920132778316,0.005728030156213146,0.005708757080874128,0.00029888653291603893,0.0011451419272736788,59210.0,9279226.0,454300.0,395090.0,52228.5,0.004398440280429717,0.005452665194010097,0.007217346542165511,0.004142769746534598,0.006660400589326526,0.006380920132778316
"Informação, comunicação e atividades financeiras, imobiliárias, profissionais e administrativas",2022-10-01,2022-11-01,0.00558137412795693,0.005280599660009138,0.006107306794037994,0.005855783644137365,-2.434217301069859e-05,0.0010169224814184333,49260.0,9328486.0,434632.0,385372.0,53836.833333333336,0.005452665194010097,0.007217346542165511,0.004142769746534598,0.006660400589326526,0.006380920132778316,0.005280599660009138
"Informação, comunicação e atividades financeiras, imobiliárias, profissionais e administrativas",2022-11-01,2022-12-01,-0.004553279582074899,0.00558137412795693,0.005747631306914795,0.005877235133128503,-0.00014416722249049942,0.0010095232454598797,52358.0,9380844.0,438129.0,385771.0,54334.333333333336,0.007217346542165511,0.004142769746534598,0.006660400589326526,0.006380920132778316,0.005280599660009138,0.00558137412795693
"Informação, comunicação e atividades financeiras, imobiliárias, profissionais e administrativas",2022-12-01,2023-01-01,0.00175814031150522,-0.004553279582074899,0.0021028980686303897,0.003915464112421768,-0.0013662184714264417,0.0038734844027068223,-42520.0,9338324.0,369092.0,411612.0,36276.5,0.004142769746534598,0.006660400589326526,0.006380920132778316,0.005280599660009138,0.00558137412795693,-0.004553279582074899
"Informação, comunicação e atividades financeiras, imobiliárias, profissionais e administrativas",2023-01-01,2023-02-01,0.003093204168845511,0.00175814031150522,0.000928744952462417,0.0035180258732502054,-0.0016289464590205252,0.003951327281539816,16447.0,9354771.0,451259.0,434812.0,32694.0,0.006660400589326526,0.006380920132778316,0.005280599660009138,0.00558137412795693,-0.004553279582074899,0.00175814031150522
"Informação, comunicação e atividades financeiras, imobiliárias, profissionais e administrativas",2023-02-01,2023-03-01,0.0037653685043757133,0.003093204168845511,9.935496609194399e-05,0.002923493136503369,-0.0010611603307202175,0.0036937574204992693,29026.0,9383797.0,422834.0,393808.0,27296.833333333332,0.006380920132778316,0.005280599660009138,0.00558137412795693,-0.004553279582074899,0.00175814031150522,0.003093204168845511
"Informação, comunicação e atividades financeiras, imobiliárias, profissionais e administrativas",2023-03-01,2023-04-01,0.00337640557920047,0.0037653685043757133,0.0028722376615754816,0.0024875678651029355,-0.00024940702176917863,0.003402886787614956,35467.0,9419264.0,496607.0,461140.0,23339.666666666668,0.005280599660009138,0.00558137412795693,-0.004553279582074899,0.00175814031150522,0.003093204168845511,0.0037653685043757133
"Informação, comunicação e atividades financeiras, imobiliárias, profissionais e administrativas",2023-04-01,2023-05-01,0.00397632772418654,0.00337640557920047,0.003411659417473898,0.0021702021849681575,0.0004361761535117093,0.003210984038189003,31911.0,9451175.0,433638.0,401727.0,20448.166666666668,0.00558137412795693,-0.004553279582074899,0.00175814031150522,0.003093204168845511,0.0037653685043757133,0.00337640557920047
"Informação, comunicação e atividades financeiras, imobiliárias, profissionais e administrativas",2023-05-01,2023-06-01,0.004201933771059254,0.00397632772418654,0.0037060339359209077,0.001902694451006426,0.0013764284762835181,0.0029737502717790093,37731.0,9488906.0,470911.0,433180.0,18010.333333333332,-0.004553279582074899,0.00175814031150522,0.003093204168845511,0.0037653685043757133,0.00337640557920047,0.00397632772418654
"Informação, comunicação e atividades financeiras, imobiliárias, profissionais e administrativas",2023-06-01,2023-07-01,0.0028482139904673046,0.004201933771059254,0.003851555691482088,0.0033618966765287853,0.0004136964296748002,0.0008052347482437033,40040.0,9528946.0,451748.0,411708.0,31770.333333333332,0.00175814031150522,0.003093204168845511,0.0037653685043757133,0.00337640557920047,0.00397632772418654,0.004201933771059254
"Informação, comunicação e atividades financeiras, imobiliárias, profissionais e administrativas",2023-07-01,2023-08-01,0.004532756675042295,0.0028482139904673046,0.003675491828571033,0.0035435756230224654,1.9561915804161636e-05,0.00048031413066277413,27218.0,9556164.0,444804.0,417586.0,33565.5,0.003093204168845511,0.0037653685043757133,0.00337640557920047,0.00397632772418654,0.004201933771059254,0.0028482139904673046
"Informação, comunicação e atividades financeiras, imobiliárias, profissionais e administrativas",2023-08-01,2023-09-01,0.004327586831001013,0.004532756675042295,0.003860968145522951,0.0037835010407219296,7.079920382874636e-05,0.0005499196085602024,43513.0,9599677.0,487771.0,444258.0,35980.0,0.0037653685043757133,0.00337640557920047,0.00397632772418654,0.004201933771059254,0.0028482139904673046,0.004532756675042295
"Informação, comunicação e atividades financeiras, imobiliárias, profissionais e administrativas",2023-09-01,2023-10-01,0.0067097105463755375,0.004327586831001013,0.0039028524988368707,0.0038772040951594797,0.00014489923802794356,0.0005855892245020889,41724.0,9641401.0,452688.0,410964.0,37022.833333333336,0.00337640557920047,0.00397632772418654,0.004201933771059254,0.0028482139904673046,0.004532756675042295,0.004327586831001013
"Informação, comunicação e atividades financeiras, imobiliárias, profissionais e administrativas",2023-10-01,2023-11-01,0.00639482035008701,0.0067097105463755375,0.005190018017472949,0.00443275492302199,0.00044938331358129307,0.0011531089676521799,65128.0,9706529.0,483991.0,418863.0,42559.0,0.00397632772418654,0.004201933771059254,0.0028482139904673046,0.004532756675042295,0.004327586831001013,0.0067097105463755375
"Informação, comunicação e atividades financeiras, imobiliárias, profissionais e administrativas",2023-11-01,2023-12-01,-0.0037550652692527496,0.00639482035008701,0.005810705909154521,0.004835837027338735,0.0006383929348234913,0.0013319462954015716,62471.0,9769000.0,475043.0,412572.0,46682.333333333336,0.004201933771059254,0.0028482139904673046,0.004532756675042295,0.004327586831001013,0.0067097105463755375,0.00639482035008701
"Informação, comunicação e atividades financeiras, imobiliárias, profissionais e administrativas",2023-12-01,2024-01-01,0.004841813835570971,-0.0037550652692527496,0.0031164885424032653,0.0035096705206200678,-0.0007156594730883311,0.0034998559235347726,-36546.0,9732454.0,405135.0,441681.0,33918.0,0.0028482139904673046,0.004532756675042295,0.004327586831001013,0.0067097105463755375,0.00639482035008701,-0.0037550652692527496
"Informação, comunicação e atividades financeiras, imobiliárias, profissionais e administrativas",2024-01-01,2024-02-01,0.0051398060614839865,0.004841813835570971,0.0024938563054684106,0.003841937161470679,-0.0006576445912687554,0.0035158835603482457,47352.0,9779806.0,502687.0,455335.0,37273.666666666664,0.004532756675042295,0.004327586831001013,0.0067097105463755375,0.00639482035008701,-0.0037550652692527496,0.004841813835570971
"Informação, comunicação e atividades financeiras, imobiliárias, profissionais e administrativas",2024-02-01,2024-03-01,0.005018162613003295,0.0051398060614839865,0.0020755182092674026,0.003943112059210961,-0.00033407084569538834,0.003542937509592293,50526.0,9830332.0,502168.0,451642.0,38442.5,0.004327586831001013,0.0067097105463755375,0.00639482035008701,-0.0037550652692527496,0.004841813835570971,0.0051398060614839865
"Informação, comunicação e atividades financeiras, imobiliárias, profissionais e administrativas",2024-03-01,2024-04-01,0.006145856249774293,0.005018162613003295,0.004999927503352751,0.004058208022878008,-0.00010359724079561547,0.0035647082054311202,49579.0,9879911.0,529693.0,480114.0,39751.666666666664,0.0067097105463755375,0.00639482035008701,-0.0037550652692527496,0.004841813835570971,0.0051398060614839865,0.005018162613003295
"Informação, comunicação e atividades financeiras, imobiliárias, profissionais e administrativas",2024-04-01,2024-05-01,0.003088508048442584,0.006145856249774293,0.005434608308087192,0.003964232306777801,0.0007249387248890732,0.003500421127404004,61096.0,9941007.0,539140.0,478044.0,39079.666666666664,0.00639482035008701,-0.0037550652692527496,0.004841813835570971,0.0051398060614839865,0.005018162613003295,0.006145856249774293
"Informação, comunicação e atividades financeiras, imobiliárias, profissionais e administrativas",2024-05-01,2024-06-01,0.004824877389572273,0.003088508048442584,0.004750842303740057,0.00341318025650373,0.0010859528680744553,0.003330537318580628,30798.0,9971805.0,508328.0,477530.0,33800.833333333336,-0.0037550652692527496,0.004841813835570971,0.0051398060614839865,0.005018162613003295,0.006145856249774293,0.003088508048442584
"Informação, comunicação e atividades financeiras, imobiliárias, profissionais e administrativas",2024-06-01,2024-07-01,0.00450568640235863,0.004824877389572273,0.004686413895929716,0.004843170699641234,-0.00014602521806704864,0.0009032148005825291,48346.0,10020151.0,502688.0,454342.0,47949.5,0.004841813835570971,0.0051398060614839865,0.005018162613003295,0.006145856249774293,0.003088508048442584,0.004824877389572273
"Informação, comunicação e atividades financeiras, imobiliárias, profissionais e administrativas",2024-07-01,2024-08-01,0.004008701748414187,0.00450568640235863,0.0041396906134578285,0.0047871494607725105,-0.0001945086333500447,0.0009119434732622717,45352.0,10065503.0,535614.0,490262.0,47616.166666666664,0.0051398060614839865,0.005018162613003295,0.006145856249774293,0.003088508048442584,0.004824877389572273,0.00450568640235863
"Informação, comunicação e atividades financeiras, imobiliárias, profissionais e administrativas",2024-08-01,2024-09-01,0.006136160914046542,0.004008701748414187,0.004446421846781697,0.0045986320752608775,-0.0002351841292589385,0.0009361469547711351,40512.0,10106015.0,527230.0,486718.0,45947.166666666664,0.005018162613003295,0.006145856249774293,0.003088508048442584,0.004824877389572273,0.00450568640235863,0.004008701748414187
"Informação, comunicação e atividades financeiras, imobiliárias, profissionais e administrativas",2024-09-01,2024-10-01,0.0040789198413799105,0.006136160914046542,0.004883516354939787,0.0047849651254347515,6.836895525892595e-05,0.0010983241590441452,62395.0,10168410.0,535287.0,472892.0,48083.166666666664,0.006145856249774293,0.003088508048442584,0.004824877389572273,0.00450568640235863,0.004008701748414187,0.006136160914046542
"Informação, comunicação e atividades financeiras, imobiliárias, profissionais e administrativas",2024-10-01,2024-11-01,0.0039138847789315576,0.0040789198413799105,0.004741260834613546,0.0044404757240356875,0.00023968356811899993,0.0009284694712996224,41646.0,10210056.0,563540.0,521894.0,44841.5,0.003088508048442584,0.004824877389572273,0.00450568640235863,0.004008701748414187,0.006136160914046542,0.0040789198413799105
"Informação, comunicação e atividades financeiras, imobiliárias, profissionais e administrativas",2024-11-01,2024-12-01,-0.006545478684281797,0.0039138847789315576,0.004709655178119336,0.0045780385124505165,-0.000105937244871639,0.000764664813048901,40118.0,10250174.0,504984.0,464866.0,46394.833333333336,0.004824877389572273,0.00450568640235863,0.004008701748414187,0.006136160914046542,0.0040789198413799105,0.0039138847789315576
"Informação, comunicação e atividades financeiras, imobiliárias, profissionais e administrativas",2024-12-01,2025-01-01,0.002502774738813108,-0.006545478684281797,0.00048244197867655685,0.0026829791668081717,-0.0016456433546947614,0.004195880509730012,-66656.0,10183518.0,413475.0,480131.0,27227.833333333332,0.00450568640235863,0.004008701748414187,0.006136160914046542,0.0040789198413799105,0.0039138847789315576,-0.006545478684281797
"Informação, comunicação e atividades financeiras, imobiliárias, profissionais e administrativas",2025-01-01,2025-02-01,0.00854092181083547,0.002502774738813108,-4.293972217904394e-05,0.002349160556217251,-0.0013068453972982506,0.00411651313395761,25551.0,10209069.0,552460.0,526909.0,23927.666666666668,0.004008701748414187,0.006136160914046542,0.0040789198413799105,0.0039138847789315576,-0.006545478684281797,0.002502774738813108
"Informação, comunicação e atividades financeiras, imobiliárias, profissionais e administrativas",2025-02-01,2025-03-01,0.0011150012091952386,0.00854092181083547,0.0014994059551222602,0.0031045305666207983,-9.039983677054656e-05,0.004722894762786972,87946.0,10297015.0,599552.0,511606.0,31833.333333333332,0.006136160914046542,0.0040789198413799105,0.0039138847789315576,-0.006545478684281797,0.002502774738813108,0.00854092181083547
"Informação, comunicação e atividades financeiras, imobiliárias, profissionais e administrativas",2025-03-01,2025-04-01,0.005061888600037352,0.0011150012091952386,0.004052899252947939,0.002267670615812248,0.00023170775308237968,0.004553384211755496,11494.0,10308509.0,541182.0,529688.0,23349.833333333332,0.0040789198413799105,0.0039138847789315576,-0.006545478684281797,0.002502774738813108,0.00854092181083547,0.0011150012091952386
"Informação, comunicação e atividades financeiras, imobiliárias, profissionais e administrativas",2025-04-01,2025-05-01,0.0028757070172217136,0.005061888600037352,0.004905937206689353,0.0024314987422551547,0.0009931315959423553,0.0046325989670189475,52446.0,10360955.0,548794.0,496348.0,25149.833333333332,0.0039138847789315576,-0.006545478684281797,0.002502774738813108,0.00854092181083547,0.0011150012091952386,0.005061888600037352
"Informação, comunicação e atividades financeiras, imobiliárias, profissionais e administrativas",2025-05-01,2025-06-01,0.0039758201273293855,0.0028757070172217136,0.003017532275484768,0.002258469115303514,0.0013530671282728584,0.004593220661190931,29881.0,10390836.0,547589.0,517708.0,23443.666666666668,-0.006545478684281797,0.002502774738813108,0.00854092181083547,0.0011150012091952386,0.005061888600037352,0.0028757070172217136
"Informação, comunicação e atividades financeiras, imobiliárias, profissionais e administrativas",2025-06-01,2025-07-01,0.0025545387522037176,0.0039758201273293855,0.003971138581529483,0.004012018917238712,-0.000162386572783365,0.002365594796516265,41477.0,10432313.0,528887.0,487410.0,41465.833333333336,0.002502774738813108,0.00854092181083547,0.0011150012091952386,0.005061888600037352,0.0028757070172217136,0.0039758201273293855
"Informação, comunicação e atividades financeiras, imobiliárias, profissionais e administrativas",2025-07-01,2025-08-01,0.0011599460117998196,0.0025545387522037176,0.003135355298918272,0.004020646252803813,-0.0006724468606163417,0.0023601629994442516,26718.0,10459031.0,554039.0,527321.0,41660.333333333336,0.00854092181083547,0.0011150012091952386,0.005061888600037352,0.0028757070172217136,0.0039758201273293855,0.0025545387522037176
"Informação, comunicação e atividades financeiras, imobiliárias, profissionais e administrativas",2025-08-01,2025-09-01,0.005024016419534305,0.0011599460117998196,0.002563434963777641,0.0027904836196312043,-0.00017706321201058073,0.001419690719117549,12146.0,10471177.0,532814.0,520668.0,29027.0,0.0011150012091952386,0.005061888600037352,0.0028757070172217136,0.0039758201273293855,0.0025545387522037176,0.0011599460117998196
"Informação, comunicação e atividades financeiras, imobiliárias, profissionais e administrativas",2025-09-01,2025-10-01,0.003362923894279317,0.005024016419534305,0.0029128337278459472,0.0034419861546877155,-0.0001930835798259023,0.0013980834839846137,52873.0,10524050.0,568936.0,516063.0,35923.5,0.005061888600037352,0.0028757070172217136,0.0039758201273293855,0.0025545387522037176,0.0011599460117998196,0.005024016419534305
"Informação, comunicação e atividades financeiras, imobiliárias, profissionais e administrativas",2025-10-01,2025-11-01,0.004310496427485379,0.003362923894279317,0.0031822954418711472,0.0031588253703947098,0.00011960230061425344,0.001199229704098003,35511.0,10559561.0,578884.0,543373.0,33101.0,0.0028757070172217136,0.0039758201273293855,0.0025545387522037176,0.0011599460117998196,0.005024016419534305,0.003362923894279317
"Informação, comunicação e atividades financeiras, imobiliárias, profissionais e administrativas",2025-11-01,2025-12-01,-0.008517836642614171,0.004310496427485379,0.004232478913766334,0.003397956938771988,0.0002275030667068926,0.0012604230823428163,45714.0,10605275.0,518118.0,472404.0,35739.833333333336,0.0039758201273293855,0.0025545387522037176,0.0011599460117998196,0.005024016419534305,0.003362923894279317,0.004310496427485379
"Informação, comunicação e atividades financeiras, imobiliárias, profissionais e administrativas",2025-12-01,2026-01-01,0.0036381860674198187,-0.008517836642614171,-0.00028147210694982476,0.0013156808104480614,-0.0013591805214939353,0.004567438480538137,-90334.0,,418258.0,508592.0,13771.333333333334,0.0025545387522037176,0.0011599460117998196,0.005024016419534305,0.003362923894279317,0.004310496427485379,-0.008517836642614171
"Informação, comunicação e atividades financeiras, imobiliárias, profissionais e administrativas",2026-01-01,2026-02-01,0.004540125952368106,0.0036381860674198187,-0.0001897180492363244,0.0014962886963174112,-0.0007796224678611251,0.004633798155206741,38395.0,10553336.0,552297.0,513902.0,15717.5,0.0011599460117998196,0.005024016419534305,0.003362923894279317,0.004310496427485379,-0.008517836642614171,0.0036381860674198187
"Informação, comunicação e atividades financeiras, imobiliárias, profissionais e administrativas",2026-02-01,2026-03-01,0.005343194459065126,0.004540125952368106,-0.00011317487427541541,0.002059652019745459,-0.0004120571110431155,0.004762353435959556,48132.0,10601468.0,560459.0,512327.0,21715.166666666668,0.005024016419534305,0.003362923894279317,0.004310496427485379,-0.008517836642614171,0.0036381860674198187,0.004540125952368106
"Informação, comunicação e atividades financeiras, imobiliárias, profissionais e administrativas",2026-03-01,2026-04-01,0.0015903859678835332,0.005343194459065126,0.00450716882628435,0.002112848359667263,0.0006498932602460345,0.0047968266775471145,56950.0,10658418.0,616102.0,559152.0,22394.666666666668,0.003362923894279317,0.004310496427485379,-0.008517836642614171,0.0036381860674198187,0.004540125952368106,0.005343194459065126
"Informação, comunicação e atividades financeiras, imobiliárias, profissionais e administrativas",2026-04-01,2026-05-01,0.0011368372122094257,0.0015903859678835332,0.0038245687931055886,0.0018174253719346323,0.0008252708826279127,0.004765219594539054,16978.0,10675396.0,554407.0,537429.0,19305.833333333332,0.004310496427485379,-0.008517836642614171,0.0036381860674198187,0.004540125952368106,0.005343194459065126,0.0015903859678835332
"Informação, comunicação e atividades financeiras, imobiliárias, profissionais e administrativas",2026-05-01,2026-06-01,0.0031298091492655464,0.0011368372122094257,0.002690139213052695,0.00128848216938864,0.0012266582137773182,0.0046334475679758735,12150.0,10687546.0,542296.0,530146.0,13711.833333333334,-0.008517836642614171,0.0036381860674198187,0.004540125952368106,0.005343194459065126,0.0015903859678835332,0.0011368372122094257
Não identificado***,2023-05-01,2023-06-01,-0.04854368932038835,-0.027777777777777776,-0.009259259259259259,-0.004629629629629629,-0.003968253968253966,0.010352166562499026,-3.0,108.0,0.0,3.0,-0.5,0.0,0.0,0.0,0.0,0.0,-0.027777777777777776
Não identificado***,2023-06-01,2023-07-01,0.0,-0.04854368932038835,-0.02544048903272204,-0.01272024451636102,-0.009315765141007858,0.018961658628971582,-5.0,103.0,1.0,6.0,-1.3333333333333333,0.0,0.0,0.0,0.0,-0.027777777777777776,-0.04854368932038835
Não identificado***,2023-07-01,2023-08-01,-0.09574468085106383,0.0,-0.02544048903272204,-0.01272024451636102,-0.004954538449684081,0.018961658628971582,0.0,103.0,2.0,2.0,-1.3333333333333333,0.0,0.0,0.0,-0.027777777777777776,-0.04854368932038835,0.0
Não identificado***,2023-08-01,2023-09-01,-0.044444444444444446,-0.09574468085106383,-0.04809612339048406,-0.02867769132487166,-0.014271123308512271,0.03502541635258208,-9.0,94.0,1.0,10.0,-2.8333333333333335,0.0,0.0,-0.027777777777777776,-0.04854368932038835,0.0,-0.09574468085106383
Não identificado***,2023-09-01,2023-10-01,0.021739130434782608,-0.044444444444444446,-0.046729708431836096,-0.03608509873227907,-0.010787978346334057,0.03280660797574019,-4.0,90.0,5.0,9.0,-3.5,0.0,-0.027777777777777776,-0.04854368932038835,0.0,-0.09574468085106383,-0.044444444444444446
Não identificado***,2023-10-01,2023-11-01,-0.01098901098901099,0.021739130434782608,-0.03948333162024189,-0.03246191032648196,0.00468964556684485,0.03746194363205261,2.0,92.0,2.0,0.0,-3.1666666666666665,-0.027777777777777776,-0.04854368932038835,0.0,-0.09574468085106383,-0.044444444444444446,0.021739130434782608
Não identificado***,2023-11-01,2023-12-01,-0.04597701149425287,-0.01098901098901099,-0.011231441666224277,-0.02966378252835417,0.00869402912479583,0.038324384137956524,-1.0,91.0,1.0,2.0,-2.8333333333333335,-0.04854368932038835,0.0,-0.09574468085106383,-0.044444444444444446,0.021739130434782608,-0.01098901098901099
Não identificado***,2024-07-01,2024-08-01,-0.4222222222222222,-0.03125,-0.10341986942596698,-0.05637745389456917,-0.028594246577450997,0.09287065744410482,-2.0,64.0,4.0,6.0,-3.8333333333333335,0.0,0.05434782608695652,-0.08235294117647059,-0.036585365853658534,-0.24242424242424243,-0.03125
Não identificado***,2024-08-01,2024-09-01,-0.125,-0.4222222222222222,-0.23196548821548824,-0.12674782426493955,-0.069582294131059,0.15953150009392233,-19.0,45.0,4.0,23.0,-7.0,0.05434782608695652,-0.08235294117647059,-0.036585365853658534,-0.24242424242424243,-0.03125,-0.4222222222222222
Não identificado***,2024-09-01,2024-10-01,-0.14285714285714285,-0.125,-0.1928240740740741,-0.15663912861276563,-0.03311347487997416,0.13817155821230692,-5.0,40.0,3.0,8.0,-8.666666666666666,-0.08235294117647059,-0.036585365853658534,-0.24242424242424243,-0.03125,-0.4222222222222222,-0.125
Não identificado***,2024-10-01,2024-11-01,-0.2962962962962963,-0.14285714285714285,-0.23002645502645502,-0.166723162226211,-0.016287382284769048,0.13454222142568406,-5.0,35.0,3.0,8.0,-8.333333333333334,-0.036585365853658534,-0.24242424242424243,-0.03125,-0.4222222222222222,-0.125,-0.14285714285714285
Não identificado***,2024-11-01,2024-12-01,0.20588235294117646,-0.2962962962962963,-0.1880511463844797,-0.21000831729998395,-0.008770270734556428,0.12729321741974559,-8.0,27.0,0.0,8.0,-9.166666666666666,-0.24242424242424243,-0.03125,-0.4222222222222222,-0.125,-0.14285714285714285,-0.2962962962962963
Não identificado***,2024-12-01,2025-01-01,0.0,0.20588235294117646,-0.0777570287374209,-0.1352905514057475,0.04415949713218614,0.19817465754440292,7.0,34.0,11.0,4.0,-5.333333333333333,-0.03125,-0.4222222222222222,-0.125,-0.14285714285714285,-0.2962962962962963,0.20588235294117646
Não identificado***,2025-01-01,2025-02-01,-0.030303030303030304,0.0,-0.030137981118373274,-0.13008221807241416,0.08429482904272817,0.20122769271948332,0.0,34.0,0.0,0.0,-5.0,-0.4222222222222222,-0.125,-0.14285714285714285,-0.2962962962962963,0.20588235294117646,0.0
Não identificado***,2025-02-01,2025-03-01,-0.2222222222222222,-0.030303030303030304,0.05852644087938205,-0.06476235275254882,0.04012099789410712,0.15382105477798808,-1.0,33.0,0.0,1.0,-2.0,-0.125,-0.14285714285714285,-0.2962962962962963,0.20588235294117646,0.0,-0.030303030303030304
Não identificado***,2025-03-01,2025-04-01,-0.5,-0.2222222222222222,-0.08417508417508417,-0.08096605645625253,0.005579201377520708,0.16409102028207317,-6.0,27.0,0.0,6.0,-2.1666666666666665,-0.14285714285714285,-0.2962962962962963,0.20588235294117646,0.0,-0.030303030303030304,-0.2222222222222222
Não identificado***,2025-04-01,2025-05-01,0.0,-0.5,-0.2508417508417508,-0.14048986598006205,-0.06666100783747841,0.22805540755404596,-9.0,18.0,3.0,12.0,-2.8333333333333335,-0.2962962962962963,0.20588235294117646,0.0,-0.030303030303030304,-0.2222222222222222,-0.5
Não identificado***,2025-05-01,2025-06-01,0.5609756097560976,0.0,-0.24074074074074073,-0.09110714993067935,-0.0777523130464307,0.2209394548802064,0.0,18.0,7.0,7.0,-1.5,0.20588235294117646,0.0,-0.030303030303030304,-0.2222222222222222,-0.5,0.0
Não identificado***,2025-06-01,2025-07-01,0.08888888888888889,0.5609756097560976,0.020325203252032537,-0.03192494046152581,0.0748002674831943,0.31855910322767494,23.0,41.0,38.0,15.0,1.1666666666666667,0.0,-0.030303030303030304,-0.2222222222222222,-0.5,0.0,0.5609756097560976
Não identificado***,2025-07-01,2025-08-01,-0.6071428571428571,0.08888888888888889,0.21662149954832885,-0.017110125646710998,0.09844437405413017,0.3217502449121519,4.0,45.0,13.0,9.0,1.8333333333333333,-0.030303030303030304,-0.2222222222222222,-0.5,0.0,0.5609756097560976,0.08888888888888889
Não identificado***,2025-08-01,2025-09-01,-0.037037037037037035,-0.6071428571428571,0.014240547167376475,-0.11325009678668213,0.011515402909131146,0.3902235529806267,-17.0,28.0,1.0,18.0,-0.8333333333333334,-0.2222222222222222,-0.5,0.0,0.5609756097560976,0.08888888888888889,-0.6071428571428571
Não identificado***,2025-09-01,2025-10-01,0.1,-0.037037037037037035,-0.1850970017636684,-0.08238589925581793,0.0006085577862581182,0.3876992911230865,-1.0,27.0,1.0,2.0,0.0,-0.5,0.0,0.5609756097560976,0.08888888888888889,-0.6071428571428571,-0.037037037037037035
Não identificado***,2025-10-01,2025-11-01,-0.5789473684210527,0.1,-0.18139329805996474,0.017614100744182067,-0.05685913389746143,0.34174247641829275,3.0,30.0,10.0,7.0,2.0,0.0,0.5609756097560976,0.08888888888888889,-0.6071428571428571,-0.037037037037037035,0.1
Não identificado***,2025-11-01,2025-12-01,0.05263157894736842,-0.5789473684210527,-0.17199480181936322,-0.07887712732599338,-0.14560502106990275,0.40833799490774336,-11.0,19.0,1.0,12.0,0.16666666666666666,0.5609756097560976,0.08888888888888889,-0.6071428571428571,-0.037037037037037035,0.1,-0.5789473684210527
Organismos Internacionais e Outras Instituições Extraterritoriais,2020-07-01,2020-08-01,0.0009356725146198831,0.0011706860220088973,-0.0006255550422026914,7.654907410277637e-05,-0.0004678410453013047,0.0017395235614853439,5.0,4271.0,18.0,13.0,0.3333333333333333,0.0018704699555763386,0.0016339869281045752,-0.0011684973124561813,0.0,-0.0030473511486169714,0.0011706860220088973
Organismos Internacionais e Outras Instituições Extraterritoriais,2020-08-01,2020-09-01,-0.0025797373358348967,0.0009356725146198831,-0.00031366420399606365,-7.925049938996622e-05,1.3675051067280169e-05,0.0016088273804354045,4.0,4275.0,11.0,7.0,-0.3333333333333333,0.0016339869281045752,-0.0011684973124561813,0.0,-0.0030473511486169714,0.0011706860220088973,0.0009356725146198831
Organismos Internacionais e Outras Instituições Extraterritoriais,2020-09-01,2020-10-01,0.0007030700726505742,-0.0025797373358348967,-0.0001577929330687054,-0.0007815378767132116,-8.898686402302128e-07,0.0016272655906157812,-11.0,4264.0,17.0,28.0,-3.3333333333333335,-0.0011684973124561813,0.0,-0.0030473511486169714,0.0011706860220088973,0.0009356725146198831,-0.0025797373358348967
Organismos Internacionais e Outras Instituições Extraterritoriais,2020-10-01,2020-11-01,-0.0004689331770222743,0.0007030700726505742,-0.0003136649161881465,-0.00046960997919541893,0.00013380509412028798,0.0017009060768365574,3.0,4267.0,21.0,18.0,-2.0,0.0,-0.0030473511486169714,0.0011706860220088973,0.0009356725146198831,-0.0025797373358348967,0.0007030700726505742
Organismos Internacionais e Outras Instituições Extraterritoriais,2020-11-01,2020-12-01,0.00046871338176704945,-0.0004689331770222743,-0.0007818668134021989,-0.0005477655086991313,0.00022782377598410671,0.0016882587725260208,-2.0,4265.0,13.0,15.0,-2.3333333333333335,-0.0030473511486169714,0.0011706860220088973,0.0009356725146198831,-0.0025797373358348967,0.0007030700726505742,-0.0004689331770222743
Organismos Internacionais e Outras Instituições Extraterritoriais,2020-12-01,2021-01-01,-0.00023441162681669012,0.00046871338176704945,0.0002342834257984498,3.824524636487219e-05,-0.00012688208193286399,0.0012797236310523048,2.0,4267.0,14.0,12.0,0.16666666666666666,0.0011706860220088973,0.0009356725146198831,-0.0025797373358348967,0.0007030700726505742,-0.0004689331770222743,0.00046871338176704945
Organismos Internacionais e Outras Instituições Extraterritoriais,2021-01-01,2021-02-01,-0.00046904315196998124,-0.00023441162681669012,-7.821047402397167e-05,-0.0001959376951060591,6.065509131286074e-05,0.0011753740674737138,-1.0,4266.0,20.0,21.0,-0.8333333333333334,0.0009356725146198831,-0.0025797373358348967,0.0007030700726505742,-0.0004689331770222743,0.00046871338176704945,-0.00023441162681669012
Organismos Internacionais e Outras Instituições Extraterritoriais,2021-02-01,2021-03-01,0.0,-0.00046904315196998124,-7.824713233987398e-05,-0.00043005697287103645,0.00024796206799177444,0.001060990032738598,-2.0,4264.0,18.0,20.0,-1.8333333333333333,-0.0025797373358348967,0.0007030700726505742,-0.0004689331770222743,0.00046871338176704945,-0.00023441162681669012,-0.00046904315196998124
Organismos Internacionais e Outras Instituições Extraterritoriais,2021-03-01,2021-04-01,0.0018726591760299626,0.0,-0.0002344849262622238,-1.0075023188699745e-07,-0.00012053729419084946,0.0004488593532703606,0.0,4264.0,18.0,18.0,0.0,0.0007030700726505742,-0.0004689331770222743,0.00046871338176704945,-0.00023441162681669012,-0.00046904315196998124,0.0
Organismos Internacionais e Outras Instituições Extraterritoriais,2021-04-01,2021-05-01,0.0025682932523931824,0.0018726591760299626,0.0004678720080199938,0.00019483076699801103,0.00028763400270876403,0.0008158471130172519,8.0,4272.0,29.0,21.0,0.8333333333333334,-0.0004689331770222743,0.00046871338176704945,-0.00023441162681669012,-0.00046904315196998124,0.0,0.0018726591760299626
Organismos Internacionais e Outras Instituições Extraterritoriais,2021-05-01,2021-06-01,0.00023342670401493932,0.0025682932523931824,0.0014803174761410483,0.0007010351719005872,0.0004939472832468742,0.0011290795122467195,11.0,4283.0,27.0,16.0,3.0,0.00046871338176704945,-0.00023441162681669012,-0.00046904315196998124,0.0,0.0018726591760299626,0.0025682932523931824
Organismos Internacionais e Outras Instituições Extraterritoriais,2021-06-01,2021-07-01,0.002561117578579744,0.00023342670401493932,0.0015581263774793613,0.0006618207256085688,0.00038068171552221717,0.0011404955719723565,1.0,4284.0,24.0,23.0,2.8333333333333335,-0.00023441162681669012,-0.00046904315196998124,0.0,0.0018726591760299626,0.0025682932523931824,0.00023342670401493932
Organismos Internacionais e Outras Instituições Extraterritoriais,2021-07-01,2021-08-01,0.00046544100535257155,0.002561117578579744,0.0017876125116626218,0.0011277422598413077,0.00047276336689019017,0.0012453901495738243,11.0,4295.0,24.0,13.0,4.833333333333333,-0.00046904315196998124,0.0,0.0018726591760299626,0.0025682932523931824,0.00023342670401493932,0.002561117578579744
Organismos Internacionais e Outras Instituições Extraterritoriais,2021-08-01,2021-09-01,0.0018583042973286876,0.00046544100535257155,0.001086661762649085,0.0012834896193950666,5.8791819600970405e-05,0.001083924629007115,2.0,4297.0,26.0,24.0,5.5,0.0,0.0018726591760299626,0.0025682932523931824,0.00023342670401493932,0.002561117578579744,0.00046544100535257155
Organismos Internacionais e Outras Instituições Extraterritoriais,2021-09-01,2021-10-01,0.002086230876216968,0.0018583042973286876,0.0016282876270870012,0.001593207002283181,-0.00011578972171609745,0.0009270807925511791,8.0,4305.0,19.0,11.0,6.833333333333333,0.0018726591760299626,0.0025682932523931824,0.00023342670401493932,0.002561117578579744,0.00046544100535257155,0.0018583042973286876
Organismos Internacionais e Outras Instituições Extraterritoriais,2021-10-01,2021-11-01,0.0002317497103128621,0.002086230876216968,0.0014699920596327424,0.001628802285647682,1.0532695023799989e-05,0.0009411207550197811,9.0,4314.0,29.0,20.0,7.0,0.0025682932523931824,0.00023342670401493932,0.002561117578579744,0.00046544100535257155,0.0018583042973286876,0.002086230876216968
Organismos Internacionais e Outras Instituições Extraterritoriais,2021-11-01,2021-12-01,-0.0025557620817843866,0.0002317497103128621,0.0013920949612861728,0.0012393783619676288,-1.1480509606455004e-06,0.0009551139827983069,1.0,4315.0,27.0,26.0,5.333333333333333,0.00023342670401493932,0.002561117578579744,0.00046544100535257155,0.0018583042973286876,0.002086230876216968,0.0002317497103128621
Organismos Internacionais e Outras Instituições Extraterritoriais,2021-12-01,2022-01-01,-0.0006975122064636131,-0.0025557620817843866,-7.926049841818546e-05,0.000774513564334408,-0.0007445013030871854,0.0017111405986463188,-11.0,4304.0,21.0,32.0,3.3333333333333335,0.002561117578579744,0.00046544100535257155,0.0018583042973286876,0.002086230876216968,0.0002317497103128621,-0.0025557620817843866
Organismos Internacionais e Outras Instituições Extraterritoriais,2022-01-01,2022-02-01,0.002319647413593134,-0.0006975122064636131,-0.0010071748593117125,0.00023140860016051496,-0.000597469896066407,0.0015691367501234608,-3.0,4301.0,34.0,37.0,1.0,0.00046544100535257155,0.0018583042973286876,0.002086230876216968,0.0002317497103128621,-0.0025557620817843866,-0.0006975122064636131
Organismos Internacionais e Outras Instituições Extraterritoriais,2022-02-01,2022-03-01,0.007368178678332949,0.002319647413593134,-0.0003112089582182886,0.0005404430015339421,-0.0002523435845376217,0.0017562316405389693,10.0,4311.0,45.0,35.0,2.3333333333333335,0.0018583042973286876,0.002086230876216968,0.0002317497103128621,-0.0025557620817843866,-0.0006975122064636131,0.002319647413593134
Organismos Internacionais e Outras Instituições Extraterritoriais,2022-03-01,2022-04-01,0.0018386577798207308,0.007368178678332949,0.002996771295154157,0.0014587553983679855,0.0009866194855926139,0.003117892653154982,32.0,4343.0,61.0,29.0,6.333333333333333,0.002086230876216968,0.0002317497103128621,-0.0025557620817843866,-0.0006975122064636131,0.002319647413593134,0.007368178678332949
Organismos Internacionais e Outras Instituições Extraterritoriais,2022-04-01,2022-05-01,0.0025217790004585052,0.0018386577798207308,0.0038421612905822715,0.0014174932156352793,0.0011663863499413742,0.0031109460650359327,8.0,4351.0,37.0,29.0,6.166666666666667,0.0002317497103128621,-0.0025557620817843866,-0.0006975122064636131,0.002319647413593134,0.007368178678332949,0.0018386577798207308
Organismos Internacionais e Outras Instituições Extraterritoriais,2022-05-01,2022-06-01,0.001144950767117014,0.0025217790004585052,0.003909538486204061,0.0017991647639928863,0.0010869927609944941,0.003082405254736673,11.0,4362.0,37.0,26.0,7.833333333333333,-0.0025557620817843866,-0.0006975122064636131,0.002319647413593134,0.007368178678332949,0.0018386577798207308,0.0025217790004585052
Organismos Internacionais e Outras Instituições Extraterritoriais,2022-06-01,2022-07-01,0.001600365797896662,0.001144950767117014,0.0018351291824654167,0.0024159502388097867,0.0001225482494282007,0.0024558567790941305,5.0,4367.0,41.0,36.0,10.5,-0.0006975122064636131,0.002319647413593134,0.007368178678332949,0.0018386577798207308,0.0025217790004585052,0.001144950767117014
Organismos Internacionais e Outras Instituições Extraterritoriais,2022-07-01,2022-08-01,0.002508551881413911,0.001600365797896662,0.0017556985218240605,0.0027989299062031662,-0.0006166563026140685,0.0020928005218226477,7.0,4374.0,41.0,34.0,12.166666666666666,0.002319647413593134,0.007368178678332949,0.0018386577798207308,0.0025217790004585052,0.001144950767117014,0.001600365797896662
Organismos Internacionais e Outras Instituições Extraterritoriais,2022-08-01,2022-09-01,-0.002285714285714286,0.002508551881413911,0.0017512894821425289,0.0028304139841732953,-0.0007539953761059681,0.0020867656133919756,11.0,4385.0,46.0,35.0,12.333333333333334,0.007368178678332949,0.0018386577798207308,0.0025217790004585052,0.001144950767117014,0.001600365797896662,0.002508551881413911
Organismos Internacionais e Outras Instituições Extraterritoriais,2022-09-01,2022-10-01,-0.002290950744558992,-0.002285714285714286,0.0006077344645320958,0.0012214318234987562,-0.0005773179044008345,0.0016420547517048427,-10.0,4375.0,43.0,53.0,5.333333333333333,0.0018386577798207308,0.0025217790004585052,0.001144950767117014,0.001600365797896662,0.002508551881413911,-0.002285714285714286
Organismos Internacionais e Outras Instituições Extraterritoriais,2022-10-01,2022-11-01,0.0011441647597254005,-0.002290950744558992,-0.000689371049619789,0.0005331637361021358,-0.0009556416514304036,0.0020531134287566557,-10.0,4365.0,39.0,49.0,2.3333333333333335,0.0025217790004585052,0.001144950767117014,0.001600365797896662,0.002508551881413911,-0.002285714285714286,-0.002290950744558992
Organismos Internacionais e Outras Instituições Extraterritoriais,2022-11-01,2022-12-01,0.0,0.0011441647597254005,-0.0011441667568492925,0.00030356136264661824,-0.0004706327380415208,0.0018883006729996045,5.0,4370.0,46.0,41.0,1.3333333333333333,0.001144950767117014,0.001600365797896662,0.002508551881413911,-0.002285714285714286,-0.002290950744558992,0.0011441647597254005
Organismos Internacionais e Outras Instituições Extraterritoriais,2022-12-01,2023-01-01,-0.002983704383750287,0.0,-0.0003822619949445305,0.00011273623479378261,-0.00034572076609695843,0.0018511169864130264,0.0,4370.0,48.0,48.0,0.5,0.001600365797896662,0.002508551881413911,-0.002285714285714286,-0.002290950744558992,0.0011441647597254005,0.0
Organismos Internacionais e Outras Instituições Extraterritoriais,2023-01-01,2023-02-01,-0.0011488970588235295,-0.002983704383750287,-0.0006131798746749622,-0.0006512754621473756,-0.0004905435132683923,0.002017937236102564,-13.0,4357.0,40.0,53.0,-2.8333333333333335,0.002508551881413911,-0.002285714285714286,-0.002290950744558992,0.0011441647597254005,0.0,-0.002983704383750287
Organismos Internacionais e Outras Instituições Extraterritoriais,2023-02-01,2023-03-01,-0.002072300253281142,-0.0011488970588235295,-0.0013775338141912721,-0.0012608502855202823,7.033315591869989e-05,0.0014414144531047634,-5.0,4352.0,29.0,34.0,-5.5,-0.002285714285714286,-0.002290950744558992,0.0011441647597254005,0.0,-0.002983704383750287,-0.0011488970588235295
Organismos Internacionais e Outras Instituições Extraterritoriais,2023-03-01,2023-04-01,0.0013796275005748448,-0.002072300253281142,-0.0020683005652849863,-0.0012252812801147584,-0.0002505610680859378,0.001418130674522394,-9.0,4343.0,47.0,56.0,-5.333333333333333,-0.002290950744558992,0.0011441647597254005,0.0,-0.002983704383750287,-0.0011488970588235295,-0.002072300253281142
Organismos Internacionais e Outras Instituições Extraterritoriais,2023-04-01,2023-05-01,0.0022941041523285156,0.0013796275005748448,-0.0006138566038432755,-0.0006135182392591189,-9.156513516198423e-05,0.0016057678277307788,6.0,4349.0,52.0,46.0,-2.6666666666666665,0.0011441647597254005,0.0,-0.002983704383750287,-0.0011488970588235295,-0.002072300253281142,0.0013796275005748448
Organismos Internacionais e Outras Instituições Extraterritoriais,2023-05-01,2023-06-01,0.0020604395604395605,0.0022941041523285156,0.0005338104665407394,-0.0004218616738252664,0.0006753460920045816,0.0018536165961056832,10.0,4359.0,62.0,52.0,-1.8333333333333333,0.0,-0.002983704383750287,-0.0011488970588235295,-0.002072300253281142,0.0013796275005748448,0.0022941041523285156
Organismos Internacionais e Outras Instituições Extraterritoriais,2023-06-01,2023-07-01,0.0036496350364963502,0.0020604395604395605,0.0019113904044476403,-7.845508041867302e-05,0.001114332888807467,0.0020773240209289215,9.0,4368.0,47.0,38.0,-0.3333333333333333,-0.002983704383750287,-0.0011488970588235295,-0.002072300253281142,0.0013796275005748448,0.0022941041523285156,0.0020604395604395605
Organismos Internacionais e Outras Instituições Extraterritoriais,2023-07-01,2023-08-01,0.0031832651205093224,0.0036496350364963502,0.002668059583088142,0.0010271014896224334,0.0010658673305575764,0.0020006790911893777,16.0,4384.0,58.0,42.0,4.5,-0.0011488970588235295,-0.002072300253281142,0.0013796275005748448,0.0022941041523285156,0.0020604395604395605,0.0036496350364963502
Organismos Internacionais e Outras Instituições Extraterritoriais,2023-08-01,2023-09-01,0.007447528774542992,0.0031832651205093224,0.0029644465724817447,0.001749128519511242,0.000938690996709368,0.0018620076389260687,14.0,4398.0,57.0,43.0,7.666666666666667,-0.002072300253281142,0.0013796275005748448,0.0022941041523285156,0.0020604395604395605,0.0036496350364963502,0.0031832651205093224
Organismos Internacionais e Outras Instituições Extraterritoriais,2023-09-01,2023-10-01,-0.0011296882060551287,0.007447528774542992,0.004760142977182889,0.0033357666908152644,0.000988462421441141,0.001981849227602879,33.0,4431.0,57.0,24.0,14.666666666666666,0.0013796275005748448,0.0022941041523285156,0.0020604395604395605,0.0036496350364963502,0.0031832651205093224,0.007447528774542992
Organismos Internacionais e Outras Instituições Extraterritoriais,2023-10-01,2023-11-01,0.0024791525805724587,-0.0011296882060551287,0.003167035229665729,0.002917547406376935,-4.0687544731284316e-05,0.0025374107817101492,-5.0,4426.0,39.0,44.0,12.833333333333334,0.0022941041523285156,0.0020604395604395605,0.0036496350364963502,0.0031832651205093224,0.007447528774542992,-0.0011296882060551287
Organismos Internacionais e Outras Instituições Extraterritoriais,2023-11-01,2023-12-01,-0.0038461538461538464,0.0024791525805724587,0.002932331049686774,0.00294838881108426,-0.00022800402779875082,0.002530761487169464,11.0,4437.0,54.0,43.0,13.0,0.0020604395604395605,0.0036496350364963502,0.0031832651205093224,0.007447528774542992,-0.0011296882060551287,0.0024791525805724587
Organismos Internacionais e Outras Instituições Extraterritoriais,2023-12-01,2024-01-01,0.0033821871476888386,-0.0038461538461538464,-0.0008322298238788387,0.0019639565766520254,-0.0013762428289617054,0.003605348742581719,-17.0,4420.0,48.0,65.0,8.666666666666666,0.0036496350364963502,0.0031832651205093224,0.007447528774542992,-0.0011296882060551287,0.0024791525805724587,-0.0038461538461538464
Organismos Internacionais e Outras Instituições Extraterritoriais,2024-01-01,2024-02-01,0.005382372729311505,0.0033821871476888386,0.0006717286273691504,0.0019193819285174395,-0.0008365027697018673,0.0035858328186748993,15.0,4435.0,67.0,52.0,8.5,0.0031832651205093224,0.007447528774542992,-0.0011296882060551287,0.0024791525805724587,-0.0038461538461538464,0.0033821871476888386
Organismos Internacionais e Outras Instituições Extraterritoriais,2024-02-01,2024-03-01,-0.001797348910357223,0.005382372729311505,0.0016394686769488325,0.002285899863317803,-8.90131597614812e-05,0.0038021501418083305,24.0,4459.0,53.0,29.0,10.166666666666666,0.007447528774542992,-0.0011296882060551287,0.0024791525805724587,-0.0038461538461538464,0.0033821871476888386,0.005382372729311505
Organismos Internacionais e Outras Instituições Extraterritoriais,2024-03-01,2024-04-01,-0.0027033115566569045,-0.001797348910357223,0.002322403655547707,0.0007450869158344342,0.00035999136910141023,0.003228104565139508,-8.0,4451.0,46.0,54.0,3.3333333333333335,-0.0011296882060551287,0.0024791525805724587,-0.0038461538461538464,0.0033821871476888386,0.005382372729311505,-0.001797348910357223
Organismos Internacionais e Outras Instituições Extraterritoriais,2024-04-01,2024-05-01,0.0011251125112511251,-0.0027033115566569045,0.0002939040874324592,0.00048281635740080476,-0.0005075920084895508,0.0034275333621849504,-12.0,4439.0,37.0,49.0,2.1666666666666665,0.0024791525805724587,-0.0038461538461538464,0.0033821871476888386,0.005382372729311505,-0.001797348910357223,-0.0027033115566569045
Organismos Internacionais e Outras Instituições Extraterritoriais,2024-05-01,2024-06-01,0.0031404217137729925,0.0011251125112511251,-0.0011251826519210007,0.00025714301251391584,-1.6568170448031406e-05,0.003331904484802805,5.0,4444.0,55.0,50.0,1.1666666666666667,-0.0038461538461538464,0.0033821871476888386,0.005382372729311505,-0.001797348910357223,-0.0027033115566569045,0.0011251125112511251
Organismos Internacionais e Outras Instituições Extraterritoriais,2024-06-01,2024-07-01,0.003576218149307108,0.0031404217137729925,0.0005207408894557377,0.0014215722725017222,-0.00042533058485885847,0.0028853192464838636,14.0,4458.0,45.0,31.0,6.333333333333333,0.0033821871476888386,0.005382372729311505,-0.001797348910357223,-0.0027033115566569045,0.0011251125112511251,0.0031404217137729925
Organismos Internacionais e Outras Instituições Extraterritoriais,2024-07-01,2024-08-01,0.004450378282153983,0.003576218149307108,0.002613917458110409,0.0014539107727714337,0.0002745989440079054,0.0029081098219408356,16.0,4474.0,60.0,44.0,6.5,0.005382372729311505,-0.001797348910357223,-0.0027033115566569045,0.0011251125112511251,0.0031404217137729925,0.003576218149307108
Organismos Internacionais e Outras Instituições Extraterritoriais,2024-08-01,2024-09-01,0.004430660168365086,0.004450378282153983,0.0037223393817446943,0.001298578364911847,0.0014883581223705691,0.002712435918383647,20.0,4494.0,63.0,43.0,5.833333333333333,-0.001797348910357223,-0.0027033115566569045,0.0011251125112511251,0.0031404217137729925,0.003576218149307108,0.004450378282153983
Organismos Internacionais e Outras Instituições Extraterritoriais,2024-09-01,2024-10-01,-0.003111111111111111,0.004430660168365086,0.004152418866608726,0.0023365798780322316,0.0013166129249529322,0.002513441848354334,20.0,4514.0,64.0,44.0,10.5,-0.0027033115566569045,0.0011251125112511251,0.0031404217137729925,0.003576218149307108,0.004450378282153983,0.004430660168365086
Organismos Internacionais e Outras Instituições Extraterritoriais,2024-10-01,2024-11-01,-0.002450434395188238,-0.003111111111111111,0.0019233091131359858,0.002268613285623197,-0.00046960693186251485,0.0026505802586097877,-14.0,4500.0,39.0,53.0,10.166666666666666,0.0011251125112511251,0.0031404217137729925,0.003576218149307108,0.004450378282153983,0.004430660168365086,-0.003111111111111111
Organismos Internacionais e Outras Instituições Extraterritoriais,2024-11-01,2024-12-01,-0.013318284424379233,-0.002450434395188238,-0.000376961779311421,0.0016726888012166365,-0.0013724567554242774,0.003188116353221823,-11.0,4489.0,42.0,53.0,7.5,0.0031404217137729925,0.003576218149307108,0.004450378282153983,0.004430660168365086,-0.003111111111111111,-0.002450434395188238
Organismos Internacionais e Outras Instituições Extraterritoriais,2024-12-01,2025-01-01,-0.0056753688989784334,-0.013318284424379233,-0.006293276643559528,-0.0010704288884754007,-0.0032204777765695585,0.00630358873554059,-59.0,4430.0,26.0,85.0,-4.666666666666667,0.003576218149307108,0.004450378282153983,0.004430660168365086,-0.003111111111111111,-0.002450434395188238,-0.013318284424379233
Organismos Internacionais e Outras Instituições Extraterritoriais,2025-01-01,2025-02-01,-0.00022706630336058128,-0.0056753688989784334,-0.007148029239515301,-0.0026123600631896577,-0.0029489969419420614,0.0061068297695049305,-25.0,4405.0,43.0,68.0,-11.5,0.004450378282153983,0.004430660168365086,-0.003111111111111111,-0.002450434395188238,-0.013318284424379233,-0.0056753688989784334
Organismos Internacionais e Outras Instituições Extraterritoriais,2025-02-01,2025-03-01,-0.002960601229788203,-0.00022706630336058128,-0.006406906542239416,-0.0033919341607754182,-0.00119569302146918,0.005414812365884313,-1.0,4404.0,38.0,39.0,-15.0,0.004430660168365086,-0.003111111111111111,-0.002450434395188238,-0.013318284424379233,-0.0056753688989784334,-0.00022706630336058128
Organismos Internacionais e Outras Instituições Extraterritoriais,2025-03-01,2025-04-01,0.0015916325602546612,-0.002960601229788203,-0.002954345477375739,-0.004623811060467634,0.00043044483449995193,0.0041993868526544655,-13.0,4391.0,37.0,50.0,-20.5,-0.003111111111111111,-0.002450434395188238,-0.013318284424379233,-0.0056753688989784334,-0.00022706630336058128,-0.002960601229788203
Organismos Internacionais e Outras Instituições Extraterritoriais,2025-04-01,2025-05-01,-0.001366120218579235,0.0015916325602546612,-0.0005320116576313744,-0.0038400204485733377,0.0016209053416172971,0.004803932617403431,7.0,4398.0,43.0,36.0,-17.0,-0.002450434395188238,-0.013318284424379233,-0.0056753688989784334,-0.00022706630336058128,-0.002960601229788203,0.0015916325602546612
Organismos Internacionais e Outras Instituições Extraterritoriais,2025-05-01,2025-06-01,0.00022763487366264513,-0.001366120218579235,-0.0009116962960375924,-0.003659301419138504,0.002252236870864904,0.004872711228496903,-6.0,4392.0,26.0,32.0,-16.166666666666668,-0.013318284424379233,-0.0056753688989784334,-0.00022706630336058128,-0.002960601229788203,0.0015916325602546612,-0.001366120218579235
Organismos Internacionais e Outras Instituições Extraterritoriais,2025-06-01,2025-07-01,-0.0038848263254113347,0.00022763487366264513,0.0001510490717793571,-0.001401648202798191,0.0008757168830740654,0.002369606896905537,1.0,4393.0,44.0,43.0,-6.166666666666667,-0.0056753688989784334,-0.00022706630336058128,-0.002960601229788203,0.0015916325602546612,-0.001366120218579235,0.00022763487366264513
Organismos Internacionais e Outras Instituições Extraterritoriais,2025-07-01,2025-08-01,-0.005052824988516307,-0.0038848263254113347,-0.0016744372234426413,-0.001103224440537008,-0.00033376698796386045,0.0018733822186776789,-17.0,4376.0,34.0,51.0,-4.833333333333333,-0.00022706630336058128,-0.002960601229788203,0.0015916325602546612,-0.001366120218579235,0.00022763487366264513,-0.0038848263254113347
Organismos Internacionais e Outras Instituições Extraterritoriais,2025-08-01,2025-09-01,0.00229147571035747,-0.005052824988516307,-0.002903338813421665,-0.0019075175547296288,-0.0007227640102399036,0.002309680084253306,-22.0,4354.0,27.0,49.0,-8.333333333333334,-0.002960601229788203,0.0015916325602546612,-0.001366120218579235,0.00022763487366264513,-0.0038848263254113347,-0.005052824988516307
Organismos Internacionais e Outras Instituições Extraterritoriais,2025-09-01,2025-10-01,-0.00022920009168003668,0.00229147571035747,-0.002215391867856724,-0.0010321713980386835,-0.0003335245645248901,0.002705947351019862,10.0,4364.0,47.0,37.0,-4.5,0.0015916325602546612,-0.001366120218579235,0.00022763487366264513,-0.0038848263254113347,-0.005052824988516307,0.00229147571035747
Organismos Internacionais e Outras Instituições Extraterritoriais,2025-10-01,2025-11-01,-0.0018369690011481056,-0.00022920009168003668,-0.000996849789946291,-0.0013356435066944666,0.00030594641375644276,0.0024879961877595394,-1.0,4363.0,34.0,35.0,-5.833333333333333,-0.001366120218579235,0.00022763487366264513,-0.0038848263254113347,-0.005052824988516307,0.00229147571035747,-0.00022920009168003668
Organismos Internacionais e Outras Instituições Extraterritoriais,2025-11-01,2025-12-01,-0.00642939150401837,-0.0018369690011481056,7.510220584310934e-05,-0.001414118303789278,0.00022823314360039776,0.0024951352281517543,-8.0,4355.0,27.0,35.0,-6.166666666666667,0.00022763487366264513,-0.0038848263254113347,-0.005052824988516307,0.00229147571035747,-0.00022920009168003668,-0.0018369690011481056
Organismos Internacionais e Outras Instituições Extraterritoriais,2025-12-01,2026-01-01,0.00322506334945865,-0.00642939150401837,-0.0028318535322821707,-0.0025236227000694474,-0.00015988382094194532,0.0029559491026757093,-28.0,,34.0,62.0,-11.0,-0.0038848263254113347,-0.005052824988516307,0.00229147571035747,-0.00022920009168003668,-0.0018369690011481056,-0.00642939150401837
Organismos Internacionais e Outras Instituições Extraterritoriais,2026-01-01,2026-02-01,-0.005093771706413522,0.00322506334945865,-0.0016804323852359418,-0.0013386410875911164,0.00038911631820797674,0.0035401327197479605,14.0,4341.0,47.0,33.0,-5.833333333333333,-0.005052824988516307,0.00229147571035747,-0.00022920009168003668,-0.0018369690011481056,-0.00642939150401837,0.00322506334945865
Organismos Internacionais e Outras Instituições Extraterritoriais,2026-02-01,2026-03-01,-0.0034851301115241635,-0.005093771706413522,-0.002766033286991081,-0.0013454655405739856,-0.0008901676932374042,0.0035473182949977665,-22.0,4319.0,28.0,50.0,-5.833333333333333,0.00229147571035747,-0.00022920009168003668,-0.0018369690011481056,-0.00642939150401837,0.00322506334945865,-0.005093771706413522
Organismos Internacionais e Outras Instituições Extraterritoriais,2026-03-01,2026-04-01,0.0025492468134414832,-0.0034851301115241635,-0.001784612822826345,-0.002308233177554258,-0.0004684458103297103,0.0031960938709803314,-15.0,4304.0,33.0,48.0,-10.0,-0.00022920009168003668,-0.0018369690011481056,-0.00642939150401837,0.00322506334945865,-0.005093771706413522,-0.0034851301115241635
Organismos Internacionais e Outras Instituições Extraterritoriais,2026-04-01,2026-05-01,0.018872214643019556,0.0025492468134414832,-0.002009885001498734,-0.0018451586933673381,0.000641286519844525,0.0036349278217511338,11.0,4315.0,51.0,40.0,-8.0,-0.0018369690011481056,-0.00642939150401837,0.00322506334945865,-0.005093771706413522,-0.0034851301115241635,0.0025492468134414832
Organismos Internacionais e Outras Instituições Extraterritoriais,2026-05-01,2026-06-01,-0.0031934306569343066,0.018872214643019556,0.005978777114978959,0.001606371913993939,0.003602549220629356,0.008534316134513536,83.0,4398.0,106.0,23.0,7.166666666666667,-0.00642939150401837,0.00322506334945865,-0.005093771706413522,-0.0034851301115241635,0.0025492468134414832,0.018872214643019556
Outras Atividades de Serviços,2020-07-01,2020-08-01,-0.00012821887661614066,-0.0017563734094156534,-0.005551313008974563,-0.0057743132372951285,-0.0009693912568209134,0.008464671787227289,-1507.0,858018.0,17135.0,18642.0,-4995.166666666667,0.006587036023971978,-0.0035443236931920244,-0.02103465272762704,-0.010406713111763582,-0.0044908525057444516,-0.0017563734094156534
Outras Atividades de Serviços,2020-08-01,2020-09-01,0.002216758508235502,-0.00012821887661614066,-0.0021251482639254153,-0.006893522387393148,0.002309463504100935,0.007088296246084963,-110.0,857908.0,19729.0,19839.0,-5994.833333333333,-0.0035443236931920244,-0.02103465272762704,-0.010406713111763582,-0.0044908525057444516,-0.0017563734094156534,-0.00012821887661614066
Outras Atividades de Serviços,2020-09-01,2020-10-01,-0.00018961183084763468,0.002216758508235502,0.00011072207406790265,-0.005933342020488561,0.0042807719423166805,0.007828495706026551,1906.0,859814.0,22451.0,20545.0,-5151.0,-0.02103465272762704,-0.010406713111763582,-0.0044908525057444516,-0.0017563734094156534,-0.00012821887661614066,0.002216758508235502
Outras Atividades de Serviços,2020-10-01,2020-11-01,0.006269976591625003,-0.00018961183084763468,0.0006329759335905755,-0.0024591685376919937,0.002081042685123403,0.004087249140153501,-163.0,859651.0,24779.0,24942.0,-2119.8333333333335,-0.010406713111763582,-0.0044908525057444516,-0.0017563734094156534,-0.00012821887661614066,0.002216758508235502,-0.00018961183084763468
Outras Atividades de Serviços,2020-11-01,2020-12-01,-0.005944441795751678,0.006269976591625003,0.0027657077563376237,0.000320279746206104,0.0017385545030686562,0.0033395645064577054,5424.0,865075.0,24645.0,19221.0,281.6666666666667,-0.0044908525057444516,-0.0017563734094156534,-0.00012821887661614066,0.002216758508235502,-0.00018961183084763468,0.006269976591625003
Outras Atividades de Serviços,2020-12-01,2021-01-01,0.0033724545790631993,-0.005944441795751678,4.530765500856352e-05,7.801486453823305e-05,-0.00011863216760113769,0.0037117770984603045,-5112.0,859963.0,20629.0,25741.0,73.0,-0.0017563734094156534,-0.00012821887661614066,0.002216758508235502,-0.00018961183084763468,0.006269976591625003,-0.005944441795751678
Outras Atividades de Serviços,2021-01-01,2021-02-01,0.01122986502389784,0.0033724545790631993,0.0012326631249788415,0.0009328195292847086,-1.4875577459777414e-05,0.0037808275543790714,2910.0,862873.0,26087.0,23177.0,809.1666666666666,-0.00012821887661614066,0.002216758508235502,-0.00018961183084763468,0.006269976591625003,-0.005944441795751678,0.0033724545790631993
Outras Atividades de Serviços,2021-02-01,2021-03-01,0.005260530179370971,0.01122986502389784,0.0028859592690697873,0.0028258335127037057,0.0012439232405905,0.005309900717002296,9800.0,872673.0,33832.0,24032.0,2460.8333333333335,0.002216758508235502,-0.00018961183084763468,0.006269976591625003,-0.005944441795751678,0.0033724545790631993,0.01122986502389784
Outras Atividades de Serviços,2021-03-01,2021-04-01,0.005920592671156119,0.005260530179370971,0.006620949927444004,0.0033331287912262836,0.0014699220492207545,0.005372506526232642,4615.0,877288.0,31024.0,26409.0,2912.3333333333335,-0.00018961183084763468,0.006269976591625003,-0.005944441795751678,0.0033724545790631993,0.01122986502389784,0.005260530179370971
Outras Atividades de Serviços,2021-04-01,2021-05-01,0.010225093368325427,0.005920592671156119,0.0074703292914749765,0.004351496208226909,0.0011350116219388047,0.005184042709924926,5225.0,882513.0,27415.0,22190.0,3810.3333333333335,0.006269976591625003,-0.005944441795751678,0.0033724545790631993,0.01122986502389784,0.005260530179370971,0.005920592671156119
Outras Atividades de Serviços,2021-05-01,2021-06-01,0.006046458741614217,0.010225093368325427,0.007135405406284173,0.00501068233767698,0.0023577930072039253,0.005619270584456559,9117.0,891630.0,32899.0,23782.0,4425.833333333333,-0.005944441795751678,0.0033724545790631993,0.01122986502389784,0.005260530179370971,0.005920592671156119,0.010225093368325427
Outras Atividades de Serviços,2021-06-01,2021-07-01,0.0066177203415168934,0.006046458741614217,0.0073973815936985874,0.0070091657605712955,0.0003147362382235142,0.0027854288550315546,5424.0,897054.0,30399.0,24975.0,6181.833333333333,0.0033724545790631993,0.01122986502389784,0.005260530179370971,0.005920592671156119,0.010225093368325427,0.006046458741614217
Outras Atividades de Serviços,2021-07-01,2021-08-01,0.009685676122044783,0.0066177203415168934,0.007629757483818844,0.007550043387646911,-0.00046852677222873395,0.0022994185167929363,5976.0,903030.0,31898.0,25922.0,6692.833333333333,0.01122986502389784,0.005260530179370971,0.005920592671156119,0.010225093368325427,0.006046458741614217,0.0066177203415168934
Outras Atividades de Serviços,2021-08-01,2021-09-01,0.008516953990181528,0.009685676122044783,0.007449951735058631,0.007292678570671402,0.000572527945649719,0.0019298693003988463,8832.0,911862.0,37013.0,28181.0,6531.5,0.005260530179370971,0.005920592671156119,0.010225093368325427,0.006046458741614217,0.0066177203415168934,0.009685676122044783
Outras Atividades de Serviços,2021-09-01,2021-10-01,0.009589704932155933,0.008516953990181528,0.008273450151247735,0.00783541587247316,0.0003409947558910794,0.0017295574407769285,7833.0,919695.0,35970.0,28137.0,7067.833333333333,0.005920592671156119,0.010225093368325427,0.006046458741614217,0.0066177203415168934,0.009685676122044783,0.008516953990181528
Outras Atividades de Serviços,2021-10-01,2021-11-01,0.008711933993836208,0.009589704932155933,0.009264111681460747,0.008446934582639795,0.00020864283843949585,0.0015872127068647971,8905.0,928600.0,35533.0,26628.0,7681.166666666667,0.010225093368325427,0.006046458741614217,0.0066177203415168934,0.009685676122044783,0.008516953990181528,0.009589704932155933
Outras Atividades de Serviços,2021-11-01,2021-12-01,-0.012261539159770653,0.008711933993836208,0.008939530972057888,0.00819474135355826,0.0006021316543189657,0.001392972393424368,8161.0,936761.0,34567.0,26406.0,7521.833333333333,0.006046458741614217,0.0066177203415168934,0.009685676122044783,0.008516953990181528,0.009589704932155933,0.008711933993836208
Outras Atividades de Serviços,2021-12-01,2022-01-01,0.0031894439208294064,-0.012261539159770653,0.002013366588740495,0.0051434083699941156,-0.002749850655688259,0.007848808072278182,-11347.0,925414.0,26387.0,37734.0,4726.666666666667,0.0066177203415168934,0.009685676122044783,0.008516953990181528,0.009589704932155933,0.008711933993836208,-0.012261539159770653
Outras Atividades de Serviços,2022-01-01,2022-02-01,0.019431288631264972,0.0031894439208294064,-0.00012005374836834648,0.0045720289665462,-0.0027341260398358043,0.007845468582520231,2961.0,928375.0,35639.0,32678.0,4224.166666666667,0.009685676122044783,0.008516953990181528,0.009589704932155933,0.008711933993836208,-0.012261539159770653,0.0031894439208294064
Outras Atividades de Serviços,2022-02-01,2022-03-01,0.010057601964050268,0.019431288631264972,0.0034530644641079084,0.006196297718082899,0.00041135477193802186,0.009557954630961932,18397.0,946772.0,51364.0,32967.0,5818.333333333333,0.008516953990181528,0.009589704932155933,0.008711933993836208,-0.012261539159770653,0.0031894439208294064,0.019431288631264972
Outras Atividades de Serviços,2022-03-01,2022-04-01,0.00830464537536292,0.010057601964050268,0.010892778172048215,0.006453072380394356,0.0014271009186388008,0.009637216108647281,9619.0,956391.0,46960.0,37341.0,6116.0,0.009589704932155933,0.008711933993836208,-0.012261539159770653,0.0031894439208294064,0.019431288631264972,0.010057601964050268
Outras Atividades de Serviços,2022-04-01,2022-05-01,0.007758701402657157,0.00830464537536292,0.012597845323559386,0.00623889578759552,0.0023189378568437683,0.00957923305091221,8009.0,964400.0,41848.0,33839.0,5966.666666666667,0.008711933993836208,-0.012261539159770653,0.0031894439208294064,0.019431288631264972,0.010057601964050268,0.00830464537536292
Outras Atividades de Serviços,2022-05-01,2022-06-01,0.007670600150696204,0.007758701402657157,0.00870698291402345,0.006080023689065679,0.003030660585957853,0.009544742742630907,7541.0,971941.0,41891.0,34350.0,5863.333333333333,-0.012261539159770653,0.0031894439208294064,0.019431288631264972,0.010057601964050268,0.00830464537536292,0.007758701402657157
Outras Atividades de Serviços,2022-06-01,2022-07-01,0.005606227969006352,0.007670600150696204,0.007911315642905427,0.009402046907476822,-0.00041042677500505235,0.004941569593737999,7513.0,979454.0,39461.0,31948.0,9006.666666666666,0.0031894439208294064,0.019431288631264972,0.010057601964050268,0.00830464537536292,0.007758701402657157,0.007670600150696204
Outras Atividades de Serviços,2022-07-01,2022-08-01,0.007425844842267558,0.005606227969006352,0.007011843174119905,0.009804844248839645,-0.0021952072206874577,0.0044972767992277375,5522.0,984976.0,38112.0,32590.0,9433.5,0.019431288631264972,0.010057601964050268,0.00830464537536292,0.007758701402657157,0.007670600150696204,0.005606227969006352
Outras Atividades de Serviços,2022-08-01,2022-09-01,0.005344415076222064,0.007425844842267558,0.006900890987323371,0.00780393695067341,-0.0006097754022841202,0.0013116413563829925,7369.0,992345.0,43597.0,36228.0,7595.5,0.010057601964050268,0.00830464537536292,0.007758701402657157,0.007670600150696204,0.005606227969006352,0.007425844842267558
Outras Atividades de Serviços,2022-09-01,2022-10-01,0.001799943170221196,0.005344415076222064,0.006125495962498658,0.007018405802702042,-0.0005104026673875122,0.0011247447887137005,5332.0,997677.0,39903.0,34571.0,6881.0,0.00830464537536292,0.007758701402657157,0.007670600150696204,0.005606227969006352,0.007425844842267558,0.005344415076222064
Outras Atividades de Serviços,2022-10-01,2022-11-01,0.0004050482007358876,0.001799943170221196,0.004856734362903606,0.005934288768511756,-0.0009986494146383145,0.002086319989192397,1799.0,999476.0,36000.0,34201.0,5846.0,0.007758701402657157,0.007670600150696204,0.005606227969006352,0.007425844842267558,0.005344415076222064,0.001799943170221196
Outras Atividades de Serviços,2022-11-01,2022-12-01,-0.016923622997820475,0.0004050482007358876,0.0025164688157263827,0.004708679901524877,-0.0014236583974915015,0.002718691591296276,405.0,999881.0,32230.0,31825.0,4656.666666666667,0.007670600150696204,0.005606227969006352,0.007425844842267558,0.005344415076222064,0.001799943170221196,0.0004050482007358876
Outras Atividades de Serviços,2022-12-01,2023-01-01,0.0013254840302027533,-0.016923622997820475,-0.0049062105422877965,0.0006096427101054304,-0.003921603333277999,0.008192665679315918,-16640.0,983241.0,25176.0,41816.0,631.1666666666666,0.005606227969006352,0.007425844842267558,0.005344415076222064,0.001799943170221196,0.0004050482007358876,-0.016923622997820475
Outras Atividades de Serviços,2023-01-01,2023-02-01,0.010178250072888495,0.0013254840302027533,-0.005064363588960611,-0.00010381461302850252,-0.002820023235769627,0.007907918626633452,1305.0,984546.0,34903.0,33598.0,-71.66666666666667,0.007425844842267558,0.005344415076222064,0.001799943170221196,0.0004050482007358876,-0.016923622997820475,0.0013254840302027533
Outras Atividades de Serviços,2023-02-01,2023-03-01,0.005909554729592648,0.010178250072888495,-0.0018066296315764087,0.00035491959207498695,0.00015477503899201313,0.008396165020410592,10124.0,994670.0,43511.0,33387.0,387.5,0.005344415076222064,0.001799943170221196,0.0004050482007358876,-0.016923622997820475,0.0013254840302027533,0.010178250072888495
Outras Atividades de Serviços,2023-03-01,2023-04-01,0.005925207665414531,0.005909554729592648,0.0058044296108946325,0.0004491095343034177,0.0019461934411810944,0.008454576651663465,5913.0,1000583.0,44819.0,38906.0,484.3333333333333,0.001799943170221196,0.0004050482007358876,-0.016923622997820475,0.0013254840302027533,0.010178250072888495,0.005909554729592648
Outras Atividades de Serviços,2023-04-01,2023-05-01,0.004784523416381085,0.005925207665414531,0.007337670822631891,0.0011366536168356401,0.0029986599013805235,0.008700630208881416,5964.0,1006547.0,37670.0,31706.0,1178.5,0.0004050482007358876,-0.016923622997820475,0.0013254840302027533,0.010178250072888495,0.005909554729592648,0.005925207665414531
Outras Atividades de Serviços,2023-05-01,2023-06-01,0.0032433966671167277,0.004784523416381085,0.005539761937129421,0.0018665661527765061,0.003373463075238493,0.00879186053421977,4839.0,1011386.0,39431.0,34592.0,1917.5,-0.016923622997820475,0.0013254840302027533,0.010178250072888495,0.005909554729592648,0.005925207665414531,0.004784523416381085
Outras Atividades de Serviços,2023-06-01,2023-07-01,0.004075266801396505,0.0032433966671167277,0.004651042582970781,0.005227736096932706,-0.0001878846814037281,0.0027331466452924034,3291.0,1014677.0,36984.0,33693.0,5239.333333333333,0.0013254840302027533,0.010178250072888495,0.005909554729592648,0.005925207665414531,0.004784523416381085,0.0032433966671167277
Outras Atividades de Serviços,2023-07-01,2023-08-01,0.00518192896255966,0.004075266801396505,0.004034395628298105,0.005686033225464998,-0.0011329735655406042,0.002223396060263389,4152.0,1018829.0,37172.0,33020.0,5713.833333333333,0.010178250072888495,0.005909554729592648,0.005925207665414531,0.004784523416381085,0.0032433966671167277,0.004075266801396505
Outras Atividades de Serviços,2023-08-01,2023-09-01,0.0036628041027297375,0.00518192896255966,0.004166864143690965,0.004853313040410193,-0.0003065450907566678,0.0009638907016864978,5307.0,1024136.0,40924.0,35617.0,4911.0,0.005909554729592648,0.005925207665414531,0.004784523416381085,0.0032433966671167277,0.004075266801396505,0.00518192896255966
Outras Atividades de Serviços,2023-09-01,2023-10-01,0.0038628260652571454,0.0036628041027297375,0.004306666622228634,0.004478854602599707,-0.00026536945830309843,0.0009160478520644506,3765.0,1027901.0,36679.0,32914.0,4553.0,0.005925207665414531,0.004784523416381085,0.0032433966671167277,0.004075266801396505,0.00518192896255966,0.0036628041027297375
Outras Atividades de Serviços,2023-10-01,2023-11-01,0.000633388892063366,0.0038628260652571454,0.0042358530435155145,0.00413512433590681,-6.410292250335775e-05,0.0006599890154001727,3986.0,1031887.0,37008.0,33022.0,4223.333333333333,0.004784523416381085,0.0032433966671167277,0.004075266801396505,0.00518192896255966,0.0036628041027297375,0.0038628260652571454
Outras Atividades de Serviços,2023-11-01,2023-12-01,-0.009759808950272893,0.000633388892063366,0.0027196730200167497,0.0034432685818538574,-0.00043447102695756587,0.001389361882852752,654.0,1032541.0,31739.0,31085.0,3525.8333333333335,0.0032433966671167277,0.004075266801396505,0.00518192896255966,0.0036628041027297375,0.0038628260652571454,0.000633388892063366
Outras Atividades de Serviços,2023-12-01,2024-01-01,0.001305794131837351,-0.009759808950272893,-0.0017545313309841274,0.0012760676456222534,-0.002360599343065955,0.0051264462479410884,-9980.0,1022561.0,27856.0,37836.0,1314.0,0.004075266801396505,0.00518192896255966,0.0036628041027297375,0.0038628260652571454,0.000633388892063366,-0.009759808950272893
Outras Atividades de Serviços,2024-01-01,2024-02-01,0.009346355018296022,0.001305794131837351,-0.0026068753087907254,0.0008144888673623944,-0.0017965128710232348,0.0049761053166981865,1337.0,1023898.0,37135.0,35798.0,844.8333333333334,0.00518192896255966,0.0036628041027297375,0.0038628260652571454,0.000633388892063366,-0.009759808950272893,0.001305794131837351
Outras Atividades de Serviços,2024-02-01,2024-03-01,0.005874963690262065,0.009346355018296022,0.0002974467332868263,0.001508559876651788,0.00029581316957816485,0.005764800435602347,9660.0,1033558.0,46293.0,36633.0,1570.3333333333333,0.0036628041027297375,0.0038628260652571454,0.000633388892063366,-0.009759808950272893,0.001305794131837351,0.009346355018296022
Outras Atividades de Serviços,2024-03-01,2024-04-01,0.009229514242612815,0.005874963690262065,0.0055090376134651455,0.0018772531412405093,0.0013504339881666514,0.005958280654010402,6108.0,1039666.0,45953.0,39845.0,1960.8333333333333,0.0038628260652571454,0.000633388892063366,-0.009759808950272893,0.001305794131837351,0.009346355018296022,0.005874963690262065
Outras Atividades de Serviços,2024-04-01,2024-05-01,0.0049659203404552295,0.009229514242612815,0.0081502776503903,0.0027717011707997876,0.002797871587451736,0.0065614997004292295,9685.0,1049351.0,46095.0,36410.0,2910.6666666666665,0.000633388892063366,-0.009759808950272893,0.001305794131837351,0.009346355018296022,0.005874963690262065,0.009229514242612815
Outras Atividades de Serviços,2024-05-01,2024-06-01,0.004091901095549149,0.0049659203404552295,0.006690132757776703,0.003493789745531765,0.0026836690130838006,0.006524740311779146,5237.0,1054588.0,41849.0,36612.0,3674.5,-0.009759808950272893,0.001305794131837351,0.009346355018296022,0.005874963690262065,0.009229514242612815,0.0049659203404552295
Outras Atividades de Serviços,2024-06-01,2024-07-01,0.0032849810478242413,0.004091901095549149,0.006095778559539064,0.005802408086502105,0.00011839375249678169,0.002832989108960467,4333.0,1058921.0,38984.0,34651.0,6060.0,0.001305794131837351,0.009346355018296022,0.005874963690262065,0.009229514242612815,0.0049659203404552295,0.004091901095549149
Outras Atividades de Serviços,2024-07-01,2024-08-01,0.004823148113454982,0.0032849810478242413,0.0041142674946095395,0.00613227257249992,-0.0011405614725330064,0.002367136178028094,3490.0,1062411.0,41107.0,37617.0,6418.833333333333,0.009346355018296022,0.005874963690262065,0.009229514242612815,0.0049659203404552295,0.004091901095549149,0.0032849810478242413
Outras Atividades de Serviços,2024-08-01,2024-09-01,0.005089369173576286,0.004823148113454982,0.004066676752276124,0.005378404755026414,-0.0006847627632373495,0.001897084731701871,5149.0,1067560.0,42178.0,37029.0,5667.0,0.005874963690262065,0.009229514242612815,0.0049659203404552295,0.004091901095549149,0.0032849810478242413,0.004823148113454982
Outras Atividades de Serviços,2024-09-01,2024-10-01,0.0019458419719601567,0.005089369173576286,0.004399166111618503,0.005247472335578783,-0.000626741773540237,0.0018853688355308421,5461.0,1073021.0,39869.0,34408.0,5559.166666666667,0.009229514242612815,0.0049659203404552295,0.004091901095549149,0.0032849810478242413,0.004823148113454982,0.005089369173576286
Outras Atividades de Serviços,2024-10-01,2024-11-01,0.0023301262778111847,0.0019458419719601567,0.003952786419663808,0.004033526957136674,-0.00030199487265037723,0.0011202543530744143,2092.0,1075113.0,38381.0,36289.0,4293.666666666667,0.0049659203404552295,0.004091901095549149,0.0032849810478242413,0.004823148113454982,0.005089369173576286,0.0019458419719601567
Outras Atividades de Serviços,2024-11-01,2024-12-01,-0.016615865307058133,0.0023301262778111847,0.003121779141115876,0.003594227946696,-0.0003588591501760219,0.0011835070499098875,2511.0,1077624.0,34595.0,32084.0,3839.3333333333335,0.004091901095549149,0.0032849810478242413,0.004823148113454982,0.005089369173576286,0.0019458419719601567,0.0023301262778111847
Outras Atividades de Serviços,2024-12-01,2025-01-01,0.0034727673556108132,-0.016615865307058133,-0.0041132990190955974,0.0001429335462614529,-0.003146480699513125,0.007584366883647818,-17613.0,1060011.0,23632.0,41245.0,181.66666666666666,0.0032849810478242413,0.004823148113454982,0.005089369173576286,0.0019458419719601567,0.0023301262778111847,-0.016615865307058133
Outras Atividades de Serviços,2025-01-01,2025-02-01,0.009387354079261678,0.0034727673556108132,-0.0036043238912120447,0.0001742312642258817,-0.0020423806550078027,0.007597644147667887,3694.0,1063705.0,43463.0,39769.0,215.66666666666666,0.004823148113454982,0.005089369173576286,0.0019458419719601567,0.0023301262778111847,-0.016615865307058133,0.0034727673556108132
Outras Atividades de Serviços,2025-02-01,2025-03-01,0.003120282672915278,0.009387354079261678,-0.0012519146240618808,0.0009349322585269975,0.0002035631169859887,0.008227417453096034,10080.0,1073785.0,51367.0,41287.0,1037.5,0.005089369173576286,0.0019458419719601567,0.0023301262778111847,-0.016615865307058133,0.0034727673556108132,0.009387354079261678
Outras Atividades de Serviços,2025-03-01,2025-04-01,0.006859760314073757,0.003120282672915278,0.005326801369262589,0.0006067511750834961,0.0013466434163370293,0.008093336570871303,3361.0,1077146.0,42515.0,39154.0,687.5,0.0019458419719601567,0.0023301262778111847,-0.016615865307058133,0.0034727673556108132,0.009387354079261678,0.003120282672915278
Outras Atividades de Serviços,2025-04-01,2025-05-01,0.002122564042642652,0.006859760314073757,0.00645579902208357,0.0014257375654357632,0.0025077485955681124,0.008429067840721768,7440.0,1084586.0,43249.0,35809.0,1578.8333333333333,0.0023301262778111847,-0.016615865307058133,0.0034727673556108132,0.009387354079261678,0.003120282672915278,0.006859760314073757
Outras Atividades de Serviços,2025-05-01,2025-06-01,0.0037343017708143327,0.002122564042642652,0.004034202343210562,0.0013911438595743408,0.002788172977644181,0.00842571041347348,2307.0,1086893.0,41313.0,39006.0,1544.8333333333333,-0.016615865307058133,0.0034727673556108132,0.009387354079261678,0.003120282672915278,0.006859760314073757,0.002122564042642652
Outras Atividades de Serviços,2025-06-01,2025-07-01,0.0024049078408225335,0.0037343017708143327,0.004238875375843581,0.004782838372553084,-0.00047849201121945745,0.002522301716154404,4074.0,1090967.0,40240.0,36166.0,5159.333333333333,0.0034727673556108132,0.009387354079261678,0.003120282672915278,0.006859760314073757,0.002122564042642652,0.0037343017708143327
Outras Atividades de Serviços,2025-07-01,2025-08-01,0.0055849615226885654,0.0024049078408225335,0.0027539245514265065,0.004604861786755038,-0.0010802105762837044,0.002643238204603175,2630.0,1093597.0,40651.0,38021.0,4982.0,0.009387354079261678,0.003120282672915278,0.006859760314073757,0.002122564042642652,0.0037343017708143327,0.0024049078408225335
Outras Atividades de Serviços,2025-08-01,2025-09-01,0.003603282003703851,0.0055849615226885654,0.003908057044775144,0.003971129693992853,1.6302130208126972e-05,0.0017126448361989726,6142.0,1099739.0,44083.0,37941.0,4325.666666666667,0.003120282672915278,0.006859760314073757,0.002122564042642652,0.0037343017708143327,0.0024049078408225335,0.0055849615226885654
Outras Atividades de Serviços,2025-09-01,2025-10-01,0.0106632054872124,0.003603282003703851,0.0038643837890716503,0.004051629582457615,-0.00020641694404867388,0.0016818345086775219,3977.0,1103716.0,41987.0,38010.0,4428.333333333333,0.006859760314073757,0.002122564042642652,0.0037343017708143327,0.0024049078408225335,0.0055849615226885654,0.003603282003703851
Outras Atividades de Serviços,2025-10-01,2025-11-01,0.001033340914748479,0.0106632054872124,0.006617149671201605,0.004685537111314056,0.0012997200458109515,0.002897921930599958,11896.0,1115612.0,53543.0,41647.0,5171.0,0.002122564042642652,0.0037343017708143327,0.0024049078408225335,0.0055849615226885654,0.003603282003703851,0.0106632054872124
Outras Atividades de Serviços,2025-11-01,2025-12-01,-0.013700273826387981,0.001033340914748479,0.005099942801888243,0.004503999923331693,0.000265383118281589,0.0030811166995875325,1154.0,1116766.0,34621.0,33467.0,4978.833333333333,0.0037343017708143327,0.0024049078408225335,0.0055849615226885654,0.003603282003703851,0.0106632054872124,0.001033340914748479
Outras Atividades de Serviços,2025-12-01,2026-01-01,0.0025121350431065712,-0.013700273826387981,-0.000667909141475701,0.0015982373237979745,-0.002489167047896122,0.007495577479404255,-15300.0,,27364.0,42664.0,1749.8333333333333,0.0024049078408225335,0.0055849615226885654,0.003603282003703851,0.0106632054872124,0.001033340914748479,-0.013700273826387981
Outras Atividades de Serviços,2026-01-01,2026-02-01,0.011826863876519524,0.0025121350431065712,-0.0033849326228443106,0.0016161085241786473,-0.0021972761274471246,0.007497607017553622,2774.0,1104240.0,40306.0,37532.0,1773.8333333333333,0.0055849615226885654,0.003603282003703851,0.0106632054872124,0.001033340914748479,-0.013700273826387981,0.0025121350431065712
Outras Atividades de Serviços,2026-02-01,2026-03-01,0.006918517899721037,0.011826863876519524,0.00021290836441270437,0.002656425583150474,5.5173808303554686e-05,0.008359613619265604,13216.0,1117456.0,51816.0,38600.0,2952.8333333333335,0.003603282003703851,0.0106632054872124,0.001033340914748479,-0.013700273826387981,0.0025121350431065712,0.011826863876519524
Outras Atividades de Serviços,2026-03-01,2026-04-01,0.0039170869973956905,0.006918517899721037,0.0070858389397823775,0.003208964899153338,0.0008534154233528824,0.008512108383942635,7785.0,1125241.0,49309.0,41524.0,3587.5,0.0106632054872124,0.001033340914748479,-0.013700273826387981,0.0025121350431065712,0.011826863876519524,0.006918517899721037
Outras Atividades de Serviços,2026-04-01,2026-05-01,0.0021931742200010777,0.0039170869973956905,0.00755415625787875,0.0020846118175172203,0.0024454238407136007,0.007874924866182992,4425.0,1129666.0,43482.0,39057.0,2342.3333333333335,0.001033340914748479,-0.013700273826387981,0.0025121350431065712,0.011826863876519524,0.006918517899721037,0.0039170869973956905
Outras Atividades de Serviços,2026-05-01,2026-06-01,0.00280270687579217,0.0021931742200010777,0.004342926372372601,0.002277917368392653,0.002250678574800404,0.007860969649226834,2483.0,1132149.0,41641.0,39158.0,2563.8333333333335,-0.013700273826387981,0.0025121350431065712,0.011826863876519524,0.006918517899721037,0.0039170869973956905,0.0021931742200010777
Outros serviços,2020-07-01,2020-08-01,-0.0017523578846930163,-0.0039876542079185255,-0.008309391151070171,-0.009225594714870533,-0.0010419441964231455,0.0108055915659341,-4354.0,1091870.0,19267.0,23621.0,-10242.5,0.006347075710007478,-0.007344019857146577,-0.02942845068887358,-0.013283325095191279,-0.00765719415010071,-0.0039876542079185255
Outros serviços,2020-08-01,2020-09-01,0.0021084665506384452,-0.0017523578846930163,-0.004465735414237417,-0.010575500313987282,0.003140195150006386,0.009155804974055236,-1910.0,1089960.0,23133.0,25043.0,-11788.666666666666,-0.007344019857146577,-0.02942845068887358,-0.013283325095191279,-0.00765719415010071,-0.0039876542079185255,-0.0017523578846930163
Outros serviços,2020-09-01,2020-10-01,0.002442149639659633,0.0021084665506384452,-0.0012105151806576988,-0.009000085912689778,0.00559848650774963,0.01031601953761474,2303.0,1092263.0,27860.0,25557.0,-9994.5,-0.02942845068887358,-0.013283325095191279,-0.00765719415010071,-0.0039876542079185255,-0.0017523578846930163,0.0021084665506384452
Outros serviços,2020-10-01,2020-11-01,0.007349661482225551,0.002442149639659633,0.0009327527685350207,-0.003688319191267576,0.0031474186314199297,0.005520251011691191,2674.0,1094937.0,32755.0,30081.0,-4059.0,-0.013283325095191279,-0.00765719415010071,-0.0039876542079185255,-0.0017523578846930163,0.0021084665506384452,0.002442149639659633
Outros serviços,2020-11-01,2020-12-01,-0.005433499562020376,0.007349661482225551,0.003966759224174543,-0.0002494880950314371,0.0028052718325627776,0.004858987387544495,8107.0,1103044.0,32384.0,24277.0,-262.3333333333333,-0.00765719415010071,-0.0039876542079185255,-0.0017523578846930163,0.0021084665506384452,0.002442149639659633,0.007349661482225551
Outros serviços,2020-12-01,2021-01-01,0.00253302893344571,-0.005433499562020376,0.0014527705199549358,0.00012112766964861848,0.0005831575548362183,0.004336555472862561,-5961.0,1097083.0,26590.0,32551.0,143.16666666666666,-0.0039876542079185255,-0.0017523578846930163,0.0021084665506384452,0.002442149639659633,0.007349661482225551,-0.005433499562020376
Outros serviços,2021-01-01,2021-02-01,0.01059598002245315,0.00253302893344571,0.0014830636178836283,0.0012079081932093246,0.00010595850272237353,0.0039724658162116795,2786.0,1099869.0,33340.0,30554.0,1333.1666666666667,-0.0017523578846930163,0.0021084665506384452,0.002442149639659633,0.007349661482225551,-0.005433499562020376,0.00253302893344571
Outros serviços,2021-02-01,2021-03-01,0.002030684705227532,0.01059598002245315,0.002565169797959495,0.0032659645110670182,0.0008550584056053092,0.004977316052854864,11779.0,1111648.0,42684.0,30905.0,3614.6666666666665,0.0021084665506384452,0.002442149639659633,0.007349661482225551,-0.005433499562020376,0.00253302893344571,0.01059598002245315
Outros serviços,2021-03-01,2021-04-01,0.00304926891831056,0.002030684705227532,0.0050532312203754644,0.0032530008701651997,0.00044709026982823975,0.004980414254431156,2262.0,1113910.0,36735.0,34473.0,3607.8333333333335,0.002442149639659633,0.007349661482225551,-0.005433499562020376,0.00253302893344571,0.01059598002245315,0.002030684705227532
Outros serviços,2021-04-01,2021-05-01,0.008671881862245373,0.00304926891831056,0.005225311215330414,0.0033541874166070212,0.00025581545917646297,0.004969066839987086,3407.0,1117317.0,32254.0,28847.0,3730.0,0.007349661482225551,-0.005433499562020376,0.00253302893344571,0.01059598002245315,0.002030684705227532,0.00304926891831056
Outros serviços,2021-05-01,2021-06-01,0.006032113065080679,0.008671881862245373,0.004583945161927822,0.003574557479943658,0.0018145809073913616,0.005166759703153874,9774.0,1127091.0,40473.0,30699.0,4007.8333333333335,-0.005433499562020376,0.00253302893344571,0.01059598002245315,0.002030684705227532,0.00304926891831056,0.008671881862245373
Outros serviços,2021-06-01,2021-07-01,0.0074767631270060645,0.006032113065080679,0.005917754615212205,0.005485492917793833,0.00036404886830384425,0.003244402289014591,6840.0,1133931.0,38211.0,31371.0,6141.333333333333,0.00253302893344571,0.01059598002245315,0.002030684705227532,0.00304926891831056,0.008671881862245373,0.006032113065080679
Outros serviços,2021-07-01,2021-08-01,0.011515147320169375,0.0074767631270060645,0.007393586018110705,0.00630944861672056,5.802324417882348e-05,0.003009196259862951,8542.0,1142473.0,40566.0,32024.0,7100.666666666667,0.01059598002245315,0.002030684705227532,0.00304926891831056,0.008671881862245373,0.006032113065080679,0.0074767631270060645
Outros serviços,2021-08-01,2021-09-01,0.010058028736001371,0.011515147320169375,0.00834134117075204,0.006462643166339931,0.001659000768675172,0.0032382018894441355,13309.0,1155782.0,48432.0,35123.0,7355.666666666667,0.002030684705227532,0.00304926891831056,0.008671881862245373,0.006032113065080679,0.0074767631270060645,0.011515147320169375
Outros serviços,2021-09-01,2021-10-01,0.01056784138915843,0.010058028736001371,0.009683313061058936,0.007800533838135571,0.001286235586404327,0.002752590953878261,11743.0,1167525.0,47575.0,35832.0,8935.833333333334,0.00304926891831056,0.008671881862245373,0.006032113065080679,0.0074767631270060645,0.011515147320169375,0.010058028736001371
Outros serviços,2021-10-01,2021-11-01,0.008975528310665653,0.01056784138915843,0.010713672481776392,0.009053629249943549,0.0007313122525854469,0.001876278490046087,12470.0,1179995.0,46764.0,34294.0,10446.333333333334,0.008671881862245373,0.006032113065080679,0.0074767631270060645,0.011515147320169375,0.010058028736001371,0.01056784138915843
Outros serviços,2021-11-01,2021-12-01,-0.008936258193970864,0.008975528310665653,0.009867132811941818,0.009104236991346928,0.0006438054980061125,0.001869381700858145,10687.0,1190682.0,45597.0,34910.0,10598.5,0.006032113065080679,0.0074767631270060645,0.011515147320169375,0.010058028736001371,0.01056784138915843,0.008975528310665653
Outros serviços,2021-12-01,2022-01-01,0.004893169041578024,-0.008936258193970864,0.0035357038352844057,0.006609508448171673,-0.0025478328851496783,0.007066906746110783,-10546.0,1180136.0,36443.0,46989.0,7700.833333333333,0.0074767631270060645,0.011515147320169375,0.010058028736001371,0.01056784138915843,0.008975528310665653,-0.008936258193970864
Outros serviços,2022-01-01,2022-02-01,0.017658211963152832,0.004893169041578024,0.0016441463860909376,0.006178909433933664,-0.002619573293181891,0.007079644799984039,5803.0,1185939.0,47423.0,41620.0,7244.333333333333,0.011515147320169375,0.010058028736001371,0.01056784138915843,0.008975528310665653,-0.008936258193970864,0.004893169041578024
Outros serviços,2022-02-01,2022-03-01,0.0088755307585455,0.017658211963152832,0.0045383742702533305,0.007202753541097575,8.757464538227274e-05,0.008141842893430628,21318.0,1207257.0,63636.0,42318.0,8579.166666666666,0.010058028736001371,0.01056784138915843,0.008975528310665653,-0.008936258193970864,0.004893169041578024,0.017658211963152832
Outros serviços,2022-03-01,2022-04-01,0.00916269974262445,0.0088755307585455,0.010475637254425454,0.007005670544854928,0.0008975978582841649,0.00808445185880458,10811.0,1218068.0,59358.0,48547.0,8423.833333333334,0.01056784138915843,0.008975528310665653,-0.008936258193970864,0.004893169041578024,0.017658211963152832,0.0088755307585455
Outros serviços,2022-04-01,2022-05-01,0.008075265867316475,0.00916269974262445,0.011898814154774262,0.0067714802704326,0.0019181790553976532,0.00799775816997273,11264.0,1229332.0,55001.0,43737.0,8222.833333333334,0.008975528310665653,-0.008936258193970864,0.004893169041578024,0.017658211963152832,0.0088755307585455,0.00916269974262445
Outros serviços,2022-05-01,2022-06-01,0.007684134588053681,0.008075265867316475,0.008704498789495474,0.006621436529874403,0.0025452437487133894,0.007963372033323318,10008.0,1239340.0,53690.0,43682.0,8109.666666666667,-0.008936258193970864,0.004893169041578024,0.017658211963152832,0.0088755307585455,0.00916269974262445,0.008075265867316475
Outros serviços,2022-06-01,2022-07-01,0.00619864139148757,0.007684134588053681,0.008307366732664868,0.009391501993545161,-0.00041448118774433794,0.00394841003550927,9597.0,1248937.0,50790.0,41193.0,11466.833333333334,0.004893169041578024,0.017658211963152832,0.0088755307585455,0.00916269974262445,0.008075265867316475,0.007684134588053681
Outros serviços,2022-07-01,2022-08-01,0.008614385550551534,0.00619864139148757,0.007319347282285909,0.009609080718530083,-0.001770270721288849,0.0037241322774368905,7790.0,1256727.0,50011.0,42221.0,11798.0,0.017658211963152832,0.0088755307585455,0.00916269974262445,0.008075265867316475,0.007684134588053681,0.00619864139148757
Outros serviços,2022-08-01,2022-09-01,0.006147451014827266,0.008614385550551534,0.0074990538433642616,0.008101776316429868,-0.0003025437820755219,0.000981841181961836,10920.0,1267647.0,57521.0,46601.0,10065.0,0.0088755307585455,0.00916269974262445,0.008075265867316475,0.007684134588053681,0.00619864139148757,0.008614385550551534
Outros serviços,2022-09-01,2022-10-01,0.002695991042554123,0.006147451014827266,0.006986825985622123,0.007647096359143496,-0.0004269822224527674,0.0011375676467812142,7841.0,1275488.0,52770.0,44929.0,9570.0,0.00916269974262445,0.008075265867316475,0.007684134588053681,0.00619864139148757,0.008614385550551534,0.006147451014827266
Outros serviços,2022-10-01,2022-11-01,0.0016564433460467833,0.002695991042554123,0.0058192758693109735,0.0065693115757984415,-0.0008311623052693432,0.001958359471202868,3448.0,1278936.0,47111.0,43663.0,8267.333333333334,0.008075265867316475,0.007684134588053681,0.00619864139148757,0.008614385550551534,0.006147451014827266,0.002695991042554123
Outros serviços,2022-11-01,2022-12-01,-0.013216298044525716,0.0016564433460467833,0.0034999618011427244,0.0054995078222534926,-0.0012318097655016885,0.002517026234761579,2122.0,1281058.0,43154.0,41032.0,6953.0,0.007684134588053681,0.00619864139148757,0.008614385550551534,0.006147451014827266,0.002695991042554123,0.0016564433460467833
Outros serviços,2022-12-01,2023-01-01,0.0035158956154945306,-0.013216298044525716,-0.0029546212186416037,0.0020161023834902596,-0.003468570964738679,0.007196256443818007,-16710.0,1264348.0,35388.0,52098.0,2568.5,0.00619864139148757,0.008614385550551534,0.006147451014827266,0.002695991042554123,0.0016564433460467833,-0.013216298044525716
Outros serviços,2023-01-01,2023-02-01,0.009836016959403409,0.0035158956154945306,-0.002681319694328134,0.0015689780874914197,-0.0024178069871386093,0.007003247665667516,4461.0,1268809.0,48705.0,44244.0,2013.6666666666667,0.008614385550551534,0.006147451014827266,0.002695991042554123,0.0016564433460467833,-0.013216298044525716,0.0035158956154945306
Outros serviços,2023-02-01,2023-03-01,0.005603608161820967,0.009836016959403409,4.5204843457407585e-05,0.001772583322300066,0.000172280058603698,0.007219537173985796,12604.0,1281413.0,56491.0,43887.0,2294.3333333333335,0.006147451014827266,0.002695991042554123,0.0016564433460467833,-0.013216298044525716,0.0035158956154945306,0.009836016959403409
Outros serviços,2023-03-01,2023-04-01,0.0066065167853321454,0.005603608161820967,0.006318506912239635,0.0016819428467990157,0.001594542859897838,0.0071672669344561455,7221.0,1288634.0,58915.0,51694.0,2191.0,0.002695991042554123,0.0016564433460467833,-0.013216298044525716,0.0035158956154945306,0.009836016959403409,0.005603608161820967
Outros serviços,2023-04-01,2023-05-01,0.0055068012790682516,0.0066065167853321454,0.0073487139688521745,0.00233369713726202,0.0025008630616964486,0.00740374595121094,8570.0,1297204.0,50864.0,42294.0,3044.6666666666665,0.0016564433460467833,-0.013216298044525716,0.0035158956154945306,0.009836016959403409,0.005603608161820967,0.0066065167853321454
Outros serviços,2023-05-01,2023-06-01,0.00436833548328003,0.0055068012790682516,0.005905642075407121,0.0029754234594322644,0.002818712895140006,0.007483668505731551,7183.0,1304387.0,52438.0,45255.0,3888.1666666666665,-0.013216298044525716,0.0035158956154945306,0.009836016959403409,0.005603608161820967,0.0066065167853321454,0.0055068012790682516
Outros serviços,2023-06-01,2023-07-01,0.0045596458049511025,0.00436833548328003,0.005493884515893476,0.005906195714066555,-0.00022064397367333718,0.0020109520305612006,5723.0,1310110.0,49409.0,43686.0,7627.0,0.0035158956154945306,0.009836016959403409,0.005603608161820967,0.0066065167853321454,0.0055068012790682516,0.00436833548328003
Outros serviços,2023-07-01,2023-08-01,0.005688853699756958,0.0045596458049511025,0.004811594189099795,0.006080154078975984,-0.0008910682661185211,0.0018340147870851951,6001.0,1316111.0,49543.0,43542.0,7883.666666666667,0.009836016959403409,0.005603608161820967,0.0066065167853321454,0.0055068012790682516,0.00436833548328003,0.0045596458049511025
Outros serviços,2023-08-01,2023-09-01,0.004594096634705772,0.005688853699756958,0.004872278329329363,0.005388960202368242,-0.00019579574420718263,0.0007485294021532102,7530.0,1323641.0,55385.0,47855.0,7038.0,0.005603608161820967,0.0066065167853321454,0.0055068012790682516,0.00436833548328003,0.0045596458049511025,0.005688853699756958
Outros serviços,2023-09-01,2023-10-01,0.004560419570577958,0.004594096634705772,0.004947532046471278,0.005220708281182377,-0.00026641809055413394,0.0007934796454153205,6109.0,1329750.0,49940.0,43831.0,6852.666666666667,0.0066065167853321454,0.0055068012790682516,0.00436833548328003,0.0045596458049511025,0.005688853699756958,0.004594096634705772
Outros serviços,2023-10-01,2023-11-01,0.001827708236194302,0.004560419570577958,0.004947789968346896,0.004879692078723345,-8.358334838195386e-05,0.000515658697730532,6092.0,1335842.0,49950.0,43858.0,6439.666666666667,0.0055068012790682516,0.00436833548328003,0.0045596458049511025,0.005688853699756958,0.004594096634705772,0.004560419570577958
Outros serviços,2023-11-01,2023-12-01,-0.007269900024762368,0.001827708236194302,0.003660741480492677,0.00426650990491102,-0.0003941592001028358,0.0011733718159990007,2446.0,1338288.0,44251.0,41805.0,5650.166666666667,0.00436833548328003,0.0045596458049511025,0.005688853699756958,0.004594096634705772,0.004560419570577958,0.001827708236194302
Outros serviços,2023-12-01,2024-01-01,0.004353889537101359,-0.007269900024762368,-0.00029392407266336934,0.0023268039869039536,-0.002021852645810946,0.004449053079746886,-9659.0,1328629.0,39554.0,49213.0,3086.5,0.0045596458049511025,0.005688853699756958,0.004594096634705772,0.004560419570577958,0.001827708236194302,-0.007269900024762368
Outros serviços,2024-01-01,2024-02-01,0.009052233391676549,0.004353889537101359,-0.000362767417155569,0.0022925112755956636,-0.0012857006321733162,0.004432472544407115,5810.0,1334439.0,53547.0,47737.0,3054.6666666666665,0.005688853699756958,0.004594096634705772,0.004560419570577958,0.001827708236194302,-0.007269900024762368,0.004353889537101359
Outros serviços,2024-02-01,2024-03-01,0.005896869742517627,0.009052233391676549,0.0020454076346718467,0.0028530745575822618,0.0003592424406704975,0.005002569193380253,12190.0,1346629.0,61781.0,49591.0,3831.3333333333335,0.004594096634705772,0.004560419570577958,0.001827708236194302,-0.007269900024762368,0.004353889537101359,0.009052233391676549
Outros serviços,2024-03-01,2024-04-01,0.009753216287915062,0.005896869742517627,0.006434330890431845,0.0030702034088842377,0.0011422747396573946,0.005100732836788274,7988.0,1354617.0,61877.0,53889.0,4144.5,0.004560419570577958,0.001827708236194302,-0.007269900024762368,0.004353889537101359,0.009052233391676549,0.005896869742517627
Outros serviços,2024-04-01,2024-05-01,0.0050317228377520316,0.009753216287915062,0.008234106474036412,0.003935669528440422,0.0023950340975719703,0.00568701122649765,13342.0,1367959.0,62810.0,49468.0,5352.833333333333,0.001827708236194302,-0.007269900024762368,0.004353889537101359,0.009052233391676549,0.005896869742517627,0.009753216287915062
Outros serviços,2024-05-01,2024-06-01,0.005169961114946072,0.0050317228377520316,0.006893936289394907,0.004469671962033377,0.0021300208833101193,0.005613962661593674,6918.0,1374877.0,56021.0,49103.0,6098.166666666667,-0.007269900024762368,0.004353889537101359,0.009052233391676549,0.005896869742517627,0.009753216287915062,0.0050317228377520316
Outros serviços,2024-06-01,2024-07-01,0.0032203691776410454,0.005169961114946072,0.006651633413537722,0.006542982151984784,-0.00011785220649007331,0.002080890201996788,7145.0,1382022.0,53158.0,46013.0,8898.833333333334,0.004353889537101359,0.009052233391676549,0.005896869742517627,0.009753216287915062,0.0050317228377520316,0.005169961114946072
Outros serviços,2024-07-01,2024-08-01,0.005711208210256223,0.0032203691776410454,0.004474017710113049,0.006354062092074731,-0.0010303297258015774,0.002309910170083066,4465.0,1386487.0,55640.0,51175.0,8674.666666666666,0.009052233391676549,0.005896869742517627,0.009753216287915062,0.0050317228377520316,0.005169961114946072,0.0032203691776410454
Outros serviços,2024-08-01,2024-09-01,0.0060622000975084035,0.005711208210256223,0.004700512834281113,0.00579722456183801,-0.0005825317347124292,0.0019700606802842582,7964.0,1394451.0,58376.0,50412.0,7970.333333333333,0.005896869742517627,0.009753216287915062,0.0050317228377520316,0.005169961114946072,0.0032203691776410454,0.005711208210256223
Outros serviços,2024-09-01,2024-10-01,0.0028848306521252437,0.0060622000975084035,0.004997925828468557,0.005824779621003139,-0.0005247490506235929,0.001972416525008939,8505.0,1402956.0,55480.0,46975.0,8056.5,0.009753216287915062,0.0050317228377520316,0.005169961114946072,0.0032203691776410454,0.005711208210256223,0.0060622000975084035
Outros serviços,2024-10-01,2024-11-01,0.0034034083665056454,0.0028848306521252437,0.004886079653296623,0.004680048681704837,-0.00015905442708090758,0.0012035221533840807,4059.0,1407015.0,53620.0,49561.0,6509.333333333333,0.0050317228377520316,0.005169961114946072,0.0032203691776410454,0.005711208210256223,0.0060622000975084035,0.0028848306521252437
Outros serviços,2024-11-01,2024-12-01,-0.012741220236173818,0.0034034083665056454,0.004116813038713097,0.004408662936497105,-0.00027109678375706724,0.0012750835193734158,4805.0,1411820.0,48708.0,43903.0,6157.166666666667,0.005169961114946072,0.0032203691776410454,0.005711208210256223,0.0060622000975084035,0.0028848306521252437,0.0034034083665056454
Outros serviços,2024-12-01,2025-01-01,0.005492392761370195,-0.012741220236173818,-0.002150993739180976,0.0014234660446437904,-0.0025688204584488335,0.006452719619266923,-17762.0,1394058.0,36477.0,54239.0,2006.0,0.0032203691776410454,0.005711208210256223,0.0060622000975084035,0.0028848306521252437,0.0034034083665056454,-0.012741220236173818
Outros serviços,2025-01-01,2025-02-01,0.010514924967511451,0.005492392761370195,-0.001281806369432659,0.001802136641931982,-0.0016281645866027545,0.00661176348309643,7699.0,1401757.0,62084.0,54385.0,2545.0,0.005711208210256223,0.0060622000975084035,0.0028848306521252437,0.0034034083665056454,-0.012741220236173818,0.005492392761370195
Outros serviços,2025-02-01,2025-03-01,0.0028113950897020864,0.010514924967511451,0.0010886991642359428,0.00260275610147452,0.00039833377357344647,0.007292443450866663,14896.0,1416653.0,70743.0,55847.0,3700.3333333333335,0.0060622000975084035,0.0028848306521252437,0.0034034083665056454,-0.012741220236173818,0.005492392761370195,0.010514924967511451
Outros serviços,2025-03-01,2025-04-01,0.008260499273986373,0.0028113950897020864,0.006272904272861244,0.0020609552668401344,0.0011200281425270183,0.0071343403981935505,3994.0,1420647.0,59632.0,55638.0,2948.5,0.0028848306521252437,0.0034034083665056454,-0.012741220236173818,0.005492392761370195,0.010514924967511451,0.0028113950897020864
Outros serviços,2025-04-01,2025-05-01,0.0037624574897940732,0.008260499273986373,0.007195606443733304,0.0029569000371503225,0.0021704523634620736,0.0075092404249827,11833.0,1432480.0,61241.0,49408.0,4244.166666666667,0.0034034083665056454,-0.012741220236173818,0.005492392761370195,0.010514924967511451,0.0028113950897020864,0.008260499273986373
Outros serviços,2025-05-01,2025-06-01,0.004379541827221016,0.0037624574897940732,0.004944783951160845,0.003016741557698394,0.002374833665425103,0.007513989371354866,5410.0,1437890.0,58540.0,53130.0,4345.0,-0.012741220236173818,0.005492392761370195,0.010514924967511451,0.0028113950897020864,0.008260499273986373,0.0037624574897940732
Outros serviços,2025-06-01,2025-07-01,0.0022818369098000853,0.004379541827221016,0.005467499530333822,0.005870201901597532,-0.0005820729405603927,0.0026910551434102324,6325.0,1444215.0,55815.0,49490.0,8359.5,0.005492392761370195,0.010514924967511451,0.0028113950897020864,0.008260499273986373,0.0037624574897940732,0.004379541827221016
Outros serviços,2025-07-01,2025-08-01,0.005640472917692785,0.0022818369098000853,0.0034746120756050584,0.0053351092596691805,-0.0011702583388626371,0.0030129261929363344,3303.0,1447518.0,56632.0,53329.0,7626.833333333333,0.010514924967511451,0.0028113950897020864,0.008260499273986373,0.0037624574897940732,0.004379541827221016,0.0022818369098000853
Outros serviços,2025-08-01,2025-09-01,0.004963123466325812,0.005640472917692785,0.004100617218237962,0.004522700584699404,-9.067181757652711e-05,0.00199035401080336,8211.0,1455729.0,61690.0,53479.0,6512.666666666667,0.0028113950897020864,0.008260499273986373,0.0037624574897940732,0.004379541827221016,0.0022818369098000853,0.005640472917692785
Outros serviços,2025-09-01,2025-10-01,0.009278176680158543,0.004963123466325812,0.004295144431272894,0.004881321980803357,-0.0003700153620579311,0.0018376980398003794,7261.0,1462990.0,59693.0,52432.0,7057.166666666667,0.008260499273986373,0.0037624574897940732,0.004379541827221016,0.0022818369098000853,0.005640472917692785,0.004963123466325812
Outros serviços,2025-10-01,2025-11-01,0.0026273469671703204,0.009278176680158543,0.006627257688059047,0.005050934881832053,0.000933942196486555,0.002160389060802969,13701.0,1476691.0,70482.0,56781.0,7368.5,0.0037624574897940732,0.004379541827221016,0.0022818369098000853,0.005640472917692785,0.004963123466325812,0.009278176680158543
Outros serviços,2025-11-01,2025-12-01,-0.010955834229940814,0.0026273469671703204,0.0056228823712182255,0.0048617497947280935,0.0003300198731272834,0.002309492865379361,3890.0,1480581.0,50201.0,46311.0,7115.166666666667,0.004379541827221016,0.0022818369098000853,0.005640472917692785,0.004963123466325812,0.009278176680158543,0.0026273469671703204
Outros serviços,2025-12-01,2026-01-01,0.004111112244585676,-0.010955834229940814,0.00031656313912934987,0.0023058537852011216,-0.002026076581041118,0.006360953245594921,-16221.0,,41533.0,57754.0,3357.5,0.0022818369098000853,0.005640472917692785,0.004963123466325812,0.009278176680158543,0.0026273469671703204,-0.010955834229940814
Outros serviços,2026-01-01,2026-02-01,0.010229523115881642,0.004111112244585676,-0.0014057916727282726,0.0026107330076653866,-0.0017729858904949615,0.006396236268423803,6045.0,1470405.0,59198.0,53153.0,3814.5,0.005640472917692785,0.004963123466325812,0.009278176680158543,0.0026273469671703204,-0.010955834229940814,0.004111112244585676
Outros serviços,2026-02-01,2026-03-01,0.006626493134123965,0.010229523115881642,0.0011282670435088344,0.00337557470736353,-7.863932160144575e-05,0.006962132961553024,15197.0,1485602.0,70590.0,55393.0,4978.833333333333,0.004963123466325812,0.009278176680158543,0.0026273469671703204,-0.010955834229940814,0.004111112244585676,0.010229523115881642
Outros serviços,2026-03-01,2026-04-01,0.004699272514546714,0.006626493134123965,0.006989042831530428,0.003652802985329889,0.0007032873482996447,0.007052361291236683,9910.0,1495512.0,69367.0,59457.0,5420.333333333333,0.009278176680158543,0.0026273469671703204,-0.010955834229940814,0.004111112244585676,0.010229523115881642,0.006626493134123965
Outros serviços,2026-04-01,2026-05-01,0.002350421249932774,0.004699272514546714,0.007185096254850774,0.0028896522910612506,0.0019778577342963507,0.0066379047154572065,7061.0,1502573.0,62080.0,55019.0,4313.666666666667,0.0026273469671703204,-0.010955834229940814,0.004111112244585676,0.010229523115881642,0.006626493134123965,0.004699272514546714
Outros serviços,2026-05-01,2026-06-01,0.00279210503664762,0.002350421249932774,0.004558728966201151,0.002843498004854993,0.0018483636636426677,0.006640530335157701,3540.0,1506113.0,58127.0,54587.0,4255.333333333333,-0.010955834229940814,0.004111112244585676,0.010229523115881642,0.006626493134123965,0.004699272514546714,0.002350421249932774
Saúde Humana e Serviços Sociais,2020-07-01,2020-08-01,0.003161231945089052,0.005375551023799934,0.004582499741970273,0.003777245741178803,0.0003940682165304632,0.0014612306770064095,13520.0,2515091.0,63240.0,49720.0,9413.5,0.003935060362845543,0.003820743485121822,0.0011601713731946395,0.0029517542519891383,0.005420193950121744,0.005375551023799934
Saúde Humana e Serviços Sociais,2020-08-01,2020-09-01,0.002258008515578875,0.003161231945089052,0.0046523256396702435,0.0036482743382193882,0.00033762916999384673,0.0014756883339660416,7976.0,2523067.0,63675.0,55699.0,9124.0,0.003820743485121822,0.0011601713731946395,0.0029517542519891383,0.005420193950121744,0.005375551023799934,0.003161231945089052
Saúde Humana e Serviços Sociais,2020-09-01,2020-10-01,0.0022104034163793183,0.002258008515578875,0.003598263828155954,0.00338781850996223,0.00017351359613997452,0.0015578835201511456,5710.0,2528777.0,60645.0,54935.0,8497.833333333334,0.0011601713731946395,0.0029517542519891383,0.005420193950121744,0.005375551023799934,0.003161231945089052,0.002258008515578875
Saúde Humana e Serviços Sociais,2020-10-01,2020-11-01,0.005836600297027606,0.0022104034163793183,0.0025432146256824154,0.003562857183826344,-0.0004402179874396739,0.0013417693347908522,5602.0,2534379.0,63690.0,58088.0,8951.833333333334,0.0029517542519891383,0.005420193950121744,0.005375551023799934,0.003161231945089052,0.002258008515578875,0.0022104034163793183
Saúde Humana e Serviços Sociais,2020-11-01,2020-12-01,0.0028959635649921656,0.005836600297027606,0.0034350040763285994,0.004043664857999421,-0.00023761812906407755,0.0015390188714988903,14879.0,2549258.0,63732.0,48853.0,10207.666666666666,0.005420193950121744,0.005375551023799934,0.003161231945089052,0.002258008515578875,0.0022104034163793183,0.005836600297027606
Saúde Humana e Serviços Sociais,2020-12-01,2021-01-01,0.008325811723006664,0.0028959635649921656,0.003647655759466363,0.003622959793811158,-0.00012626963821207822,0.0014475210954874903,7404.0,2556662.0,66479.0,59075.0,9181.833333333334,0.005375551023799934,0.003161231945089052,0.002258008515578875,0.0022104034163793183,0.005836600297027606,0.0028959635649921656
Saúde Humana e Serviços Sociais,2021-01-01,2021-02-01,0.009946133431028173,0.008325811723006664,0.005686125195008811,0.004114669910345614,0.0008960845976707485,0.0022422634080908137,21465.0,2578127.0,75972.0,54507.0,10506.0,0.003161231945089052,0.002258008515578875,0.0022104034163793183,0.005836600297027606,0.0028959635649921656,0.008325811723006664
Saúde Humana e Serviços Sociais,2021-02-01,2021-03-01,0.01497904771703713,0.009946133431028173,0.007055969573009001,0.0052454868246688,0.0015384632218598021,0.0030438712364553285,25900.0,2604027.0,81793.0,55893.0,13493.333333333334,0.002258008515578875,0.0022104034163793183,0.005836600297027606,0.0028959635649921656,0.008325811723006664,0.009946133431028173
Saúde Humana e Serviços Sociais,2021-03-01,2021-04-01,0.011309467265749292,0.01497904771703713,0.011083664290357323,0.007365660024911842,0.002331476258951578,0.004367250989442271,39599.0,2643626.0,107555.0,67956.0,19141.5,0.0022104034163793183,0.005836600297027606,0.0028959635649921656,0.008325811723006664,0.009946133431028173,0.01497904771703713
Saúde Humana e Serviços Sociais,2021-04-01,2021-05-01,0.006104918057161124,0.011309467265749292,0.012078216137938198,0.008882170666473505,0.0018638259716504237,0.0038646993183159804,30240.0,2673866.0,91794.0,61554.0,23247.833333333332,0.005836600297027606,0.0028959635649921656,0.008325811723006664,0.009946133431028173,0.01497904771703713,0.011309467265749292
Saúde Humana e Serviços Sociais,2021-05-01,2021-06-01,0.006474209336584656,0.006104918057161124,0.010797811013315848,0.008926890293162426,0.0008579615250023323,0.003830601324347794,16424.0,2690290.0,77806.0,61382.0,23505.333333333332,0.0028959635649921656,0.008325811723006664,0.009946133431028173,0.01497904771703713,0.011309467265749292,0.006104918057161124
Saúde Humana e Serviços Sociais,2021-06-01,2021-07-01,0.0037281719999676228,0.006474209336584656,0.00796286488649836,0.009523264588427841,-0.0006986068144285438,0.0030427682546887934,17531.0,2707821.0,81907.0,64376.0,25193.166666666668,0.008325811723006664,0.009946133431028173,0.01497904771703713,0.011309467265749292,0.006104918057161124,0.006474209336584656
Saúde Humana e Serviços Sociais,2021-07-01,2021-08-01,0.0031347870402394866,0.0037281719999676228,0.005435766464571134,0.008756991301254667,-0.0017659677572928103,0.0037455927023316658,10133.0,2717954.0,79526.0,69393.0,23304.5,0.009946133431028173,0.01497904771703713,0.011309467265749292,0.006104918057161124,0.006474209336584656,0.0037281719999676228
Saúde Humana e Serviços Sociais,2021-08-01,2021-09-01,0.0008505501641367594,0.0031347870402394866,0.004445722792263922,0.007621766902789886,-0.002331311368625991,0.004215833315987047,8547.0,2726501.0,80666.0,72119.0,20412.333333333332,0.01497904771703713,0.011309467265749292,0.006104918057161124,0.006474209336584656,0.0037281719999676228,0.0031347870402394866
Saúde Humana e Serviços Sociais,2021-09-01,2021-10-01,0.0015331070628303131,0.0008505501641367594,0.0025711697347812895,0.005267017310639824,-0.001827171882726989,0.0032936865004848897,2321.0,2728822.0,75114.0,72793.0,14199.333333333334,0.011309467265749292,0.006104918057161124,0.006474209336584656,0.0037281719999676228,0.0031347870402394866,0.0008505501641367594
Saúde Humana e Serviços Sociais,2021-10-01,2021-11-01,0.0027116053864283986,0.0015331070628303131,0.0018394814224021866,0.00363762394348666,-0.0011520976413921683,0.002105214652160064,4190.0,2733012.0,74366.0,70176.0,9857.666666666666,0.006104918057161124,0.006474209336584656,0.0037281719999676228,0.0031347870402394866,0.0008505501641367594,0.0015331070628303131
Saúde Humana e Serviços Sociais,2021-11-01,2021-12-01,-0.001482246480486861,0.0027116053864283986,0.0016984208711318238,0.003072071831697873,-0.0007909271839513123,0.00180011330049748,7431.0,2740443.0,72284.0,64853.0,8358.833333333334,0.006474209336584656,0.0037281719999676228,0.0031347870402394866,0.0008505501641367594,0.0015331070628303131,0.0027116053864283986
Saúde Humana e Serviços Sociais,2021-12-01,2022-01-01,0.0062312400923173585,-0.001482246480486861,0.0009208219895906169,0.001745995862185953,-0.0007611165847146322,0.0017348803125292558,-4056.0,2736387.0,66496.0,70552.0,4761.0,0.0037281719999676228,0.0031347870402394866,0.0008505501641367594,0.0015331070628303131,0.0027116053864283986,-0.001482246480486861
Saúde Humana e Serviços Sociais,2022-01-01,2022-02-01,0.0084233126006505,0.0062312400923173585,0.0024868663327529653,0.002163173877577576,0.0002760678185747592,0.002352411060181628,17158.0,2753545.0,89473.0,72315.0,5931.833333333333,0.0031347870402394866,0.0008505501641367594,0.0015331070628303131,0.0027116053864283986,-0.001482246480486861,0.0062312400923173585
Saúde Humana e Serviços Sociais,2022-02-01,2022-03-01,0.00144267350558155,0.0084233126006505,0.004390768737493666,0.0030445948043127447,0.001364695982974702,0.0033363381715619555,23391.0,2776936.0,99093.0,75702.0,8405.833333333334,0.0008505501641367594,0.0015331070628303131,0.0027116053864283986,-0.001482246480486861,0.0062312400923173585,0.0084233126006505
Saúde Humana e Serviços Sociais,2022-03-01,2022-04-01,0.003690462585029139,0.00144267350558155,0.005365742066183136,0.003143282027886877,0.0006970411551207634,0.0032782312132660623,4012.0,2780948.0,89788.0,85776.0,8687.666666666666,0.0015331070628303131,0.0027116053864283986,-0.001482246480486861,0.0062312400923173585,0.0084233126006505,0.00144267350558155
Saúde Humana e Serviços Sociais,2022-04-01,2022-05-01,0.0038600103851980593,0.003690462585029139,0.0045188162304203965,0.0035028412815866806,0.00045317481312977346,0.0031992667214088273,10301.0,2791249.0,88967.0,78666.0,9706.166666666666,0.0027116053864283986,-0.001482246480486861,0.0062312400923173585,0.0084233126006505,0.00144267350558155,0.003690462585029139
Saúde Humana e Serviços Sociais,2022-05-01,2022-06-01,0.004345317155919033,0.0038600103851980593,0.0029977154919362497,0.003694242114714957,0.0003459517917568856,0.003180501930553791,10816.0,2802065.0,89861.0,79045.0,10270.333333333334,-0.001482246480486861,0.0062312400923173585,0.0084233126006505,0.00144267350558155,0.003690462585029139,0.0038600103851980593
Saúde Humana e Serviços Sociais,2022-06-01,2022-07-01,0.004821901532216144,0.004345317155919033,0.003965263375382077,0.0046655027207826065,-0.0005963352071114677,0.0021856096298732974,12229.0,2814294.0,87662.0,75433.0,12984.5,0.0062312400923173585,0.0084233126006505,0.00144267350558155,0.003690462585029139,0.0038600103851980593,0.004345317155919033
Saúde Humana e Serviços Sociais,2022-07-01,2022-08-01,0.0016948308893431816,0.004821901532216144,0.004342409691111079,0.004430612960765737,-0.00026084504545686896,0.002077788271239474,13636.0,2827930.0,91424.0,77788.0,12397.5,0.0084233126006505,0.00144267350558155,0.003690462585029139,0.0038600103851980593,0.004345317155919033,0.004821901532216144
Saúde Humana e Serviços Sociais,2022-08-01,2022-09-01,0.0016785938578196113,0.0016948308893431816,0.003620683192492787,0.0033091993422145177,0.0001468688723168613,0.0012845665095892772,4801.0,2832731.0,90456.0,85655.0,9299.166666666666,0.00144267350558155,0.003690462585029139,0.0038600103851980593,0.004345317155919033,0.004821901532216144,0.0016948308893431816
Saúde Humana e Serviços Sociais,2022-09-01,2022-10-01,0.0014294984860407467,0.0016785938578196113,0.002731775426459646,0.0033485194009208615,-0.000459379935637576,0.0012292508457166502,4763.0,2837494.0,81050.0,76287.0,9424.333333333334,0.003690462585029139,0.0038600103851980593,0.004345317155919033,0.004821901532216144,0.0016948308893431816,0.0016785938578196113
Saúde Humana e Serviços Sociais,2022-10-01,2022-11-01,0.002061861462997998,0.0014294984860407467,0.0016009744110678464,0.0029716920510894627,-0.0006651371437987938,0.00140119406645868,4062.0,2841556.0,74835.0,70773.0,8384.5,0.0038600103851980593,0.004345317155919033,0.004821901532216144,0.0016948308893431816,0.0016785938578196113,0.0014294984860407467
Saúde Humana e Serviços Sociais,2022-11-01,2022-12-01,-0.003823971120151732,0.002061861462997998,0.001723317935619452,0.00267200056405612,-0.0006174492752758551,0.0013711224831736658,5871.0,2847427.0,71621.0,65750.0,7560.333333333333,0.004345317155919033,0.004821901532216144,0.0016948308893431816,0.0016785938578196113,0.0014294984860407467,0.002061861462997998
Saúde Humana e Serviços Sociais,2022-12-01,2023-01-01,0.0020236904063283246,-0.003823971120151732,-0.00011087039037099584,0.0013104525180443252,-0.0012107819117901082,0.002567574809004961,-10847.0,2836580.0,61913.0,72760.0,3714.3333333333335,0.004821901532216144,0.0016948308893431816,0.0016785938578196113,0.0014294984860407467,0.002061861462997998,-0.003823971120151732
Saúde Humana e Serviços Sociais,2023-01-01,2023-02-01,0.0042365800467694895,0.0020236904063283246,8.719358305819679e-05,0.0008440839970630217,-0.00040660098205803045,0.0020987329082489676,5752.0,2842332.0,80697.0,74945.0,2400.3333333333335,0.0016948308893431816,0.0016785938578196113,0.0014294984860407467,0.002061861462997998,-0.003823971120151732,0.0020236904063283246
Saúde Humana e Serviços Sociais,2023-02-01,2023-03-01,0.004954962963272827,0.0042365800467694895,0.000812099777648694,0.001267708856634073,0.00024819068921321126,0.0024541322282928273,12093.0,2854425.0,87067.0,74974.0,3615.6666666666665,0.0016785938578196113,0.0014294984860407467,0.002061861462997998,-0.003823971120151732,0.0020236904063283246,0.0042365800467694895
Saúde Humana e Serviços Sociais,2023-03-01,2023-04-01,0.006350596281988089,0.004954962963272827,0.0037384111387902138,0.0018137703742096088,0.0008571182761129978,0.0028217756596552474,14214.0,2868639.0,101124.0,86910.0,5190.833333333333,0.0014294984860407467,0.002061861462997998,-0.003823971120151732,0.0020236904063283246,0.0042365800467694895,0.004954962963272827
Saúde Humana e Serviços Sociais,2023-04-01,2023-05-01,0.004783427196658634,0.006350596281988089,0.005180713097343469,0.002633953340200833,0.0014283818853047224,0.003270408513926485,18334.0,2886973.0,92162.0,73828.0,7569.5,0.002061861462997998,-0.003823971120151732,0.0020236904063283246,0.0042365800467694895,0.004954962963272827,0.006350596281988089
Saúde Humana e Serviços Sociais,2023-05-01,2023-06-01,0.0030518306000318243,0.004783427196658634,0.00536299548063985,0.0030875476291442722,0.0016210312036438414,0.00334743417056603,13876.0,2900849.0,93189.0,79313.0,8903.666666666666,-0.003823971120151732,0.0020236904063283246,0.0042365800467694895,0.004954962963272827,0.006350596281988089,0.004783427196658634
Saúde Humana e Serviços Sociais,2023-06-01,2023-07-01,0.004557907283209467,0.0030518306000318243,0.004728618026226182,0.004233514582508198,0.00023362502105429126,0.0013895224535023865,8880.0,2909729.0,88376.0,79496.0,12191.5,0.0020236904063283246,0.0042365800467694895,0.004954962963272827,0.006350596281988089,0.004783427196658634,0.0030518306000318243
Saúde Humana e Serviços Sociais,2023-07-01,2023-08-01,0.00385704597579719,0.004557907283209467,0.004131055026633308,0.004655884061988388,-0.0001619979997957881,0.000977766823275089,13323.0,2923052.0,92318.0,78995.0,13453.333333333334,0.0042365800467694895,0.004954962963272827,0.006350596281988089,0.004783427196658634,0.0030518306000318243,0.004557907283209467
Saúde Humana e Serviços Sociais,2023-08-01,2023-09-01,0.0035140886156161642,0.00385704597579719,0.0038222612863461603,0.004592628383493005,-0.00035997852943831047,0.0010144363385467005,11318.0,2934370.0,95954.0,84636.0,13324.166666666666,0.004954962963272827,0.006350596281988089,0.004783427196658634,0.0030518306000318243,0.004557907283209467,0.00385704597579719
Saúde Humana e Serviços Sociais,2023-09-01,2023-10-01,0.002373528148295708,0.0035140886156161642,0.0039763472915409406,0.004352482658883561,-0.0004415887231790374,0.0010693010473110192,10348.0,2944718.0,85219.0,74871.0,12679.833333333334,0.006350596281988089,0.004783427196658634,0.0030518306000318243,0.004557907283209467,0.00385704597579719,0.0035140886156161642
Saúde Humana e Serviços Sociais,2023-10-01,2023-11-01,0.0019860711293421215,0.002373528148295708,0.003248220913236354,0.003689637969934831,-0.00032467378578496806,0.0008314698624341444,7006.0,2951724.0,82852.0,75846.0,10791.833333333334,0.004783427196658634,0.0030518306000318243,0.004557907283209467,0.00385704597579719,0.0035140886156161642,0.002373528148295708
Saúde Humana e Serviços Sociais,2023-11-01,2023-12-01,-0.0025701555516987025,0.0019860711293421215,0.0026245626310846645,0.003223411958715413,-0.00034928263195345205,0.0008707867840313614,5874.0,2957598.0,78599.0,72725.0,9458.166666666666,0.0030518306000318243,0.004557907283209467,0.00385704597579719,0.0035140886156161642,0.002373528148295708,0.0019860711293421215
Saúde Humana e Serviços Sociais,2023-12-01,2024-01-01,0.004532222104866394,-0.0025701555516987025,0.0005964812419797091,0.002286414266760325,-0.0012112514051779,0.002338725223498385,-7582.0,2950016.0,71663.0,79245.0,6714.5,0.004557907283209467,0.00385704597579719,0.0035140886156161642,0.002373528148295708,0.0019860711293421215,-0.0025701555516987025
Saúde Humana e Serviços Sociais,2024-01-01,2024-02-01,0.0057438735649961905,0.004532222104866394,0.0013160458941699378,0.0022821334037031456,-0.00043612311073006207,0.0023345833458869327,13431.0,2963447.0,92841.0,79410.0,6732.5,0.00385704597579719,0.0035140886156161642,0.002373528148295708,0.0019860711293421215,-0.0025701555516987025,0.004532222104866394
Saúde Humana e Serviços Sociais,2024-02-01,2024-03-01,0.008418852027347795,0.0057438735649961905,0.0025686467060546275,0.002596604668569646,0.00037339371244489607,0.0026334900376168966,17120.0,2980567.0,99699.0,82579.0,7699.5,0.0035140886156161642,0.002373528148295708,0.0019860711293421215,-0.0025701555516987025,0.004532222104866394,0.0057438735649961905
Saúde Humana e Serviços Sociais,2024-03-01,2024-04-01,0.007064148480241856,0.008418852027347795,0.00623164923240346,0.0034140652371915845,0.0013886401245367924,0.0034316894647672086,25306.0,3005873.0,111974.0,86668.0,10192.5,0.002373528148295708,0.0019860711293421215,-0.0025701555516987025,0.004532222104866394,0.0057438735649961905,0.008418852027347795
Saúde Humana e Serviços Sociais,2024-04-01,2024-05-01,0.005042397949122461,0.007064148480241856,0.007075624690861947,0.004195835292515942,0.001701973170050513,0.0036339225644607715,21385.0,3027258.0,110399.0,89014.0,12589.0,0.0019860711293421215,-0.0025701555516987025,0.004532222104866394,0.0057438735649961905,0.008418852027347795,0.007064148480241856
Saúde Humana e Serviços Sociais,2024-05-01,2024-06-01,0.004477332603907229,0.005042397949122461,0.006841799485570704,0.004705223095812666,0.0013809578597881085,0.0035002170003399203,15342.0,3042600.0,105453.0,90111.0,14167.0,-0.0025701555516987025,0.004532222104866394,0.0057438735649961905,0.008418852027347795,0.007064148480241856,0.005042397949122461
Saúde Humana e Serviços Sociais,2024-06-01,2024-07-01,0.0053221386060247275,0.004477332603907229,0.005527959677757183,0.00587980445508032,-0.00010667365427208445,0.0014348092609132038,13684.0,3056284.0,103283.0,89599.0,17711.333333333332,0.004532222104866394,0.0057438735649961905,0.008418852027347795,0.007064148480241856,0.005042397949122461,0.004477332603907229
Saúde Humana e Serviços Sociais,2024-07-01,2024-08-01,0.004977320323431909,0.0053221386060247275,0.004947289719684805,0.006011457205273376,-0.0004558566741799551,0.0013381008943030791,16353.0,3072637.0,107691.0,91338.0,18198.333333333332,0.0057438735649961905,0.008418852027347795,0.007064148480241856,0.005042397949122461,0.004477332603907229,0.0053221386060247275
Saúde Humana e Serviços Sociais,2024-08-01,2024-09-01,0.0063134990138777915,0.004977320323431909,0.004925597177787955,0.0058836983316793295,-0.0006571072424984581,0.0013930175954354686,15370.0,3088007.0,105286.0,89916.0,17906.666666666668,0.008418852027347795,0.007064148480241856,0.005042397949122461,0.004477332603907229,0.0053221386060247275,0.004977320323431909
Saúde Humana e Serviços Sociais,2024-09-01,2024-10-01,0.0031484146296867754,0.0063134990138777915,0.005537652647778143,0.0055328061627676626,-8.867640590784217e-05,0.0008814723107479958,19620.0,3107627.0,104347.0,84727.0,16959.0,0.007064148480241856,0.005042397949122461,0.004477332603907229,0.0053221386060247275,0.004977320323431909,0.0063134990138777915
Saúde Humana e Serviços Sociais,2024-10-01,2024-11-01,0.0020085052546390263,0.0031484146296867754,0.004813077988998825,0.004880183854341816,-0.00012303530428170182,0.0009527835564546799,9815.0,3117442.0,100143.0,90328.0,15030.666666666666,0.005042397949122461,0.004477332603907229,0.0053221386060247275,0.004977320323431909,0.0063134990138777915,0.0031484146296867754
Saúde Humana e Serviços Sociais,2024-11-01,2024-12-01,-0.008002147846441886,0.0020085052546390263,0.0038234729660678642,0.0043745350719279095,-0.0005008322852831134,0.001422024346557168,6274.0,3123716.0,86406.0,80132.0,13519.333333333334,0.004477332603907229,0.0053221386060247275,0.004977320323431909,0.0063134990138777915,0.0031484146296867754,0.0020085052546390263
Saúde Humana e Serviços Sociais,2024-12-01,2025-01-01,0.00398416874670959,-0.008002147846441886,-0.0009484093207053618,0.002294621663536391,-0.0022483703386543636,0.004819204523986173,-24798.0,3098918.0,76090.0,100888.0,7105.666666666667,0.0053221386060247275,0.004977320323431909,0.0063134990138777915,0.0031484146296867754,0.0020085052546390263,-0.008002147846441886
Saúde Humana e Serviços Sociais,2025-01-01,2025-02-01,0.005309277312310637,0.00398416874670959,-0.0006698246150310903,0.002071626686983868,-0.0014015030811319535,0.004703522499429761,12396.0,3111314.0,105208.0,92812.0,6446.166666666667,0.004977320323431909,0.0063134990138777915,0.0031484146296867754,0.0020085052546390263,-0.008002147846441886,0.00398416874670959
Saúde Humana e Serviços Sociais,2025-02-01,2025-03-01,0.003729103024593033,0.005309277312310637,0.0004304327375261134,0.002126952851796989,-0.00035784283593852124,0.004739193032074106,16607.0,3127921.0,113508.0,96901.0,6652.333333333333,0.0063134990138777915,0.0031484146296867754,0.0020085052546390263,-0.008002147846441886,0.00398416874670959,0.005309277312310637
Saúde Humana e Serviços Sociais,2025-03-01,2025-04-01,0.006427024834031554,0.003729103024593033,0.004340849694537754,0.0016962201869161959,0.0007083449925913598,0.004447588039393629,11708.0,3139629.0,104885.0,93177.0,5333.666666666667,0.0031484146296867754,0.0020085052546390263,-0.008002147846441886,0.00398416874670959,0.005309277312310637,0.003729103024593033
Saúde Humana e Serviços Sociais,2025-04-01,2025-05-01,0.004607560405913881,0.006427024834031554,0.005155135056978408,0.0022426552209736587,0.0016746131164476696,0.004781323607534944,20309.0,3159938.0,107917.0,87608.0,7082.666666666667,0.0020085052546390263,-0.008002147846441886,0.00398416874670959,0.005309277312310637,0.003729103024593033,0.006427024834031554
Saúde Humana e Serviços Sociais,2025-05-01,2025-06-01,0.005337136651565563,0.004607560405913881,0.004921229421512823,0.002675831079519468,0.001965626721029346,0.004857613183109016,14627.0,3174565.0,106747.0,92120.0,8474.833333333334,-0.008002147846441886,0.00398416874670959,0.005309277312310637,0.003729103024593033,0.006427024834031554,0.004607560405913881
Saúde Humana e Serviços Sociais,2025-06-01,2025-07-01,0.004518904196922915,0.005337136651565563,0.005457240630503665,0.00489904516252071,0.00021021744612937447,0.0009115612314124886,17034.0,3191599.0,106955.0,89921.0,15446.833333333334,0.00398416874670959,0.005309277312310637,0.003729103024593033,0.006427024834031554,0.004607560405913881,0.005337136651565563
Saúde Humana e Serviços Sociais,2025-07-01,2025-08-01,0.0041058551457535085,0.004518904196922915,0.00482120041813412,0.004988167737556263,-2.70636892611055e-05,0.0008411811704302002,14488.0,3206087.0,110996.0,96508.0,15795.5,0.005309277312310637,0.003729103024593033,0.006427024834031554,0.004607560405913881,0.005337136651565563,0.004518904196922915
Saúde Humana e Serviços Sociais,2025-08-01,2025-09-01,0.001534928699786059,0.0041058551457535085,0.0046539653314139956,0.004787597376463409,-8.888643028205296e-05,0.0008831296527199147,13218.0,3219305.0,110187.0,96969.0,15230.666666666666,0.003729103024593033,0.006427024834031554,0.004607560405913881,0.005337136651565563,0.004518904196922915,0.0041058551457535085
Saúde Humana e Serviços Sociais,2025-09-01,2025-10-01,0.003235827757633502,0.001534928699786059,0.0033865626808208277,0.0044219016556622465,-0.000765252254467178,0.001490891845345261,4949.0,3224254.0,112552.0,107603.0,14104.166666666666,0.006427024834031554,0.004607560405913881,0.005337136651565563,0.004518904196922915,0.0041058551457535085,0.001534928699786059
Saúde Humana e Serviços Sociais,2025-10-01,2025-11-01,0.0033976749280366413,0.003235827757633502,0.0029588705343910233,0.0038900354762625715,-0.0005336667470831377,0.0012264796167295246,10467.0,3234721.0,108891.0,98424.0,12463.833333333334,0.004607560405913881,0.005337136651565563,0.004518904196922915,0.0041058551457535085,0.001534928699786059,0.003235827757633502
Saúde Humana e Serviços Sociais,2025-11-01,2025-12-01,-0.0034728501803435816,0.0033976749280366413,0.002722810461818734,0.0036883878966163645,-0.0004604989823280086,0.0011908764215227648,11028.0,3245749.0,94209.0,83181.0,11864.0,0.005337136651565563,0.004518904196922915,0.0041058551457535085,0.001534928699786059,0.003235827757633502,0.0033976749280366413
Saúde Humana e Serviços Sociais,2025-12-01,2026-01-01,0.0014839699143390946,-0.0034728501803435816,0.001053550835108854,0.002220056757964841,-0.0011537832423324467,0.002712259213570413,-11272.0,,80962.0,92234.0,7146.333333333333,0.004518904196922915,0.0041058551457535085,0.001534928699786059,0.003235827757633502,0.0033976749280366413,-0.0034728501803435816
Saúde Humana e Serviços Sociais,2026-01-01,2026-02-01,0.004644176895388948,0.0014839699143390946,0.00046959822067738473,0.0017142343775342038,-0.0007991690179159386,0.002511974218951875,4807.0,3239284.0,97069.0,92262.0,5532.833333333333,0.0041058551457535085,0.001534928699786059,0.003235827757633502,0.0033976749280366413,-0.0034728501803435816,0.0014839699143390946
Saúde Humana e Serviços Sociais,2026-02-01,2026-03-01,0.006827455085343189,0.004644176895388948,0.000885098876461487,0.0018039546691401105,9.77183525643142e-05,0.0026037313524591744,15114.0,3254398.0,112725.0,97611.0,5848.833333333333,0.001534928699786059,0.003235827757633502,0.0033976749280366413,-0.0034728501803435816,0.0014839699143390946,0.004644176895388948
Saúde Humana e Serviços Sociais,2026-03-01,2026-04-01,0.005508479720296699,0.006827455085343189,0.0043185339650237435,0.002686042400066299,0.0007615560752939435,0.0031929926037020467,22372.0,3276770.0,125306.0,102934.0,8752.666666666666,0.003235827757633502,0.0033976749280366413,-0.0034728501803435816,0.0014839699143390946,0.004644176895388948,0.006827455085343189
Saúde Humana e Serviços Sociais,2026-04-01,2026-05-01,0.004373610395135786,0.005508479720296699,0.005660037233676279,0.0030648177271768314,0.0012747184782688696,0.0033658647873526684,18150.0,3294920.0,118962.0,100812.0,10033.166666666666,0.0033976749280366413,-0.0034728501803435816,0.0014839699143390946,0.004644176895388948,0.006827455085343189,0.005508479720296699
Saúde Humana e Serviços Sociais,2026-05-01,2026-06-01,0.0061372502500127634,0.004373610395135786,0.005569848400258558,0.0032274736383600226,0.001528260299577825,0.003401413364552194,14474.0,3309394.0,114269.0,99795.0,10607.5,-0.0034728501803435816,0.0014839699143390946,0.004644176895388948,0.006827455085343189,0.005508479720296699,0.004373610395135786
Serviços,2020-07-01,2020-08-01,0.002060683562254398,-0.001166813407580345,-0.004278428077035383,-0.005537168275919781,-0.0005451777649656426,0.008616646174149596,-20393.0,17477516.0,394306.0,414699.0,-97464.16666666667,0.007008603619635767,-0.005985212341144826,-0.021411116702903476,-0.008717261053261255,-0.00295120977026455,-0.001166813407580345
Serviços,2020-08-01,2020-09-01,0.004517457486982668,0.002060683562254398,-0.000685779871863499,-0.006361821618816676,0.0030493840195989197,0.00754685573629564,36090.0,17513606.0,504084.0,467994.0,-112696.66666666667,-0.005985212341144826,-0.021411116702903476,-0.008717261053261255,-0.00295120977026455,-0.001166813407580345,0.002060683562254398
Serviços,2020-09-01,2020-10-01,0.008587766256594074,0.004517457486982668,0.0018037758805522404,-0.004611376647462094,0.004678888604533194,0.008578682132221327,79476.0,17593082.0,562870.0,483394.0,-81413.66666666667,-0.021411116702903476,-0.008717261053261255,-0.00295120977026455,-0.001166813407580345,0.002060683562254398,0.004517457486982668
Serviços,2020-10-01,2020-11-01,0.00983305100336179,0.008587766256594074,0.005055302435277047,0.0003884371791208316,0.0032045324368815153,0.005531124063312337,152394.0,17745476.0,665355.0,512961.0,7157.166666666667,-0.008717261053261255,-0.00295120977026455,-0.001166813407580345,0.002060683562254398,0.004517457486982668,0.008587766256594074
Serviços,2020-11-01,2020-12-01,-0.0016903037365482603,0.00983305100336179,0.0076460915823128445,0.0034801558552246723,0.0027326233367252345,0.004699195749972154,176225.0,17921701.0,666171.0,489946.0,62025.333333333336,-0.00295120977026455,-0.001166813407580345,0.002060683562254398,0.004517457486982668,0.008587766256594074,0.00983305100336179
Serviços,2020-12-01,2021-01-01,0.0045638333841396496,-0.0016903037365482603,0.005576837841135868,0.0036903068608440544,0.0007077131270884004,0.004427204763162143,-30242.0,17891459.0,581395.0,611637.0,65591.66666666667,-0.001166813407580345,0.002060683562254398,0.004517457486982668,0.008587766256594074,0.00983305100336179,-0.0016903037365482603
Serviços,2021-01-01,2021-02-01,0.009473864276521082,0.0045638333841396496,0.004235526883651059,0.004645414659464053,-0.00013892142326853792,0.003857868537868348,82028.0,17973487.0,663411.0,581383.0,82661.83333333333,0.002060683562254398,0.004517457486982668,0.008587766256594074,0.00983305100336179,-0.0016903037365482603,0.0045638333841396496
Serviços,2021-02-01,2021-03-01,0.005076494495360478,0.009473864276521082,0.004115797974704158,0.005880944778508501,3.3910874011964133e-05,0.004016067328909929,171907.0,18145394.0,752507.0,580600.0,105298.0,0.004517457486982668,0.008587766256594074,0.00983305100336179,-0.0016903037365482603,0.0045638333841396496,0.009473864276521082
Serviços,2021-03-01,2021-04-01,0.002966012789908548,0.005076494495360478,0.006371397385340404,0.005974117613238136,-0.00035370805331434794,0.003989752213340689,92585.0,18237979.0,727952.0,635367.0,107482.83333333333,0.008587766256594074,0.00983305100336179,-0.0016903037365482603,0.0045638333841396496,0.009473864276521082,0.005076494495360478
Serviços,2021-04-01,2021-05-01,0.005948473445056369,0.002966012789908548,0.005838790520596704,0.0050371587021238815,-0.0002607075851188162,0.003925534352876168,54255.0,18292234.0,622410.0,568155.0,91126.33333333333,0.00983305100336179,-0.0016903037365482603,0.0045638333841396496,0.009473864276521082,0.005076494495360478,0.002966012789908548
Serviços,2021-05-01,2021-06-01,0.006786155831900233,0.005948473445056369,0.004663660243441798,0.004389729109072978,0.0008286586955476922,0.003360898710700512,109462.0,18401696.0,681653.0,572191.0,79999.16666666667,-0.0016903037365482603,0.0045638333841396496,0.009473864276521082,0.005076494495360478,0.002966012789908548,0.005948473445056369
Serviços,2021-06-01,2021-07-01,0.0068163946629093775,0.006786155831900233,0.005233547355621717,0.005802472370481061,-4.500119888694716e-05,0.0020238099943610485,125730.0,18527426.0,702723.0,576993.0,105994.5,0.0045638333841396496,0.009473864276521082,0.005076494495360478,0.002966012789908548,0.005948473445056369,0.006786155831900233
Serviços,2021-07-01,2021-08-01,0.00957760659861703,0.0068163946629093775,0.006517007979955326,0.006177899250276015,-0.00014788295437975562,0.0019673578383124562,127157.0,18654583.0,735236.0,608079.0,113516.0,0.009473864276521082,0.005076494495360478,0.002966012789908548,0.005948473445056369,0.006786155831900233,0.0068163946629093775
Serviços,2021-08-01,2021-09-01,0.00765589015298398,0.00957760659861703,0.007726719031142214,0.006195189637292005,0.0009969825292036885,0.001996489086665683,180394.0,18834977.0,829651.0,649257.0,114930.5,0.005076494495360478,0.002966012789908548,0.005948473445056369,0.006786155831900233,0.0068163946629093775,0.00957760659861703
Serviços,2021-09-01,2021-10-01,0.0075629561814320985,0.00765589015298398,0.008016630471503463,0.006625088913562589,0.0009819150030590934,0.001987003560162253,145311.0,18980288.0,801237.0,655926.0,123718.16666666667,0.002966012789908548,0.005948473445056369,0.006786155831900233,0.0068163946629093775,0.00957760659861703,0.00765589015298398
Serviços,2021-10-01,2021-11-01,0.00937330573070217,0.0075629561814320985,0.008265484311011036,0.007391246145483182,0.0003840808165953581,0.0011297399699256312,144641.0,19124929.0,806916.0,662275.0,138782.5,0.005948473445056369,0.006786155831900233,0.0068163946629093775,0.00957760659861703,0.00765589015298398,0.0075629561814320985
Serviços,2021-11-01,2021-12-01,-0.005451216404541816,0.00937330573070217,0.008197384021706083,0.007962051526424149,0.00037867764582699454,0.001121749291261942,180960.0,19305889.0,818202.0,637242.0,150698.83333333334,0.006786155831900233,0.0068163946629093775,0.00957760659861703,0.00765589015298398,0.0075629561814320985,0.00937330573070217
Serviços,2021-12-01,2022-01-01,0.005285432578822887,-0.005451216404541816,0.003828348502530818,0.0059224894870171406,-0.0017726826260729255,0.005182085726529741,-104670.0,19201219.0,703925.0,808595.0,112298.83333333333,0.0068163946629093775,0.00957760659861703,0.00765589015298398,0.0075629561814320985,0.00937330573070217,-0.005451216404541816
Serviços,2022-01-01,2022-02-01,0.011036666132818708,0.005285432578822887,0.003069173968327747,0.005667329139669393,-0.001684909720636515,0.0051694649801544415,102026.0,19303245.0,836171.0,734145.0,108110.33333333333,0.00957760659861703,0.00765589015298398,0.0075629561814320985,0.00937330573070217,-0.005451216404541816,0.005285432578822887
Serviços,2022-02-01,2022-03-01,0.00568069195904938,0.011036666132818708,0.003623627435699926,0.005910505728703005,-0.00013580608696851435,0.005377807947258539,215421.0,19518666.0,974963.0,759542.0,113948.16666666667,0.00765589015298398,0.0075629561814320985,0.00937330573070217,-0.005451216404541816,0.005285432578822887,0.011036666132818708
Serviços,2022-03-01,2022-04-01,0.0059252492988114865,0.00568069195904938,0.007334263556896991,0.0055813060297139035,0.00018044025936573486,0.005321045054543567,111513.0,19630179.0,918976.0,807463.0,108315.16666666667,0.0075629561814320985,0.00937330573070217,-0.005451216404541816,0.005285432578822887,0.011036666132818708,0.00568069195904938
Serviços,2022-04-01,2022-05-01,0.006054819232232774,0.0059252492988114865,0.007547535796893191,0.0053083548826104695,0.0006259050424375993,0.00525397418644873,117007.0,19747186.0,869424.0,752417.0,103709.5,0.00937330573070217,-0.005451216404541816,0.005285432578822887,0.011036666132818708,0.00568069195904938,0.0059252492988114865
Serviços,2022-05-01,2022-06-01,0.0062291873144946774,0.006054819232232774,0.005886920163364547,0.004755273799532236,0.0015455329762876975,0.0049635917780091335,120294.0,19867480.0,880415.0,760121.0,93598.5,-0.005451216404541816,0.005285432578822887,0.011036666132818708,0.00568069195904938,0.0059252492988114865,0.006054819232232774
Serviços,2022-06-01,2022-07-01,0.004078582289518716,0.0062291873144946774,0.006069751948512979,0.0067020077527049846,-0.0002852059909610497,0.001961496039992392,124534.0,19992014.0,853671.0,729137.0,131799.16666666666,0.005285432578822887,0.011036666132818708,0.00568069195904938,0.0059252492988114865,0.006054819232232774,0.0062291873144946774
Serviços,2022-07-01,2022-08-01,0.006980608459065051,0.004078582289518716,0.005454196278748723,0.0065008660378209565,-0.0009432960919069365,0.002149330449631198,81873.0,20073887.0,846097.0,764224.0,128440.33333333333,0.011036666132818708,0.00568069195904938,0.0059252492988114865,0.006054819232232774,0.0062291873144946774,0.004078582289518716
Serviços,2022-08-01,2022-09-01,0.006026386053549585,0.006980608459065051,0.005762792687692815,0.005824856425528681,3.239855869891207e-05,0.0008786793692583299,141113.0,20215000.0,946069.0,804956.0,116055.66666666667,0.00568069195904938,0.0059252492988114865,0.006054819232232774,0.0062291873144946774,0.004078582289518716,0.006980608459065051
Serviços,2022-09-01,2022-10-01,0.004468874811198434,0.006026386053549585,0.005695192267377784,0.0058824721079453815,3.2355612263181626e-05,0.0008786711557966599,122562.0,20337562.0,871088.0,748526.0,117897.16666666667,0.0059252492988114865,0.006054819232232774,0.0062291873144946774,0.004078582289518716,0.006980608459065051,0.006026386053549585
Serviços,2022-10-01,2022-11-01,0.004493576820973605,0.004468874811198434,0.005825289774604357,0.005639743026676539,-0.00016103142052744719,0.0010226844567219821,91294.0,20428856.0,816797.0,725503.0,113611.66666666667,0.006054819232232774,0.0062291873144946774,0.004078582289518716,0.006980608459065051,0.006026386053549585,0.004468874811198434
Serviços,2022-11-01,2022-12-01,-0.009249198532140231,0.004493576820973605,0.004996279228573874,0.005379535958133345,-0.00024175420880233342,0.0010809304164840165,92213.0,20521069.0,803557.0,711344.0,108931.5,0.0062291873144946774,0.004078582289518716,0.006980608459065051,0.006026386053549585,0.004468874811198434,0.004493576820973605
Serviços,2022-12-01,2023-01-01,0.001996987192944077,-0.009249198532140231,-9.558229998939706e-05,0.002799804983694193,-0.0021616431504262916,0.005482675097498031,-188064.0,20333005.0,664710.0,852774.0,56831.833333333336,0.004078582289518716,0.006980608459065051,0.006026386053549585,0.004468874811198434,0.004493576820973605,-0.009249198532140231
Serviços,2023-01-01,2023-02-01,0.007994978647028557,0.001996987192944077,-0.0009195448394075165,0.00245287246759842,-0.002020575945082833,0.0054565775190934486,40686.0,20373691.0,865546.0,824860.0,49967.333333333336,0.006980608459065051,0.006026386053549585,0.004468874811198434,0.004493576820973605,-0.009249198532140231,0.001996987192944077
Serviços,2023-02-01,2023-03-01,0.005920703435114467,0.007994978647028557,0.000247589102610801,0.002621934165592338,-0.00032329929258520144,0.005607858858788262,164200.0,20537891.0,937170.0,772970.0,53815.166666666664,0.006026386053549585,0.004468874811198434,0.004493576820973605,-0.009249198532140231,0.001996987192944077,0.007994978647028557
Serviços,2023-03-01,2023-04-01,0.00500353783557666,0.005920703435114467,0.005304223091695701,0.002604320395853152,0.0008288438377951236,0.0055972941446047735,122323.0,20660214.0,1006970.0,884647.0,53775.333333333336,0.004468874811198434,0.004493576820973605,-0.009249198532140231,0.001996987192944077,0.007994978647028557,0.005920703435114467
Serviços,2023-04-01,2023-05-01,0.004025081898652932,0.00500353783557666,0.006306406639239894,0.002693430899916189,0.0015445000693961096,0.005630426974795738,103894.0,20764108.0,863267.0,759373.0,55875.333333333336,0.004493576820973605,-0.009249198532140231,0.001996987192944077,0.007994978647028557,0.005920703435114467,0.00500353783557666
Serviços,2023-05-01,2023-06-01,0.0036521880176213052,0.004025081898652932,0.004983107723114687,0.002615348412862744,0.0020947651105699843,0.005608125582695094,83915.0,20848023.0,907627.0,823712.0,54492.333333333336,-0.009249198532140231,0.001996987192944077,0.007994978647028557,0.005920703435114467,0.00500353783557666,0.004025081898652932
Serviços,2023-06-01,2023-07-01,0.0026835556752843773,0.0036521880176213052,0.004226935917283632,0.004765579504489667,-0.00013002433489367273,0.0018829513615198593,76420.0,20924443.0,863581.0,787161.0,98573.0,0.001996987192944077,0.007994978647028557,0.005920703435114467,0.00500353783557666,0.004025081898652932,0.0036521880176213052
Serviços,2023-07-01,2023-08-01,0.005424887243226357,0.0026835556752843773,0.0034536085305195384,0.004880007584879716,-0.000981174772803546,0.0017255043757037024,56303.0,20980746.0,852396.0,796093.0,101175.83333333333,0.007994978647028557,0.005920703435114467,0.00500353783557666,0.004025081898652932,0.0036521880176213052,0.0026835556752843773
Serviços,2023-08-01,2023-09-01,0.004633803056811437,0.005424887243226357,0.003920210312044013,0.0044516590175793505,-0.00028034060918140103,0.0011073351086310287,114439.0,21095185.0,964181.0,849742.0,92882.33333333333,0.005920703435114467,0.00500353783557666,0.004025081898652932,0.0036521880176213052,0.0026835556752843773,0.005424887243226357
Serviços,2023-09-01,2023-10-01,0.0051606485934358615,0.004633803056811437,0.004247415325107391,0.004237175621195511,3.948885135877792e-05,0.0009088649004144274,98206.0,21193391.0,872757.0,774551.0,88862.83333333333,0.00500353783557666,0.004025081898652932,0.0036521880176213052,0.0026835556752843773,0.005424887243226357,0.004633803056811437
Serviços,2023-10-01,2023-11-01,0.0043288566294088365,0.0051606485934358615,0.005073112964491219,0.004263360747505378,0.00032468600455505775,0.0009325225435183885,109939.0,21303330.0,896440.0,786501.0,89870.33333333333,0.004025081898652932,0.0036521880176213052,0.0026835556752843773,0.005424887243226357,0.004633803056811437,0.0051606485934358615
Serviços,2023-11-01,2023-12-01,-0.00857493393172946,0.0043288566294088365,0.004707769426552045,0.004313989869298029,0.00028638678934220566,0.0009264378750456794,92620.0,21395950.0,860936.0,768316.0,91321.16666666667,0.0036521880176213052,0.0026835556752843773,0.005424887243226357,0.004633803056811437,0.0051606485934358615,0.0043288566294088365
Serviços,2023-12-01,2024-01-01,0.0037843816759795005,-0.00857493393172946,0.0003048570970384124,0.002276136211072902,-0.0016872484097113511,0.004931514518578038,-181909.0,21214041.0,730726.0,912635.0,48266.333333333336,0.0026835556752843773,0.005424887243226357,0.004633803056811437,0.0051606485934358615,0.0043288566294088365,-0.00857493393172946
Serviços,2024-01-01,2024-02-01,0.008987770011339016,0.0037843816759795005,-0.00015389854211370792,0.0024596072111887552,-0.0013903008790252577,0.004963632016930207,80587.0,21294628.0,954061.0,873474.0,52313.666666666664,0.005424887243226357,0.004633803056811437,0.0051606485934358615,0.0043288566294088365,-0.00857493393172946,0.0037843816759795005
Serviços,2024-02-01,2024-03-01,0.00687366986778855,0.008987770011339016,0.0013990725851963518,0.003053421005874199,0.00013534981311801446,0.005470133937075645,193127.0,21487755.0,1073482.0,880355.0,65428.333333333336,0.004633803056811437,0.0051606485934358615,0.0043288566294088365,-0.00857493393172946,0.0037843816759795005,0.008987770011339016
Serviços,2024-03-01,2024-04-01,0.00635179606357555,0.00687366986778855,0.006548607185035689,0.0034267321410370506,0.0009971760607217983,0.005639070822625154,148722.0,21636477.0,1066667.0,917945.0,73847.66666666667,0.0051606485934358615,0.0043288566294088365,-0.00857493393172946,0.0037843816759795005,0.008987770011339016,0.00687366986778855
Serviços,2024-04-01,2024-05-01,0.0031728940933465084,0.00635179606357555,0.00740441198090104,0.003625256719393665,0.0017618256258499173,0.005717047301612681,138309.0,21774786.0,1052520.0,914211.0,78576.0,0.0043288566294088365,-0.00857493393172946,0.0037843816759795005,0.008987770011339016,0.00687366986778855,0.00635179606357555
Serviços,2024-05-01,2024-06-01,0.003999124011828849,0.0031728940933465084,0.00546612000823687,0.0034325962967166105,0.0018379223755605003,0.005709562884239845,69309.0,21844095.0,977552.0,908243.0,74690.83333333333,-0.00857493393172946,0.0037843816759795005,0.008987770011339016,0.00687366986778855,0.00635179606357555,0.0031728940933465084
Serviços,2024-06-01,2024-07-01,0.0035967065513241806,0.003999124011828849,0.0045079380562503026,0.005528272620642996,-0.00048265113939839345,0.002056844910353632,87708.0,21931803.0,951259.0,863551.0,119627.0,0.0037843816759795005,0.008987770011339016,0.00687366986778855,0.00635179606357555,0.0031728940933465084,0.003999124011828849
Serviços,2024-07-01,2024-08-01,0.005348737562549329,0.0035967065513241806,0.0035895748854998465,0.005496993433200443,-0.0011073673382337801,0.0020843699063645047,79167.0,22010970.0,1006902.0,927735.0,119390.33333333333,0.008987770011339016,0.00687366986778855,0.00635179606357555,0.0031728940933465084,0.003999124011828849,0.0035967065513241806
Serviços,2024-08-01,2024-09-01,0.005766726535119011,0.005348737562549329,0.004314856041900786,0.004890488025068828,-0.00043039143269908193,0.0013962421747612493,118364.0,22129334.0,1037277.0,918913.0,106929.83333333333,0.00687366986778855,0.00635179606357555,0.0031728940933465084,0.003999124011828849,0.0035967065513241806,0.005348737562549329
Serviços,2024-09-01,2024-10-01,0.0031894533117499493,0.005766726535119011,0.004904056882997507,0.004705997469623905,9.142186585203127e-05,0.0011780999093458113,128354.0,22257688.0,1009581.0,881227.0,103535.16666666667,0.00635179606357555,0.0031728940933465084,0.003999124011828849,0.0035967065513241806,0.005348737562549329,0.005766726535119011
Serviços,2024-10-01,2024-11-01,0.0030235363172178378,0.0031894533117499493,0.0047683058031394296,0.004178940344319639,0.00020393241923179534,0.0010207868100414897,71217.0,22328905.0,1032473.0,961256.0,92353.16666666667,0.0031728940933465084,0.003999124011828849,0.0035967065513241806,0.005348737562549329,0.005766726535119011,0.0031894533117499493
Serviços,2024-11-01,2024-12-01,-0.011640270240836963,0.0030235363172178378,0.003993238721362266,0.004154047381631527,-0.0001623345491202308,0.0010465137137599374,67717.0,22396622.0,921259.0,853542.0,92087.83333333333,0.003999124011828849,0.0035967065513241806,0.005348737562549329,0.005766726535119011,0.0031894533117499493,0.0030235363172178378
Serviços,2024-12-01,2025-01-01,0.0020359190850521482,-0.011640270240836963,-0.0018090935372897252,0.0015474816728538912,-0.0024496503120048346,0.005989469994114401,-257703.0,22138919.0,745347.0,1003050.0,34519.333333333336,0.0035967065513241806,0.005348737562549329,0.005766726535119011,0.0031894533117499493,0.0030235363172178378,-0.011640270240836963
Serviços,2025-01-01,2025-02-01,0.011355817148936383,0.0020359190850521482,-0.002193604946188992,0.0012873504284752187,-0.001970028563139598,0.005928402592318637,45165.0,22184084.0,1048662.0,1003497.0,28852.333333333332,0.005348737562549329,0.005766726535119011,0.0031894533117499493,0.0030235363172178378,-0.011640270240836963,0.0020359190850521482
Serviços,2025-02-01,2025-03-01,0.002332407273816984,0.011355817148936383,0.0005838219977171896,0.002288530359539728,0.0002806012523125328,0.006949109450158287,254812.0,22438896.0,1243562.0,988750.0,51593.666666666664,0.005766726535119011,0.0031894533117499493,0.0030235363172178378,-0.011640270240836963,0.0020359190850521482,0.011355817148936383
Serviços,2025-03-01,2025-04-01,0.006015212310137804,0.002332407273816984,0.005241381169268505,0.0017161438159893898,0.0009825086180394265,0.0067783853942518695,52459.0,22491355.0,1047630.0,995171.0,38944.5,0.0031894533117499493,0.0030235363172178378,-0.011640270240836963,0.0020359190850521482,0.011355817148936383,0.002332407273816984
Serviços,2025-04-01,2025-05-01,0.0030901500920603817,0.006015212310137804,0.0065678122442970575,0.0021871036490540324,0.0018913231592127394,0.006960119507821711,136109.0,22627464.0,1062130.0,926021.0,49759.833333333336,0.0030235363172178378,-0.011640270240836963,0.0020359190850521482,0.011355817148936383,0.002332407273816984,0.006015212310137804
Serviços,2025-05-01,2025-06-01,0.0033834533643970974,0.0030901500920603817,0.0038125898920050565,0.002198205944861123,0.0021876163275606933,0.006961497864240901,70139.0,22697603.0,1041228.0,971089.0,50163.5,-0.011640270240836963,0.0020359190850521482,0.011355817148936383,0.002332407273816984,0.006015212310137804,0.0030901500920603817
Serviços,2025-06-01,2025-07-01,0.0021975639763014113,0.0033834533643970974,0.004162938588865094,0.004702159879066799,-0.00041075784964521224,0.0032418459648432506,77057.0,22774660.0,992540.0,915483.0,105956.83333333333,0.0020359190850521482,0.011355817148936383,0.002332407273816984,0.006015212310137804,0.0030901500920603817,0.0033834533643970974
Serviços,2025-07-01,2025-08-01,0.0035363063388996188,0.0021975639763014113,0.0028903891442529635,0.004729100694275011,-0.0013018054231289126,0.003220175910773602,50159.0,22824819.0,1040864.0,990705.0,106789.16666666667,0.011355817148936383,0.002332407273816984,0.006015212310137804,0.0030901500920603817,0.0033834533643970974,0.0021975639763014113
Serviços,2025-08-01,2025-09-01,0.004632540496489136,0.0035363063388996188,0.003039107893199376,0.0034258488926022165,-0.00014686132582169455,0.0012606739751891236,81002.0,22905821.0,1056040.0,975038.0,77820.83333333333,0.002332407273816984,0.006015212310137804,0.0030901500920603817,0.0033834533643970974,0.0021975639763014113,0.0035363063388996188
Serviços,2025-09-01,2025-10-01,0.003569451786745823,0.004632540496489136,0.0034554702705633885,0.0038092044297142417,-0.0001931651347377518,0.0012189144402915588,106606.0,23012427.0,1081255.0,974649.0,86845.33333333333,0.006015212310137804,0.0030901500920603817,0.0033834533643970974,0.0021975639763014113,0.0035363063388996188,0.004632540496489136
Serviços,2025-10-01,2025-11-01,0.0032425990270001795,0.003569451786745823,0.0039127662073781926,0.003401577675815578,0.00021378606378004368,0.0007197878871426197,82436.0,23094863.0,1087847.0,1005411.0,77899.83333333333,0.0030901500920603817,0.0033834533643970974,0.0021975639763014113,0.0035363063388996188,0.004632540496489136,0.003569451786745823
Serviços,2025-11-01,2025-12-01,-0.012119554282146124,0.0032425990270001795,0.00381486377007838,0.0034269858316388776,0.00012878931148394752,0.0007109830330166049,75131.0,23169994.0,945643.0,870512.0,78731.83333333333,0.0033834533643970974,0.0021975639763014113,0.0035363063388996188,0.004632540496489136,0.003569451786745823,0.0032425990270001795
Serviços,2025-12-01,2026-01-01,0.001767357797693813,-0.012119554282146124,-0.0017691678228000402,0.0008431512238816739,-0.002100851483933694,0.005840502090171472,-280810.0,,760341.0,1041151.0,19087.333333333332,0.0021975639763014113,0.0035363063388996188,0.004632540496489136,0.003569451786745823,0.0032425990270001795,-0.012119554282146124
Serviços,2026-01-01,2026-02-01,0.007701038729058786,0.001767357797693813,-0.002369865819150711,0.0007714501941137409,-0.0016979394229051556,0.005826057352574519,40525.0,22929709.0,1032076.0,991551.0,17481.666666666668,0.0035363063388996188,0.004632540496489136,0.003569451786745823,0.0032425990270001795,-0.012119554282146124,0.001767357797693813
Serviços,2026-02-01,2026-03-01,0.00655161877748086,0.007701038729058786,-0.0008837192517978416,0.0014655722591402692,-0.00015502697467011665,0.006339579386261457,177953.0,23107662.0,1172438.0,994485.0,33640.166666666664,0.004632540496489136,0.003569451786745823,0.0032425990270001795,-0.012119554282146124,0.001767357797693813,0.007701038729058786
Serviços,2026-03-01,2026-04-01,0.0029833704348980056,0.00655161877748086,0.005340005101411152,0.0017854186393055562,0.0012049447468483123,0.006536639961238827,152391.0,23260053.0,1214329.0,1061938.0,41271.0,0.003569451786745823,0.0032425990270001795,-0.012119554282146124,0.001767357797693813,0.007701038729058786,0.00655161877748086
Serviços,2026-04-01,2026-05-01,0.0019531292613073053,0.0029833704348980056,0.005745342647145883,0.0016877384139975865,0.0017328873471352875,0.006513588841441231,69601.0,23329654.0,1086472.0,1016871.0,39131.833333333336,0.0032425990270001795,-0.012119554282146124,0.001767357797693813,0.007701038729058786,0.00655161877748086,0.0029833704348980056
Serviços,2026-05-01,2026-06-01,0.0031775932807680467,0.0019531292613073053,0.003829372824562057,0.0014728267863821076,0.002081772447922908,0.0064799274211721075,45655.0,23375309.0,1047797.0,1002142.0,34219.166666666664,-0.012119554282146124,0.001767357797693813,0.007701038729058786,0.00655161877748086,0.0029833704348980056,0.0019531292613073053
Serviços domésticos,2021-04-01,2021-05-01,0.1059322033898305,0.4597156398104265,0.4098585610590902,1.1727397380458848,-0.6651491476661066,1.6518902973644847,97.0,211.0,173.0,76.0,39.0,4.833333333333333,0.8235294117647058,0.15,0.550561797752809,0.21929824561403508,0.4597156398104265
Serviços domésticos,2021-05-01,2021-06-01,0.11610486891385768,0.1059322033898305,0.26164869627143067,0.3848395497219678,-0.08543150498805342,0.2535947990843574,25.0,236.0,99.0,74.0,38.333333333333336,0.8235294117647058,0.15,0.550561797752809,0.21929824561403508,0.4597156398104265,0.1059322033898305
Serviços domésticos,2021-06-01,2021-07-01,0.14696485623003194,0.11610486891385768,0.22725090403803824,0.2669354592468265,-0.03608420126637873,0.17427144489806318,31.0,267.0,98.0,67.0,38.833333333333336,0.15,0.550561797752809,0.21929824561403508,0.4597156398104265,0.1059322033898305,0.11610486891385768
Serviços domésticos,2021-07-01,2021-08-01,0.16310160427807488,0.14696485623003194,0.12300064284457339,0.2664296019518318,-0.0766099506895718,0.17461420696804794,46.0,313.0,119.0,73.0,45.5,0.550561797752809,0.21929824561403508,0.4597156398104265,0.1059322033898305,0.11610486891385768,0.14696485623003194
Serviços domésticos,2021-08-01,2021-09-01,0.07881773399014778,0.16310160427807488,0.14205710980732147,0.20185290303937609,-0.03454465405419876,0.12101335863482526,61.0,374.0,136.0,75.0,47.5,0.21929824561403508,0.4597156398104265,0.1059322033898305,0.11610486891385768,0.14696485623003194,0.16310160427807488
Serviços domésticos,2021-09-01,2021-10-01,-0.1534090909090909,0.07881773399014778,0.12962806483275155,0.1784394844353949,-0.04863203826058532,0.1287177672465088,32.0,406.0,115.0,83.0,48.666666666666664,0.4597156398104265,0.1059322033898305,0.11610486891385768,0.14696485623003194,0.16310160427807488,0.07881773399014778
Serviços domésticos,2021-10-01,2021-11-01,0.043478260869565216,-0.1534090909090909,0.029503415786377246,0.07625202931547531,-0.03978374652050553,0.10627254827553144,-54.0,352.0,120.0,174.0,23.5,0.1059322033898305,0.11610486891385768,0.14696485623003194,0.16310160427807488,0.07881773399014778,-0.1534090909090909
Serviços domésticos,2021-11-01,2021-12-01,0.008086253369272238,0.043478260869565216,-0.010371032016459303,0.06584303889543108,-0.0385296786264788,0.10591368480790198,16.0,368.0,119.0,103.0,22.0,0.11610486891385768,0.14696485623003194,0.16310160427807488,0.07881773399014778,-0.1534090909090909,0.043478260869565216
Serviços domésticos,2021-12-01,2022-01-01,0.10602409638554217,0.008086253369272238,-0.03394819222341782,0.047839936304666854,-0.03672828198367331,0.10501680522474933,3.0,371.0,112.0,109.0,17.333333333333332,0.14696485623003194,0.16310160427807488,0.07881773399014778,-0.1534090909090909,0.043478260869565216,0.008086253369272238
Serviços domésticos,2022-01-01,2022-02-01,0.0,0.10602409638554217,0.052529536874793205,0.04101647633058523,-0.008591275129903837,0.09954183825212824,44.0,415.0,135.0,91.0,17.0,0.16310160427807488,0.07881773399014778,-0.1534090909090909,0.043478260869565216,0.008086253369272238,0.10602409638554217
Serviços domésticos,2022-02-01,2022-03-01,-0.06683804627249357,0.0,0.038036783251604804,0.01383287561757275,0.00996625384093907,0.0834619168183437,0.0,415.0,109.0,109.0,6.833333333333333,0.07881773399014778,-0.1534090909090909,0.043478260869565216,0.008086253369272238,0.10602409638554217,0.0
Serviços domésticos,2022-03-01,2022-04-01,0.044226044226044224,-0.06683804627249357,0.013062016704349533,-0.010443087759534142,0.011438808102587456,0.08220318402949536,-26.0,389.0,111.0,137.0,-2.8333333333333335,-0.1534090909090909,0.043478260869565216,0.008086253369272238,0.10602409638554217,0.0,-0.06683804627249357
Serviços domésticos,2022-04-01,2022-05-01,0.053488372093023255,0.044226044226044224,-0.0075373340154831145,0.02249610142965505,-0.00934451652938413,0.05257324353758416,18.0,407.0,123.0,105.0,9.166666666666666,0.043478260869565216,0.008086253369272238,0.10602409638554217,0.0,-0.06683804627249357,0.044226044226044224
Serviços domésticos,2022-05-01,2022-06-01,0.03803131991051454,0.053488372093023255,0.01029212334885797,0.024164453300231387,-0.000720617403778069,0.053365477378011186,23.0,430.0,134.0,111.0,10.333333333333334,0.008086253369272238,0.10602409638554217,0.0,-0.06683804627249357,0.044226044226044224,0.053488372093023255
Serviços domésticos,2022-06-01,2022-07-01,0.02188183807439825,0.03803131991051454,0.04524857874319401,0.029155297723771772,-0.001955276445643729,0.053027627017913546,17.0,447.0,136.0,119.0,12.666666666666666,0.10602409638554217,0.0,-0.06683804627249357,0.044226044226044224,0.053488372093023255,0.03803131991051454
Serviços domésticos,2022-07-01,2022-08-01,0.043933054393305436,0.02188183807439825,0.03780051002597868,0.015131588005247784,0.01237941762251413,0.0404880224363874,10.0,457.0,128.0,118.0,7.0,0.0,-0.06683804627249357,0.044226044226044224,0.053488372093023255,0.03803131991051454,0.02188183807439825
Serviços domésticos,2022-08-01,2022-09-01,0.03434343434343434,0.043933054393305436,0.034615404126072745,0.022453763737465358,0.013467595219758521,0.04105799502061576,21.0,478.0,130.0,109.0,10.5,-0.06683804627249357,0.044226044226044224,0.053488372093023255,0.03803131991051454,0.02188183807439825,0.043933054393305436
Serviços domésticos,2022-09-01,2022-10-01,0.04990403071017274,0.03434343434343434,0.03338610893704601,0.03931734384012001,-0.002692242409951979,0.009803134359899017,17.0,495.0,119.0,102.0,17.666666666666668,0.044226044226044224,0.053488372093023255,0.03803131991051454,0.02188183807439825,0.043933054393305436,0.03434343434343434
Serviços domésticos,2022-10-01,2022-11-01,0.05786618444846293,0.04990403071017274,0.04272683981563751,0.040263674920808096,-0.00019811849418817105,0.010481873273970904,26.0,521.0,140.0,114.0,19.0,0.053488372093023255,0.03803131991051454,0.02188183807439825,0.043933054393305436,0.03434343434343434,0.04990403071017274
Serviços domésticos,2022-11-01,2022-12-01,-0.03171641791044776,0.05786618444846293,0.047371216500690004,0.040993310313381374,0.004961465158491266,0.011481721150937573,32.0,553.0,140.0,108.0,20.5,0.03803131991051454,0.02188183807439825,0.043933054393305436,0.03434343434343434,0.04990403071017274,0.05786618444846293
Serviços domésticos,2022-12-01,2023-01-01,-0.040776699029126215,-0.03171641791044776,0.025351265749395963,0.029368687343220984,-0.006018036954057687,0.02960326434582697,-17.0,536.0,80.0,97.0,14.833333333333334,0.02188183807439825,0.043933054393305436,0.03434343434343434,0.04990403071017274,0.05786618444846293,-0.03171641791044776
Serviços domésticos,2023-01-01,2023-02-01,0.04981549815498155,-0.040776699029126215,-0.004875644163703684,0.018925597825966912,-0.017536176289586126,0.03972424357352608,-21.0,515.0,67.0,88.0,9.666666666666666,0.043933054393305436,0.03434343434343434,0.04990403071017274,0.05786618444846293,-0.03171641791044776,-0.040776699029126215
Serviços domésticos,2023-02-01,2023-03-01,-0.024574669187145556,0.04981549815498155,-0.007559206261530807,0.019906005119579597,-0.008121842071973473,0.04039624370436335,27.0,542.0,101.0,74.0,10.666666666666666,0.03434343434343434,0.04990403071017274,0.05786618444846293,-0.03171641791044776,-0.040776699029126215,0.04981549815498155
Serviços domésticos,2023-03-01,2023-04-01,0.0,-0.024574669187145556,-0.005178623353763408,0.01008632119781628,-0.0115887382710204,0.04278370582122165,-13.0,529.0,73.0,86.0,5.666666666666667,0.04990403071017274,0.05786618444846293,-0.03171641791044776,-0.040776699029126215,0.04981549815498155,-0.024574669187145556
Serviços domésticos,2023-04-01,2023-05-01,0.04684684684684685,0.0,0.00841360965594533,0.0017689827461208237,-0.0050660993968085774,0.03890991320506858,0.0,529.0,56.0,56.0,1.3333333333333333,0.05786618444846293,-0.03171641791044776,-0.040776699029126215,0.04981549815498155,-0.024574669187145556,0.0
Serviços domésticos,2023-05-01,2023-06-01,-0.012773722627737226,0.04684684684684685,0.0074240592199004305,-6.75735208151886e-05,0.012593035815192126,0.03639772940096758,26.0,555.0,86.0,60.0,0.3333333333333333,-0.03171641791044776,-0.040776699029126215,0.04981549815498155,-0.024574669187145556,0.0,0.04684684684684685
Serviços domésticos,2023-06-01,2023-07-01,0.0,-0.012773722627737226,0.011357708073036541,0.0030895423596365664,0.004448102779133898,0.03427526032750375,-7.0,548.0,66.0,73.0,2.0,-0.040776699029126215,0.04981549815498155,-0.024574669187145556,0.0,0.04684684684684685,-0.012773722627737226
Serviços domésticos,2023-07-01,2023-08-01,0.010830324909747292,0.0,0.011357708073036541,0.009885658864490936,-0.004766508692852453,0.028451525337663864,0.0,548.0,82.0,82.0,5.5,0.04981549815498155,-0.024574669187145556,0.0,0.04684684684684685,-0.012773722627737226,0.0
Serviços domésticos,2023-08-01,2023-09-01,0.010714285714285714,0.010830324909747292,-0.0006477992393299782,0.003388129990285226,0.0033544114574251462,0.0223983957892234,6.0,554.0,110.0,104.0,2.0,-0.024574669187145556,0.0,0.04684684684684685,-0.012773722627737226,0.0,0.010830324909747292
Serviços domésticos,2023-09-01,2023-10-01,0.029462738301559793,0.010714285714285714,0.0071815368746776685,0.009269622473857105,-0.0011915547032037971,0.01859359881085114,6.0,560.0,73.0,67.0,5.166666666666667,0.0,0.04684684684684685,-0.012773722627737226,0.0,0.010830324909747292,0.010714285714285714
Serviços domésticos,2023-10-01,2023-11-01,0.023688663282571912,0.029462738301559793,0.017002449641864266,0.014180078857450403,-0.000160748365446262,0.019371336363664813,17.0,577.0,91.0,74.0,8.0,0.04684684684684685,-0.012773722627737226,0.0,0.010830324909747292,0.010714285714285714,0.029462738301559793
Serviços domésticos,2023-11-01,2023-12-01,0.005050505050505051,0.023688663282571912,0.021288562432805806,0.010320381596737914,0.007730974436021812,0.014055864163614859,14.0,591.0,84.0,70.0,6.0,-0.012773722627737226,0.0,0.010830324909747292,0.010714285714285714,0.029462738301559793,0.023688663282571912
Serviços domésticos,2023-12-01,2024-01-01,-0.006779661016949152,0.005050505050505051,0.019400635544878916,0.013291086209778294,0.0023593140845220915,0.010221605694230347,3.0,594.0,79.0,76.0,7.666666666666667,0.0,0.010830324909747292,0.010714285714285714,0.029462738301559793,0.023688663282571912,0.005050505050505051
Serviços domésticos,2024-01-01,2024-02-01,0.00505902192242833,-0.006779661016949152,0.007319835772042604,0.012161142706953435,-0.003166152761251774,0.011870191135051318,-4.0,590.0,67.0,71.0,7.0,0.010830324909747292,0.010714285714285714,0.029462738301559793,0.023688663282571912,0.005050505050505051,-0.006779661016949152
Serviços domésticos,2024-02-01,2024-03-01,0.014950166112956811,0.00505902192242833,0.0011099553186614097,0.011199258875733609,-0.004446905004196588,0.012169129975036256,3.0,593.0,75.0,72.0,6.5,0.010714285714285714,0.029462738301559793,0.023688663282571912,0.005050505050505051,-0.006779661016949152,0.00505902192242833
Serviços domésticos,2024-03-01,2024-04-01,0.025889967637540454,0.014950166112956811,0.004409842339478664,0.011905238942178792,-0.004008055745454279,0.01224316139119833,9.0,602.0,81.0,72.0,7.0,0.029462738301559793,0.023688663282571912,0.005050505050505051,-0.006779661016949152,0.00505902192242833,0.014950166112956811
Serviços domésticos,2024-04-01,2024-05-01,0.040372670807453416,0.025889967637540454,0.015299718557641867,0.011309777164842235,0.0015012625114735846,0.011434956709320264,16.0,618.0,99.0,83.0,6.833333333333333,0.023688663282571912,0.005050505050505051,-0.006779661016949152,0.00505902192242833,0.014950166112956811,0.025889967637540454
Serviços domésticos,2024-05-01,2024-06-01,0.030120481927710843,0.040372670807453416,0.02707093485265023,0.014090445085655818,0.008128881683963973,0.015435736082843224,26.0,644.0,104.0,78.0,8.833333333333334,0.005050505050505051,-0.006779661016949152,0.00505902192242833,0.014950166112956811,0.025889967637540454,0.040372670807453416
Serviços domésticos,2024-06-01,2024-07-01,-0.0015082956259426848,0.030120481927710843,0.03212770679090157,0.018268774565190115,0.008610898940084537,0.015811718399109238,20.0,664.0,99.0,79.0,11.666666666666666,-0.006779661016949152,0.00505902192242833,0.014950166112956811,0.025889967637540454,0.040372670807453416,0.030120481927710843
Serviços domésticos,2024-07-01,2024-08-01,0.025,-0.0015082956259426848,0.02299495236974053,0.019147335463691195,0.0007759160820662852,0.014486429265088873,-1.0,663.0,89.0,90.0,12.166666666666666,0.00505902192242833,0.014950166112956811,0.025889967637540454,0.040372670807453416,0.030120481927710843,-0.0015082956259426848
Serviços domésticos,2024-08-01,2024-09-01,0.022988505747126436,0.025,0.017870728767256053,0.022470831809953143,-0.001205651692427887,0.013093504325112748,17.0,680.0,97.0,80.0,14.5,0.014950166112956811,0.025889967637540454,0.040372670807453416,0.030120481927710843,-0.0015082956259426848,0.025
Serviços domésticos,2024-09-01,2024-10-01,0.008547008547008548,0.022988505747126436,0.015493403373727918,0.023810555082314746,-0.0026358314122309685,0.012659499438305116,16.0,696.0,104.0,88.0,15.666666666666666,0.025889967637540454,0.040372670807453416,0.030120481927710843,-0.0015082956259426848,0.025,0.022988505747126436
Serviços domésticos,2024-10-01,2024-11-01,0.05263157894736842,0.008547008547008548,0.01884517143137833,0.020920061900559426,-0.004400455549086711,0.013784651775487286,6.0,702.0,96.0,90.0,14.0,0.040372670807453416,0.030120481927710843,-0.0015082956259426848,0.025,0.022988505747126436,0.008547008547008548
Serviços domésticos,2024-11-01,2024-12-01,-0.02631578947368421,0.05263157894736842,0.0280556977471678,0.02296321325721193,0.004020282953264798,0.01704048738914182,39.0,741.0,125.0,86.0,16.166666666666668,0.030120481927710843,-0.0015082956259426848,0.025,0.022988505747126436,0.008547008547008548,0.05263157894736842
Serviços domésticos,2024-12-01,2025-01-01,0.015006821282401092,-0.02631578947368421,0.011620932673564252,0.013557168023646085,-0.0015881208456205757,0.02445615381477517,-19.0,722.0,66.0,85.0,9.666666666666666,-0.0015082956259426848,0.025,0.022988505747126436,0.008547008547008548,0.05263157894736842,-0.02631578947368421
Serviços domésticos,2025-01-01,2025-02-01,0.0027210884353741495,0.015006821282401092,0.013774203585361766,0.016309687508370047,-0.004394120252859047,0.023517000499576474,11.0,733.0,105.0,94.0,11.666666666666666,0.025,0.022988505747126436,0.008547008547008548,0.05263157894736842,-0.02631578947368421,0.015006821282401092
Serviços domésticos,2025-02-01,2025-03-01,0.025198938992042442,0.0027210884353741495,-0.002862626585302989,0.012596535580932405,-0.004597286193532468,0.023610376903420816,2.0,735.0,116.0,114.0,9.166666666666666,0.022988505747126436,0.008547008547008548,0.05263157894736842,-0.02631578947368421,0.015006821282401092,0.0027210884353741495
Serviços domésticos,2025-03-01,2025-04-01,0.056320400500625784,0.025198938992042442,0.014308949569939227,0.01296494112175174,-0.0007185488158493742,0.023786244544118963,19.0,754.0,98.0,79.0,9.666666666666666,0.008547008547008548,0.05263157894736842,-0.02631578947368421,0.015006821282401092,0.0027210884353741495,0.025198938992042442
Serviços domésticos,2025-04-01,2025-05-01,0.012360939431396786,0.056320400500625784,0.02808014264268079,0.020927173114021275,0.004591501723326852,0.028502945686956844,45.0,799.0,126.0,81.0,16.166666666666668,0.05263157894736842,-0.02631578947368421,0.015006821282401092,0.0027210884353741495,0.025198938992042442,0.056320400500625784
Serviços domésticos,2025-05-01,2025-06-01,0.04935370152761457,0.012360939431396786,0.03129342630802167,0.01421539986135934,0.009708635221049922,0.024740085846289138,10.0,809.0,136.0,126.0,11.333333333333334,-0.02631578947368421,0.015006821282401092,0.0027210884353741495,0.025198938992042442,0.056320400500625784,0.012360939431396786
Serviços domésticos,2025-06-01,2025-07-01,0.030751708428246014,0.04935370152761457,0.039345013819879045,0.026826981694909133,0.006622154734934816,0.019621595429102277,42.0,851.0,139.0,97.0,21.5,0.015006821282401092,0.0027210884353741495,0.025198938992042442,0.056320400500625784,0.012360939431396786,0.04935370152761457
Serviços domésticos,2025-07-01,2025-08-01,-0.0034285714285714284,0.030751708428246014,0.030822116462419124,0.029451129552549957,0.004818797900052764,0.01890508052958951,27.0,878.0,134.0,107.0,24.166666666666668,0.0027210884353741495,0.025198938992042442,0.056320400500625784,0.012360939431396786,0.04935370152761457,0.030751708428246014
Serviços domésticos,2025-08-01,2025-09-01,0.015748031496062992,-0.0034285714285714284,0.025558946175763052,0.02842618624189236,-0.005224310463542594,0.02043154833716419,-3.0,875.0,116.0,119.0,23.333333333333332,0.025198938992042442,0.056320400500625784,0.012360939431396786,0.04935370152761457,0.030751708428246014,-0.0034285714285714284
Serviços domésticos,2025-09-01,2025-10-01,0.017679558011049725,0.015748031496062992,0.014357056165245859,0.026851034992562455,-0.007680924877202489,0.020976665126282584,14.0,889.0,118.0,104.0,22.5,0.056320400500625784,0.012360939431396786,0.04935370152761457,0.030751708428246014,-0.0034285714285714284,0.015748031496062992
Serviços domésticos,2025-10-01,2025-11-01,0.0,0.017679558011049725,0.009999672692847095,0.02041089457763311,-0.003097262772948787,0.016365323675950453,16.0,905.0,122.0,106.0,17.666666666666668,0.012360939431396786,0.04935370152761457,0.030751708428246014,-0.0034285714285714284,0.015748031496062992,0.017679558011049725
Serviços domésticos,2025-11-01,2025-12-01,-0.03756906077348066,0.0,0.01114252983570424,0.018350738005733645,-0.007623095884715064,0.017950303075947117,0.0,905.0,96.0,96.0,16.0,0.04935370152761457,0.030751708428246014,-0.0034285714285714284,0.015748031496062992,0.017679558011049725,0.0
Serviços domésticos,2025-12-01,2026-01-01,0.009101251422070534,-0.03756906077348066,-0.006629834254143646,0.0038636109555511057,-0.00941104586308378,0.02175568634660103,-34.0,,110.0,144.0,3.3333333333333335,0.030751708428246014,-0.0034285714285714284,0.015748031496062992,0.017679558011049725,0.0,-0.03756906077348066
Serviços domésticos,2026-01-01,2026-02-01,0.033003300330033,0.009101251422070534,-0.009489269783803376,0.0002552014545218597,-0.0032851920161848834,0.018557113225852975,8.0,879.0,68.0,60.0,0.16666666666666666,-0.0034285714285714284,0.015748031496062992,0.017679558011049725,0.0,-0.03756906077348066,0.009101251422070534
Serviços domésticos,2026-02-01,2026-03-01,0.015167930660888408,0.033003300330033,0.0015118303262076245,0.006327180080955932,0.0006563532465551952,0.021999443016924965,30.0,909.0,102.0,72.0,5.666666666666667,0.015748031496062992,0.017679558011049725,0.0,-0.03756906077348066,0.009101251422070534,0.033003300330033
Serviços domésticos,2026-03-01,2026-04-01,0.024312896405919663,0.015167930660888408,0.019090827470997315,0.006230496608426834,0.0038034878981383887,0.021959065332255005,14.0,923.0,103.0,89.0,5.666666666666667,0.017679558011049725,0.0,-0.03756906077348066,0.009101251422070534,0.033003300330033,0.015167930660888408
Serviços domésticos,2026-04-01,2026-05-01,0.03567787971457696,0.024312896405919663,0.024161375798947022,0.007336053007571825,0.008676500149733372,0.022663340248525662,23.0,946.0,97.0,74.0,6.833333333333333,0.0,-0.03756906077348066,0.009101251422070534,0.033003300330033,0.015167930660888408,0.024312896405919663
Serviços domésticos,2026-05-01,2026-06-01,0.005070993914807302,0.03567787971457696,0.02505290226046168,0.013282366293334652,0.011258121934934024,0.024559626641190442,35.0,981.0,111.0,76.0,12.666666666666666,-0.03756906077348066,0.009101251422070534,0.033003300330033,0.015167930660888408,0.024312896405919663,0.03567787971457696
"Transporte, armazenagem e correio",2020-07-01,2020-08-01,-0.00019066240809718031,-0.0015298736693217206,-0.005890962161796049,-0.006569581953836036,-0.0005491176344498834,0.008674844329434822,-3459.0,2260971.0,60111.0,63570.0,-15012.833333333334,0.003496380489611948,-0.0023153586448057158,-0.022925627082434303,-0.012234744510135134,-0.003908268305931294,-0.0015298736693217206
"Transporte, armazenagem e correio",2020-08-01,2020-09-01,0.004539273434417451,-0.00019066240809718031,-0.0018762681277833982,-0.0071840891034542255,0.0023753490750595494,0.008047969156626592,-431.0,2260540.0,65228.0,65659.0,-16459.5,-0.0023153586448057158,-0.022925627082434303,-0.012234744510135134,-0.003908268305931294,-0.0015298736693217206,-0.00019066240809718031
"Transporte, armazenagem e correio",2020-09-01,2020-10-01,0.00741364335921399,0.004539273434417451,0.0009395791189995166,-0.006041650423583696,0.005023861243628062,0.009078551108408333,10308.0,2270848.0,74279.0,63971.0,-13833.166666666666,-0.022925627082434303,-0.012234744510135134,-0.003908268305931294,-0.0015298736693217206,-0.00019066240809718031,0.004539273434417451
"Transporte, armazenagem e correio",2020-10-01,2020-11-01,0.007764199416145388,0.00741364335921399,0.0039207514618447535,-0.0009851053499756479,0.0035692507379718958,0.006286028367791755,16961.0,2287809.0,84679.0,67718.0,-2214.0,-0.012234744510135134,-0.003908268305931294,-0.0015298736693217206,-0.00019066240809718031,0.004539273434417451,0.00741364335921399
"Transporte, armazenagem e correio",2020-11-01,2020-12-01,-0.001288027983993017,0.007764199416145388,0.0065723720699256095,0.0023480519710711058,0.002569223586814433,0.004479978462367966,17902.0,2305711.0,84360.0,66458.0,5405.166666666667,-0.003908268305931294,-0.0015298736693217206,-0.00019066240809718031,0.004539273434417451,0.00741364335921399,0.007764199416145388
"Transporte, armazenagem e correio",2020-12-01,2021-01-01,0.0002526779740783658,-0.001288027983993017,0.004629938263788787,0.002784758691394152,0.0007985195378333647,0.003944542635368113,-2966.0,2302745.0,67425.0,70391.0,6385.833333333333,-0.0015298736693217206,-0.00019066240809718031,0.004539273434417451,0.00741364335921399,0.007764199416145388,-0.001288027983993017
"Transporte, armazenagem e correio",2021-01-01,2021-02-01,0.004736229890143318,0.0002526779740783658,0.0022429498020769124,0.003081850631960833,-0.0004261327510692073,0.0036656581545789894,582.0,2303327.0,70636.0,70054.0,7059.333333333333,-0.00019066240809718031,0.004539273434417451,0.00741364335921399,0.007764199416145388,-0.001288027983993017,0.0002526779740783658
"Transporte, armazenagem e correio",2021-02-01,2021-03-01,0.005708516374338099,0.004736229890143318,0.001233626626742889,0.0039029993483342493,-0.0008442954650547413,0.0033814251453968608,10961.0,2314288.0,85014.0,74053.0,8958.0,0.004539273434417451,0.00741364335921399,0.007764199416145388,-0.001288027983993017,0.0002526779740783658,0.004736229890143318
"Transporte, armazenagem e correio",2021-03-01,2021-04-01,0.0018880967144630008,0.005708516374338099,0.0035658080795199277,0.0040978731716543575,-0.00045910964412326495,0.00344556256316269,13287.0,2327575.0,87952.0,74665.0,9454.5,0.00741364335921399,0.007764199416145388,-0.001288027983993017,0.0002526779740783658,0.004736229890143318,0.005708516374338099
"Transporte, armazenagem e correio",2021-04-01,2021-05-01,0.0031014439348282107,0.0018880967144630008,0.004110947659648139,0.0031769487308625256,-0.0001116379576386753,0.0031631096872163354,4403.0,2331978.0,77887.0,73484.0,7361.5,0.007764199416145388,-0.001288027983993017,0.0002526779740783658,0.004736229890143318,0.005708516374338099,0.0018880967144630008
"Transporte, armazenagem e correio",2021-05-01,2021-06-01,0.005406579819545407,0.0031014439348282107,0.003566019007876437,0.002399822817309663,0.0007950257799844233,0.0024279916725445743,7255.0,2339233.0,79296.0,72041.0,5587.0,-0.001288027983993017,0.0002526779740783658,0.004736229890143318,0.005708516374338099,0.0018880967144630008,0.0031014439348282107
"Transporte, armazenagem e correio",2021-06-01,2021-07-01,0.0060420598703600555,0.005406579819545407,0.003465373489612206,0.0035155907845660674,0.00048699233432899364,0.0019723749038898395,12716.0,2351949.0,82724.0,70008.0,8200.666666666666,0.0002526779740783658,0.004736229890143318,0.005708516374338099,0.0018880967144630008,0.0031014439348282107,0.005406579819545407
"Transporte, armazenagem e correio",2021-07-01,2021-08-01,0.007832112120926235,0.0060420598703600555,0.004850027874911224,0.0044804877672796825,0.00019533392734488055,0.0014995480140193166,14297.0,2366246.0,88687.0,74390.0,10486.5,0.004736229890143318,0.005708516374338099,0.0018880967144630008,0.0031014439348282107,0.005406579819545407,0.0060420598703600555
"Transporte, armazenagem e correio",2021-08-01,2021-09-01,0.007463195910869473,0.007832112120926235,0.006426917270277233,0.004996468139076835,0.0007252858310099724,0.0019605455358210023,18679.0,2384925.0,94101.0,75422.0,11772.833333333334,0.005708516374338099,0.0018880967144630008,0.0031014439348282107,0.005406579819545407,0.0060420598703600555,0.007832112120926235
"Transporte, armazenagem e correio",2021-09-01,2021-10-01,0.00569719931838853,0.007463195910869473,0.0071124559673852545,0.005288914728498731,0.0012200851597468877,0.0021651411021368166,17933.0,2402858.0,96158.0,78225.0,12547.166666666666,0.0018880967144630008,0.0031014439348282107,0.005406579819545407,0.0060420598703600555,0.007832112120926235,0.007463195910869473
"Transporte, armazenagem e correio",2021-10-01,2021-11-01,0.00740556366073893,0.00569719931838853,0.0069975024500614135,0.005923765162486318,0.0005982479269239992,0.0015443412108684376,13768.0,2416626.0,94768.0,81000.0,14108.0,0.0031014439348282107,0.005406579819545407,0.0060420598703600555,0.007832112120926235,0.007463195910869473,0.00569719931838853
"Transporte, armazenagem e correio",2021-11-01,2021-12-01,-0.004937063889594026,0.00740556366073893,0.006855319629998978,0.006641118450138105,0.0002454691811427504,0.0009532920062450888,18030.0,2434656.0,97221.0,79191.0,15903.833333333334,0.005406579819545407,0.0060420598703600555,0.007832112120926235,0.007463195910869473,0.00569719931838853,0.00740556366073893
"Transporte, armazenagem e correio",2021-12-01,2022-01-01,0.002400634129770128,-0.004937063889594026,0.002721899696511145,0.0049171778319482004,-0.0016554645935089505,0.004474948547682123,-11961.0,2422695.0,77707.0,89668.0,11791.0,0.0060420598703600555,0.007832112120926235,0.007463195910869473,0.00569719931838853,0.00740556366073893,-0.004937063889594026
"Transporte, armazenagem e correio",2022-01-01,2022-02-01,0.005756196816078049,0.002400634129770128,0.0016230446336383438,0.004310273541849878,-0.001789994428994875,0.004527851269771091,5830.0,2428525.0,89047.0,83217.0,10379.833333333334,0.007832112120926235,0.007463195910869473,0.00569719931838853,0.00740556366073893,-0.004937063889594026,0.002400634129770128
"Transporte, armazenagem e correio",2022-02-01,2022-03-01,0.006605992773793043,0.005756196816078049,0.0010732556854180502,0.003964287657708514,-0.0008790662454327228,0.004320064283332285,14060.0,2442585.0,105318.0,91258.0,9610.0,0.007463195910869473,0.00569719931838853,0.00740556366073893,-0.004937063889594026,0.002400634129770128,0.005756196816078049
"Transporte, armazenagem e correio",2022-03-01,2022-04-01,0.006579096218676165,0.006605992773793043,0.004920941239880406,0.003821420468195775,0.0001981018503544018,0.004214884601544338,16243.0,2458828.0,106403.0,90160.0,9328.333333333334,0.00569719931838853,0.00740556366073893,-0.004937063889594026,0.002400634129770128,0.005756196816078049,0.006605992773793043
"Transporte, armazenagem e correio",2022-04-01,2022-05-01,0.00593560119700019,0.006579096218676165,0.00631376193618242,0.003968403284910381,0.0009672112990330084,0.004292398684215202,16284.0,2475112.0,103783.0,87499.0,9747.666666666666,0.00740556366073893,-0.004937063889594026,0.002400634129770128,0.005756196816078049,0.006605992773793043,0.006579096218676165
"Transporte, armazenagem e correio",2022-05-01,2022-06-01,0.006682645547309907,0.00593560119700019,0.006373563396489799,0.003723409540953925,0.0019356716473544048,0.00412802986411622,14779.0,2489891.0,105734.0,90955.0,9205.833333333334,-0.004937063889594026,0.002400634129770128,0.005756196816078049,0.006605992773793043,0.006579096218676165,0.00593560119700019
"Transporte, armazenagem e correio",2022-06-01,2022-07-01,0.005314608725672461,0.006682645547309907,0.006399114320995421,0.005660027780437914,0.0006263249621528122,0.0014996732878245274,16751.0,2506642.0,102200.0,85449.0,13991.166666666666,0.002400634129770128,0.005756196816078049,0.006605992773793043,0.006579096218676165,0.00593560119700019,0.006682645547309907
"Transporte, armazenagem e correio",2022-07-01,2022-08-01,0.005571092195301546,0.005314608725672461,0.0059776184899941855,0.006145690213088303,-7.489934723295227e-05,0.0005122790879557726,13393.0,2520035.0,98793.0,85400.0,15251.666666666666,0.005756196816078049,0.006605992773793043,0.006579096218676165,0.00593560119700019,0.006682645547309907,0.005314608725672461
"Transporte, armazenagem e correio",2022-08-01,2022-09-01,0.006223083565553552,0.005571092195301546,0.0058561154894279715,0.006114839442958885,-0.00023488345774739678,0.0005396490123782931,14118.0,2534153.0,106405.0,92287.0,15261.333333333334,0.006605992773793043,0.006579096218676165,0.00593560119700019,0.006682645547309907,0.005314608725672461,0.005571092195301546
"Transporte, armazenagem e correio",2022-09-01,2022-10-01,0.004073110557476007,0.006223083565553552,0.005702928162175853,0.006051021241585637,-0.00012118934549561281,0.0004988946044494944,15869.0,2550022.0,99479.0,83610.0,15199.0,0.006579096218676165,0.00593560119700019,0.006682645547309907,0.005314608725672461,0.005571092195301546,0.006223083565553552
"Transporte, armazenagem e correio",2022-10-01,2022-11-01,0.004285872060827417,0.004073110557476007,0.005289095439443702,0.005633356964718944,-0.0002981330192360248,0.000824619282048318,10429.0,2560451.0,94465.0,84036.0,14223.166666666666,0.00593560119700019,0.006682645547309907,0.005314608725672461,0.005571092195301546,0.006223083565553552,0.004073110557476007
"Transporte, armazenagem e correio",2022-11-01,2022-12-01,-0.007437843953759608,0.004285872060827417,0.004860688727952325,0.005358402108690149,-0.00043018201619285135,0.0009443467508548509,11021.0,2571472.0,94681.0,83660.0,13596.833333333334,0.006682645547309907,0.005314608725672461,0.005571092195301546,0.006223083565553552,0.004073110557476007,0.004285872060827417
"Transporte, armazenagem e correio",2022-12-01,2023-01-01,0.001051982740908157,-0.007437843953759608,0.00030704622151460505,0.0030049871918452296,-0.001993368480247436,0.004727749053833917,-18985.0,2552487.0,74863.0,93848.0,7640.833333333333,0.005314608725672461,0.005571092195301546,0.006223083565553552,0.004073110557476007,0.004285872060827417,-0.007437843953759608
"Transporte, armazenagem e correio",2023-01-01,2023-02-01,0.006493703428936699,0.001051982740908157,-0.0006999963840080113,0.002294549527717845,-0.001810444809330143,0.0046468844653230115,2688.0,2555175.0,92909.0,90221.0,5856.666666666667,0.005571092195301546,0.006223083565553552,0.004073110557476007,0.004285872060827417,-0.007437843953759608,0.001051982740908157
"Transporte, armazenagem e correio",2023-02-01,2023-03-01,0.009024782510524803,0.006493703428936699,3.594740536174909e-05,0.002448318066657037,-0.0005552571470678523,0.004766489002340227,16701.0,2571876.0,105009.0,88308.0,6287.166666666667,0.006223083565553552,0.004073110557476007,0.004285872060827417,-0.007437843953759608,0.001051982740908157,0.006493703428936699
"Transporte, armazenagem e correio",2023-03-01,2023-04-01,0.006167182928104165,0.009024782510524803,0.005523489560123219,0.002915267890818912,0.001139190873263988,0.005228276988911207,23422.0,2595298.0,119912.0,96490.0,7546.0,0.004073110557476007,0.004285872060827417,-0.007437843953759608,0.001051982740908157,0.006493703428936699,0.009024782510524803
"Transporte, armazenagem e correio",2023-04-01,2023-05-01,0.0028687441674341597,0.006167182928104165,0.007228556289188556,0.0032642799525902724,0.001835318697636157,0.005362101218895593,16105.0,2611403.0,103011.0,86906.0,8492.0,0.004285872060827417,-0.007437843953759608,0.001051982740908157,0.006493703428936699,0.009024782510524803,0.006167182928104165
"Transporte, armazenagem e correio",2023-05-01,2023-06-01,0.004368903987518286,0.0028687441674341597,0.006020236535354376,0.0030280919703580627,0.0019831320071184272,0.00534307755315403,7513.0,2618916.0,106583.0,99070.0,7907.333333333333,-0.007437843953759608,0.001051982740908157,0.006493703428936699,0.009024782510524803,0.006167182928104165,0.0028687441674341597
"Transporte, armazenagem e correio",2023-06-01,2023-07-01,0.0033736064550155495,0.004368903987518286,0.004468277027685537,0.004995883293904379,8.148939617492523e-05,0.0025922838184887034,11492.0,2630408.0,102395.0,90903.0,12986.833333333334,0.001051982740908157,0.006493703428936699,0.009024782510524803,0.006167182928104165,0.0028687441674341597,0.004368903987518286
"Transporte, armazenagem e correio",2023-07-01,2023-08-01,0.004813959161850005,0.0033736064550155495,0.0035370848699893317,0.005382820579588944,-0.0009390445485512939,0.0021015359527951547,8904.0,2639312.0,99317.0,90413.0,14022.833333333334,0.006493703428936699,0.009024782510524803,0.006167182928104165,0.0028687441674341597,0.004368903987518286,0.0033736064550155495
"Transporte, armazenagem e correio",2023-08-01,2023-09-01,0.005005588235404463,0.004813959161850005,0.004185489868127947,0.005102863201741162,-0.0007981338955015912,0.002046053354326013,12767.0,2652079.0,109438.0,96671.0,13367.166666666666,0.009024782510524803,0.006167182928104165,0.0028687441674341597,0.004368903987518286,0.0033736064550155495,0.004813959161850005
"Transporte, armazenagem e correio",2023-09-01,2023-10-01,0.005788270453001728,0.005005588235404463,0.004397717950756673,0.004432997489221105,-2.76464575072488e-05,0.001084258340226027,13342.0,2665421.0,101216.0,87874.0,11687.166666666666,0.006167182928104165,0.0028687441674341597,0.004368903987518286,0.0033736064550155495,0.004813959161850005,0.005005588235404463
"Transporte, armazenagem e correio",2023-10-01,2023-11-01,0.004317076332104393,0.005788270453001728,0.005202605950085399,0.004369845410037365,0.000512801053666595,0.0009881913992565324,15518.0,2680939.0,105644.0,90126.0,11589.333333333334,0.0028687441674341597,0.004368903987518286,0.0033736064550155495,0.004813959161850005,0.005005588235404463,0.005788270453001728
"Transporte, armazenagem e correio",2023-11-01,2023-12-01,-0.009371471499840304,0.004317076332104393,0.005036978340170195,0.004611234104149071,0.0002050423654412438,0.0007369986515770999,11624.0,2692563.0,101199.0,89575.0,12274.5,0.004368903987518286,0.0033736064550155495,0.004813959161850005,0.005005588235404463,0.005788270453001728,0.004317076332104393
"Transporte, armazenagem e correio",2023-12-01,2024-01-01,0.0016078686757539692,-0.009371471499840304,0.00024462509508860544,0.002321171522922639,-0.0018409530298833941,0.005279678248425238,-24999.0,2667564.0,80217.0,105216.0,6192.666666666667,0.0033736064550155495,0.004813959161850005,0.005005588235404463,0.005788270453001728,0.004317076332104393,-0.009371471499840304
"Transporte, armazenagem e correio",2024-01-01,2024-02-01,0.007708120173140237,0.0016078686757539692,-0.0011488421639939805,0.0020268818930457093,-0.0017323664502031943,0.005261995150595423,4296.0,2671860.0,103351.0,99055.0,5424.666666666667,0.004813959161850005,0.005005588235404463,0.005788270453001728,0.004317076332104393,-0.009371471499840304,0.0016078686757539692
"Transporte, armazenagem e correio",2024-02-01,2024-03-01,0.009955906771796218,0.007708120173140237,-1.8494216982032432e-05,0.002509242061594081,-0.00036334552785740286,0.005616110731473817,20755.0,2692615.0,121838.0,101083.0,6756.0,0.005005588235404463,0.005788270453001728,0.004317076332104393,-0.009371471499840304,0.0016078686757539692,0.007708120173140237
"Transporte, armazenagem e correio",2024-03-01,2024-04-01,0.005236632359293623,0.009955906771796218,0.006423965206896808,0.0033342951509927068,0.0011997329512192644,0.006250079919139262,27077.0,2719692.0,127545.0,100468.0,9045.166666666666,0.005788270453001728,0.004317076332104393,-0.009371471499840304,0.0016078686757539692,0.007708120173140237,0.009955906771796218
"Transporte, armazenagem e correio",2024-04-01,2024-05-01,0.00237073007685442,0.005236632359293623,0.007633553101410027,0.0032423554687080226,0.0019622904699497703,0.006217276582420839,14317.0,2734009.0,123773.0,109456.0,8845.0,0.004317076332104393,-0.009371471499840304,0.0016078686757539692,0.007708120173140237,0.009955906771796218,0.005236632359293623
"Transporte, armazenagem e correio",2024-05-01,2024-06-01,0.00376391383058389,0.00237073007685442,0.005854423069314754,0.0029179644261663608,0.0020527167295071014,0.006203500318536949,6497.0,2740506.0,115015.0,108518.0,7990.5,-0.009371471499840304,0.0016078686757539692,0.007708120173140237,0.009955906771796218,0.005236632359293623,0.00237073007685442
"Transporte, armazenagem e correio",2024-06-01,2024-07-01,0.0036209771096438535,0.00376391383058389,0.0037904254222439777,0.005107195314570393,-0.00028432054077744085,0.0029390900216304306,10354.0,2750860.0,110126.0,99772.0,13882.666666666666,0.0016078686757539692,0.007708120173140237,0.009955906771796218,0.005236632359293623,0.00237073007685442,0.00376391383058389
"Transporte, armazenagem e correio",2024-07-01,2024-08-01,0.006151667455018924,0.0036209771096438535,0.0032518736723607215,0.005442713386885374,-0.0011965027549588028,0.0026178115636892344,9997.0,2760857.0,117601.0,107604.0,14832.833333333334,0.007708120173140237,0.009955906771796218,0.005236632359293623,0.00237073007685442,0.00376391383058389,0.0036209771096438535
"Transporte, armazenagem e correio",2024-08-01,2024-09-01,0.004928529339597128,0.006151667455018924,0.004512186131748889,0.005183304600531822,-0.0006421422451173228,0.002452359909379787,17089.0,2777946.0,123248.0,106159.0,14221.833333333334,0.009955906771796218,0.005236632359293623,0.00237073007685442,0.00376391383058389,0.0036209771096438535,0.006151667455018924
"Transporte, armazenagem e correio",2024-09-01,2024-10-01,0.0028090038145157344,0.004928529339597128,0.0049003913014199684,0.0043454083618319735,0.00027598172328774286,0.0012355277589126321,13759.0,2791705.0,116660.0,102901.0,12002.166666666666,0.005236632359293623,0.00237073007685442,0.00376391383058389,0.0036209771096438535,0.006151667455018924,0.004928529339597128
"Transporte, armazenagem e correio",2024-10-01,2024-11-01,0.0025879701428620796,0.0028090038145157344,0.0046297335363772625,0.003940803604368992,0.0002347401588777531,0.0012743103833743731,7864.0,2799569.0,121448.0,113584.0,10926.666666666666,0.00237073007685442,0.00376391383058389,0.0036209771096438535,0.006151667455018924,0.004928529339597128,0.0028090038145157344
"Transporte, armazenagem e correio",2024-11-01,2024-12-01,-0.009599136160475025,0.0025879701428620796,0.003441834432324981,0.003977010282036934,-0.0002725364696975774,0.0012315548215419043,7264.0,2806833.0,107820.0,100556.0,11054.5,0.00376391383058389,0.0036209771096438535,0.006151667455018924,0.004928529339597128,0.0028090038145157344,0.0025879701428620796
"Transporte, armazenagem e correio",2024-12-01,2025-01-01,2.877463918400878e-05,-0.009599136160475025,-0.001400720734365737,0.0017498352835271151,-0.002254605251775609,0.00522182686674826,-26687.0,2780146.0,86643.0,113330.0,4881.0,0.0036209771096438535,0.006151667455018924,0.004928529339597128,0.0028090038145157344,0.0025879701428620796,-0.009599136160475025
"Transporte, armazenagem e correio",2025-01-01,2025-02-01,0.0093441892782697,2.877463918400878e-05,-0.0023274637928096453,0.0011511348717838084,-0.0021262426928869912,0.005178723778881197,80.0,2780226.0,112769.0,112689.0,3228.1666666666665,0.006151667455018924,0.004928529339597128,0.0028090038145157344,0.0025879701428620796,-0.009599136160475025,2.877463918400878e-05
"Transporte, armazenagem e correio",2025-02-01,2025-03-01,0.0046740191706071965,0.0093441892782697,-7.539074767377227e-05,0.0016832218423256044,4.430016754373048e-05,0.005792771285461691,26224.0,2806450.0,140184.0,113960.0,4750.666666666667,0.004928529339597128,0.0028090038145157344,0.0025879701428620796,-0.009599136160475025,2.877463918400878e-05,0.0093441892782697
"Transporte, armazenagem e correio",2025-03-01,2025-04-01,0.006613582788337518,0.0046740191706071965,0.004682327696020301,0.0016408034808272822,0.0011206184281811202,0.00576973781895205,13179.0,2819629.0,121909.0,108730.0,4654.0,0.0028090038145157344,0.0025879701428620796,-0.009599136160475025,2.877463918400878e-05,0.0093441892782697,0.0046740191706071965
"Transporte, armazenagem e correio",2025-04-01,2025-05-01,0.002037131771907341,0.006613582788337518,0.0068772637457381386,0.0022748999764642466,0.0020646555388488435,0.006064797589691556,18772.0,2838401.0,129467.0,110695.0,6472.0,0.0025879701428620796,-0.009599136160475025,2.877463918400878e-05,0.0093441892782697,0.0046740191706071965,0.006613582788337518
"Transporte, armazenagem e correio",2025-05-01,2025-06-01,0.0031623941808862836,0.002037131771907341,0.004441577910284019,0.002183093581305123,0.002093302685763138,0.006063532649212946,5794.0,2844195.0,124473.0,118679.0,6227.0,-0.009599136160475025,2.877463918400878e-05,0.0093441892782697,0.0046740191706071965,0.006613582788337518,0.002037131771907341
"Transporte, armazenagem e correio",2025-06-01,2025-07-01,0.004072762406601868,0.0031623941808862836,0.003937702913710381,0.004310015304865342,-0.00012324317693843912,0.0030439526112103353,9023.0,2853218.0,117735.0,108712.0,12178.666666666666,2.877463918400878e-05,0.0093441892782697,0.0046740191706071965,0.006613582788337518,0.002037131771907341,0.0031623941808862836
"Transporte, armazenagem e correio",2025-07-01,2025-08-01,0.003529697387926543,0.004072762406601868,0.003090762786465164,0.004984013266101651,-0.0010133845812552022,0.002401232766223493,11668.0,2864886.0,125320.0,113652.0,14110.0,0.0093441892782697,0.0046740191706071965,0.006613582788337518,0.002037131771907341,0.0031623941808862836,0.004072762406601868
"Transporte, armazenagem e correio",2025-08-01,2025-09-01,0.004882077324766998,0.003529697387926543,0.0035882846584715648,0.0040149312843777915,-0.00034910878998946517,0.0014180205263046263,10148.0,2875034.0,120586.0,110438.0,11430.666666666666,0.0046740191706071965,0.006613582788337518,0.002037131771907341,0.0031623941808862836,0.004072762406601868,0.003529697387926543
"Transporte, armazenagem e correio",2025-09-01,2025-10-01,0.0035032642406984315,0.004882077324766998,0.00416151237309847,0.004049607643404426,-9.34132069736975e-05,0.0014361420538177832,14105.0,2889139.0,125484.0,111379.0,11585.0,0.006613582788337518,0.002037131771907341,0.0031623941808862836,0.004072762406601868,0.003529697387926543,0.004882077324766998
"Transporte, armazenagem e correio",2025-10-01,2025-11-01,0.0022056609325447696,0.0035032642406984315,0.003971679651130658,0.0035312212187979114,0.00034133276448349335,0.0008647928124712397,10157.0,2899296.0,128042.0,117885.0,10149.166666666666,0.002037131771907341,0.0031623941808862836,0.004072762406601868,0.003529697387926543,0.004882077324766998,0.0035032642406984315
"Transporte, armazenagem e correio",2025-11-01,2025-12-01,-0.01054408482622978,0.0022056609325447696,0.0035303341660033994,0.0035593094122374825,-0.0001468508800736406,0.0008172385176647277,6409.0,2905705.0,110697.0,104288.0,10251.666666666666,0.0031623941808862836,0.004072762406601868,0.003529697387926543,0.004882077324766998,0.0035032642406984315,0.0022056609325447696
"Transporte, armazenagem e correio",2025-12-01,2026-01-01,-0.0015257671769858573,-0.01054408482622978,-0.0016117198843288594,0.001274896244384805,-0.002241004531839203,0.005345468470030321,-30638.0,,86090.0,116728.0,3641.5,0.004072762406601868,0.003529697387926543,0.004882077324766998,0.0035032642406984315,0.0022056609325447696,-0.01054408482622978
"Transporte, armazenagem e correio",2026-01-01,2026-02-01,0.0061919847620260935,-0.0015257671769858573,-0.003288063690223622,0.0003418079804535174,-0.002081526073877314,0.005263647931377002,-4380.0,2870687.0,110398.0,114778.0,966.8333333333334,0.003529697387926543,0.004882077324766998,0.0035032642406984315,0.0022056609325447696,-0.01054408482622978,-0.0015257671769858573
"Transporte, armazenagem e correio",2026-02-01,2026-03-01,0.008714580501426405,0.0061919847620260935,-0.0019592890803965144,0.0007855225428034424,-0.0006082086521580557,0.005614216643148894,17886.0,2888573.0,131370.0,113484.0,2256.5,0.004882077324766998,0.0035032642406984315,0.0022056609325447696,-0.01054408482622978,-0.0015257671769858573,0.0061919847620260935
"Transporte, armazenagem e correio",2026-03-01,2026-04-01,0.0041811877648911455,0.008714580501426405,0.004460266028822214,0.001424273072246677,0.0013438248697522216,0.006228386049553686,25394.0,2913967.0,144997.0,119603.0,4138.0,0.0035032642406984315,0.0022056609325447696,-0.01054408482622978,-0.0015257671769858573,0.0061919847620260935,0.008714580501426405
"Transporte, armazenagem e correio",2026-04-01,2026-05-01,0.0021234955731238504,0.0041811877648911455,0.006362584342781215,0.0015372603262787962,0.0021534680595346398,0.006271078247534816,12235.0,2926202.0,135342.0,123107.0,4484.333333333333,0.0022056609325447696,-0.01054408482622978,-0.0015257671769858573,0.0061919847620260935,0.008714580501426405,0.0041811877648911455
"Transporte, armazenagem e correio",2026-05-01,2026-06-01,0.005499812456293498,0.0021234955731238504,0.0050064212798138,0.0015235660997086429,0.00237089607319427,0.006269693261015841,6227.0,2932429.0,129015.0,122788.0,4454.0,-0.01054408482622978,-0.0015257671769858573,0.0061919847620260935,0.008714580501426405,0.0041811877648911455,0.0021234955731238504
"Água, Esgoto, Atividades de Gestão de Resíduos e Descontaminação",2020-07-01,2020-08-01,0.004913814899091301,-0.0011866934893272315,-0.003974193290601503,-0.002603350573264298,-0.0011454468402726352,0.004520470562094575,-397.0,334543.0,5310.0,5707.0,-873.1666666666666,0.004042079839137533,0.001364060803156659,-0.00910366421007547,-0.006624702289803964,-0.004111184092673315,-0.0011866934893272315
"Água, Esgoto, Atividades de Gestão de Resíduos e Descontaminação",2020-08-01,2020-09-01,0.004344581267658191,0.004913814899091301,-0.00012802089430308163,-0.0024580613966053363,0.0012575200239728164,0.004740381530358016,1652.0,336195.0,6833.0,5181.0,-827.6666666666666,0.001364060803156659,-0.00910366421007547,-0.006624702289803964,-0.004111184092673315,-0.0011866934893272315,0.004913814899091301
"Água, Esgoto, Atividades de Gestão de Resíduos e Descontaminação",2020-09-01,2020-10-01,0.006467368916612723,0.004344581267658191,0.0026905675591407537,-0.001961307985855081,0.002993750558820005,0.005244267469045753,1467.0,337662.0,7179.0,5712.0,-660.8333333333334,-0.00910366421007547,-0.006624702289803964,-0.004111184092673315,-0.0011866934893272315,0.004913814899091301,0.004344581267658191
"Água, Esgoto, Atividades de Gestão de Resíduos e Descontaminação",2020-10-01,2020-11-01,0.00302442716293478,0.006467368916612723,0.005241921694454072,0.0006338642019262842,0.0027693760143284703,0.004909750121076773,2198.0,339860.0,8355.0,6157.0,219.16666666666666,-0.006624702289803964,-0.004111184092673315,-0.0011866934893272315,0.004913814899091301,0.004344581267658191,0.006467368916612723
"Água, Esgoto, Atividades de Gestão de Resíduos e Descontaminação",2020-11-01,2020-12-01,-0.003317008276332984,0.00302442716293478,0.0046121257824018975,0.002242052444049408,0.0016591717104122064,0.0037000960512653916,1031.0,340891.0,7144.0,6113.0,762.3333333333334,-0.004111184092673315,-0.0011866934893272315,0.004913814899091301,0.004344581267658191,0.006467368916612723,0.00302442716293478
"Água, Esgoto, Atividades de Gestão de Resíduos e Descontaminação",2020-12-01,2021-01-01,0.003700597608393495,-0.003317008276332984,0.0020582626010715063,0.0023744150801061296,-0.0004056271284155371,0.003477994803722997,-1127.0,339764.0,5884.0,7011.0,804.0,-0.0011866934893272315,0.004913814899091301,0.004344581267658191,0.006467368916612723,0.00302442716293478,-0.003317008276332984
"Água, Esgoto, Atividades de Gestão de Resíduos e Descontaminação",2021-01-01,2021-02-01,0.007852207433267875,0.003700597608393495,0.0011360054983317635,0.0031889635963929176,-0.0009283941954040143,0.0031004036638013744,1262.0,341026.0,7755.0,6493.0,1080.5,0.004913814899091301,0.004344581267658191,0.006467368916612723,0.00302442716293478,-0.003317008276332984,0.003700597608393495
"Água, Esgoto, Atividades de Gestão de Resíduos e Descontaminação",2021-02-01,2021-03-01,0.004382483967581784,0.007852207433267875,0.002745265588442795,0.0036786956854223465,8.275375611779892e-05,0.0035356923702593033,2699.0,343725.0,8984.0,6285.0,1255.0,0.004344581267658191,0.006467368916612723,0.00302442716293478,-0.003317008276332984,0.003700597608393495,0.007852207433267875
"Água, Esgoto, Atividades de Gestão de Resíduos e Descontaminação",2021-03-01,2021-04-01,-0.0018456073963586978,0.004382483967581784,0.005311763003081051,0.0036850128020762788,0.0003164720557306021,0.003536910095086707,1513.0,345238.0,9197.0,7684.0,1262.6666666666667,0.006467368916612723,0.00302442716293478,-0.003317008276332984,0.003700597608393495,0.007852207433267875,0.004382483967581784
"Água, Esgoto, Atividades de Gestão de Resíduos e Descontaminação",2021-04-01,2021-05-01,0.006392383346933126,-0.0018456073963586978,0.0034630280014969865,0.002299516749914375,8.285467886146569e-05,0.0037944489387406184,-636.0,344602.0,7701.0,8337.0,790.3333333333334,0.00302442716293478,-0.003317008276332984,0.003700597608393495,0.007852207433267875,0.004382483967581784,-0.0018456073963586978
"Água, Esgoto, Atividades de Gestão de Resíduos e Descontaminação",2021-05-01,2021-06-01,0.006098347313488868,0.006392383346933126,0.0029764199727187377,0.002860842780580766,0.0008125319896110818,0.004097206302065737,2217.0,346819.0,9397.0,7180.0,988.0,-0.003317008276332984,0.003700597608393495,0.007852207433267875,0.004382483967581784,-0.0018456073963586978,0.006392383346933126
"Água, Esgoto, Atividades de Gestão de Resíduos e Descontaminação",2021-06-01,2021-07-01,0.0053701069745832036,0.006098347313488868,0.0035483744213544322,0.004430068712217741,3.946242578663237e-05,0.003116177376802699,2128.0,348947.0,9162.0,7034.0,1530.5,0.003700597608393495,0.007852207433267875,0.004382483967581784,-0.0018456073963586978,0.006392383346933126,0.006098347313488868
"Água, Esgoto, Atividades de Gestão de Resíduos e Descontaminação",2021-07-01,2021-08-01,0.0040312163769584755,0.0053701069745832036,0.005953612545001733,0.004708320273249359,2.785938535970624e-05,0.003113154052250949,1884.0,350831.0,8585.0,6701.0,1634.1666666666667,0.007852207433267875,0.004382483967581784,-0.0018456073963586978,0.006392383346933126,0.006098347313488868,0.0053701069745832036
"Água, Esgoto, Atividades de Gestão de Resíduos e Descontaminação",2021-08-01,2021-09-01,0.004048823381389549,0.0040312163769584755,0.005166556888343516,0.004071488430531126,0.000559907689321854,0.0027776333857657386,1420.0,352251.0,8843.0,7423.0,1421.0,0.004382483967581784,-0.0018456073963586978,0.006392383346933126,0.006098347313488868,0.0053701069745832036,0.0040312163769584755
"Água, Esgoto, Atividades de Gestão de Resíduos e Descontaminação",2021-09-01,2021-10-01,0.0042175679442312515,0.004048823381389549,0.00448338224431041,0.004015878332832421,0.0006188689325689031,0.0027741882877973948,1432.0,353683.0,8737.0,7305.0,1407.5,-0.0018456073963586978,0.006392383346933126,0.006098347313488868,0.0053701069745832036,0.0040312163769584755,0.004048823381389549
"Água, Esgoto, Atividades de Gestão de Resíduos e Descontaminação",2021-10-01,2021-11-01,0.005479674523573521,0.0042175679442312515,0.004099202567526425,0.005026407556264079,-0.0005246154116409157,0.000977528500376688,1498.0,355181.0,9450.0,7952.0,1763.1666666666667,0.006392383346933126,0.006098347313488868,0.0053701069745832036,0.0040312163769584755,0.004048823381389549,0.0042175679442312515
"Água, Esgoto, Atividades de Gestão de Resíduos e Descontaminação",2021-11-01,2021-12-01,-0.0057732167800657866,0.005479674523573521,0.0045820219497314406,0.004874289419037478,-0.0001866678296057576,0.0008097420711984367,1957.0,357138.0,9521.0,7564.0,1719.8333333333333,0.006098347313488868,0.0053701069745832036,0.0040312163769584755,0.004048823381389549,0.0042175679442312515,0.005479674523573521
"Água, Esgoto, Atividades de Gestão de Resíduos e Descontaminação",2021-12-01,2022-01-01,0.005845857504423589,-0.0057732167800657866,0.001308008562579662,0.002895695403445036,-0.001462928564873089,0.003922502564073025,-2050.0,355088.0,8610.0,10660.0,1023.5,0.0053701069745832036,0.0040312163769584755,0.004048823381389549,0.0042175679442312515,0.005479674523573521,-0.0057732167800657866
"Água, Esgoto, Atividades de Gestão de Resíduos e Descontaminação",2022-01-01,2022-02-01,0.00740329035126723,0.005845857504423589,0.0018507717493104411,0.002974987158418433,-0.000546594521934234,0.003976161861544035,2088.0,357176.0,9636.0,7548.0,1057.5,0.0040312163769584755,0.004048823381389549,0.0042175679442312515,0.005479674523573521,-0.0057732167800657866,0.005845857504423589
"Água, Esgoto, Atividades de Gestão de Resíduos e Descontaminação",2022-02-01,2022-03-01,0.005749873591198079,0.00740329035126723,0.002491977025208344,0.003536999487469892,0.00029726606360931744,0.004310032497032282,2664.0,359840.0,11026.0,8362.0,1264.8333333333333,0.004048823381389549,0.0042175679442312515,0.005479674523573521,-0.0057732167800657866,0.005845857504423589,0.00740329035126723
"Água, Esgoto, Atividades de Gestão de Resíduos e Descontaminação",2022-03-01,2022-04-01,0.006925599198781709,0.005749873591198079,0.006333007148962966,0.003820507855771314,0.0007157557143544181,0.004389587430955748,2081.0,361921.0,11719.0,9638.0,1373.0,0.0042175679442312515,0.005479674523573521,-0.0057732167800657866,0.005845857504423589,0.00740329035126723,0.005749873591198079
"Água, Esgoto, Atividades de Gestão de Resíduos e Descontaminação",2022-04-01,2022-05-01,0.009512291239179769,0.006925599198781709,0.00669292104708234,0.004271846398196391,0.0012387522096193192,0.0045437239414997475,2524.0,364445.0,10512.0,7988.0,1544.0,0.005479674523573521,-0.0057732167800657866,0.005845857504423589,0.00740329035126723,0.005749873591198079,0.006925599198781709
"Água, Esgoto, Atividades de Gestão de Resíduos e Descontaminação",2022-05-01,2022-06-01,0.00549760932377243,0.009512291239179769,0.007395921343053185,0.004943949184130765,0.002228952811978085,0.004952535444280381,3500.0,367945.0,11696.0,8196.0,1801.1666666666667,-0.0057732167800657866,0.005845857504423589,0.00740329035126723,0.005749873591198079,0.006925599198781709,0.009512291239179769
"Água, Esgoto, Atividades de Gestão de Resíduos e Descontaminação",2022-06-01,2022-07-01,0.0059191470839535494,0.00549760932377243,0.007311833253911302,0.006822420201437134,0.00016461392480187048,0.0013809789420344593,2034.0,369979.0,11127.0,9093.0,2481.8333333333335,0.005845857504423589,0.00740329035126723,0.005749873591198079,0.006925599198781709,0.009512291239179769,0.00549760932377243
"Água, Esgoto, Atividades de Gestão de Resíduos e Descontaminação",2022-07-01,2022-08-01,0.006232043490798791,0.0059191470839535494,0.006976349215635249,0.006834635131358795,-0.0001597376313842089,0.0013725857244964025,2203.0,372182.0,10637.0,8434.0,2501.0,0.00740329035126723,0.005749873591198079,0.006925599198781709,0.009512291239179769,0.00549760932377243,0.0059191470839535494
"Água, Esgoto, Atividades de Gestão de Resíduos e Descontaminação",2022-08-01,2022-09-01,0.0036049602124133013,0.006232043490798791,0.0058829332995082575,0.006639427321280721,-0.0001320911074825213,0.0013610694825515405,2334.0,374516.0,11040.0,8706.0,2446.0,0.005749873591198079,0.006925599198781709,0.009512291239179769,0.00549760932377243,0.0059191470839535494,0.006232043490798791
"Água, Esgoto, Atividades de Gestão de Resíduos e Descontaminação",2022-09-01,2022-10-01,0.003449354671078447,0.0036049602124133013,0.005252050262388547,0.006281941758149924,-0.000743497154765824,0.0017684725069492086,1355.0,375871.0,9362.0,8007.0,2325.0,0.006925599198781709,0.009512291239179769,0.00549760932377243,0.0059191470839535494,0.006232043490798791,0.0036049602124133013
"Água, Esgoto, Atividades de Gestão de Resíduos e Descontaminação",2022-10-01,2022-11-01,-0.0005385058187808546,0.003449354671078447,0.004428786124763513,0.005702567670199381,-0.0010194209647925358,0.0020149515605940994,1301.0,377172.0,9255.0,7954.0,2121.1666666666665,0.009512291239179769,0.00549760932377243,0.0059191470839535494,0.006232043490798791,0.0036049602124133013,0.003449354671078447
"Água, Esgoto, Atividades de Gestão de Resíduos e Descontaminação",2022-11-01,2022-12-01,0.00029701841248962424,-0.0005385058187808546,0.0021719363549036314,0.004027434827205945,-0.001149058177993635,0.0023079848036039003,-203.0,376969.0,8764.0,8967.0,1504.0,0.00549760932377243,0.0059191470839535494,0.006232043490798791,0.0036049602124133013,0.003449354671078447,-0.0005385058187808546
"Água, Esgoto, Atividades de Gestão de Resíduos e Descontaminação",2022-12-01,2023-01-01,0.0001458359848966951,0.00029701841248962424,0.0010692890882624056,0.003160669675325477,-0.0013879399093540978,0.0025562885116167744,112.0,377081.0,8076.0,7964.0,1183.6666666666667,0.0059191470839535494,0.006232043490798791,0.0036049602124133013,0.003449354671078447,-0.0005385058187808546,0.00029701841248962424
"Água, Esgoto, Atividades de Gestão de Resíduos e Descontaminação",2023-01-01,2023-02-01,0.0044138455365251,0.0001458359848966951,-3.1883807131511766e-05,0.0021984511588160013,-0.0012669349548325949,0.002419796942365696,55.0,377136.0,9893.0,9838.0,825.6666666666666,0.006232043490798791,0.0036049602124133013,0.003449354671078447,-0.0005385058187808546,0.00029701841248962424,0.0001458359848966951
"Água, Esgoto, Atividades de Gestão de Resíduos e Descontaminação",2023-02-01,2023-03-01,0.0038132005112318478,0.0044138455365251,0.001618899977970473,0.0018954181664370521,-0.00014373157733473663,0.0019672160801086436,1672.0,378808.0,11079.0,9407.0,715.3333333333334,0.0036049602124133013,0.003449354671078447,-0.0005385058187808546,0.00029701841248962424,0.0001458359848966951,0.0044138455365251
"Água, Esgoto, Atividades de Gestão de Resíduos e Descontaminação",2023-03-01,2023-04-01,0.005182621344237506,0.0038132005112318478,0.002790960677551214,0.00193012488290681,0.00047214573825976955,0.001998656315839277,1450.0,380258.0,11844.0,10394.0,731.1666666666666,0.003449354671078447,-0.0005385058187808546,0.00029701841248962424,0.0001458359848966951,0.0044138455365251,0.0038132005112318478
"Água, Esgoto, Atividades de Gestão de Resíduos e Descontaminação",2023-04-01,2023-05-01,-0.00048422474309914304,0.005182621344237506,0.004469889130664818,0.002219002661766653,0.0012406340475127678,0.0022999179067976928,1981.0,382239.0,10581.0,8600.0,844.5,-0.0005385058187808546,0.00029701841248962424,0.0001458359848966951,0.0044138455365251,0.0038132005112318478,0.005182621344237506
"Água, Esgoto, Atividades de Gestão de Resíduos e Descontaminação",2023-05-01,2023-06-01,0.0009231002570559639,-0.00048422474309914304,0.0028371990374567364,0.002228049507713605,0.0003029570078510098,0.002289134792072054,-185.0,382054.0,10262.0,10447.0,847.5,0.00029701841248962424,0.0001458359848966951,0.0044138455365251,0.0038132005112318478,0.005182621344237506,-0.00048422474309914304
"Água, Esgoto, Atividades de Gestão de Resíduos e Descontaminação",2023-06-01,2023-07-01,0.00338020974501178,0.0009231002570559639,0.0018738322860647756,0.0023323964818079946,-0.00026967053271630635,0.002211692801442019,353.0,382407.0,9870.0,9517.0,887.6666666666666,0.0001458359848966951,0.0044138455365251,0.0038132005112318478,0.005182621344237506,-0.00048422474309914304,0.0009231002570559639
"Água, Esgoto, Atividades de Gestão de Resíduos e Descontaminação",2023-07-01,2023-08-01,0.003663840670968412,0.00338020974501178,0.0012730284196562002,0.002871458775160509,-0.0005572950230694543,0.001996782711384684,1297.0,383704.0,10924.0,9627.0,1094.6666666666667,0.0044138455365251,0.0038132005112318478,0.005182621344237506,-0.00048422474309914304,0.0009231002570559639,0.00338020974501178
"Água, Esgoto, Atividades de Gestão de Resíduos e Descontaminação",2023-08-01,2023-09-01,-0.00019738260280127468,0.003663840670968412,0.0026557168910120517,0.0027464579642343945,-0.00013562025710969278,0.0019182460786565277,1411.0,385115.0,12131.0,10720.0,1051.1666666666667,0.0038132005112318478,0.005182621344237506,-0.00048422474309914304,0.0009231002570559639,0.00338020974501178,0.003663840670968412
"Água, Esgoto, Atividades de Gestão de Resíduos e Descontaminação",2023-09-01,2023-10-01,0.0037981200857940475,-0.00019738260280127468,0.0022822226043929727,0.002078027445228874,-0.00034282040014386913,0.0021183904888621304,-76.0,385039.0,9407.0,9483.0,796.8333333333334,0.005182621344237506,-0.00048422474309914304,0.0009231002570559639,0.00338020974501178,0.003663840670968412,-0.00019738260280127468
"Água, Esgoto, Atividades de Gestão de Resíduos e Descontaminação",2023-10-01,2023-11-01,0.001330673708471353,0.0037981200857940475,0.0024215260513203948,0.0018472772354882975,0.0005238258997385961,0.001822370756203859,1468.0,386507.0,10282.0,8814.0,711.3333333333334,-0.00048422474309914304,0.0009231002570559639,0.00338020974501178,0.003663840670968412,-0.00019738260280127468,0.0037981200857940475
"Água, Esgoto, Atividades de Gestão de Resíduos e Descontaminação",2023-11-01,2023-12-01,-0.007287453607549802,0.001330673708471353,0.001643803730488042,0.002149760310750047,-1.6274999838455343e-05,0.001538842243455152,515.0,387022.0,9293.0,8778.0,828.0,0.0009231002570559639,0.00338020974501178,0.003663840670968412,-0.00019738260280127468,0.0037981200857940475,0.001330673708471353
"Água, Esgoto, Atividades de Gestão de Resíduos e Descontaminação",2023-12-01,2024-01-01,0.002352464635134293,-0.007287453607549802,-0.0007195532710948006,0.000781334666649086,-0.00160978042747725,0.003884348763376716,-2800.0,384222.0,7834.0,10634.0,302.5,0.00338020974501178,0.003663840670968412,-0.00019738260280127468,0.0037981200857940475,0.001330673708471353,-0.007287453607549802
"Água, Esgoto, Atividades de Gestão de Resíduos e Descontaminação",2024-01-01,2024-02-01,0.0030210072612899467,0.002352464635134293,-0.0012014384213147188,0.0006100438150028382,-0.0008655582734496821,0.0037874187837952113,906.0,385128.0,10989.0,10083.0,237.33333333333334,0.003663840670968412,-0.00019738260280127468,0.0037981200857940475,0.001330673708471353,-0.007287453607549802,0.002352464635134293
"Água, Esgoto, Atividades de Gestão de Resíduos e Descontaminação",2024-02-01,2024-03-01,0.0065451085279292255,0.0030210072612899467,-0.0006379939037085207,0.0005029049133897606,8.962444721301977e-05,0.0037077720915994605,1167.0,386295.0,12007.0,10840.0,196.66666666666666,-0.00019738260280127468,0.0037981200857940475,0.001330673708471353,-0.007287453607549802,0.002352464635134293,0.0030210072612899467
"Água, Esgoto, Atividades de Gestão de Resíduos e Descontaminação",2024-03-01,2024-04-01,0.004717379563482414,0.0065451085279292255,0.003972860141451155,0.0016266534351781772,0.0008127388889090217,0.004299736440999493,2545.0,388840.0,13365.0,10820.0,633.5,0.0037981200857940475,0.001330673708471353,-0.007287453607549802,0.002352464635134293,0.0030210072612899467,0.0065451085279292255
"Água, Esgoto, Atividades de Gestão de Resíduos e Descontaminação",2024-04-01,2024-05-01,0.0033647787511288207,0.004717379563482414,0.004761165117567196,0.0017798633481262384,0.0016885645230756583,0.004389815518015273,1843.0,390683.0,13340.0,11497.0,696.0,0.001330673708471353,-0.007287453607549802,0.002352464635134293,0.0030210072612899467,0.0065451085279292255,0.004717379563482414
"Água, Esgoto, Atividades de Gestão de Resíduos e Descontaminação",2024-05-01,2024-06-01,0.003984043499250451,0.0033647787511288207,0.004875755614180154,0.0021188808552358167,0.0018251430812879067,0.004420472636396606,1319.0,392002.0,12594.0,11275.0,830.0,-0.007287453607549802,0.002352464635134293,0.0030210072612899467,0.0065451085279292255,0.004717379563482414,0.0033647787511288207
"Água, Esgoto, Atividades de Gestão de Resíduos e Descontaminação",2024-06-01,2024-07-01,0.005020780875527106,0.003984043499250451,0.004022067271287229,0.003997463706369192,0.00021032799501858877,0.001358230004220678,1568.0,393570.0,11877.0,10309.0,1558.0,0.002352464635134293,0.0030210072612899467,0.0065451085279292255,0.004717379563482414,0.0033647787511288207,0.003984043499250451
"Água, Esgoto, Atividades de Gestão de Resíduos e Descontaminação",2024-07-01,2024-08-01,-0.0008450946556618811,0.005020780875527106,0.004123201041968793,0.004442183079767994,2.7516347794168254e-05,0.0011707004046057335,1986.0,395556.0,12801.0,10815.0,1738.0,0.0030210072612899467,0.0065451085279292255,0.004717379563482414,0.0033647787511288207,0.003984043499250451,0.005020780875527106
"Água, Esgoto, Atividades de Gestão de Resíduos e Descontaminação",2024-08-01,2024-09-01,0.005748326444565756,-0.0008450946556618811,0.002719909906371892,0.0037978327602760232,-0.0010120442066771378,0.002297378134716234,-334.0,395222.0,12074.0,12408.0,1487.8333333333333,0.0065451085279292255,0.004717379563482414,0.0033647787511288207,0.003984043499250451,0.005020780875527106,-0.0008450946556618811
"Água, Esgoto, Atividades de Gestão de Resíduos e Descontaminação",2024-09-01,2024-10-01,-0.0006973290033481862,0.005748326444565756,0.003308004221476994,0.0036650357463821116,-0.00018394709824796354,0.0021532444106029964,2285.0,397507.0,12065.0,9780.0,1444.5,0.004717379563482414,0.0033647787511288207,0.003984043499250451,0.005020780875527106,-0.0008450946556618811,0.005748326444565756
"Água, Esgoto, Atividades de Gestão de Resíduos e Descontaminação",2024-10-01,2024-11-01,-0.0013688373957301348,-0.0006973290033481862,0.0014019675951852297,0.002762584318577011,-0.0005966732990750885,0.0026094397921703977,-277.0,397230.0,11390.0,11667.0,1091.1666666666667,0.0033647787511288207,0.003984043499250451,0.005020780875527106,-0.0008450946556618811,0.005748326444565756,-0.0006973290033481862
"Água, Esgoto, Atividades de Gestão de Resíduos e Descontaminação",2024-11-01,2024-12-01,-0.006832574017436769,-0.0013688373957301348,0.001227386681829145,0.0019736482941005184,-0.0010664375146086048,0.002995177877754099,-543.0,396687.0,9809.0,10352.0,780.8333333333334,0.003984043499250451,0.005020780875527106,-0.0008450946556618811,0.005748326444565756,-0.0006973290033481862,-0.0013688373957301348
"Água, Esgoto, Atividades de Gestão de Resíduos e Descontaminação",2024-12-01,2025-01-01,0.00038564292002729947,-0.006832574017436769,-0.00296624680550503,0.00017087870798598208,-0.0019223902323696586,0.004239389432295157,-2692.0,393995.0,8690.0,11382.0,70.83333333333333,0.005020780875527106,-0.0008450946556618811,0.005748326444565756,-0.0006973290033481862,-0.0013688373957301348,-0.006832574017436769
"Água, Esgoto, Atividades de Gestão de Resíduos e Descontaminação",2025-01-01,2025-02-01,0.011017769949164195,0.00038564292002729947,-0.002605256164379868,-0.0006016442845973193,-0.0009217291971412461,0.003669204240239964,152.0,394147.0,13209.0,13057.0,-234.83333333333334,-0.0008450946556618811,0.005748326444565756,-0.0006973290033481862,-0.0013688373957301348,-0.006832574017436769,0.00038564292002729947
"Água, Esgoto, Atividades de Gestão de Resíduos e Descontaminação",2025-02-01,2025-03-01,0.0007872594345772366,0.011017769949164195,0.0015236129505849085,0.0013754998162070267,0.0006894970477546288,0.005660908125322669,4391.0,398538.0,18060.0,13669.0,552.6666666666666,0.005748326444565756,-0.0006973290033481862,-0.0013688373957301348,-0.006832574017436769,0.00038564292002729947,0.011017769949164195
"Água, Esgoto, Atividades de Gestão de Resíduos e Descontaminação",2025-03-01,2025-04-01,0.005289632967805813,0.0007872594345772366,0.004063557434589578,0.0005486553145422735,0.0014800280331935475,0.005313468231224038,314.0,398852.0,13597.0,13283.0,224.16666666666666,-0.0006973290033481862,-0.0013688373957301348,-0.006832574017436769,0.00038564292002729947,0.011017769949164195,0.0007872594345772366
"Água, Esgoto, Atividades de Gestão de Resíduos e Descontaminação",2025-04-01,2025-05-01,0.007716083753411979,0.005289632967805813,0.005698220783849082,0.0015464823097346067,0.0019081136915102465,0.005542985173166631,2121.0,400973.0,14138.0,12017.0,623.8333333333334,-0.0013688373957301348,-0.006832574017436769,0.00038564292002729947,0.011017769949164195,0.0007872594345772366,0.005289632967805813
"Água, Esgoto, Atividades de Gestão de Resíduos e Descontaminação",2025-05-01,2025-06-01,0.003005114616255746,0.007716083753411979,0.004597658718598342,0.0030606358345916253,0.0022064213852283515,0.005775768857728003,3118.0,404091.0,15672.0,12554.0,1234.0,-0.006832574017436769,0.00038564292002729947,0.011017769949164195,0.0007872594345772366,0.005289632967805813,0.007716083753411979
"Água, Esgoto, Atividades de Gestão de Resíduos e Descontaminação",2025-06-01,2025-07-01,-0.0017399686113616984,0.003005114616255746,0.005336943779157846,0.0047002506068737114,0.0002198478122032617,0.003789338051425865,1218.0,405309.0,13419.0,12201.0,1885.6666666666667,0.00038564292002729947,0.011017769949164195,0.0007872594345772366,0.005289632967805813,0.007716083753411979,0.003005114616255746
"Água, Esgoto, Atividades de Gestão de Resíduos e Descontaminação",2025-07-01,2025-08-01,0.0012835544585004628,-0.0017399686113616984,0.0029937432527686754,0.004345982018308878,-0.0015631050420567931,0.004247784597065002,-704.0,404605.0,12851.0,13555.0,1743.0,0.011017769949164195,0.0007872594345772366,0.005289632967805813,0.007716083753411979,0.003005114616255746,-0.0017399686113616984
"Água, Esgoto, Atividades de Gestão de Resíduos e Descontaminação",2025-08-01,2025-09-01,0.005205711549558619,0.0012835544585004628,0.0008495668211315035,0.0027236127698649225,-0.0006662371072869326,0.0030912581147855187,520.0,405125.0,12577.0,12057.0,1097.8333333333333,0.0007872594345772366,0.005289632967805813,0.007716083753411979,0.003005114616255746,-0.0017399686113616984,0.0012835544585004628
"Água, Esgoto, Atividades de Gestão de Resíduos e Descontaminação",2025-09-01,2025-10-01,0.00046878528161478124,0.005205711549558619,0.0015830991322324612,0.0034600214556951537,-0.0006989222343882275,0.003068463893412138,2120.0,407245.0,14851.0,12731.0,1398.8333333333333,0.005289632967805813,0.007716083753411979,0.003005114616255746,-0.0017399686113616984,0.0012835544585004628,0.005205711549558619
"Água, Esgoto, Atividades de Gestão de Resíduos e Descontaminação",2025-10-01,2025-11-01,0.005666759404331337,0.00046878528161478124,0.0023193504298912875,0.002656546841329982,-0.0007603193854061483,0.003115001627055418,191.0,407436.0,12789.0,12598.0,1077.1666666666667,0.007716083753411979,0.003005114616255746,-0.0017399686113616984,0.0012835544585004628,0.005205711549558619,0.00046878528161478124
"Água, Esgoto, Atividades de Gestão de Resíduos e Descontaminação",2025-11-01,2025-12-01,-0.0034337340576633037,0.005666759404331337,0.003780418745168246,0.002314992783149875,0.0006816183631533013,0.002613488144259908,2322.0,409758.0,12681.0,10359.0,944.5,0.003005114616255746,-0.0017399686113616984,0.0012835544585004628,0.005205711549558619,0.00046878528161478124,0.005666759404331337
"Água, Esgoto, Atividades de Gestão de Resíduos e Descontaminação",2025-12-01,2026-01-01,0.0011838516761040517,-0.0034337340576633037,0.0009006035427609381,0.0012418513374966996,-1.6039617702638582e-06,0.0033327595786026808,-1407.0,,9883.0,11290.0,507.0,-0.0017399686113616984,0.0012835544585004628,0.005205711549558619,0.00046878528161478124,0.005666759404331337,-0.0034337340576633037
"Água, Esgoto, Atividades de Gestão de Resíduos e Descontaminação",2026-01-01,2026-02-01,0.00396139949958705,0.0011838516761040517,0.001138959007590695,0.0017291547187409915,-0.0006062536174551788,0.0030640671417166694,484.0,408835.0,13332.0,12848.0,705.0,0.0012835544585004628,0.005205711549558619,0.00046878528161478124,0.005666759404331337,-0.0034337340576633037,0.0011838516761040517
"Água, Esgoto, Atividades de Gestão de Resíduos e Descontaminação",2026-02-01,2026-03-01,0.006195825867996707,0.00396139949958705,0.0005705057060092659,0.002175462225588756,-0.00037648155795384764,0.003160175615356489,1626.0,410461.0,14156.0,12530.0,889.3333333333334,0.005205711549558619,0.00046878528161478124,0.005666759404331337,-0.0034337340576633037,0.0011838516761040517,0.00396139949958705
"Água, Esgoto, Atividades de Gestão de Resíduos e Descontaminação",2026-03-01,2026-04-01,0.0015809550515623414,0.006195825867996707,0.003780359014562603,0.0023404812786617705,0.0008039059700412605,0.00333511080885068,2559.0,413020.0,15208.0,12649.0,962.5,0.00046878528161478124,0.005666759404331337,-0.0034337340576633037,0.0011838516761040517,0.00396139949958705,0.006195825867996707
"Água, Esgoto, Atividades de Gestão de Resíduos e Descontaminação",2026-04-01,2026-05-01,0.001539902295854332,0.0015809550515623414,0.003912726806382033,0.002525842906986364,0.00032106302390337305,0.0032558988832741497,654.0,413674.0,13830.0,13176.0,1039.6666666666667,0.005666759404331337,-0.0034337340576633037,0.0011838516761040517,0.00396139949958705,0.006195825867996707,0.0015809550515623414
"Água, Esgoto, Atividades de Gestão de Resíduos e Descontaminação",2026-05-01,2026-06-01,0.003139910061426746,0.001539902295854332,0.00310556107180446,0.0018380333889068629,0.00080839766463922,0.0029403371710019976,638.0,414312.0,12521.0,11883.0,759.0,-0.0034337340576633037,0.0011838516761040517,0.00396139949958705,0.006195825867996707,0.0015809550515623414,0.001539902295854332
